:020000040801F1
:100000000000012029590208493401084B34010835
:100010004D3401084F34010851340108000000003C
:100020000000000000000000000000005334010840
:100030005534010800000000573401085934010804
:100040007159020871590208715902087159020860
:100050007159020871590208715902087159020850
:100060007159020871590208715902087159020840
:100070007159020871590208715902087159020830
:100080007159020871590208715902087159020820
:100090006134010871590208715902087159020846
:1000A0007159020841530208715902087159020836
:1000B000295202087159020871590208715902083F
:1000C00071590208715902087159020871590208E0
:1000D000715902084D520208B952020885470108B9
:1000E00071590208715902087159020871590208C0
:1000F00071590208715902087159020871590208B0
:10010000715902087159020871590208715902089F
:1001100071590208715902087159020811EC01085D
:10012000715902087159020871590208715902087F
:1001400010B5054C237833B9044B13B10448AFF311
:1001500000800123237010BD8021002000000000DA
:10016000785E030808B5034B1BB103490348AFF39E
:10017000008008BD0000000084210020785E030894
:1001800081F0004102E000BF83F0004330B54FEA48
:1001900041044FEA430594EA050F08BF90EA020FB5
:1001A0001FBF54EA000C55EA020C7FEA645C7FEA48
:1001B000655C00F0E2804FEA5454D4EB5555B8BF6B
:1001C0006D420CDD2C4480EA020281EA030382EADC
:1001D000000083EA010180EA020281EA0303362D6E
:1001E00088BF30BD11F0004F4FEA01314FF4801C41
:1001F0004CEA113102D0404261EB410113F0004F53
:100200004FEA03334CEA133302D0524263EB430309
:1002100094EA050F00F0A780A4F10104D5F1200EA7
:100220000DDB02FA0EFC22FA05F2801841F1000102
:1002300003FA0EF2801843FA05F359410EE0A5F1D6
:1002400020050EF1200E012A03FA0EFC28BF4CF007
:10025000020C43FA05F3C01851EBE37101F00045BD
:1002600007D54FF0000EDCF1000C7EEB00006EEBCA
:100270000101B1F5801F1BD3B1F5001F0CD3490854
:100280005FEA30004FEA3C0C04F101044FEA4452AB
:1002900012F5800F80F09A80BCF1004F08BF5FEA32
:1002A000500C50F1000041EB045141EA050130BD12
:1002B0005FEA4C0C404141EB0101013C28BFB1F524
:1002C000801FE9D291F0000F04BF01460020B1FA6F
:1002D00081F308BF2033A3F10B03B3F120020CDA42
:1002E0000C3208DD02F1140CC2F10C0201FA0CF020
:1002F00021FA02F10CE002F11402D8BFC2F1200C85
:1003000001FA02F120FA0CFCDCBF41EA0C0190403A
:10031000E41AA2BF01EB0451294330BD6FEA040483
:100320001F3C1CDA0C340EDC04F11404C4F120026E
:1003300020FA04F001FA02F340EA030021FA04F380
:1003400045EA030130BDC4F10C04C4F1200220FAD7
:1003500002F001FA04F340EA0300294630BD21FA15
:1003600004F0294630BD94F0000F83F4801306BFDB
:1003700081F480110134013D4EE77FEA645C18BFCF
:100380007FEA655C29D094EA050F08BF90EA020F66
:1003900005D054EA000C04BF1946104630BD91EA5E
:1003A000030F1EBF0021002030BD5FEA545C05D161
:1003B0004000494128BF41F0004130BD14F58004A0
:1003C0003CBF01F5801130BD01F0004545F0FE4114
:1003D00041F470014FF0000030BD7FEA645C1ABF49
:1003E000194610467FEA655C1CBF0B46024650EA80
:1003F000013406BF52EA033591EA030F41F40021AC
:1004000030BD00BF90F0000F04BF0021704730B531
:100410004FF4806404F132044FF000054FF0000106
:1004200050E700BF90F0000F04BF0021704730B5C7
:100430004FF4806404F1320410F0004548BF40429C
:100440004FF000013EE700BF42004FEAE2014FEAF1
:1004500031014FEA02701FBF12F07F4393F07F4FCC
:1004600081F06051704732F07F4208BF704793F0CF
:100470007F4F04BF41F40021704730B54FF46074E2
:1004800001F0004521F000411CE700BF50EA0102E5
:1004900008BF704730B54FF000050AE050EA01028E
:1004A00008BF704730B511F0004502D5404261EBFE
:1004B00041014FF4806404F132045FEA915C3FF43F
:1004C000D8AE4FF003025FEADC0C18BF03325FEADC
:1004D000DC0C18BF033202EBDC02C2F1200300FA8D
:1004E00003FC20FA02F001FA03FE40EA0E0021FAB2
:1004F00002F11444BDE600BF70B54FF0FF0C4CF4A0
:10050000E06C1CEA11541DBF1CEA135594EA0C0F51
:1005100095EA0C0F00F0DEF82C4481EA030621EA8C
:100520004C5123EA4C5350EA013518BF52EA0335C7
:1005300041F4801143F4801338D0A0FB02CE4FF079
:100540000005E1FB02E506F00042E0FB03E54FF0A9
:100550000006E1FB03569CF0000F18BF4EF0010EA1
:10056000A4F1FF04B6F5007F64F5407404D25FEA9D
:100570004E0E6D4146EB060642EAC62141EA555150
:100580004FEAC52040EA5E504FEACE2EB4F1FD0C92
:1005900088BFBCF5E06F1ED8BEF1004F08BF5FEA10
:1005A000500E50F1000041EB045170BD06F00046C2
:1005B00046EA010140EA020081EA0301B4EB5C046F
:1005C000C2BFD4EB0C0541EA045170BD41F4801167
:1005D0004FF0000E013C00F3AB8014F1360FDEBF8C
:1005E000002001F0004170BDC4F10004203C35DA68
:1005F0000C341BDC04F11404C4F1200500FA05F3EB
:1006000020FA04F001FA05F240EA020001F000428B
:1006100021F0004110EBD37021FA04F642EB060101
:100620005EEA430E08BF20EAD37070BDC4F10C042B
:10063000C4F1200500FA04F320FA05F001FA04F2EF
:1006400040EA020001F0004110EBD37041F10001DB
:100650005EEA430E08BF20EAD37070BDC4F12005E6
:1006600000FA05F24EEA020E20FA04F301FA05F24E
:1006700043EA020321FA04F001F0004121FA04F2F6
:1006800020EA020000EBD3705EEA430E08BF20EAC6
:10069000D37070BD94F0000F0FD101F00046400000
:1006A00041EB010111F4801F08BF013CF7D041EA82
:1006B000060195F0000F18BF704703F00046520086
:1006C00043EB030313F4801F08BF013DF7D043EA57
:1006D0000603704794EA0C0F0CEA135518BF95EA0D
:1006E0000C0F0CD050EA410618BF52EA4306D1D194
:1006F00081EA030101F000414FF0000070BD50EAB3
:10070000410606BF1046194652EA430619D094EA3C
:100710000C0F02D150EA013613D195EA0C0F05D126
:1007200052EA03361CBF104619460AD181EA03017A
:1007300001F0004141F0FE4141F470014FF0000032
:1007400070BD41F0FE4141F4780170BD70B54FF0CD
:10075000FF0C4CF4E06C1CEA11541DBF1CEA13554D
:1007600094EA0C0F95EA0C0F00F0A7F8A4EB05042F
:1007700081EA030E52EA03354FEA013100F0888026
:100780004FEA03334FF0805545EA131343EA1263EF
:100790004FEA022245EA111545EA10654FEA0026A4
:1007A0000EF000419D4208BF964244F1FD0404F55D
:1007B000407402D25B084FEA3202B61A65EB0305B9
:1007C0005B084FEA32024FF480104FF4002CB6EB76
:1007D000020E75EB030E22BFB61A754640EA0C00F6
:1007E0005B084FEA3202B6EB020E75EB030E22BF36
:1007F000B61A754640EA5C005B084FEA3202B6EB77
:10080000020E75EB030E22BFB61A754640EA9C0035
:100810005B084FEA3202B6EB020E75EB030E22BF05
:10082000B61A754640EADC0055EA060E18D04FEAC3
:10083000051545EA16754FEA06164FEAC30343EA63
:1008400052734FEAC2025FEA1C1CC0D111F4801F30
:100850000BD141EA00014FF000004FF0004CB6E729
:1008600011F4801F04BF01430020B4F1FD0C88BFC8
:10087000BCF5E06F3FF6AFAEB5EB030C04BFB6EBD3
:10088000020C5FEA500C50F1000041EB045170BDC6
:100890000EF0004E4EEA113114EB5C04C2BFD4EBF3
:1008A0000C0541EA045170BD41F480114FF0000E77
:1008B000013C90E645EA060E8DE60CEA135594EAF3
:1008C0000C0F08BF95EA0C0F3FF43BAF94EA0C0FF6
:1008D0000AD150EA01347FF434AF95EA0C0F7FF46B
:1008E00025AF104619462CE795EA0C0F06D152EABF
:1008F00003353FF4FDAE1046194622E750EA4106A3
:1009000018BF52EA43067FF4C5AE50EA41047FF4B3
:100910000DAF52EA43057FF4EBAE12E74FF0FF3C18
:1009200006E000BF4FF0010C02E000BF4FF0010CE9
:100930004DF804CD4FEA410C7FEA6C5C4FEA430C62
:1009400018BF7FEA6C5C1BD001B050EA410C0CBFB1
:1009500052EA430C91EA030F02BF90EA020F002013
:10096000704710F1000F91EA030F58BF994208BF7A
:1009700090422CBFD8176FEAE37040F00100704737
:100980004FEA410C7FEA6C5C02D150EA013C07D18E
:100990004FEA430C7FEA6C5CD6D152EA033CD3D0D9
:1009A0005DF8040B704700BF8446104662468C46D3
:1009B0001946634600E000BF01B5FFF7B7FF002806
:1009C00048BF10F1000F01BD4DF808EDFFF7F4FF2F
:1009D0000CBF012000205DF808FB00BF4DF808EDBA
:1009E000FFF7EAFF34BF012000205DF808FB00BFDD
:1009F0004DF808EDFFF7E0FF94BF012000205DF8FF
:100A000008FB00BF4DF808EDFFF7CEFF94BF0120B3
:100A100000205DF808FB00BF4DF808EDFFF7C4FFAC
:100A200034BF012000205DF808FB00BF4A0011D24E
:100A300012F5001211D20DD56FF47873B3EB625238
:100A40000ED44FEAC12343F0004343EA505323FA44
:100A500002F070474FF00000704750EA013002D1B9
:100A60004FF0FF3070474FF0000070474FEA4102EF
:100A7000B2F1E04324BFB3F5001CDCF1FE5C0DD9FC
:100A800001F0004C4FEAC0024CEA5070B2F1004F46
:100A900040EB830008BF20F00100704711F0804F49
:100AA00021D113F13872BCBF01F00040704741F40E
:100AB00080114FEA5252C2F11802C2F1200C10FA12
:100AC0000CF320FA02F018BF40F001004FEAC123F6
:100AD0004FEAD32303FA0CFC40EA0C0023FA02F39A
:100AE0004FEA4303CCE77FEA625307D150EA013370
:100AF0001EBF4FF0FE4040F44000704701F0004040
:100B000040F0FE4040F40000704700BF80F000401D
:100B100002E000BF81F0004142001FBF5FEA4103D5
:100B200092EA030F7FEA226C7FEA236C6AD04FEAD5
:100B30001262D2EB1363C1BFD2184140484041401A
:100B4000B8BF5B42192B88BF704710F0004F40F4CC
:100B5000000020F07F4018BF404211F0004F41F4E8
:100B6000000121F07F4118BF494292EA030F3FD0B4
:100B7000A2F1010241FA03FC10EB0C00C3F12003C7
:100B800001FA03F100F0004302D5494260EB400056
:100B9000B0F5000F13D3B0F1807F06D340084FEAC1
:100BA000310102F10102FE2A51D2B1F1004F40EBB6
:100BB000C25008BF20F0010040EA0300704749001E
:100BC00040EB0000013A28BFB0F5000FEDD2B0FABB
:100BD00080FCACF1080CB2EB0C0200FA0CF0AABFDE
:100BE00000EBC25052421843BCBFD040184370477C
:100BF00092F0000F81F4000106BF80F40000013282
:100C0000013BB5E74FEA41037FEA226C18BF7FEA58
:100C1000236C21D092EA030F04D092F0000F08BF9A
:100C20000846704790EA010F1CBF0020704712F081
:100C30007F4F04D1400028BF40F00040704712F1C0
:100C400000723CBF00F50000704700F0004343F025
:100C5000FE4040F4000070477FEA226216BF08465B
:100C60007FEA23630146420206BF5FEA412390EA1E
:100C7000010F40F4800070474FF0000304E000BF14
:100C800010F0004348BF40425FEA000C08BF7047C5
:100C900043F0964301464FF000001CE050EA010289
:100CA00008BF70474FF000030AE000BF50EA01029E
:100CB00008BF704711F0004302D5404261EB41018B
:100CC0005FEA010C02BF84460146002043F0B643B0
:100CD00008BFA3F18053A3F50003BCFA8CF2083AD5
:100CE000A3EBC25310DB01FA02FC634400FA02FCDE
:100CF000C2F12002BCF1004F20FA02F243EB0200E5
:100D000008BF20F00100704702F1200201FA02FC46
:100D1000C2F1200250EA4C0021FA02F243EB020039
:100D200008BF20EADC7070474FF0FF0C1CEAD0527D
:100D30001EBF1CEAD15392EA0C0F93EA0C0F6FD03E
:100D40001A4480EA010C400218BF5FEA41211ED01C
:100D50004FF0006343EA501043EA5111A0FB013108
:100D60000CF00040B1F5000F3EBF490041EAD371DD
:100D70005B0040EA010062F17F02FD2A1DD8B3F159
:100D8000004F40EBC25008BF20F00100704790F0C8
:100D9000000F0CF0004C08BF49024CEA502040EA1A
:100DA00051207F3AC2BFD2F1FF0340EAC2507047E0
:100DB00040F400004FF00003013A5DDC12F1190F1E
:100DC000DCBF00F000407047C2F10002410021FA90
:100DD00002F1C2F1200200FA02FC5FEA310040F1A8
:100DE000000053EA4C0308BF20EADC70704792F021
:100DF000000F00F0004C02BF400010F4000F013A59
:100E0000F9D040EA0C0093F0000F01F0004C02BF53
:100E1000490011F4000F013BF9D041EA0C018FE7C2
:100E20000CEAD15392EA0C0F18BF93EA0C0F0AD0C8
:100E300030F0004C18BF31F0004CD8D180EA0100EE
:100E400000F00040704790F0000F17BF90F0004F87
:100E5000084691F0000F91F0004F14D092EA0C0F69
:100E600001D142020FD193EA0C0F03D14B0218BFFC
:100E7000084608D180EA010000F0004040F0FE4042
:100E800040F40000704740F0FE4040F440007047DE
:100E90004FF0FF0C1CEAD0521EBF1CEAD15392EA5D
:100EA0000C0F93EA0C0F69D0A2EB030280EA010C4D
:100EB00049024FEA402037D04FF0805343EA1111E6
:100EC00043EA10130CF000408B4238BF5B0042F144
:100ED0007D024FF4000C8B4224BF5B1A40EA0C00E9
:100EE000B3EB510F24BFA3EB510340EA5C00B3EB1B
:100EF000910F24BFA3EB910340EA9C00B3EBD10F09
:100F000024BFA3EBD10340EADC001B0118BF5FEA5A
:100F10001C1CE0D1FD2A3FF650AF8B4240EBC25083
:100F200008BF20F0010070470CF0004C4CEA502044
:100F30007F32C2BFD2F1FF0340EAC250704740F493
:100F400000004FF00003013A37E792F0000F00F085
:100F5000004C02BF400010F4000F013AF9D040EA03
:100F60000C0093F0000F01F0004C02BF490011F497
:100F7000000F013BF9D041EA0C0195E70CEAD1538F
:100F800092EA0C0F08D142027FF47DAF93EA0C0F76
:100F90007FF470AF084676E793EA0C0F04D14B025A
:100FA0003FF44CAF08466EE730F0004C18BF31F00C
:100FB000004CCAD130F000427FF45CAF31F0004306
:100FC0007FF43CAF5FE700BF4FF0FF3C06E000BF9F
:100FD0004FF0010C02E000BF4FF0010C4DF804CDC2
:100FE0004FEA40024FEA41037FEA226C18BF7FEAD2
:100FF000236C11D001B052EA530C18BF90EA010FD4
:1010000058BFB2EB030088BFC81738BF6FEAE17062
:1010100018BF40F0010070477FEA226C02D15FEAFE
:10102000402C05D17FEA236CE4D15FEA412CE1D06A
:101030005DF8040B704700BF844608466146FFE731
:101040000FB5FFF7C9FF002848BF10F1000F0FBD13
:101050004DF808EDFFF7F4FF0CBF012000205DF80C
:1010600008FB00BF4DF808EDFFF7EAFF34BF012091
:1010700000205DF808FB00BF4DF808EDFFF7E0FF2A
:1010800094BF012000205DF808FB00BF4DF808ED7B
:10109000FFF7D2FF94BF012000205DF808FB00BFDE
:1010A0004DF808EDFFF7C8FF34BF012000205DF8C0
:1010B00008FB00BF42000ED2B2F1FE4F0BD34FF03F
:1010C0009E03B3EB126209D44FEA002343F00043BE
:1010D00023FA02F070474FF00000704712F1610FE1
:1010E00001D1420202D14FF0FF3070474FF00000B3
:1010F000704700BF7BB972B90029BEBF00204FF016
:10110000004106E008BF00281CBF6FF000414FF00F
:10111000FF3000F0BFB9ADF1080C6DE904CE002935
:1011200009DB002B1ADB00F04DF8DDF804E0DDE907
:10113000022304B07047404261EB4101002B1BDBEE
:1011400000F040F8DDF804E0DDE9022304B040429D
:1011500061EB4101524263EB43037047524263EB40
:10116000430300F02FF8DDF804E0DDE9022304B0CA
:10117000404261EB41017047524263EB430300F090
:1011800021F8DDF804E0DDE9022304B0524263EB0C
:101190004303704753B94AB9002908BF00281CBF50
:1011A0004FF0FF314FF0FF3000F074B9ADF1080C93
:1011B0006DE904CE00F006F8DDF804E0DDE9022375
:1011C00004B070472DE9F047089E0D460446884656
:1011D000002B4DD18A42944668D9B2FA82F252B1BC
:1011E00001FA02F3C2F1200120FA01F10CFA02FC2B
:1011F00041EA030894404FEA1C45210CB8FBF5FE78
:101200001FFA8CF705FB1E8341EA03430EFB07F12F
:1012100099420BD91CEB03030EF1FF3080F01E81C5
:10122000994240F21B81AEF1020E63445B1AA4B2F4
:10123000B3FBF5F005FB103344EA034400FB07F76A
:10124000A7420AD91CEB040400F1FF3380F00881A7
:10125000A74240F2058164440238E41B40EA0E4094
:1012600000211EB1D4400023C6E90043BDE8F08749
:101270008B4208D9002E00F0EE800021C6E900055F
:101280000846BDE8F087B3FA83F100294AD1AB42A2
:1012900002D3824200F2F980841A65EB0303012035
:1012A0009846002EE2D0C6E90048DFE702B9FFDE2B
:1012B000B2FA82F2002A40F09180A1EB0C054FEACD
:1012C0001C471FFA8CFE0121B5FBF7F307FB1350F7
:1012D000250C45EA00450EFB03F0A84208D91CEB9B
:1012E000050503F1FF3802D2A84200F2CB80434645
:1012F0002D1AA4B2B5FBF7F007FB105544EA0544DC
:101300000EFB00FEA64508D91CEB040400F1FF35D6
:1013100002D2A64500F2BB802846A4EB0E0440EAA8
:1013200003409EE7C1F120078B4022FA07FC4CEAFC
:10133000030C20FA07F405FA01F31C43FD404FEAC1
:101340001C4900FA01F3B5FBF9F8200C1FFA8CFEDA
:1013500009FB185540EA054508FB0EF0A84202FAC1
:1013600001F20BD91CEB050508F1FF3A80F08880EB
:10137000A84240F28580A8F1020865442D1AA4B263
:10138000B5FBF9F009FB105544EA054500FB0EFEDC
:10139000AE4508D91CEB050500F1FF346CD2AE4513
:1013A0006AD90238654440EA0840A0FB0294A5EBE4
:1013B0000E05A542C846A64656D353D05EB1B3EB40
:1013C000080265EB0E0505FA07F722FA01F3CD4096
:1013D0001F43C6E900750021BDE8F087C2F1200374
:1013E00020FA03F10CFA02FC25FA03F395400D43B1
:1013F0004FEA1C471FFA8CFEB3FBF7F107FB1130D5
:101400002B0C43EA004301FB0EF0984204FA02F46D
:1014100008D91CEB030301F1FF382FD298422DD9D4
:10142000023963441B1AADB2B3FBF7F007FB10336C
:1014300045EA034500FB0EF3AB4208D91CEB05055A
:1014400000F1FF3816D2AB4214D902386544ED1AC8
:1014500040EA014138E73146304607E78646E5E68F
:101460001846FAE64B45A9D2B9EB020864EB0C0E1C
:101470000138A3E74046EAE7204694E74146D1E732
:10148000D0467BE7023B654432E7084609E76444FF
:10149000023842E7704700BF844641EA000313F078
:1014A00003036DD1403A41D351F8043B40F8043B6B
:1014B00051F8043B40F8043B51F8043B40F8043B2E
:1014C00051F8043B40F8043B51F8043B40F8043B1E
:1014D00051F8043B40F8043B51F8043B40F8043B0E
:1014E00051F8043B40F8043B51F8043B40F8043BFE
:1014F00051F8043B40F8043B51F8043B40F8043BEE
:1015000051F8043B40F8043B51F8043B40F8043BDD
:1015100051F8043B40F8043B51F8043B40F8043BCD
:1015200051F8043B40F8043B403ABDD2303211D36D
:1015300051F8043B40F8043B51F8043B40F8043BAD
:1015400051F8043B40F8043B51F8043B40F8043B9D
:10155000103AEDD20C3205D351F8043B40F8043B6D
:10156000043AF9D2043208D0D2071CBF11F8013B6B
:1015700000F8013B01D30B8803806046704700BF31
:10158000082A13D38B078DD010F003038AD0C3F140
:101590000403D21ADB071CBF11F8013B00F8013B22
:1015A00080D331F8023B20F8023B7BE7043AD9D3E1
:1015B000013A11F8013B00F8013BF9D20B780370B6
:1015C0004B7843708B788370604670470000000052
:1015D000000000000000000000000000000000000B
:1015E000A2EB0300704700BF02780B78012A28BFE6
:1015F0009A42F5D16DE9044540EA0104CDE902675C
:101600006FF0000C4FEA447212B380EA010414F048
:10161000070F6AD100F0070420F0070004F003056B
:1016200021F007014FEAC505F0E8042314F0040F88
:10163000F1E804670CFA05F462EA040266EA0406BB
:101640000AD063EA0403624667EA0407664603E0D9
:10165000F0E80423F1E8046782FA4CF582EA060414
:10166000A4FA8CF46CBB83FA4CF583EA0705A5FA5F
:101670008CF595B950E9022351E9026782FA4CF5DD
:1016800082EA0604A4FA8CF483FA4CF583EA07058F
:10169000A5FA8CF52543DBD09CB92DBAB5FA85F4B3
:1016A00024F0070427FA04F1DDE9026723FA04F3C2
:1016B00003F0FF0001F0FF01FDE80445A0EB01008D
:1016C000704724BAB4FA84F424F0070426FA04F12B
:1016D000DDE9026722FA04F202F0FF0001F0FF01E7
:1016E000FDE80445A0EB0100704714F0030F3CD166
:1016F00010F0030428D150F8082B51F8083B82FA67
:101700004CF582EA0305A5FA8CF55DB950F8042C76
:1017100051F8043C82FA4CF582EA0305A5FA8CF5EF
:10172000002DE8D02DBAB5FA85F424F0070423FA89
:1017300004F122FA04F202F0FF0001F0FF01FDE8DB
:101740000445A0EB010070474FEAC40420F00300F9
:1017500050F8082B21F0030151F8083B0CFA04F46F
:1017600062EA040263EA0403C9E710F003041AD032
:10177000A1EB040120F00300E40750F8042B06D08D
:101780000FD28B785FFAA2F4E41A06D12BB1CB7892
:101790005FFAB2F4E41A00D11BB920465DF8104B91
:1017A000704701F1040150F8042BCC0721F003012C
:1017B00051F8043B48D824D222F07F4482FA4CF5F9
:1017C00094EA1325A5FA8CF50AD165B951F8043BC2
:1017D00084EA0204B4EB036F0ED150F8042BEBE75C
:1017E0004FEA132355E035F07F454DD10878FDE8E9
:1017F0000445C0F1000070474FEA126203F0FF0396
:1018000047E002EA1C4482FA4CF594EA1345A5FA33
:101810008CF50AD165B951F8043B84EA0204B4EBB3
:10182000034F0CD150F8042BEBE74FEA134330E0A1
:1018300015EA1C4528D10B884FEA124229E04FEAED
:10184000124203EA1C4324E002F0FF0482FA4CF542
:1018500094EA1365A5FA8CF50AD165B951F8043BF1
:1018600084EA0204B4EB032F09D150F8042BEBE710
:101870004FEA13630DE015F0FF0F05D10B684FEA37
:10188000122223F07F4304E04FF00000FDE80445FE
:10189000704712BA1BBA82FA4CF482EA0304A4FA23
:1018A0008CF5B5FA85F402FA04F203FA04F34FEA70
:1018B0001260FDE80445A0EB1360704700000000D3
:1018C00090F800F06DE9024520F007016FF0000C80
:1018D00010F0070491F820F040F049804FF0000428
:1018E0006FF00700D1E9002391F840F000F1080003
:1018F00082FA4CF2A4FA8CF283FA4CF3A2FA8CF33B
:101900004BBBD1E9022382FA4CF200F10800A4FAA1
:101910008CF283FA4CF3A2FA8CF3E3B9D1E90423F5
:1019200082FA4CF200F10800A4FA8CF283FA4CF32C
:10193000A2FA8CF37BB9D1E9062301F1200182FAE6
:101940004CF200F10800A4FA8CF283FA4CF3A2FAEC
:101950008CF3002BC6D0002A04BF04301A4612BAFA
:10196000B2FA82F2FDE8024500EBD2007047D1E9FD
:10197000002304F00305C4F100004FEAC50514F08C
:10198000040F91F840F00CFA05F562EA05021CBF5D
:1019900063EA050362464FF00004A9E70000000077
:1019A00001F0FF01102A2BDB10F0070F08D010F810
:1019B000013B013A8B422DD010F0070F42B3F6D114
:1019C000F0B441EA012141EA014122F007047FF02D
:1019D00000070023F0E80256083C85EA010586EA84
:1019E000010685FA47F5A3FA87F586FA47F6A5FAC0
:1019F00087F68EB9EED1F0BC01F0FF0102F00702CC
:101A000032B110F8013B013A83EA010313B1F8D176
:101A10000020704701387047002D06BF3546033857
:101A2000073815F0010F07D1013015F4807F02BF90
:101A3000013015F4C03F0130F0BC0138704700BFE1
:101A40004FEA410C7FEA6C5C02D150EA013C0AD1BA
:101A50004FEA430C7FEA6C5C02D152EA033C02D1AC
:101A60004FF0000070474FF0010070474FEA41020D
:101A700012F5001215D211D56FF47873B3EB6252E0
:101A800012D94FEAC12343F0004343EA505311F007
:101A9000004F23FA02F018BF404270474FF0000099
:101AA000704750EA013005D111F0004008BF6FF0D7
:101AB000004070474FF00000704700BF38B5054642
:101AC0000C462846214600220023FEF787FF28B94E
:101AD00028462146BDE8384000F00AB8284604F1FF
:101AE000004100F005F8404261EB410138BD00BF04
:101AF000D0B50C4B002206460F46FEF7FDFCFEF764
:101B000095FF0446FEF77EFC074B0022FEF7F4FC2F
:101B100002460B4630463946FEF736FBFEF786FF97
:101B20002146D0BD0000F03D0000F04110B40F4B45
:101B300053F820408CB10E4B03EB800041698B1EA3
:101B400001EB44010239002001E08B4206D033F85A
:101B5000022F002AF9D00130F7E72046642303FB67
:101B600000F0B0FBF4F0C0B210BC7047587B030823
:101B700000000020134622B1034400F8011B8342F9
:101B8000FBD1704738B504460C4B53F820200C4D60
:101B900005EB8003520000215869FFF7EBFFA31CFF
:101BA000084A52F82420002155F82300FFF7E2FFED
:101BB0002C44012384F8203038BD00BF587B030833
:101BC000000000204C7B0308F8B506460C46254B68
:101BD000034493F8203013B9224B1B689847002C1C
:101BE00039D0214B53F82670B4FBF7F18DB207FBC7
:101BF00011440CB10135ADB21C4B53F82620531ED5
:101C00002CD4184901EB8601496901EB42010022FD
:101C1000944604E06246954209D0013B18D4184628
:101C200031F8024D002CF5D1013292B2F3E72C4687
:101C30005DB14200002304360A4901EB8606716853
:101C40008D5201330232A342F9D107FB00F0F8BDF7
:101C50004FF0FF30FBE74FF0FF30F8E74FF0FF3079
:101C6000F5E700BF00000020407B0308587B030815
:101C700008B5184B034493F820300BB3164B53F8B8
:101C800020308B4221D9154B53F82020B1FBF2F2C2
:101C90005300104901EB8001496931F81210B1B1CC
:101CA0001144490004300B4A02EB80004FF0000C55
:101CB000426822F803C002338B42F9D1002008BDEC
:101CC000044B1B6898470120F9E70220F7E7002042
:101CD000F5E700BF000000204C7B0308407B0308B1
:101CE00049B108B50B46811C034A52F82110591A14
:101CF000FFF7BEFF08BD70470000002010B5044686
:101D0000FFF762FFB0F1FF3F05D00234034B53F8F9
:101D10002430184410BD0020FCE700BF0000002064
:101D200010B541F258010020FFF7E8FF214B186081
:101D300038B341F258010020FFF7E0FF1D4B586017
:101D4000F8B14FF482510020FFF7D8FF1A4C206001
:101D50004FF482510020FFF7D1FF184B18604FF469
:101D600000710020FFF7CAFF154B1860236833B1DC
:101D7000124B1B68E3B1B0FA80F0400910BD01209E
:101D8000FCE74FF482510020FFF7B8FF0A4B1860C0
:101D90004FF482510020FFF7B1FF084B18604FF459
:101DA00000710020FFF7AAFF054B18600120E5E74E
:101DB0000120E3E7A4210020A0210020AC21002085
:101DC0009C21002008B5B7200EF040FD50200EF0F9
:101DD0002FFD02200EF02CFDBD200EF037FD00205F
:101DE0000EF026FD00200EF023FD01200EF062FD16
:101DF00028200EF01DFD0A2013F098F901200EF0A6
:101E000059FD10200EF014FD052013F08FF900206D
:101E10000FF078F800200EF010FF00200EF057FFB2
:101E200000200EF0FFFF00200FF00AF80021012033
:101E300009F048FD00200EF0E1FE00200EF028FF22
:101E400000200EF06FFF00200EF0C4FF00200EF007
:101E5000D5FF0021022009F035FD00200EF01DFD08
:101E600000F00EFE0AF020FD01200EF0D7F8002051
:101E70000FF02EF800200EF053FA00200FF00EF8AD
:101E800000200EF06DFD00200EF08CFD00200EF005
:101E9000ADFD00200EF044FD0F200EF0E7F800210C
:101EA00001200EF0FBF9002102200EF0F7F90021CD
:101EB00003200EF0F3F9002104200EF0EFF908BD25
:101EC0002DE9F04F8DB009F017FF64210A200EF0C4
:101ED000B1FD64211E200EF0C3FE64211E200EF011
:101EE00009FF642132200EF051FF642132200EF0F0
:101EF0005FFF494D2B78494C54F82330B3F8AE00BE
:101F00000EF068FF2B7854F82330B3F8B8000EF0C9
:101F100075FF2B7854F82330B3F872000EF0A2FD51
:101F20002B7854F82330B3F87C000EF0AFFD2B78FB
:101F300054F82330B3F886000EF0BCFD2B7854F82B
:101F40002330B3F890000EF0C9FD2B7854F82330FD
:101F5000B3F89A000EF0D6FD2B7854F82330B3F87E
:101F6000A4000EF0E3FD01200EF0F4FD01200EF0C0
:101F7000FFFD01200EF00AFE01200EF015FE0120EB
:101F80000EF020FE01200EF02BFE01200EF04AFF85
:101F900001200EF055FF01200EF0B4FF00200EF0DE
:101FA0003DF801200EF05AFF01200EF077FF32209D
:101FB00013F0BCF800200EF051FF0F200EF056F881
:101FC000322013F0B3F801200EF048FF322013F056
:101FD000ADF80121022009F075FC322013F0A6F8BB
:101FE0000021022009F06EFC322013F09FF801213D
:101FF000022009F067FC2B7854F8233093F8CC00CA
:102000000EF068F82B7854F8233093F86130022BE7
:1020100040F2918104E000BFE74700201C0200204D
:10202000002000F075FA00F0BDFA142013F07EF8DD
:1020300000F014FE002502950327069701950595EB
:102040004FF01509CDF80C904FF0FF088DF81C806B
:102050004FF0D00A8DF81DA0022207A901A801F0B7
:1020600013F90A2013F062F8FB268DF81C60012496
:102070008DF81D40022207A901A801F005F94FF0D3
:10208000090B8DF81CB0A6238DF81D30022207A97C
:1020900001A801F0F9F81C238DF81C3099238DF864
:1020A0001D30022207A901A801F0EEF81D238DF8CA
:1020B0001C308DF81DB0022207A901A801F0E4F838
:1020C0008DF81C80E0238DF81D30022207A901A89D
:1020D00001F0DAF80A2013F029F88DF81C608DF869
:1020E0001D40022207A901A801F0CEF892238DF825
:1020F0001C308DF81DA0022207A901A801F0C4F828
:102100008DF81C804FF0F00A8DF81DA0022207A95F
:1021100001A801F0B9F80A2013F008F88DF81C6046
:102120008DF81D40022207A901A801F0ADF8C623D1
:102130008DF81C308DF81D50022207A901A801F06E
:10214000A3F88DF81C8027238DF81D30022207A9E3
:1021500001A801F099F80A2012F0E8FF8DF81C6040
:102160008DF81D40022207A901A801F08DF83F2338
:102170008DF81C3035238DF81D30022207A901A8E7
:1021800001F082F840238DF81C3028238DF81D3093
:10219000022207A901A801F077F841238DF81C302D
:1021A00030238DF81D30022207A901A801F06CF838
:1021B0004D238DF81C308DF81D60022207A901A85F
:1021C00001F062F84E238DF81C309F238DF81D30EE
:1021D000022207A901A801F057F88DF81C804FF0E2
:1021E00010088DF81D80022207A901A801F04CF803
:1021F0000A2012F09BFF8DF81C608DF81D50022202
:1022000007A901A801F040F8B0238DF81C308DF823
:102210001D40022207A901A801F036F855238DF8C8
:102220001C3080238DF81D30022207A901A801F07F
:102230002BF826238DF81C308DF81D40022207A9AB
:1022400001A801F021F8C0238DF81C308DF81D8005
:10225000022207A901A801F017F80A2012F066FF70
:1022600039230393C1238DF81C30AB238DF81D3027
:102270002A238DF81E308DF81F5020238DF8203032
:1022800002238DF821308DF822508DF82340D82379
:102290008DF824308DF82570B3238DF826308DF815
:1022A00027500A258DF828508DF8297019238DF8AC
:1022B0002A308DF82B70E4238DF82C30112207A9D9
:1022C00001A800F0E1FF284612F030FFC2238DF88C
:1022D0001C300C238DF81D308DF81EA03A4607A93E
:1022E00001A800F0D1FF284612F020FFCDF80C9095
:1022F00011238DF81C30224607A901A800F0C4FF65
:10230000C82012F013FF29238DF81C30224607A99C
:1023100001A800F0B9FF642012F008FFCDF80C907E
:1023200040F24B31B72000F0FFFA20460EF0D0FD0E
:102330000DB0BDE8F08F0AF00DFA71E610B5044655
:10234000094B1A781978094B53F8211053F82230A9
:102350000246B1F86410B3F862000AF0A9F9214608
:10236000034802F027FA10BDE74700201C020020B6
:10237000647B030830B585B0144B1A781D7893F848
:1023800000C093F800E0124C54F82530B3F86430E4
:10239000013B54F82220B2F86220013A03910290E6
:1023A00054F82E10B1F86410019154F82C10B1F8C3
:1023B000621000919BB292B20121084609F0F2FF2F
:1023C000044802F0F7F905B030BD00BFE747002030
:1023D0001C0200207C7B03082DE9F04784B0264BCB
:1023E0001F7893F800C093F800801A7893F8009053
:1023F0001D7893F800E01E78204C54F8299054F88A
:102400002530B3F864301E4DA5FB03A3B9F86490E2
:10241000A9EB530354F8288054F82220B2F8622024
:10242000A5FB0292B8F86280A8EB520254F82CC0C7
:10243000BCF864C0A5FB0C8C54F82770B7F8627028
:10244000A5FB07750391029054F82610B1F86410AB
:10245000019154F82E10B1F8621000919BB292B223
:102460004FEA5C01680809F09DFF064802F0A2F9F6
:1024700004B0BDE8F08700BFE74700201C02002041
:10248000ABAAAAAA987B030810B504460AF03CF947
:102490002146024802F08EF910BD00BFB07B030850
:1024A00038B502460B46094C21782078084C54F880
:1024B000205054F82140B5F86410B4F8620009F0D7
:1024C000ADFF044802F076F938BD00BFE7470020B1
:1024D0001C020020C47B030838B502460B46094C99
:1024E00021782078084C54F8205054F82140B5F851
:1024F0006410B4F862000AF047F8044802F05AF990
:1025000038BD00BFE74700201C020020E07B030825
:1025100008B50A280AD8DFE800F0060A0F151B22C2
:10252000272B2F343B001C48FFF708FF08BD4FF056
:10253000FF30FFF703FFF9E7FF214FF0FF30FFF710
:10254000CBFFF3E7FF214FF0FF30FFF7A9FFEDE7E7
:102550004FF07F414FF0FF30FFF70CFFE6E74FF001
:10256000FF20FFF7EBFEE1E70C48FFF7E7FEDDE7B2
:102570000B48FFF7E3FED9E74FF07F40FFF7DEFEA1
:10258000D4E74FF07F414FF0FF30FFF725FFCDE755
:102590000120FFF779FFC9E7808080FF0000FFFF7F
:1025A000FF0000FF70B540F2026001F0E1FD40F273
:1025B000036001F0DDFD40F2046001F0D9FD244C20
:1025C000102303221946204601F08CFA202303220F
:1025D0001021204601F086FA802303221021204694
:1025E00001F080FA1B4E042303221021304601F033
:1025F00079FA194D022303221021284601F072FABC
:102600004FF4805303221021284601F06BFA402337
:1026100003220421204601F065FA0421304601F02E
:1026200015FB4FF48051284601F01FFB022128467C
:1026300001F01BFB1021204601F008FB2021204661
:1026400001F004FB8021204601F000FB70BD00BFBB
:102650000008014000100140000C014008B501468F
:102660000020FFF74BFB08BD08B501460020FFF72F
:1026700037FB08BDF8B504460825114E202714F095
:10268000800F4FF0800314BFC6F81038C6F8143816
:102690006400E4B2C6F81478082012F001FDC6F810
:1026A0001078082012F0FCFC6B1E13F0FF05E6D139
:1026B000034B8022C3F81028082012F0F1FCF8BD6B
:1026C000000001402DE9F047184B1022C3F81428F0
:1026D000082012F0E5FC08250024DFF850802027B0
:1026E0002E46DFF84CA04FF0400903E06B1E13F0BC
:1026F000FF0514D0C8F81478304612F0D1FCC8F8A1
:102700001078304612F0CCFC6400E4B249465046E2
:1027100001F0BAFA0028E9D044F00104E6E7034BDF
:102720001022C3F810282046BDE8F08700000140C1
:102730000008014000290BDD68B138B5441E65185A
:10274000FFF7C0FF04F8010FAC42F9D1012038BDFA
:102750004FF0FF3070474FF0FF30704700B583B047
:10276000FFF7E8FF002803DD012003B05DF804FB5C
:1027700040F225130093044B044A0549054817F01D
:10278000BBFD4FF0FF30F0E7FC7B0308247E03081D
:10279000107C0308187C030800290BDD68B138B5EC
:1027A000441E651814F8010FFFF764FFAC42F9D11D
:1027B000012038BD4FF0FF3070474FF0FF307047B9
:1027C00030B583B00C4C1025C4F81458FFF7E4FF63
:1027D000C4F81058002802DD012003B030BD4FF4CA
:1027E0009E730093054B064A0649074817F084FD7F
:1027F0004FF0FF30F1E700BF00000140FC7B030811
:10280000347E0308107C0308187C03082DE9F04788
:10281000814601F0010A31F001061CD0841C154DDF
:102820004FF072086FF001073F1A85F8008014F826
:10283000023C6B7014F8013CAB7003212846FFF793
:10284000BFFF02343B199E42EFD8B144BAF1000FEA
:1028500003D1BDE8F0870020F8E706487223037033
:102860000023437099F8003083700321FFF7A8FF1D
:10287000EFE700BF502A002008B5054B70221A7000
:1028800000225A70987003211846FFF799FF08BD7F
:10289000502A0020C1B12DE9F84306460F46002416
:1028A0000A4D4FF073094FF0010885F8009041463A
:1028B0002846FFF785FF02213019FFF74FFF02344A
:1028C000A742F2D8BDE8F88300207047502A0020C4
:1028D00000B583B0B62804D0B72819D10F4B1960C2
:1028E00001E00F4B19600B0E8DF806300B0C8DF8C4
:1028F00007300B0A8DF804308DF80510FFF7BCFF88
:1029000004210DEB0100FFF781FF03B05DF804FB2C
:10291000DE2804BF034B1960E5E700BF382A00201A
:10292000302A0020482A002000B583B0B62814D0F1
:10293000B7281FD1134A538841EA034313600B0A97
:102940008DF804308DF80510FFF796FF022101A8DD
:10295000FFF75CFF03B05DF804FB0B4A538841EAC4
:1029600003431360DE28EAD1084A538841EA03434F
:102970001360E4E7BD28F5D1054A538841EA0343D3
:102980001360DCE7382A0020302A0020482A002083
:10299000402A002030B583B005460C460023019341
:1029A000FFF76AFF04210DEB0100FFF773FF9DF8AD
:1029B00006309DF8072042EA03229DF8043043EADE
:1029C00002229DF8053043EA02232360002803DC3D
:1029D0004FF0FF3003B030BDB62D05D0B72D07D175
:1029E000074A13600120F5E7064A13600120F1E76A
:1029F000DE2D03D1044A13600120EBE70120E9E753
:102A0000382A0020302A0020482A002030B583B020
:102A100005460C4600230093ADF80430E020FFF794
:102A20002BFF230E8DF80430230C8DF80530230A7C
:102A30008DF802308DF803402B0A8DF800308DF8A8
:102A4000015006216846FFF7E1FE03B030BD0000EB
:102A500038B5094C042525614CF2503012F020FBAA
:102A60006561064812F01CFB25614CF2503012F0F3
:102A700017FB012038BD00BF00100140A0860100F7
:102A8000024B04225A610120704700BF0010014030
:102A900010B582B00023019301A9B120FFF77AFF9E
:102AA000594C019A2146594817F026FC01A9B22039
:102AB000FFF770FF019A2146554817F01DFC01A948
:102AC000B320FFF767FF019A2146524817F014FC24
:102AD00001A9B420FFF75EFF019A21464E4817F086
:102AE0000BFC01A9B520FFF755FF019A21464B4881
:102AF00017F002FC01A9B620FFF74CFF019A21460E
:102B0000474817F0F9FB01A9B720FFF743FF019AE7
:102B10002146444817F0F0FB01A9B820FFF73AFF1F
:102B2000019A2146404817F0E7FB01A9B920FFF7B9
:102B300031FF019A21463D4817F0DEFB01A9BA207A
:102B4000FFF728FF019A2146394817F0D5FB01A964
:102B5000BB20FFF71FFF019A2146364817F0CCFB38
:102B600001A9C620FFF716FF019A2146324817F047
:102B7000C3FB01A9C720FFF70DFF019A21462F488B
:102B800017F0BAFB01A9C920FFF704FF019A2146FB
:102B90002B4817F0B1FB01A9CA20FFF7FBFE019AF1
:102BA0002146284817F0A8FB01A9CB20FFF7F2FE29
:102BB000019A2146244817F09FFB01A9CC20FFF77A
:102BC000E9FE019A2146214817F096FB01A9D6207B
:102BD000FFF7E0FE019A21461D4817F08DFB01A981
:102BE000DE20FFF7D7FE019A21461A4817F084FB32
:102BF00001A9DF20FFF7CEFE019A2146164817F003
:102C00007BFB012002B010BD107C0308307C030860
:102C1000447C0308587C03086C7C0308807C030810
:102C2000947C0308A87C0308BC7C0308D07C0308C0
:102C3000E47C0308F87C03080C7D0308207D03086E
:102C4000347D0308487D03085C7D0308707D03081C
:102C5000847D0308987D0308AC7D03082DE9F047C7
:102C6000C7490B78C74CC84A52F82330B3F86A30CA
:102C700023600B7852F82330B3F8703063600B7820
:102C800052F82330B3F86830A3600B7852F8233041
:102C9000B3F86E30E3600B7852F82330B3F8663047
:102CA00023610B7852F82330B3F86C3063610B78F2
:102CB00052F82330B3F86230A3610B7852F8233016
:102CC000B3F86430E361002323626362A362E362CA
:102CD00023636363A363E36301252564087852F8E3
:102CE000200090F85C0001386064A3640320E06475
:102CF00023656365A565E3652366097852F821209D
:102D000092F8612062660222A266C4F8903007221F
:102D1000E2664FF4347222676367A367E567C4F81D
:102D20008050C4F88430C4F88850984BC4F894306C
:102D30004FF47F03C4F898301F33C4F8A030C4F8B0
:102D40009C009349934817F0D7FAD4F88850002D87
:102D500079D08F49904817F0CFFA904B0222C3F8F0
:102D6000142C4CF2503012F09BF9FFF771FEB4F8BE
:102D70008430190141EA8301194341EA831189B280
:102D8000B820FFF7D1FD0021B920FFF7CDFDE56E9A
:102D9000216F0431824BA3FB013121F0030909EBC0
:102DA00091094846FDF72EFB00227E4BFDF7A4FB60
:102DB00006460F46C5EBC500FDF724FB02460B4651
:102DC00030463946FDF7C2FCFDF730FE0446FDF7FC
:102DD00053FF7549FDF7A8FF80462846FDF74CFFD5
:102DE00001464046FDF7A0FFFDF72EFB02460B46CD
:102DF00030463946FDF7C8F900220023FDF70CFEE6
:102E000000B10134013CB9F17C0F40F20581B9F108
:102E1000F90F40F215820125B9F5FA7F6049A1FB4F
:102E20000931C1F3870134BF4FF400494FF44049E1
:102E300049EA010141F4A061BA20FFF775FD002DB8
:102E400000F0E380F2E05249584817F055FA534B2E
:102E50000222C3F8102C4CF2503012F021F9FFF787
:102E6000F7FD484CB4F88430190141EA8301194355
:102E700041EA831189B2B820FFF756FD0021B9203D
:102E8000FFF752FDD4F86C80216F0431444BA3FB53
:102E9000013121F0030909EB91094846FDF7B2FA27
:102EA00006460F464FEAC800FDF7ACFA02460B464D
:102EB00030463946FDF74AFCFDF7B8FD0446FDF7FC
:102EC000DBFE4FF08241FDF72FFF82464046FDF7C3
:102ED000D3FE01465046FDF727FFFDF7B5FA02463F
:102EE0000B4630463946FDF74FF900220023FDF727
:102EF00093FD00B10134013CB9F17C0F7BD9B9F1EC
:102F0000F90F89D82649A1FB0931C1F3870141F4A2
:102F10008A41BA20FFF708FD77E01A49CB684A6872
:102F200013448A6809680A44190A1B029BB243EADF
:102F30000163D1B20B43110201F47F011943B220A6
:102F4000FFF7C6FCA1E00F4BD3F8943013F47F0FCA
:102F50001ABF174941EA436116490A4BD3F8983022
:102F600013F47F0F1CBF21F0E07141EA8351D82098
:102F7000FFF7AEFCEFE0012B1ED00021F4E000BF14
:102F8000E7470020502B00201C0200200E00FF000D
:102F9000107C0308C07D0308CC7D030800000140BD
:102FA000CDCCCCCC0000E03F0000E040E87D030841
:102FB00019851C2119851C2BA74B596C41EA8101ED
:102FC00041F07001D0E0012B40F0D980A24BD3F842
:102FD0008C30002B00F0D38041F00071CFE041F441
:102FE0008061EEE041F00401F5E041F0010101E112
:102FF00041F00201FEE09949A1FB0931C1F38F01C3
:1030000041F4A061BA20FFF78FFC04F03F01BB2020
:10301000FFF78AFC002513E09049A1FB0931C1F3B9
:103020008F0141F4A061BA20FFF77EFC04F03F015C
:1030300041F0E06141F4A021BB20FFF749FC0125EC
:103040000121B920FFF770FC44F6206012F028F847
:10305000814C6368216841EA032189B2B120FFF7FE
:1030600063FC636E002B7FF458AFE368A268190A13
:103070001B029BB243EA0163D1B20B43110201F47C
:103080007F011943B220FFF723FC734C62691304DC
:1030900003F07F4C20690302120291B203F47F0314
:1030A00043EA0C03C0B203431943B320FFF710FCFB
:1030B000218BB420FFF70CFCA18BB520FFF708FC97
:1030C0000021CF20FFF704FC1021D020FFF700FCE7
:1030D0004021D320FFF7FCFB216D614A614B0029A1
:1030E0000CBF11461946D620FFF7F2FB002D3FF426
:1030F0002AAFD4F8943013F47F0F1ABF5A4941EA2B
:1031000043615A49544BD3F89C300BB141EAC34157
:10311000514BD3F8983013F47F0F1CBF21F0E071AE
:1031200041EA8351D820FFF7D3FB4B4BD3F8A040A3
:1031300014F47F0F1DBF240444F0D85444F4F25417
:103140004B4C21464FF48050FFF760FC21464FF472
:103150000050FFF75BFC404B1B6C002B7FF40BAF68
:103160003D4B596C41F020013B4B9B6C002B7FF495
:103170002AAF394BD3F890300BB141F40011DE2067
:10318000FFF7A6FB344B9A6F3A493B4B002A08BF26
:103190001946314BDB6D0BB141F400412E4B1B6ED8
:1031A0000BB141F480412C4B5B6D0BB141F40051EC
:1031B000294B9B6E012B3FF412AF022B08BF41F449
:1031C0000061254B5B6E33B1012B3FF40BAF022B3B
:1031D00008BF41F00801204BDB6C5BB1012B3FF4D1
:1031E00004AF022B3FF404AF032B04BF41F4817101
:1031F00041F00101B620FFF76BFB4FF47A7011F03C
:103200004FFF154BDB6F002B0CBF4FF480744FF456
:103210004074114BD3F880300BB144F009042246BE
:103220001649174817F068F82146B720FFF77CFBCE
:10323000144811F035FFFFF72BFC0120BDE8F087A3
:103240000649A1FB0931C1F3870141F48A41BA2043
:10325000FFF76AFBEAE600BF502B0020CDCCCCCCB8
:103260000401001005010010398F1C20398F7C3EAD
:10327000401E121B80100200A0100200107C0308E8
:10328000047E0308A08601002DE9F0470746894621
:103290001646584B1B6823F06001426912F0010F7B
:1032A00018BF41F0200112F0020F18BF41F0400199
:1032B00099422ED1504B1B687BBB504B1D68504B25
:1032C0001C68ADB2A4B2B1B2BC20FFF72DFBBB6845
:1032D000052B27D0A3F11302262A00F28280134681
:1032E000262B00F28180DFE803F06D7F1D7F7F7F5A
:1032F0007F7F7F7F7F7F7F7F7F7F6D7F7F7F7F7FF0
:10330000717F7F7F7F7F7F7F7F7F7F7F7F7F7F7FDB
:103310006800DE20FFF7DCFACCE70021BD20FFF7D4
:1033200003FBCAE724F4A45444F040047B68002B58
:1033300051D025F04005A9B244F0010414F0080F63
:1033400018BF44F00904B620FFF7EEFA2146B72073
:10335000FFF7EAFABF20FFF78FFA06F0010A36F00E
:10336000010619D009F10204264D4FF072086FF0E2
:103370000107A7EB090785F8008014F8023CAB7041
:1033800014F8013C6B7003212846FFF719FA023448
:103390003B19B342EFD3B144BAF1000F26D019481C
:1033A0007223037099F8003083704FF0000A80F8A0
:1033B00001A00321FFF704FA18E024F4845444F434
:1033C0008864B3E724F4A654A4B2AFE724F4865487
:1033D00044F48064AAE745F0400124F00104A4B25B
:1033E000ACE74FF0FF3A01E04FF0FF3A5046BDE83E
:1033F000F08700BF482A0020402A0020302A002001
:10340000382A0020502A00200C4B1B680C4AA2FBD3
:1034100003239B09013BB3F1807F0DD24FF0E022E3
:103420005361084BF02183F823100021916107209C
:10343000106183F823107047FEE700BF20020020D0
:10344000D34D621000ED00E07047FEE7FEE7FEE7B7
:10345000FEE770477047704708B511F097FE08BD4A
:103460007047000008B540F2036000F081FE4FF4A1
:10347000007303221021044800F034FB0349044880
:1034800016F03AFF08BD00BF000C0140107C030895
:10349000487E030800B583B0FFF7B6FF1E4800F072
:1034A00081F91E4800F07EF91D4800F07BF9FFF716
:1034B000D9FF11F017FF10F047F80DF0CFFD0CF019
:1034C000C1FC184B1B780BB3002000904FF4E13384
:1034D0000246012109F0C0FE09F06EFF0FF07EFBED
:1034E0000EF0D8F808F00CF910F050FA10F0C2F90C
:1034F0000D4B98420D490CBF0D480E4816F0FCFECE
:103500000D480FF015FF03B05DF804FB12F058FDF5
:1035100012F08EFEE2E700BF003801400044004098
:10352000004800405C1600201740EF00107C0308A4
:10353000647E0308807E0308507A0020F0B5ADF564
:10354000855D81B0012484F31088002585F31088FF
:103550004FF480314FF0006000F0ACFA7E4B1D70EC
:10356000FFF798FF01F04EF80DF0CAF90CF01EFBC2
:1035700020460CF07BFD20460DF0C4FC09F0A4FAB7
:1035800009F0A2FC08F0EAFB0EF09CFA11F014F925
:10359000724816F013FF724B19785B7843EA0121E9
:1035A000704801F007F9FEF7BBFB2846FEF7EAFA80
:1035B00020460DF083FE02466B4E31466B4816F0F6
:1035C0009BFE02200DF07AFE02463146684816F056
:1035D00093FE684E22463146284605F077FB224688
:1035E0003146654805F072FB0D282BD061480FF07D
:1035F0006FFD00230DF583521C3213600DF58452CC
:10360000136053609360D3601361536113835B4C09
:1036100004F5E167544E5A4D0DF583511C31204697
:10362000FDF7E2FF38B122463146284616F064FE27
:103630001E34BC42F0D10CF073FA474B01221A70D1
:10364000504C80E02A462946304606F093FF024659
:10365000454D29464C4816F04FFE012231460020C8
:1036600005F034FB01223146434805F02FFB1322BD
:1036700046490EA805F072FB02460DF58253083349
:103680001B682946424816F037FE00240A940B9422
:103690000C948DF834403F4A04AB07CA03C323F8A7
:1036A000022B120C1A703C4E234604AA31460AA87B
:1036B00016F0D0FE0DF584531C330D220AA90EA876
:1036C00006F0F7F802460DF584531C331B682946B3
:1036D000324816F011FE01340A2CE5D10EA806F08E
:1036E000BEFC032229490EA805F038FB02460DF561
:1036F000825308331B681C49254816F0FDFD03ABB7
:103700000D2207A90EA805F063FE0090039B07AAEF
:103710001549234816F0F0FD013CF0D10EA806F043
:103720009EFC14480FF0D4FC60E709F061FE0EF037
:103730001DFF10F003FC10F06DFA00F003F900F02B
:10374000D3FF0BF015FE0CF057FA2378002BECD1C9
:1037500012F04CFDEBE700BF982C0020987E030888
:10376000507A0020F07E0308107C0308047F0308D1
:10377000187F0308307F0308685800203C6C002045
:10378000AC7F03085C160020347F0308447F0308E5
:10379000547F0308B47F03086C7F0308747F030819
:1037A0008C7F030838B50446614B98423BD0A3F5A3
:1037B0007443984264D003F58063984200F08B8094
:1037C00040F2026000F0D4FC40F20E6000F0D0FC49
:1037D0004FF4C06000F0CCFC0021042000F068FA37
:1037E000544D4FF4007303221821284600F07AF953
:1037F0004FF4806303224821284600F073F92046E5
:1038000000F0C8FA0421204600F0C4FB082120463D
:1038100000F0A3FB204600F08FFB40F2053120466C
:1038200000F014FC38BD40F2026000F0A1FC40F250
:103830000E6000F09DFC4FF4C06000F099FC002188
:10384000042000F035FA3B4D4FF400730322182199
:10385000284600F047F94FF48063032248212846A8
:1038600000F040F901220021252000F09DF82046BB
:1038700000F090FA4FF4E1312D4800F0EDFAC1E785
:1038800040F2026000F074FC40F2117000F070FC35
:103890004FF4C06000F06CFC0021042000F008FA36
:1038A000244D042303221821284600F01BF9082385
:1038B00003224821284600F015F90022114626204F
:1038C00000F072F8204600F065FA4FF4E1311A4832
:1038D00000F0C2FA96E740F2036000F049FC40F2C3
:1038E000127000F045FC4FF4C06000F041FC002174
:1038F000042000F0DDF9114D4FF4806303221821FC
:10390000284600F0EFF84FF40063032248212846D0
:1039100000F0E8F800221146272000F045F8204684
:1039200000F038FA4FF4E121054800F095FA69E714
:10393000003801400008014000440040000C0140F4
:103940000048004008B50D4B1B6863B10B4B0022CB
:103950001A60DB6843B9094B0122DA604FF4007149
:10396000074800F073F908BD044B0022DA604FF4F9
:103970000071034800F079F9F5E700BF9C2C0020A6
:10398000000C014080B483B000AF7860054A7B68CA
:1039900043F0BF6343F40033D36000BF0C37BD4630
:1039A00080BC704700ED00E080B586B000AF0346F4
:1039B000FB710B46BB7113467B710023FB60002338
:1039C0007B6100233B61394BDB6803F4E063B3F5B3
:1039D000E06F04D100237B6104233B6137E0334B6C
:1039E000DB6803F4E063B3F5C06F04D101237B61AE
:1039F00003233B612BE02D4BDB6803F4E063B3F55D
:103A0000A06F04D102237B6102233B611FE0274B9F
:103A1000DB6803F4E063B3F5806F04D103237B61BB
:103A200001233B6113E0214BDB6803F4E063B3F552
:103A3000407F04D104237B6100233B6107E04FF406
:103A4000A060FFF79FFF02237B6102233B61BA79ED
:103A50007B69C3F1040302FA03F3FB607A793B69E3
:103A6000C3F104030F2121FA03F31340FA6813434F
:103A7000FB60FB681B01FB600D4AFB79F968C9B26A
:103A800013440A4683F80023FB7903F01F03084917
:103A9000FA795209D2B21046012202FA03F341F830
:103AA000203000BF1837BD4680BD00BF00ED00E0EC
:103AB00000E100E080B483B000AF786039603B681B
:103AC00023F0604323F07F0305497A6813438B603A
:103AD000BFF34F8F00BF00BF0C37BD4680BC70479F
:103AE00000ED00E080B489B000AFF860B9607A60A2
:103AF0003B600023BB6100237B61BB6803F00F03C5
:103B0000BB61BB6803F01003002B14D07B68042B4F
:103B10000DD1BB6943F00303BB61FB683C331A68FA
:103B2000FB683C3319463B6813430B6003E0BA69FA
:103B30007B681343BB610023FB8339E0FB8B0122CD
:103B40009A403B681340002B2FD0FB681B687B61B9
:103B5000FB8B9B000F2202FA03F3DB437A691340CD
:103B60007B61FB8B9B00BA6902FA03F37A6913430A
:103B70007B61BB68282B09D1FB8B01229A40FB6833
:103B8000143319463B6813400B600BE0BB68482BAD
:103B900008D1FB8B01229A40FB68103319463B6821
:103BA00013400B60FB687A691A60FB8B0133FB835F
:103BB000FB8B072BC2D90823FB833EE0FB8B012242
:103BC0009A403B681340002B34D0FB6804331B68D9
:103BD0007B61FB8B083B9B000F2202FA03F3DB4364
:103BE0007A6913407B61FB8B083B9B00BA6902FA40
:103BF00003F37A6913437B61BB68282B09D1FB8BE4
:103C000001229A40FB68143319463B6813400B604D
:103C10000BE0BB68482B08D1FB8B01229A40FB6864
:103C2000103319463B6813400B60FB6804331A4697
:103C30007B691360FB8B0133FB83FB8B0F2BBDD99F
:103C400000BF00BF2437BD4680BC704780B483B03E
:103C500000AF786039607B6810331A463B681360A8
:103C600000BF0C37BD4680BC704780B483B000AF46
:103C7000786039607B6814331A463B68136000BF74
:103C80000C37BD4680BC704780B483B000AF78600D
:103C900039607B6808331A683B681340002B01D0F9
:103CA000012300E0002318460C37BD4680BC704756
:103CB00080B487B000AF78600B46FB7000233B6197
:103CC0000023FB6000237B610023BB607B68002B2B
:103CD00003DA2E4B1B687B6102E02D4B1B687B6176
:103CE0007B681B0C03F00F03BB607B689BB23B61DE
:103CF0007B6803F44013B3F5401F0AD17B6923F0BE
:103D0000E0637B61224B1B68214A23F0E063136070
:103D100021E07B6803F48013002B0ED00322BB68E4
:103D200002FA03F3FB60FB68DB437A6913407B61B3
:103D30007B6943F0E0637B610DE07B685B0D1B01F9
:103D40003A6902FA03F3DB437A6913407B617B69CA
:103D500043F0E0637B61FB78002B08D07B685B0D50
:103D60001B013A6902FA03F37A6913437B617B68AA
:103D7000002B03DA054A7B69136002E0044A7B6981
:103D8000136000BF1C37BD4680BC70471C0001405B
:103D90000400014080B582B000AF78607B68294A9A
:103DA00093421CD07B68274A934245D87B68264AB9
:103DB000934238D07B68244A93423DD87B68234A9B
:103DC000934227D07B68214A934235D87B68204AAA
:103DD00093420DD07B681F4A934212D02CE040F2F0
:103DE0000E3000F0E7F940F20E3000F005FA24E062
:103DF00040F2114000F0DEF940F2114000F0FCF911
:103E00001BE040F2124000F0D5F940F2124000F001
:103E1000F3F912E040F2134000F0CCF940F2134005
:103E200000F0EAF909E040F2144000F0C3F940F272
:103E3000144000F0E1F900E000BF00BF0837BD46C4
:103E400080BD00BF0038014000500040004C0040E1
:103E5000004400400048004080B586B000AF786064
:103E6000396000237B6100233B610023FB6000235A
:103E7000BB607B682B4A93421CD07B68294A9342E3
:103E800031D87B68284A934228D07B68264A9342DF
:103E900029D87B68254A93421BD07B68234A9342EA
:103EA00021D87B68224A934209D07B68214A9342F9
:103EB0000AD018E0032000F0C3F9786114E0022072
:103EC00000F0BEF978610FE0022000F0B9F97861E6
:103ED0000AE0022000F0B4F9786105E0022000F069
:103EE000AFF9786100E000BF3B685A087B691A446B
:103EF0003B68B2FBF3F3BB60BA684FF6F073134054
:103F00003B61BB6803F00F03FB603A69FB6842EA60
:103F100003017B6808331A468BB2136000BF183761
:103F2000BD4680BD0038014000500040004C0040BC
:103F3000004400400048004080B483B000AF786087
:103F40007B680C331B687A680C3243F400531360AF
:103F500000BF0C37BD4680BC704780B485B000AF51
:103F6000786039600023FB607B680C331B68FB6062
:103F7000FB6823F00803FB60FA683B681343FB60AF
:103F80007B680C331A46FB68136000BF1437BD46CC
:103F900080BC704780B485B000AF78603960002382
:103FA000FB607B680C331B68FB60FB6823F0040339
:103FB000FB60FA683B681343FB607B680C331A466E
:103FC000FB68136000BF1437BD4680BC704780B4E7
:103FD00083B000AF786039607B6804331A463B6871
:103FE000C3F30803136000BF0C37BD4680BC7047A5
:103FF00080B483B000AF78607B6804331B689BB2E9
:10400000C3F308039BB218460C37BD4680BC70470B
:1040100080B483B000AF78600B467B807B889B09BF
:104020009BB21A467B6813441A687B8803F01F030F
:1040300022FA03F303F00103002B01D0012300E077
:10404000002318460C37BD4680BC704780B483B04F
:1040500000AF78600B467B807B889B099BB21A4639
:104060007B6813441A687B8803F01F03012101FA5F
:1040700003F37988890989B20846796801441343B2
:104080000B6000BF0C37BD4680BC704780B483B066
:1040900000AF78600B467B807B889B099BB21A46F9
:1040A0007B6813441A687B8803F01F03012101FA1F
:1040B00003F3DB437988890989B2084679680144AA
:1040C00013400B6000BF0C37BD4680BC704780B406
:1040D00085B000AF786039600023FB600023BB60CF
:1040E0003B689B09C3F309027B6813441A683B6869
:1040F00003F01F03012101FA03F31340FB603B6847
:104100009A0D7B6813441A683B681B0C03F01F036D
:10411000012101FA03F31340BB60BB68002B04D0FC
:10412000FB68002B01D0012300E000231846143760
:10413000BD4680BC704780B483B000AF7860396002
:104140003B689A0D7B6813441A683B681B0C03F0AC
:104150001F03012101FA03F3DB433968880D7968F5
:10416000014413400B6000BF0C37BD4680BC704754
:1041700080B483B000AF0346FB80FB889B099BB2F1
:1041800003F1804303F504331968FB8803F01F0330
:1041900001229A40FB889B099BB203F1804303F5FF
:1041A0000433184641EA0203036000BF0C37BD46E2
:1041B00080BC704780B483B000AF0346FB80FB88AF
:1041C0009B099BB203F1804303F504331968FB8814
:1041D00003F01F0301229A40FB889B099BB203F165
:1041E000804303F50433184641EA0203036000BF2D
:1041F0000C37BD4680BC704780B483B000AF034627
:10420000FB80FB889B099BB203F1804303F50433D9
:104210001968FB8803F01F03012202FA03F3DA4353
:10422000FB889B099BB203F1804303F504331846D6
:1042300001EA0203036000BF0C37BD4680BC704733
:1042400090B498B000AF0346FB710023FB656E4B42
:1042500007F11C040FCB84E80F006C4A07F114032C
:1042600092E8030083E80300684A07F10C0392E830
:10427000030083E80300664B1B689B0803F00303FD
:10428000FB64FB6C022B0FD0FB6C022B64D8FB6C25
:10429000002B03D0FB6C012B03D05DE05D4BBB65B5
:1042A0005DE05C4BBB655AE0594B1B6803F48033FF
:1042B000BB64BB6CB3F5803F19D1574B1B6803F04F
:1042C00080437B647B6C002B02D1524B3B6501E049
:1042D000524B3B654E4B1B6803F400333B643B6C15
:1042E000B3F5003F05D13B6D5B083B6501E04C4BEE
:1042F0003B65474B1B689B0C03F00F037B65444BEE
:104300001B6803F00063002B03D07B6D43F01003A8
:104310007B653F4B1B6803F08043002B03D07B6D14
:1043200043F020037B657B6D0E2B03D87B6D02333E
:104330007B650BE07B6D0E2B06D97B6D3E2B03D886
:104340007B6D01337B6501E03F237B653B6D7A6DBF
:1043500002FB03F3BB6502E02E4BBB6500BF2C4B99
:104360001B681B0903F00F03FB6307F11C02FB6BC7
:1043700013441B78BB63BA6DBB6B22FA03F37B63F8
:10438000234B1B681B0A03F00703FB6307F11402AE
:10439000FB6B13441B78BB637A6BBB6B22FA03F392
:1043A0003B631B4B1B68DB0A03F00703FB6307F14E
:1043B0000C02FB6B13441B78BB637A6BBB6B22FA5A
:1043C00003F3FB62FB79032B16D801A252F823F00A
:1043D000E1430108E7430108ED430108F343010805
:1043E000BB6DFB6509E07B6BFB6506E03B6BFB652A
:1043F00003E0FB6AFB6500E000BFFB6D1846603719
:10440000BD4690BC704700BF905E0308A05E0308E5
:104410000410024000127A002C100240006CDC02F2
:1044200000093D0080B582B000AF1D4B1B681C4ADF
:1044300043F0010313601B4B1B681A4A43F08003CF
:10444000136000237B6002E07B6801337B607B6844
:1044500044F61F629342F7D9124B1B68114A23F0AE
:10446000030313600E4B1B680D4A23F0847323F47F
:10447000803313600C4B4FF41F021A60084B1B680B
:10448000074A23F480231360064B00221A60074B6F
:1044900000221A6000F00CF800BF0837BD4680BD4E
:1044A0000010024004100240081002402C1002408C
:1044B00080B500AF00F002F800BF80BD80B483B0CB
:1044C00000AF00237B6000233B60494B1B68484AD8
:1044D00043F4803313607B6801337B60444B1B687B
:1044E00003F400333B603B68002B04D17B684FF63C
:1044F000FF729342EFD13E4B1B6803F40033002B55
:1045000000D1FEE73B4B1B683A4A43F080531360EF
:10451000394B1B68384A43F440431360374B374AE2
:104520001B681360354B354A1B681360334B1B689F
:10453000324A43F480631360304B1B682F4A23F4E4
:10454000403313602D4B1B682C4A43F440331360F7
:104550002A4B1B68294A23F0904323F470131360FD
:10456000264B1B68254A43F0036343F48023136002
:104570001F4B1B681E4A43F08073136000BF1C4B27
:104580001B6803F00073002BF9D01B4B1B681A4A01
:1045900043F48033136000BF194B1B6803F480336E
:1045A000002BF9D0144B1B68134A43F400331360FB
:1045B00000BF134B1B6803F40033002BF9D00F4BE3
:1045C0001B680E4A23F0030313600C4B1B680B4A55
:1045D00043F00203136000BF084B1B6803F008039D
:1045E000002BF9D000BF00BF0C37BD4680BC704720
:1045F000001002401C1002400070004004100240F5
:104600000470004080B400AF084B00221A60074BD2
:1046100000225A60054B064ADA60044B4FF496724A
:104620009A6000BFBD4680BC704700BFAC2C002024
:10463000BC2C002080B483B000AF0346FB71154B47
:104640001968144B5B680133124A9268B3FBF2F0AD
:1046500000FB02F29B1A994202D14FF0FF3313E0A4
:104660000C4BDA680B4B5B681344FA791A70094BF0
:104670005B680133074A9268B3FBF2F101FB02F277
:104680009B1A044A5360002318460C37BD4680BC71
:10469000704700BFAC2C002080B483B000AF7860BE
:1046A000104B1A680F4B5B689A4201D1002314E04B
:1046B0000C4BDA680B4B1B6813441A787B681A7032
:1046C000084B1B680133074A9268B3FBF2F101FB08
:1046D00002F29B1A034A1360012318460C37BD46A9
:1046E00080BC7047AC2C002080B582B000AFFB1DB1
:1046F0001846FFF7D1FF0346002B03D0FB7918467D
:1047000000F0CAFC00BF0837BD4680BD80B500AFD1
:104710000448FFF76DFC0346DAB2034B1A7000BF82
:1047200080BD00BF00480040E82D002080B500AFEC
:10473000044B1B781846FFF77DFFFFF7E7FF00BF2C
:1047400080BD00BFE82D002080B500AF0448FFF712
:104750004FFC0346DAB2034B1A7000BF80BD00BFA6
:1047600000440040E82D002080B500AF044B1B78CA
:104770001846FFF75FFFFFF7E7FF00BF80BD00BFF0
:10478000E82D002080B500AF07490848FFF79FFCDF
:104790000346002B05D0FFF7C9FF05490348FFF783
:1047A000CAFC00BF80BD00BF0503050000480040F3
:1047B000050303000FB480B59CB000AF0023FB6677
:1047C00007F17C037B6007F108007B68BA6F642106
:1047D0001BF0C4FE19E007F10802FB6E13441B78BE
:1047E00019461248FFF7F3FB642010F059FCFB6EEA
:1047F0000133FB660E490D48FFF769FC0346002BA9
:1048000003D00C490948FFF796FCFB6E622B06DCCF
:1048100007F10802FB6E13441B78002BDBD100BFAD
:104820007037BD46BDE8804004B07047004400408A
:10483000070307000603060080B400AFBFF34F8FE5
:1048400000BF064BDB6803F4E0620449044B1343EA
:10485000CB60BFF34F8F00BFFEE700BF00ED00E06D
:104860000400FA0580B582B000AF7860054B1B7874
:10487000002B02D0044815F0A1FD00BF0837BD464B
:1048800080BD00BF982C0020F45E030880B582B084
:1048900000AF78600EF046FE034815F02DFD00BF16
:1048A0000837BD4680BD00BF045F030880B582B0F5
:1048B00000AF78600EF0E8FD044815F01DFDFFF72D
:1048C000BBFF00BF0837BD4680BD00BF185F0308AF
:1048D00080B582B000AF78601849786815F0E6FFBF
:1048E0000346002B03D0164815F068FD22E0154959
:1048F000786815F0DBFF0346002B03D0124B012232
:104900001A7017E01149786815F0D0FF0346002BA4
:1049100002D00F4B01221A700E49786815F0C6FFBD
:104920000346002B06D00C4B01221A700B48FFF7F0
:1049300041FF00BF0837BD4680BD00BF305F0308A0
:10494000345F0308545F0308E9470020585F0308F9
:10495000EA470020605F0308EB470020685F030818
:1049600080B582B000AF78600F49786815F09EFF7F
:104970000346002B06D00D4B01221A700C4B00226F
:104980001A700DE00B49786815F090FF0346002B74
:1049900006D0064B01221A70054B01221A7000BF87
:1049A0000837BD4680BD00BF7C5F0308E847002094
:1049B000E6470020805F030880B584B000AF7860D0
:1049C0001049786815F072FF0346002B16D007F1E6
:1049D00008031A460C49786815F05CFD0346FB6035
:1049E000FB68012B0AD1BB68FA681946074815F025
:1049F00083FCBB68DBB21846FDF78AFD00BF1037A9
:104A0000BD4680BD845F03088C5F0308985F030880
:104A100080B582B000AF78600649786815F046FF2F
:104A20000346002B02D00BF07BF800BF0837BD46D1
:104A300080BD00BFB05F030880B592B000AF786062
:104A40007949786815F032FF0346002B16D007F13C
:104A500024031A467549786815F01CFD03467B64EB
:104A60007B6C012B0AD17B6A1946714815F044FC16
:104A70007B6A9BB21946422007F0C0FF6D497868F7
:104A800015F014FF0346002B16D007F120031A4639
:104A90006949786815F0FEFC03463B643B6C012BCA
:104AA0000AD13B6A1946654815F026FC3B6A9BB261
:104AB0001946432007F0A2FF6149786815F0F6FE19
:104AC0000346002B16D007F11C031A465D4978688F
:104AD00015F0E0FC0346FB63FB6B012B0AD1FB697D
:104AE0001946594815F008FCFB699BB21946452048
:104AF00007F084FF5549786815F0D8FE0346002B6F
:104B000016D007F118031A465149786815F0C2FC0F
:104B10000346BB63BB6B012B0AD1BB6919464D48E9
:104B200015F0EAFBBB699BB21946442007F066FF0B
:104B30004949786815F0BAFE0346002B16D007F1F4
:104B400014031A464549786815F0A4FC03467B63B4
:104B50007B6B012B0AD17B691946414815F0CCFBD0
:104B60007B699BB21946462007F048FF3D497868AB
:104B700015F09CFE0346002B16D007F110031A46D1
:104B80003949786815F086FC03463B633B6B012B83
:104B90000AD13B691946354815F0AEFB3B699BB21B
:104BA0001946482007F02AFF3149786815F07EFE43
:104BB0000346002B16D007F10C031A462D497868DE
:104BC00015F068FC0346FB62FB6A012B0AD1FB6807
:104BD0001946294815F090FBFB689BB219464720FF
:104BE00007F00CFF2549786815F060FE0346002B9E
:104BF00016D007F108031A462149786815F04AFCD7
:104C00000346BB62BB6A012B0AD1BB6819461D482B
:104C100015F072FBBB689BB21946492007F0EEFE07
:104C200000BF4837BD4680BDB45F0308BC5F0308C2
:104C3000C45F0308D05F0308D85F0308E45F03087C
:104C4000F05F0308F45F0308FC5F030808600308D3
:104C50000C60030814600308206003082460030844
:104C60002C600308386003083C60030844600308B4
:104C700050600308546003085C6003086860030820
:104C80006C6003087460030880B582B000AF786080
:104C90002A49786815F00AFE0346002B11D040F22D
:104CA00005312748FFF7F2F910F084FB40F2053197
:104CB0002348FFF7CBF9234B00221A70FFF7BCFD06
:104CC00038E02149786815F0F1FD0346002B09D042
:104CD000FDF778F81B4B00221A700EF0B7FBFFF7B8
:104CE000ABFD27E01949786815F0E0FD0346002B7D
:104CF00004D00EF06FFBFFF79FFD1BE014497868AE
:104D000015F0D4FD0346002B14D040F205310C48B9
:104D1000FFF7BCF910F04EFB0E4800F01DF840F212
:104D200005310748FFF792F9064B00221A70FFF78A
:104D300083FD00BF0837BD4680BD00BF806003080B
:104D400000480040982C0020846003088860030815
:104D5000906003089860030880B5ADF5C35D00AFAF
:104D600007F50663A3F65C0318604FF0006307F5D0
:104D7000C25202F11C02136007F50663A3F58A63B1
:104D800000221A6004334FF47F720021184615F098
:104D900061FA002307F5C25202F118021360C7E05E
:104DA00007F5C25303F118031A6813461B019B1A37
:104DB0005B00664A1A4407F50663A3F65C031968AC
:104DC0001046FCF711FC0346002B40F0A68007F5C7
:104DD0000663A3F6540300221A6004334FF47F7273
:104DE0000021184615F036FA07F50663A3F65C02B3
:104DF00007F12003143B12685549184615F02AFBA9
:104E000007F12001143907F50263103B012218460F
:104E100003F0A4FF034607F5C25202F11702137014
:104E200007F5C25303F117031B78002B17D107F5C1
:104E3000C25303F11703197807F5066303F57C6382
:104E4000D3E9002393B20A464249434815F054FA85
:104E50004FF000614FF601600CF0B4FB01E0FF235E
:104E60006EE007F58463143B07F58461103907F59C
:104E7000026010384FF4806204F0AAFA034607F586
:104E8000C25202F11702137007F5C25303F1170360
:104E90001B78002B15D107F5C25303F117031A78BD
:104EA00007F50663A3F254431B682A492B4815F003
:104EB00023FA07F50663A3F254431B68002B2AD09C
:104EC00001E0FE233CE007F50663A3F254431B68B0
:104ED0009BB2194607F58463103B07F5C25202F1F5
:104EE0001C02126818460CF005FB0346002B10D07C
:104EF00007F50663A3F254431B6807F5C25202F19B
:104F00001C021268134407F5C25202F11C0213601E
:104F1000A7E7FD2314E0002312E007F5C25303F1D5
:104F200018031B68013307F5C25202F1180213601F
:104F300007F5C25303F118031B683B2B7FF730AF13
:104F4000184607F5C357BD4680BD00BF3C6C002026
:104F5000E8600308B0600308B8600308D060030885
:104F600080B584B000AF78600B23BB600C4815F0AF
:104F700025FA0023FB600AE00A4AFB6852F8333046
:104F80001946094815F0B8F9FB680133FB60FA6867
:104F9000BB689A42F0DB00BF00BF1037BD4680BD42
:104FA00034610308440200204861030880B58AB0D8
:104FB00000AF78600F49104815F09EF90023BB60E0
:104FC00007F10C0300221A605A609A60DA601A61D5
:104FD0005A611A8307F1080318460EF073FA07F1B5
:104FE000080302331946054815F086F900BF283733
:104FF000BD4680BD24020020506103085C610308A7
:1050000080B483B000AF786002E07B6801337B60DE
:105010007B681B78202BF8D07B6818460C37BD4680
:1050200080BC704780B586B000AF78600B233B61D1
:1050300000237B6125E0174A7B6952F8333018461C
:10504000FCF73EFC0346FB60124A7B6952F83330A2
:10505000FA681946786815F08FFA0346002B0DD1CF
:10506000FB687A6813441846FFF7CAFFB860094A1C
:105070007B69DB0013445B68B86898477B69013340
:105080007B617A693B699A42D5DB00BF00BF183764
:10509000BD4680BD4402002080B582B000AF03460B
:1050A000FB71FB797E2B2BD8FB791F2B0FD8164B6E
:1050B0001B78002B17D0144B00221A701348FFF7EF
:1050C000B1FF40220021114815F0C4F80BE00E4B4F
:1050D0001B7819460D4AFB7953540B4B1B7801334F
:1050E000DAB2094B1A70084B1B783F2B09D9064BD3
:1050F00000221A7040220021044815F0ABF800E0AD
:1051000000BF0837BD4680BD2C2E0020EC2D0020AE
:1051100080B58AB000AF03463960FB8000237B6115
:10512000FB887F2B02D8FB88FB8446E03B68002B82
:1051300004D0244B9B685B087B6101E000237B610A
:10514000204B9B685B08FB61FB699B08013BFB6193
:1051500000233B6210237B8323E0FA693B6AD31A66
:105160005B083A6A13443B61164B5A683B699B00E3
:105170001A447B69D11807F10C03042218460EF07B
:105180003FFBBB89FA889A420FD0BB89FA889A42C2
:1051900002D93B693B6201E03B69FB617B8B013BD0
:1051A0007B837B8B002BD8D100E000BF7B8B002B57
:1051B00001D0FB8900E00023FB84FB8C18462837D4
:1051C000BD4680BDB87F002080B485B000AF0346E7
:1051D000FB800023FB6002E0FB680133FB600F4AA9
:1051E000FB6832F81330002B06D00C4AFB6832F80B
:1051F0001330FA889A42EFD1084AFB6832F813302C
:10520000002B04D0064AFB6832F8133000E0FB881C
:1052100018461437BD4680BC704700BFD07F0308D6
:10522000B081030880B487B000AFF860B9607A60DD
:10523000FB687B61BB683B6107E03A69531C3B61DB
:105240007B69591C796112781A707B685A1E7A60E2
:10525000002BF2D100BF00BF1C37BD4680BC704799
:1052600080B487B000AFF860B9607A60FB687B619A
:1052700005E07B695A1C7A61BA68D2B21A707B6801
:105280005A1E7A60002BF4D100BF00BF1C37BD4608
:1052900080BC704780B489B000AFF860B9607A60B4
:1052A000FB68FB61BB68BB6100237B6100BF7B685F
:1052B0005A1E7A60002B0DD0FB695A1CFA611B78CC
:1052C0001946BB695A1CBA611B78CB1A7B617B6992
:1052D000002BECD07B6918462437BD4680BC704754
:1052E00080B483B000AF7860396002E07B6801333E
:1052F0007B607B681B78002B05D07B681B781A4687
:105300003B689342F2D17B681B7818460C37BD4648
:1053100080BC70472DE9B04388B002AF78600023AD
:10532000FB727B6803F580531B79002B56D07B689A
:1053300003F582531033D3E90023C7E904237B68C4
:1053400003F580535878796801230093D7E9042343
:1053500011F000FD0346002B02D00123FB723DE05B
:105360007B6803F5805300221A717B6803F5825332
:1053700053E90223D7E90401841A61EB03057B6832
:1053800003F58153103353E90223944275EB030371
:1053900024D27B6803F58053DB78FB601BE07B68DD
:1053A00003F58153103353E90223D7E9040110EBCD
:1053B000020841EB0309C7E904897B6803F58053C0
:1053C0005878796801230093D7E9042311F0C2FCCF
:1053D000FB68013BFB60FB68012BE0D8FB7A1846B9
:1053E0001837BD46BDE8B08380B588B002AFF8601D
:1053F000C7E900230023FB75FB6803F582531033D4
:10540000D3E90023D7E90001994208BF904226D092
:10541000F868FFF77FFF0346FB75FB7D002B1ED16D
:10542000FB6803F580535878F96801230093D7E9A6
:10543000002311F06DFC0346002B07D04FF0FF3224
:105440004FF00003C7E900230123FB75FB6803F558
:10545000825310331946D7E90023C1E90023FB7DAD
:1054600018461837BD4680BDB0B586B002AF78602B
:105470007868FFF74FFF0346FB73FB7B002B40F080
:10548000DE807B6803F580531B78032B40F0C980D6
:105490007B6803F580535B79012B40F0C28078680C
:1054A0007B6803F580535B891A460021FFF7D8FE1D
:1054B0007B68552283F8FE217B68AA2283F8FF21AE
:1054C0007B6852221A707B6852225A707B68612274
:1054D0009A707B684122DA707B68722283F8E4213B
:1054E0007B68722283F8E5217B68412283F8E621FC
:1054F0007B68612283F8E7217B6803F5815353E9D8
:105500000223D2B27B6883F8E8217B6803F58153DC
:1055100053E9022393B21B0A9BB2DAB27B6883F889
:10552000E9217B6803F5815353E902014FF0000242
:105530004FF00003020C42EA01420B0CD2B27B682E
:1055400083F8EA217B6803F5815353E902014FF0A8
:1055500000024FF00003020E42EA01220B0ED2B20B
:105560007B6883F8EB217B6803F580531033D3E924
:105570000023D2B27B6883F8EC217B6803F580536B
:105580001033D3E9002393B21B0A9BB2DAB27B68D3
:1055900083F8ED217B6803F580531033D3E90001D4
:1055A0004FF000024FF00003020C42EA01420B0CE4
:1055B000D2B27B6883F8EE217B6803F58053103309
:1055C000D3E900014FF000024FF00003020E42EA5F
:1055D00001220B0ED2B27B6883F8EF217B6803F5C2
:1055E00081531033D3E90023541C43F100057B6839
:1055F00003F582531033C3E900457B6803F58053FC
:10560000587879687B6803F582531033D3E9002317
:105610000124009411F09EFB7B6803F58053002267
:105620005A717B6803F580535B780022002118468D
:1056300011F0B2FB0346002B01D00123FB73FB7B6F
:1056400018461037BD46B0BD2DE9B00F89B000AF88
:10565000F861C7E90423D7E90423911E396043F1B7
:10566000FF337B60D7E90023C7E90423FB6903F517
:105670008153D3E90023B2F1020843F1FF39D7E99E
:105680000423424573EB090306D34FF000034FF0A8
:105690000004C7E902341EE0FB6903F580539B78E0
:1056A000DBB200229A4693463B690BFB03F27B690F
:1056B0000AFB03F313443A69A2FB0A452B441D4637
:1056C000FB6903F58253103353E90223A118B96033
:1056D00045EB0303FB60D7E9022310461946243744
:1056E000BD46BDE8B00F70472DE9B04FB4B000AF74
:1056F000C7F8B400C7E92A23D7E92A23022A73F19D
:1057000000030AD3D7F8B43003F58153D3E900017D
:10571000D7E92A2382428B4106D34FF001024FF092
:105720000003C7E93223C7E14FF0FF324FF0000317
:10573000C7E93223D7F8B43003F580531B78032B25
:1057400000F00A81032B00F3A981012B03D0022B67
:1057500000F0AB80A2E1D7F8A830C7F8C030D7F886
:10576000C0305A08D7F8C0301344C7F8C030D7F853
:10577000B43003F5825353E90201D7F8B43003F58E
:1057800080535B891A46D7F8C030B3FBF2F300228E
:10579000C7F8A030C7F8A420D7E928894346C31822
:1057A000C7F898304B4641EB0303C7F89C30D7E964
:1057B0002623D7F8B400FFF717FE0346002B40F06E
:1057C0007481D7F8C0305A1CC7F8C020D7F8B4206D
:1057D00002F580525289B3FBF2F101FB02F29B1AEF
:1057E000D7F8B420D35CC7F8BC30D7F8B43003F591
:1057F000825353E90223D7F8B41001F58051498947
:105800000846D7F8C010B1FBF0F10020C7F890109F
:10581000C7F89400D7E9248941465118C7F8881081
:10582000494643EB0101C7F88C10D7E92223D7F88A
:10583000B400FFF7D9FD0346002B40F03881D7F8BC
:10584000B43003F580535B891A46D7F8C030B3FBF8
:10585000F2F101FB02F29B1AD7F8B420D35C1B02D1
:105860001A46D7F8BC301343C7F8BC30D7E92A230F
:1058700002F00104002554EA050306D0D7F8BC3035
:105880001B0900229A4693460CE0D7F8BC30002250
:10589000C7F88030C7F88420D7F88030C3F30B0AEC
:1058A0004FF0000BC7E932AB06E1D7F8B43003F58F
:1058B000825353E90245D7F8B43003F580535B892E
:1058C0005B089BB29BB20022BB67FA67D7E91E2335
:1058D000D7E92A01FBF75EFC02460B4614EB0208EF
:1058E00045EB030942464B46D7F8B400FFF77CFD71
:1058F0000346002B40F0DD80D7E92A239118396157
:105900005B417B61D7E90401D7F8B43003F58053DC
:105910005B899BB200223B677A67D7E91C23FBF7C0
:1059200039FCD7F8B4108B18C7F8C430D7F8C43096
:1059300001331B781B021AB2D7F8C4301B781BB294
:1059400013431BB29BB29BB20022BB60FA60D7E943
:105950000234C7E93234AFE0D7F8B43003F58253EC
:1059600053E90245D7F8B43003F580535B899B08AF
:105970009BB29BB20022BB66FA66D7E91A23D7E92D
:105980002A01FBF707FC02460B46A118396645EBD6
:1059900003037B66D7E91823D7F8B400FFF724FD8B
:1059A0000346002B40F08780D7E92A234FF0000000
:1059B0004FF00001990041EA92719000D7F8B4309D
:1059C00003F580535B899BB20022BB65FA65D7E97A
:1059D0001623FBF7DFFBD7F8B4108B18C7F8C430D9
:1059E000D7F8C43003331B78DBB200223B657A65FD
:1059F000D7E914120B461B0AFB640B461B06BB645B
:105A0000D7F8C43002331B78DBB200223B647A64DF
:105A10004FF000024FF00003D7E9104529460B0470
:105A200020462946044643EA144301460A04D7E9BE
:105A3000120104461443BC631943F963D7F8C43018
:105A400001331B781B02DA173B637A63D7E90E3404
:105A50001846D7E90C120D462843B8622346134373
:105A6000FB62D7F8C4301B78DBB200223B627A625B
:105A7000D7E90A341846D7E908120D462843B86119
:105A800023461343FB61BB6923F070433B60002353
:105A90007B60D7E90034C7E932340DE04FF00102F2
:105AA0004FF00003C7E9322306E000BF04E000BF67
:105AB00002E000BF00E000BFD7E9322310461946DC
:105AC000D037BD46BDE8B08F2DE9B04FB0B000AFC4
:105AD000C7F8AC00C7E92823D7E92823022A73F1C5
:105AE00000030AD3D7F8AC3003F58153D3E90001A2
:105AF000D7E9282382428B4103D3022387F8BF30A2
:105B00003DE2D7F8AC3003F580531B78032B00F04F
:105B10004A81032B00F32882012B03D0022B00F0D3
:105B2000E88021E2D7F8A030C7F8B430D7F8B43015
:105B30005B08D7F8B4201344C7F8B430D7F8AC30BA
:105B400003F5825353E90201D7F8AC3003F58053D3
:105B50005B891A46D7F8B430B3FBF2F30022C7F8DA
:105B60009830C7F89C20D7E926AB5346C318C7F82E
:105B700090305B4641EB0303C7F89430D7E9242308
:105B8000D7F8AC00FFF730FC034687F8BF3097F832
:105B9000BF30002B40F0EC81D7F8B4305A1CC7F866
:105BA000B420D7F8AC2002F580525289B3FBF2F151
:105BB00001FB02F29B1AD7F8AC201344C7F8B830A7
:105BC000D7E9282302F001084FF0000958EA090339
:105BD0000ED0D7F8B8301B785BB203F00F035AB27F
:105BE00097F8E0301B015BB213435BB2DBB201E01C
:105BF00097F8E030D7F8B8201370D7F8AC3003F539
:105C0000805301221A71D7F8AC3003F5825353E95F
:105C10000223D7F8AC1001F5805149890846D7F81E
:105C2000B410B1FBF0F10020C7F88810C7F88C0061
:105C3000D7E9228941465118C7F88010494643EBFD
:105C40000101C7F88410D7E92023D7F8AC00FFF78B
:105C5000CBFB034687F8BF3097F8BF30002B40F0EE
:105C60008981D7F8AC3003F580535B891A46D7F8A1
:105C7000B430B3FBF2F101FB02F29B1AD7F8AC206F
:105C80001344C7F8B830D7E9282302F001040025EF
:105C900054EA05030BD0D7E938014FF000024FF06A
:105CA0000003020942EA01720B09D3B217E0D7F8E8
:105CB000B8301B785BB223F00F035CB2D7E9380130
:105CC0004FF000024FF00003020A42EA01620B0AA1
:105CD00053B203F00F035BB223435BB2DBB2D7F8DE
:105CE000B8201370D7F8AC3003F5805301221A7135
:105CF00045E1D7F8AC3003F5825353E90245D7F8B4
:105D0000AC3003F580535B895B089BB29BB20022E9
:105D1000BB67FA67D7E91E23D7E92801FBF73AFAF0
:105D200002460B4614EB020A45EB030B52465B4658
:105D3000D7F8AC00FFF758FB034687F8BF3097F859
:105D4000BF30002B40F01881D7E928239118B960A3
:105D50005B41FB60D7E90201D7F8AC3003F5805313
:105D60005B899BB200223B677A67D7E91C23FBF76C
:105D700011FAD7F8AC108B18C7F8B83097F8E020B4
:105D8000D7F8B8301A70B7F8E0301B0A9AB2D7F8D3
:105D9000B8300133D2B21A70D7F8AC3003F5805363
:105DA00001221A71EBE0D7F8AC3003F5825353E9C6
:105DB0000245D7F8AC3003F580535B899B089BB252
:105DC0009BB20022BB66FA66D7E91A23D7E92801FD
:105DD000FBF7E0F902460B46A118396645EB0303D1
:105DE0007B66D7E91823D7F8AC00FFF7FDFA034626
:105DF00087F8BF3097F8BF30002B40F0BF80D7E95D
:105E000028234FF000004FF00001990041EA927101
:105E10009000D7F8AC3003F580535B899BB2002229
:105E2000BB65FA65D7E91623FBF7B4F9D7F8AC10D0
:105E30008B18C7F8B830D7F8B83003331B78DBB20B
:105E400000223B657A65D7E914120B461B0AFB64F6
:105E50000B461B06BB64D7F8B83002331B78DBB2A5
:105E600000223B647A644FF000024FF00003D7E950
:105E7000104529460B0420462946044643EA1443AC
:105E800001460A04D7E9120104461443BC631943CE
:105E9000F963D7F8B83001331B781B02DA173B637C
:105EA0007A63D7E90E341846D7E90C120D46284319
:105EB000B86223461343FB62D7F8B8301B78DBB2D5
:105EC00000223B627A62D7E90A341846D7E9081201
:105ED0000D462843B86123461343FB61BB6903F0B9
:105EE00070433B6100237B61D7E93823D7E9040184
:105EF000044614433C6019437960D7E90034C7E98C
:105F0000383497F8E020D7F8B8301A70B7F8E03096
:105F10001B0A9AB2D7F8B8300133D2B21A70D7E957
:105F200038014FF000024FF00003020C42EA014238
:105F30000B0CD7F8B8100231D3B20B70D7E9380187
:105F40004FF000024FF00003020E42EA01220B0E56
:105F5000D7F8B8100331D3B20B70D7F8AC3003F5D3
:105F6000805301221A710AE0022387F8BF3006E04D
:105F700000BF04E000BF02E000BF00E000BF97F8F0
:105F8000BF301846C037BD46BDE8B08FB0B58AB047
:105F900002AFF860C7E90023D7E90023022A73F1B2
:105FA00000030AD3FB6803F58153D3E90023D7E943
:105FB0000001904271EB030302D30223FB7760E000
:105FC0000023FB774EE0D7E90023F868FFF78CFB4E
:105FD000C7E90401D7E9042313434FD0D7E90423C9
:105FE000511E0B4302D10223FB774AE0D7E9042379
:105FF000511C0B4302D10123FB7742E04FF000021A
:106000004FF00003CDE90023D7E90023F868FFF73C
:106010005BFD0346FB77FB7F002B31D1FB6803F56B
:10602000815353E90223511C0B4317D0FB6803F53E
:10603000815353E90223541C43F10005FB6803F527
:10604000815343E90245FB6803F580535B7943F0D4
:106050000103DAB2FB6803F580535A71D7E90423D0
:10606000C7E90023FB6803F58153D3E90023D7E98F
:106070000001904271EB0303A5D302E000BF00E0F2
:1060800000BFFB7F18462037BD46B0BD2DE9B043A9
:106090008EB002AFF860C7E90023D7E900231343AD
:1060A0001DD1FB6803F580531033D3E90023C7E902
:1060B0000823D7E9082313430AD0FB6803F581536B
:1060C000D3E90023D7E90801904271EB030332D3EF
:1060D0004FF001024FF00003C7E908232BE0D7E996
:1060E0000023F868FFF700FBC7E90401D7E90423A0
:1060F000022A73F1000304D24FF001024FF00003B3
:10610000C5E0D7E90423511C0B4302D1D7E904238E
:10611000BDE0FB6803F58153D3E90023D7E904010F
:10612000904271EB030302D2D7E90423AFE0D7E931
:106130000023C7E90823D7E90823C7E90A23D7E9D9
:106140000A2312F1010843F10009C7E90A89FB6833
:1061500003F58153D3E90023D7E90A01904271EB9B
:10616000030312D34FF002024FF00003C7E90A23E2
:10617000D7E90A23D7E90801904271EB030304D25F
:106180004FF000024FF0000381E0D7E90A23F868DE
:10619000FFF7AAFAC7E90401D7E90423134319D08A
:1061A000D7E90423511C0B4304D0D7E90423511E23
:1061B0000B4302D1D7E9042369E0D7E90A01D7E903
:1061C0000823994208BF9042B9D14FF000024FF026
:1061D00000035CE000BF6FF070424FF00003CDE9B8
:1061E0000023D7E90A23F868FFF76EFC0346FB7724
:1061F000FB7F002B0ED1D7E9002313430AD0D7E948
:106200000A23CDE90023D7E90023F868FFF75CFCF7
:106210000346FB77FB7F002B29D1FB6803F58053F6
:1062200010331946D7E90A23C1E90023FB6803F5B7
:10623000815353E90223511C0B4326D0FB6803F51D
:10624000815353E90223541E43F1FF35FB6803F5E4
:10625000815343E90245FB6803F580535B7943F0C2
:106260000103DAB2FB6803F580535A710DE0FB7F3E
:10627000012B04D14FF0FF324FF0000303E04FF049
:1062800001024FF00003C7E90A23D7E90A231046A9
:1062900019463037BD46BDE8B0832DE9B04F8CB00C
:1062A00000AF7861C7E902237B6903F58053DB6B9C
:1062B00008337B627B6903F580531B6803F58053C9
:1062C0005B899BB200223B607A60D7E90023D7E963
:1062D0000201FAF75FFF02460B46104619467B693A
:1062E00003F580531B6803F580539B78DBB20022D3
:1062F0009A46934652465B46FAF74CFF02460B46D7
:10630000C7E90A237B6A03F108027A62D3E9002312
:10631000C7E90623D7E90623134304D14FF000044D
:106320004FF000051EE0D7E90A01D7E906239042A5
:1063300071EB03030DD3D7E90A01D7E90623B0EBCC
:10634000020861EB0309C7E90A897B6A08337B62AB
:10635000D8E700BF7B6AD3E90001D7E90A23841894
:1063600041EB030522462B46104619463037BD4601
:10637000BDE8B08F2DE9B04388B000AF78603960D8
:106380003B689AB27B6803F58053DA807B6803F53B
:106390008053103353E90223C7E90623D7E90623C4
:1063A000511E0B430DD07B6803F580531B6803F52A
:1063B0008153D3E90023D7E90601904271EB03032F
:1063C00001D30223C8E0D7E90623134312D17B6827
:1063D00003F580531B6803F580531B78032B09D109
:1063E0007B6803F580531B6803F58253D3E90023D0
:1063F000C7E90623D7E90623134317D17B6803F5C2
:1064000080531B6803F580531B891A463B689342EF
:1064100001D30223A0E07B6803F580531B6803F5DA
:106420008253D3E90023C7E904234FE07B6803F5D7
:1064300080531B6803F580535B895B099BB21A4646
:106440007B6803F580531B6803F580539B7802FB40
:1064500003F3FB602BE07B6803F580531968D7E9F1
:1064600006230846FFF740F9C7E90601D7E90623E6
:10647000511C0B4301D101236EE0D7E90623022A08
:1064800073F100030DD37B6803F580531B6803F59C
:106490008153D3E90023D7E90601904271EB03034E
:1064A00001D3022358E03A68FB68D31A3B603A688C
:1064B000FB689A42CFD27B6803F580531968D7E90D
:1064C00006230846FFF7C0F8C7E904017B6803F517
:1064D000805310331946D7E90623C1E90023D7E9D1
:1064E0000423134301D1022336E07B6803F5805374
:1064F0001B6803F580535B895B099BB21A463B68B6
:10650000B3FBF2F300221C461546D7E9042314EB33
:10651000020845EB03097B6803F5815343E90289CF
:106520007B6803F580531B6818467B6803F580532E
:106530001B6803F580535B895B099BB21A463B6875
:10654000B3FBF2F101FB02F29B1A5B0103447A6890
:1065500002F580521362002318462037BD46BDE87D
:10656000B0832DE9F04F89B000AFF860B960FB68E7
:1065700003F58053DB8801333B613B699BB2002B01
:1065800006D0FB6803F5815353E90223134301D17D
:10659000042361E1FB6803F580531B6803F5805316
:1065A0005B895B099BB21A463B69B3FBF2F101FBC5
:1065B00002F29B1A002B40F02D81FB6803F58153FA
:1065C00053E90223511C396043F100037B60FB68EF
:1065D00003F58153D7E9001243E90212FB6803F582
:1065E00080531033D3E9002313430DD1FB6803F527
:1065F00080531B6803F580531B891A463B699342FD
:10660000C0F00881042327E1FB6803F580531B6871
:1066100003F580535B895B099BB21A463B69B3FB68
:10662000F2F3FA6802F58052126802F5805292780D
:10663000013A1340002B40F0ED80FB6803F58053D6
:106640001968FB6803F580531033D3E9002308462B
:10665000FFF74AF8C7E90601D7E90623022A73F1D2
:10666000000301D20223F7E0D7E90623511C0B43B4
:1066700001D10123F0E0FB6803F580531B6803F5AB
:106680008153D3E90023D7E90601904271EB03035C
:10669000C0F0A780BB68002B01D10423DCE0FB68BD
:1066A00003F580531968FB6803F580531033D3E971
:1066B00000230846FFF7EAFCC7E90601D7E90623ED
:1066C000134301D10723C7E0D7E90623511E0B432B
:1066D00001D10223C0E0D7E90623511C0B4301D1AD
:1066E0000123B9E0FB6803F580531B681846FEF7E9
:1066F00011FE0346002B01D00123ADE0FB6803F53A
:1067000080531B681846FB6803F580531B6803F52C
:1067100080535B891A460021FEF7A2FDFB6803F552
:1067200080531968FB6803F580531E68D7E9062378
:106730000846FEF789FF06F582531033C3E90001CE
:1067400000237B6128E0FB6803F580531B6803F599
:10675000805301221A71FB6803F580531B681846A9
:10676000FEF7D8FD0346002B01D0012374E0FB683F
:1067700003F58053196801F582531033D3E90023E0
:1067800012F1010A43F1000B01F582531033C3E902
:1067900000AB7B6901337B61FB6803F580531B68A9
:1067A00003F580539B781A467B699342CBD3FB68F1
:1067B00003F580531B6803F582531033D3E900239C
:1067C000796900200C460546F96801F58051096891
:1067D000B2EB040863EB050901F582531033C3E9FA
:1067E0000089FB6803F5805310331946D7E9062367
:1067F000C1E90023FB6803F580531968D7E9062334
:106800000846FEF721FF02460B46F96801F5815163
:1068100041E902233B699AB2FB6803F58053DA80B1
:10682000FB6803F580531B681846FB6803F580532B
:106830001B6803F580535B895B099BB21A463B6971
:10684000B3FBF2F101FB02F29B1A5B010344FA680D
:1068500002F580521362002318462437BD46BDE876
:10686000F08F80B584B000AF78603960002178681F
:10687000FFF780FD0346FB73FB7B002B35D1002324
:10688000BB607B6803F5805319687B6803F581530F
:1068900053E902230846FEF7A7FD0346FB73FB7B83
:1068A000002B21D17B6803F580531B6A1B78E52BF5
:1068B00006D07B6803F580531B6A1B78002B07D139
:1068C000BB680133BB60BA683B689A4202D10CE0F6
:1068D0000023BB6001217868FFF743FE0346FB738A
:1068E000FB7B002BCDD000E000BFFB7B042B01D154
:1068F0000723FB73FB7B18461037BD4680BD2DE98F
:10690000B00F85B000AF7860396039681B31097805
:10691000090208B239681A31097809B2014309B28B
:1069200089B289B200208A468346C7E902AB7968FA
:1069300001F580510978032919D139681531097891
:10694000090208B239681431097809B2014309B261
:1069500089B289B200200C460546230C2204D7E9EF
:10696000020140EA020841EA0309C7E90289D7E9BE
:106970000223104619461437BD46BDE8B00F7047D4
:1069800080B485B000AFF860C7E90023FB681A3314
:106990003A781A703B881B0A9AB2FB681B33D2B252
:1069A0001A70D7E900014FF000024FF00003020C0B
:1069B00042EA01420B0CF9681431D3B20B70D7E9EB
:1069C00000014FF000024FF00003020C42EA0142C6
:1069D0000B0C93B21B0A9AB2FB681533D2B21A7031
:1069E00000BF1437BD4680BC7047000080B586B03C
:1069F00000AF786039603B681B7823F040035A1E73
:106A000013465B0013449B0013447B6100233B61EE
:106A10000123FB812B4A3B6913441B7801333A68FD
:106A200013441B781B021AB226493B690B441B789E
:106A300019463B680B441B781BB213431BB2BB8146
:106A4000FB89002B19D0BB891846FEF7BDFB034616
:106A5000FB817B69FE2B0ED87B695A1C7A615B0037
:106A60007A6813441B881846FEF7AEFB03461A46A5
:106A7000FB89934208D000231FE0BB894FF6FF72C9
:106A8000934201D0002318E03B6901333B613B692D
:106A90000C2BBFD93B681B7803F04003002B0BD0B5
:106AA000FB89002B08D07B695B007A6813441B8844
:106AB000002B01D0002300E0012318461837BD4603
:106AC00080BD00BFC07F030880B487B000AF78608E
:106AD00039603B681B7803F03F035A1E13465B0086
:106AE00013449B0013447B6100233B610123FB8122
:106AF000264A3B6913441B7801333A6813441B78D8
:106B00001B021AB221493B690B441B7819463B68AA
:106B10000B441B781BB213431BB2BB81FB89002BB8
:106B20000FD07B69FE2B01D9002329E0BB89FB81B3
:106B30007B695A1C7A615B007A681344FA891A806F
:106B400006E0BB894FF6FF72934201D0002317E0A5
:106B50003B6901333B613B690C2BC9D93B681B780E
:106B600003F04003002B0AD07B69FE2B01D90023E0
:106B700006E07B695B007A68134400221A800123D7
:106B800018461C37BD4680BC704700BFC07F030855
:106B900080B489B000AFF860B96011461A460B4660
:106BA000FB711346BB71BB680D33BA791A70BB68B1
:106BB0000B330F221A70BB680C3300221A70BB68AB
:106BC0001A3300221A70BB681B3300221A70FB793B
:106BD0005A1E13465B0013449B001344FB610023C1
:106BE000FB820023BB61FB8A4FF6FF72934207D002
:106BF000FB695A1CFA615B00FA6813441B88FB822C
:106C00001C4ABB6913441B781A46BB681344FA8AB2
:106C1000D2B21A70FB8A1B0A99B2164ABB69134496
:106C20001B780133BA681344CAB21A70FB8A002B6E
:106C300002D14FF6FF73FB82BB690133BB61BB69B5
:106C40000C2BD0D9FB8A4FF6FF72934206D0FB691A
:106C50005B00FA6813441B88002B03D1FB7943F0D7
:106C60004003FB71BB68FA791A7000BF2437BD4638
:106C700080BC7047C07F03082DE9B04F94B000AFCF
:106C8000F862B9627A623B620B22B96AF86AFEF76F
:106C9000C9FA3B6A052B50D93B6A00223B617A61F5
:106CA000D7E90423C7E90E2341E07B6A9A1C7A6284
:106CB0001B88A7F842300023BB6435E0D7E90E23D8
:106CC0009118B9605B41FB60D7E90223B7F8421025
:106CD0000020B961F861B96901F001084FF00009BD
:106CE00012EB0801396043EB09037B60D7E900230D
:106CF000C7E90E23B7F842305B08A7F84230D7E95E
:106D00000E2302F4803A4FF0000B5AEA0B0308D02E
:106D1000D7E90E2382F4883484F021041D46C7E9A4
:106D20000E45BB6C0133BB64BB6C0F2BC6D97B6AB1
:106D30001B88002BB9D1BB6B3B620723BB643B6A4A
:106D4000DBB203F00F03DBB2303387F84F3097F834
:106D50004F30392B04D997F84F30073387F84F302D
:106D6000BB6C5A1EBA64303307F12002134497F803
:106D70004F2003F8202C3B6A1B093B623B6A002B27
:106D8000DDD107F13002BB6C13447E221A70002360
:106D90007B6416E0FA6A7B6C13441B78802B0DD958
:106DA000FA6A7B6C13441B78FF2B07D0BB6C013B4A
:106DB0007A6C9A4210D07B6C01337B647B6C01331C
:106DC0007B647A6CBB6C9A4207D2FA6A7B6C134480
:106DD0001B78202BDED100E000BFBB6C072B09D84D
:106DE000BB6C5A1CBA64303307F12002134413F809
:106DF000201C00E020217B6C5A1C7A64FA6A134440
:106E00000A461A707B6C072BE7D900BF00BF5037CA
:106E1000BD46BDE8B08F80B485B000AF7860002378
:106E2000FB730B23BB60FB7BDAB25208DB0113431D
:106E3000DAB27B68591C79601B781344FB73BB681A
:106E4000013BBB60BB68002BEDD1FB7B18461437C0
:106E5000BD4680BC704780B586B000AF7860002129
:106E60007868FFF787FA0346FB75FB7D002B01D09E
:106E7000FB7DB8E0FF233B753B7D7B757B6803F5AD
:106E800080534FF6FF729A857B6803F5805319682B
:106E90007B6803F5815353E902230846FEF7A4FA01
:106EA0000346FB75FB7D002B40F097807B6803F564
:106EB00080531B6A3B613B691B78BB75BB7D002B14
:106EC00002D10423FB758DE03B690B331B7803F083
:106ED0003F03FB73BB7DE52B07D0FB7B03F008036F
:106EE000002B0BD0FB7B0F2B08D0FF237B757B681F
:106EF00003F580534FF6FF729A8563E0FB7B0F2BFF
:106F000037D17B6803F580539B6A002B5AD0BB7D39
:106F100003F04003002B10D03B695B7B3B75BB7DCE
:106F200023F04003BB75BB7D7B757B6803F5805305
:106F3000DA887B6803F580539A85BA7D7B7D9A4217
:106F400014D13B690D331B783A7D9A420ED17B6890
:106F500003F580539B6A39691846FFF747FD0346DE
:106F6000002B03D07B7D013BDBB200E0FF237B7570
:106F700028E07B7D002B07D13869FFF74CFF0346E3
:106F80001A463B7D93422AD07B6803F580535B6AA7
:106F90000B331B7803F00103002B0BD17B6803F547
:106FA00080535B6A0B2219463869FEF773F9034672
:106FB000002B16D0FF237B757B6803F580534FF6BB
:106FC000FF729A8500217868FFF7CBFA0346FB75BC
:106FD000FB7D002B3FF458AF04E000BF02E000BF90
:106FE00000E000BFFB7D18461837BD4680BD80B568
:106FF00086B000AF78603960FF237B75FF233B7557
:107000000423FB758AE07B6803F5805319687B686D
:1070100003F5815353E902230846FEF7E5F90346D9
:10702000FB75FB7D002B40F082807B6803F580536D
:107030001B6A3B613B691B78BB75BB7D002B02D192
:107040000423FB7578E03B690B331B7803F03F03A7
:10705000FB73BB7DE52B0ED0BB7D2E2B0BD0FB7BBA
:1070600023F02003082B0CBF01230023DBB21A46B8
:107070003B68934202D0FF237B7546E0FB7B0F2BDE
:1070800031D1BB7D03F04003002B10D03B695B7B0B
:107090003B75BB7D23F04003BB75BB7D7B757B6877
:1070A00003F58053DA887B6803F580539A85BA7DAF
:1070B0007B7D9A4214D13B690D331B783A7D9A420D
:1070C0000ED17B6803F580539B6A39691846FFF738
:1070D000FBFC0346002B03D07B7D013BDBB200E0D1
:1070E000FF237B7511E07B7D002B07D13869FFF70B
:1070F00092FE03461A463B7D93421AD07B6803F505
:1071000080534FF6FF729A8513E000217868FFF7ED
:1071100028FA0346FB75FB7D002B0CD17B6803F539
:10712000815353E9022313437FF46DAF04E000BFA2
:1071300002E000BF00E000BFFB7D002B09D07B68B0
:1071400003F5815319464FF000024FF0000341E967
:107150000223FB7D18461837BD4680BD80B58CB034
:1071600000AF78607B6803F580535B6A3B627B68A5
:1071700003F580539B6AFB6107F10C030C22396A0B
:107180001846FEF74FF8FB7D03F00103002B3BD0C0
:107190003B6A0B3300221A707B6803F580531A4652
:1071A000002393620123BB6213E007F10C01BB6A69
:1071B000FA69386AFFF760FD7868FFF74CFE03460E
:1071C00087F82F3097F82F30002B06D1BB6A013398
:1071D000BB62BB6A632BE8D900E000BFBB6A642BCB
:1071E00001D10723D8E097F82F30042B02D097F86D
:1071F0002F30D1E03B6A0B33FA7D1A707B6803F5C0
:1072000080531A46FB699362FB7D03F00203002B57
:1072100014D00023BB6202E0BB6A0133BB62BB6ACD
:107220005B00FA6913441B88002BF5D1BB6A193344
:107230005B4AA2FB03239B087B6201E001237B6284
:10724000796A7868FFF70DFB034687F82F3097F8C7
:107250002F30002B5BD17B6A013B7B627B6A002B6A
:1072600055D07B6803F58053DB881A467B6AD31AB6
:1072700019467868FFF77EF8034687F82F3097F8AD
:107280002F30002B43D17B6803F580535B6A18468F
:10729000FFF7C1FD0346FB767B6803F58053196851
:1072A0007B6803F5815353E902230846FEF79CF8F7
:1072B000034687F82F3097F82F30002B26D17B68B4
:1072C00003F58053986A7B6803F58053196A7B6ADB
:1072D000DAB2FB7EFFF75CFC7B6803F580531B682A
:1072E00003F5805301221A7100217868FFF739F9FC
:1072F000034687F82F3097F82F30002B07D17B6A91
:10730000013B7B627B6A002BC6D100E000BF97F88F
:107310002F30002B3ED17B6803F5805319687B68C2
:1073200003F5815353E902230846FEF75DF803464F
:1073300087F82F3097F82F30002B2BD17B6803F57F
:1073400080531B6A202200211846FDF789FF7B68C5
:1073500003F58053186A7B6803F580535B6A0B2240
:107360001946FDF75FFF7B6803F580535B6A0B33BB
:107370001A787B6803F580531B6A0C3302F01802FD
:10738000D2B21A707B6803F580531B6803F58053F3
:1073900001221A7197F82F3018463037BD4680BD4C
:1073A0004FECC44E2DE9B04F92B000AFF862B96215
:1073B000BB6A0D333B64FB6A03F5815353E9022337
:1073C000134300F0AF80FB6A03F580531B6A7B63B5
:1073D00000237B643BE07A6C531C7B647B6B13441F
:1073E0001B7887F83F3097F83F30202B00D12EE0F4
:1073F00097F83F30052B02D1E52387F83F307B6CAF
:10740000092B04D13A6C531C3B642E23137097F85C
:107410003F30402B15D997F83F305A2B11D87B6B52
:107420000C331B781A467B6C082B01D9102300E023
:1074300008231340002B04D097F83F30203387F8FF
:107440003F303A6C531C3B6497F83F3013707B6CB1
:107450000A2BC0D97B6BDB7ABA6A13737B6B1F3341
:107460001B78DBB20022BB61FA61D7E90623114623
:107470004FEA112B13464FEA036A7B6B1E331B78CE
:10748000DBB200223B627A624FF000024FF0000351
:10749000796A0B04D7E90801844643EA1C43014694
:1074A0000A044AEA02084BEA03097B6B1D331B7886
:1074B0001B02DA173B617A61D7E90423114648EAD7
:1074C000010449EA03057B6B1C331B78DBB2002205
:1074D000BB60FA60D7E902231146214339602B4390
:1074E0007B60BB6AD7E90012C3E900127B6B1933DA
:1074F0001B781B021AB27B6B18331B781BB2134329
:107500001BB29AB2BB6A1A817B6B17331B781B02C2
:107510001AB27B6B16331B781BB213431BB29AB2A1
:10752000BB6A5A813B6C00221A70BB6ADB69002B74
:1075300055D000237B64BB6ADB693B64FB6A03F5BF
:10754000815353E90223134344D0BB6A1B6A002BC7
:1075500040D0FB6A03F580539B8D4FF6FF72934238
:1075600038D0FB6A03F580539B6ABB632AE07B8EAD
:1075700000211846FDF7CCFD03467B867B8E002B51
:1075800002D100237B6425E07B8EFF2B09D97B8E03
:107590001B0A99B27B6C5A1C7A643A6C1344CAB2C7
:1075A0001A70BB6A1B6A013B7A6C9A4202D30023B1
:1075B0007B640FE07B6C5A1C7A643A6C13447A8EBD
:1075C000D2B21A70BB6B9A1CBA631B887B867B8E07
:1075D000002BCCD13A6C7B6C134400221A7000BF94
:1075E0004837BD46BDE8B08F80B58AB000AF78603F
:1075F00039603B681B683B6102E03B6901333B61DA
:107600003B691B782F2BF8D03B691B785C2BF4D09F
:107610007B6803F580539B6AFB6000237B617B6979
:10762000BB61BB695A1CBA613A6913441B78BB84BD
:10763000BB8C1F2B59D9BB8C2F2B56D0BB8C5C2BF2
:1076400053D07B69FE2B01D90623CAE1BB8CDBB288
:10765000BB84BB8CDBB2802B25D9BB8CDBB2FF2B70
:1076600021D0BB695A1CBA613A6913441B7887F868
:107670002730BB8C1B029AB297F827309BB2134479
:10768000BB8497F827303F2B03D997F827307E2B00
:1076900009D997F92730002B03DA97F82730FF2B09
:1076A00001D106239DE1BB8C01211846FDF730FD79
:1076B0000346BB84BB8C002B01D1062391E1BB8C1C
:1076C0007F2B09D8BB8C19469C48FDF709FE034661
:1076D000002B01D0062384E17B695A1C7A615B0090
:1076E000FA681344BA8C1A809BE73A69BB691A445A
:1076F0003B681A60BB8C1F2B01D8042300E00023D9
:1077000087F8263011E07B6903F10043013B5B0001
:10771000FA6813441B88BB84BB8C202B02D0BB8C23
:107720002E2B06D17B69013B7B617B69002BEAD163
:1077300000E000BF7B69002B01D1062351E17B698A
:107740005B00FA68134400221A807B6803F58053BB
:107750005B6A0B2220211846FDF782FD0023BB61E6
:1077600002E0BB690133BB61BB695B00FA6813448B
:107770001B88202BF5D0BB695B00FA6813441B887B
:107780002E2BEED0BB69002B09D097F8263043F0A2
:10779000030387F8263002E07B69013B7B617B694C
:1077A000002B09D07B6903F10043013B5B00FA68C1
:1077B00013441B882E2BEFD100233B62002387F854
:1077C00027300823FB61BB695A1CBA615B00FA6869
:1077D00013441B88BB84BB8C002B00F0AD80BB8C9A
:1077E000202B06D0BB8C2E2B0AD1BA697B699A421A
:1077F00006D097F8263043F0030387F826309AE046
:107800003A6AFB699A4203D2BA697B699A4224D1E7
:10781000FB690B2B06D197F8263043F0030387F85A
:10782000263090E0BA697B699A4205D097F82630F5
:1078300043F0030387F82630BA697B699A4200F265
:1078400081807B69BB6108233B620B23FB6197F856
:1078500027309B0087F827306DE0BB8C7F2B10D939
:10786000BB8C1846FDF7B0FC034600211846FDF717
:107870004FFC0346BB8497F8263043F0020387F899
:107880002630BB8CFF2B1BD9FB69013B3A6A9A421D
:1078900008D397F8263043F0030387F82630FB69B6
:1078A0003B6248E0BB8C1B0A98B27B6803F58053AF
:1078B0005A6A3B6A591C39621344C2B21A702FE0EB
:1078C000BB8C002B07D0BB8C19461D48FDF708FD6B
:1078D0000346002B08D05F23BB8497F8263043F083
:1078E000030387F826301BE0BB8C402B09D9BB8CE7
:1078F0005A2B06D897F8273043F0020387F8273031
:107900000EE0BB8C602B0BD9BB8C7A2B08D897F878
:10791000273043F0010387F82730BB8C203BBB8422
:107920007B6803F580535A6A3B6A591C39621344D9
:10793000BA8CD2B21A7046E700BF04E0686103084F
:107940007461030800BF7B6803F580535B6A1B7892
:10795000E52B05D17B6803F580535B6A05221A701D
:10796000FB69082B04D197F827309B0087F8273054
:1079700097F8273003F00C030C2B05D097F827302D
:1079800003F00303032B05D197F8263043F00203DD
:1079900087F8263097F8263003F00203002B17D122
:1079A00097F8273003F00303012B05D197F8263011
:1079B00043F0100387F8263097F8273003F00C03C4
:1079C000042B05D197F8263043F0080387F82630BA
:1079D0007B6803F580535B6A0B3397F826201A7097
:1079E000002318462837BD4680BD00BF80B584B04F
:1079F00000AF786039603B681B782F2B03D03B6861
:107A00001B785C2B02D13B6801333B607B6803F53C
:107A10008053103319464FF000024FF0000341E944
:107A200002233B681B781F2B0CD800217868FEF7D7
:107A3000A1FC0346FB737B6803F580531A460023C1
:107A400013624AE03B4619467868FFF7CDFD0346CE
:107A5000FB73FB7B002B3BD17868FFF7FCF90346F7
:107A6000FB737B6803F580535B6ADB7ABB73FB7B3C
:107A7000002B0AD0FB7B042B2CD1BB7B03F004032F
:107A8000002B27D10523FB7324E0BB7B03F0040309
:107A9000002B21D17B6803F580531B6ABB60BB6858
:107AA0000B331B7803F01003002B02D10523FB736B
:107AB00013E07B6803F580531B68B9681846FEF72E
:107AC0001EFF7B6803F58053103343E90201B9E7D9
:107AD00000BF02E000BF00E000BFFB7B184610378C
:107AE000BD4680BD80B487B000AF78604FF0FF33F3
:107AF0003B617B681B68002B31D07B681B687B6116
:107B000002E07B6901337B617B691B781F2B03D902
:107B10007B691B783A2BF4D17B691B783A2B1CD1FB
:107B20007B681B68FB60FB685A1CFA601B78303B63
:107B3000BB60BB68092B0ED8FA687B699A420AD1F0
:107B4000BB68012B07D8BB683B617B6901337B6154
:107B50007B687A691A603B6902E000233B613B69FC
:107B600018461C37BD4680BC704700002DE9B04F59
:107B7000A2B000AFC7F88400C7E91E23D7F884304D
:107B800003F580531A4600231371D7F8843003F5A8
:107B90008253103319464FF0FF324FF00003C1E912
:107BA0000023D7E91E23D7F88400FDF71DFC034608
:107BB000002B01D00323D5E0D7F8843003F5FF7301
:107BC00001331B781B021AB2D7F8843093F8FE31C8
:107BD0001BB213431AB2664B9A4201D00223C1E092
:107BE000D7F88430363303331B78DBB200223B678F
:107BF0007A67D7E91C120B461D0A0B461C06D7F8FC
:107C00008430363302331B78DBB20022984691462B
:107C10004FF000024FF000034FEA094343EA1843D4
:107C20004FEA084244EA020A45EA030BD7F88430D7
:107C3000363301331B781B02DA17BB66FA66D7E9C5
:107C40001A341A464AEA02023A6623464BEA03030A
:107C50007B66D7F8843093F83630DBB20022BB6500
:107C6000FA65D7E918341846D7E916120D462843A5
:107C70003865234613437B653B6D23F07F43BB642C
:107C80000023FB643B4BD7E912120846034413431D
:107C900001D1002366E0D7F88430523303331B78D8
:107CA000DBB200223B647A64D7E910120B461B0A50
:107CB000FB630B461B06BB63D7F884305233023399
:107CC0001B78DBB200223B637A634FF000024FF077
:107CD0000003D7E90C4529460B04204629460446F3
:107CE00043EA144301460A04D7E90E01044614434B
:107CF000BC621943F962D7F88430523301331B78E0
:107D00001B02DA173B627A62D7E90A341846D7E9D0
:107D100008120D462843B86123461343FB61D7F888
:107D2000843093F85230DBB200223B617A61D7E9AC
:107D300006341846D7E904120D462843B860234696
:107D40001343FB60BB6823F07F433B6000237B60F1
:107D5000084BD7E9001208460344134301D100231E
:107D600000E0012318468837BD46BDE8B08F00BF4C
:107D700055AAFFFFBABEABFF2DE9B04FADF54A7D66
:107D800000AFC7F8B402C7F8B012134687F8AF3295
:107D9000D7F8B42200231360D7F8B002FFF7A2FE91
:107DA000C7F8F802D7F8F832002B02DA0B2300F0FC
:107DB00048BFBF4AD7F8F83252F82330C7F8F43238
:107DC000D7F8F432002B02D10C2300F03ABFD7F8D9
:107DD000B422D7F8F4321360D7F8F43203F58053A5
:107DE0001B78002B20D0D7F8F43203F580535B7852
:107DF00018460EF04DFF034687F8F33297F8F3323A
:107E000003F00103002B0FD197F8AF32002B08D0FD
:107E100097F8F33203F00403002B02D00A2300F09A
:107E200010BF002300F00DBFD7F8F43203F58053E4
:107E30001A4600231370D7F8F832D9B2D7F8F432C3
:107E400003F580531A460B465370D7F8F43203F506
:107E500080535B7818460EF035FF034687F8F332FF
:107E600097F8F33203F00103002B02D0032300F054
:107E7000E8BE97F8AF32002B08D097F8F33203F042
:107E80000403002B02D00A2300F0DBBED7F8F43243
:107E900003F580535878D7F8F43203F580530A334A
:107EA0001A4602210EF078FF0346002B0FD1D7F8B7
:107EB000F43203F580535B89B3F5007F07D3D7F81D
:107EC000F43203F580535B89B3F5805F02D9012357
:107ED00000F0B7BE4FF000024FF00003C7E9C62321
:107EE000D7E9C623D7F8F402FFF740FE034687F828
:107EF000273397F82733012B40F0B5800023C7F8CC
:107F0000FC3278E0D7F8F422D7F8FC321B0103F5F5
:107F1000DF731344C7F8EC32D7F8EC3204331B7824
:107F2000002B55D0D7F8EC320B331B78DBB2002294
:107F3000C7F88832C7F88C22D7E9A2120B461B0A71
:107F4000C7F884320B461B06C7F88032D7F8EC32EC
:107F50000A331B78DBB20022C7F89832C7F89C229C
:107F60004FF000024FF00003D7F89C120B04D7E942
:107F7000A601844643EA1C4301460A04D7E9A0014E
:107F800084464CEA020841EA0309D7F8EC32093387
:107F90001B781B02DA17C7F87832C7F87C22D7E9BA
:107FA0009E23114648EA010449EA0305D7F8EC325A
:107FB00008331B78DBB20022C7F87032C7F874228E
:107FC000D7E99C23114644EA010A45EA030B03E082
:107FD0004FF0000A4FF0000BD7F8FC32DB00803383
:107FE00007F52A721344703BC3E900ABD7F8FC32A3
:107FF0000133C7F8FC32D7F8FC32032B82D90023B7
:10800000C7F8FC32D7F8FC32002B04D0D7F8FC328A
:10801000013BC7F8FC32D7F8FC32DB00803307F5B0
:108020002A721344703BD3E90023C7E9C623D7E97A
:10803000C623134307D0D7E9C623D7F8F402FFF7C6
:1080400095FD034600E0022387F8273397F827338E
:10805000002B08D0D7F8FC320133C7F8FC32D7F830
:10806000FC32032BD7D997F82733032B02D10123F6
:1080700000F0E7BD97F82733002B02D00D2300F066
:10808000E0BDD7F8F4321B7B1B021AB2D7F8F432EA
:10809000DB7A1BB213431AB2D7F8F43203F58053DC
:1080A0005B891BB29A4205D00D2300F0CABD00BF08
:1080B000302E0020D7F8F432DB7D1B021AB2D7F83D
:1080C000F4329B7D1BB213431BB29BB29BB20022C6
:1080D0003B637A63D7E90C34C7E9C434D7E9C423D6
:1080E000134365D1D7F8F43293F82730DBB200227E
:1080F000C7F86832C7F86C22D7E99A120B461B0AF8
:10810000C7F864320B461B06C7F86032D7F8F43262
:1081100093F82630DBB20022C7F85832C7F85C2249
:108120004FF000024FF00003D7E9964529460B04B3
:1081300020462946044643EA144301460A04D7E987
:10814000980104461443C7F850421943C7F8541223
:10815000D7F8F43293F825301B02DA17C7F8483203
:10816000C7F84C22D7E994341846D7E992120D4645
:108170002843C7F8400223461343C7F84432D7F8D0
:10818000F43293F82430DBB20022C7F83832C7F853
:108190003C22D7E990341846D7E98E120D46284381
:1081A000B86223461343FB62D7E90A34C7E9C434F3
:1081B000D7F8F43203F5815310331946D7E9C423B5
:1081C00041E90223D7F8F432197CD7F8F43203F5E9
:1081D00080531A460B46D370D7F8F43203F5805318
:1081E000DB78012B09D0D7F8F43203F58053DB7824
:1081F000022B02D00D2300F024BDD7F8F43203F592
:108200008053DB78DBB20022C7F83032C7F8342263
:10821000D7F81433D7E98C45224602FB03F2D7F88E
:108220001033294601FB03F31A44D7F810332146D3
:10823000A3FB0131C7F8A412C7F8A032D7F8A432C3
:10824000D318C7F8A432D7E9A834C7E9C434C7E9BA
:10825000C434D7F8F432597BD7F8F43203F580539D
:108260001A460B469370D7F8F43203F580539B7887
:10827000002B0ED0D7F8F43203F580539B781A46C2
:10828000D7F8F43203F580539B78013B1340002B61
:1082900002D00D2300F0D5BCD7F8F4329B7C1B0232
:1082A0001AB2D7F8F4325B7C1BB213431BB299B2FB
:1082B000D7F8F43203F580531A460B461381D7F8EA
:1082C000F43203F580531989D7F8F43203F580535B
:1082D0005B895B099AB2B1FBF2F302FB03F3CB1AA1
:1082E0009BB2002B02D00D2300F0ABBCD7F8F432C8
:1082F0001B7D1B021AB2D7F8F432DB7C1BB213438E
:108300001BB29BB29BB200223B627A62D7E908346F
:10831000C7E9C234D7E9C223134365D1D7F8F43291
:1083200093F82330DBB20022C7F82832C7F82C229A
:10833000D7E98A120B461B0AC7F824320B461B06E4
:10834000C7F82032D7F8F43293F82230DBB200229B
:10835000C7F81832C7F81C224FF000024FF0000394
:10836000D7E9864529460B0420462946044643EAB8
:10837000144301460A04D7E9880104461443C7F8A8
:1083800010421943C7F81412D7F8F43293F8213089
:108390001B02DA17C7F80832C7F80C22D7E9843471
:1083A0001846D7E982120D462843C7F80002234633
:1083B0001343C7F80432D7F8F43293F82030DBB215
:1083C0000022C7F8F831C7F8FC21D7E980341846F5
:1083D000D7E97E120D462843B86123461343FB615B
:1083E000D7E90634C7E9C234D7F8F432DB7B1B0285
:1083F0001AB2D7F8F4329B7B1BB213431BB2A7F817
:10840000EA32B7F8EA32002B02D10D2300F019BC92
:10841000B7F8EA320022C7F8F031C7F8F421D7E9FB
:10842000C423D7E97C4521468918C7F8E8112946B5
:1084300043EB0101C7F8EC11D7F8F43203F5805390
:108440001A89D7F8F43203F580535B895B099BB234
:10845000B2FBF3F39BB29BB20022C7F8E031C7F83E
:10846000E421D7E97A452346D7E9780102469B18EB
:108470003B610B462A4642EB03037B61D7E9043498
:10848000C7E9B834D7E9C201D7E9B823904271EB04
:10849000030301D20D23D4E3D7E9C201D7E9B823FE
:1084A000841AC7F8D84161EB0303C7F8DC31D7F869
:1084B000F43203F580539B78DBB20022C7F8D03149
:1084C000C7F8D421D7E97423D7E97601F8F762FE1B
:1084D00002460B46C7E9B623D7E9B623134301D1B9
:1084E0000D23AEE3012387F82733D7E9B62340F6FF
:1084F000F6718A4273F1000302D3022387F827330F
:10850000D7E9B6234FF6F6718A4273F1000302D31E
:10851000032387F82733D7E9B623911CC7F8C8117E
:1085200043F10003C7F8CC31D7F8F43203F5815397
:10853000D7E97212C3E90012D7F8F43203F5815378
:1085400010331946D7E9C623C1E90023B7F8EA3248
:108550000022C7F8C031C7F8C421D7E9C623D7E93C
:10856000704521468918C7F8B811294643EB010127
:10857000C7F8BC11D7F8F43203F58253D7E96E126D
:1085800043E90212D7E9C601D7E9B8238418C7F82E
:10859000B04141EB0303C7F8B431D7F8F43203F527
:1085A00082531033D7E96C1243E9021297F827334C
:1085B000032B40F08680D7F8F43203F580531B89F3
:1085C000002B01D00D233CE3D7F8F43293F82F3081
:1085D000DBB20022C7F8A831C7F8AC21D7E96A128C
:1085E0000B461B0AC7F8A4310B461B06C7F8A0317F
:1085F000D7F8F43293F82E30DBB20022C7F8983166
:10860000C7F89C214FF000024FF00003D7E9664500
:1086100029460B0420462946044643EA14430146F2
:108620000A04D7E9680104461443C7F89041194386
:10863000C7F89411D7F8F43293F82D301B02DA17EB
:10864000C7F88831C7F88C21D7E964341846D7E9D0
:1086500062120D462843C7F8800123461343C7F82A
:108660008431D7F8F43293F82C30DBB20022C7F80B
:108670007831C7F87C21D7E960341846D7E95E1213
:108680000D462843C7F8700123461343C7F87431D9
:10869000D7F8F43203F58253D7E95C12C3E900122C
:1086A000D7F8F43203F58153D3E900234FF00000EB
:1086B0004FF00001990041EA92719000C7E9C001B2
:1086C0006FE0D7F8F43203F580531B89002B01D1FA
:1086D0000D23B6E2D7F8F43203F5825353E90201D1
:1086E000D7E9C4238418C7F8684141EB0303C7F8EE
:1086F0006C31D7F8F43203F58253D7E95A12C3E943
:10870000001297F82733022B0ED1D7F8F43203F575
:108710008153D3E900239118B9605B41FB60D7E92D
:108720000234C7E9A43438E0D7F8F43203F58153B2
:10873000D3E9000102460B4694183C605B417B6024
:10874000D7E900231418C7F860414B41C7F86431DA
:108750004FF000004FF00001D7E958452346580874
:108760002A4640EAC2702B465908D7F8F43203F57E
:108770008153D3E9002302F00103C7F858310023E5
:10878000C7F85C31D7E956452346C318C7F890327D
:108790002B4641EB0303C7F89432D7E9A434C7E969
:1087A000C034D7F8F43203F58153103353E902454E
:1087B000D7F8F43203F580535B89013BDA17C7F829
:1087C0005031C7F85421D7E9C023D7E9548941462D
:1087D0008918C7F84811494643EB0101C7F84C1105
:1087E000D7F8F43203F580535B899BB20022C7F8B7
:1087F0004031C7F84421D7E95023D7E95201F8F7AF
:10880000C9FC02460B46944275EB030301D20D23CB
:1088100017E2D7F8F43203F5815319464FF0FF32CF
:108820004FF0000341E90223D7F8F43203F58153F6
:1088300053E90201D7F8F43203F580531033C3E94A
:108840000001D7F8F43203F580531A4680235371A0
:1088500097F82733032B40F0DE81D7F8F43293F8F2
:1088600031301B021AB2D7F8F43293F830301BB211
:1088700013431BB2012B40F0CE81D7E9C623511C14
:10888000C7F8381143F10003C7F83C31D7E94E234C
:10889000D7F8F402FCF7A8FD0346002B40F0BB819B
:1088A000D7F8F43203F580531A4600235371D7F8F2
:1088B000F43293F8FF311B021AB2D7F8F43293F86E
:1088C000FE311BB213431AB26C4B9A4240F0A381A3
:1088D000D7F8F432DB78DBB20022C7F83031C7F8C2
:1088E0003421D7E94C120B461B0AC7F82C310B4632
:1088F0001B06C7F82831D7F8F4329B78DBB2002288
:10890000C7F82031C7F824214FF000024FF00003D0
:10891000D7E9484529460B0420462946044643EA40
:10892000144301460A04D7E94A0104461443C7F830
:1089300018411943C7F81C11D7F8F4325B781B02B1
:10894000DA17C7F81031C7F81421D7E946341846AA
:10895000D7E944120D462843C7F8080123461343BC
:10896000C7F80C31D7F8F4321B78DBB20022C7F815
:108970000031C7F80421D7E942341846D7E940123C
:108980000D462843C7F8F80023461343C7F8FC30C8
:108990003B4BD7E93E1208460344134340F03B816A
:1089A000D7F8F43293F8E731DBB20022C7F8F030A1
:1089B000C7F8F420D7E93C120B461B0AC7F8EC3085
:1089C0000B461B06C7F8E830D7F8F43293F8E631C7
:1089D000DBB20022C7F8E030C7F8E4204FF0000215
:1089E0004FF00003D7E9384529460B0420462946B5
:1089F000044643EA144301460A04D7E93A0104460F
:108A00001443C7F8D8401943C7F8DC10D7F8F4323C
:108A100093F8E5311B02DA17C7F8D030C7F8D42035
:108A2000D7E936341846D7E934120D462843C7F83B
:108A3000C80023461343C7F8CC30D7F8F43293F874
:108A4000E431DBB20022C7F8C030C7F8C420D7E950
:108A500032341846D7E930120D462843C7F8B8001B
:108A600023461343C7F8BC30064BD7E92E120846FD
:108A70000344134340F0CF8006E000BF55AAFFFF38
:108A8000AEAD9EBE8E8DBE9ED7F8F43293F8EB311C
:108A9000DBB20022C7F8B030C7F8B420D7E92C12F7
:108AA0000B461B0AC7F8AC300B461B06C7F8A830AC
:108AB000D7F8F43293F8EA31DBB20022C7F8A030DD
:108AC000C7F8A4204FF000024FF00003D7E9284573
:108AD00029460B0420462946044643EA144301462E
:108AE0000A04D7E92A0104461443C7F898401943F9
:108AF000C7F89C10D7F8F43293F8E9311B02DA1763
:108B0000C7F89030C7F89420D7E926341846D7E93B
:108B100024120D462843C7F8880023461343C7F89C
:108B20008C30D7F8F43293F8E831DBB20022C7F882
:108B30008030C7F88420D7E922341846D7E92012BC
:108B40000D462843B86723461343FB67D7F8F43232
:108B500003F58153D7E91E1243E90212D7F8F43224
:108B600093F8EF31DBB200223B677A67D7E91C123A
:108B70000B461B0AFB660B461B06BB66D7F8F43296
:108B800093F8EE31DBB200223B667A664FF00002CA
:108B90004FF00003D7E9184529460B042046294623
:108BA000044643EA144301460A04D7E91A0104467D
:108BB0001443BC651943F965D7F8F43293F8ED31E5
:108BC0001B02DA173B657A65D7E916341846D7E9F0
:108BD00014120D462843B86423461343FB64D7F8A8
:108BE000F43293F8EC31DBB200223B647A64D7E9CB
:108BF00012341846D7E910120D462843B8632346AD
:108C00001343FB63D7F8F43203F580531033D7E9ED
:108C10000E12C3E90012D7F8F43203F580531A4656
:108C200097F8273313700A4B1B8801339AB2084B0D
:108C30001A80074B1A88D7F8F43203F58053DA808C
:108C40000023184607F54A77BD46BDE8B08F00BF40
:108C5000382E002080B584B000AF78607B68FB6060
:108C6000FB68002B2AD0FB6803F580531B68002BA0
:108C700024D0FB6803F580531B6803F580531B78F1
:108C8000002B1BD0FB6803F580531B6803F5805352
:108C9000DA88FB6803F580539B889A420ED1FB6803
:108CA00003F580531B6803F580535B7818460DF07D
:108CB000EFFF034603F00103002B01D0092300E07E
:108CC000002318461037BD4680BD000080B588B02F
:108CD00000AFF860B9601346FB71BB683B6107F1F8
:108CE00010031846FEF7FEFEF861FB69002B01DA5F
:108CF0000B232CE0184AFB6952F82330BB61BB6997
:108D0000002B04D0BB6903F5805300221A70FB6866
:108D1000002B04D0FB6803F5805300221A70FA6818
:108D20000D49FB6941F82320FB68002B02D0FB7939
:108D3000012B01D000230AE007F1080107F10C0321
:108D400000221846FFF718F80346FB75FB7D18460E
:108D50002037BD4680BD00BF302E00202DE9B04F2A
:108D6000ADF5845D86B000AF07F1980343F85C0C65
:108D700007F1980343F8601C114607F198031A465F
:108D80000B4602F8613C07F1980353F85C3C002B5A
:108D900001D1092314E307F1980353F85C3C03F570
:108DA00080531A460023136007F198031A4607F10F
:108DB000980313F8613C03F01F0302F8613C07F1CC
:108DC000980313F8613C23F00103DAB207F138018C
:108DD00007F15803083B03F580531846FEF7CCFF14
:108DE000034607F5845202F11702137007F5845306
:108DF00003F117031B78002B40F0DD8207F1980385
:108E00001A4607F15803143BC2F8DC3F07F19803F8
:108E10001A46CA4BC2F8E03F07F1980353F8602C9A
:108E200007F15803083B11461846FEF7DFFD0346DD
:108E300007F5845202F11702137007F19803D3F873
:108E4000D83F07F5845202F11002136007F58453EE
:108E500003F117031B78002B0CD107F5845303F1A2
:108E600010031B68002B05D1062307F5845202F17D
:108E70001702137007F1980313F8613C03F01C0309
:108E8000002B00F05D8107F5845303F117031B7875
:108E9000002B27D007F5845303F117031B78042B0D
:108EA0000BD107F15803083B1846FEF757F9034664
:108EB00007F5845202F11702137007F198031A465E
:108EC00007F1980313F8613C43F0080302F8613C92
:108ED00007F19803D3F8D83F07F5845202F1100246
:108EE00013601FE007F5845303F110031B680B3375
:108EF0001B7803F01103002B06D0072307F58452DB
:108F000002F1170213700DE007F1980313F8613CAA
:108F100003F00403002B05D0082307F5845202F167
:108F20001702137007F5845303F117031B78002B06
:108F300040F0388107F1980313F8613C03F008030F
:108F4000002B00F02F810DF045FF07F5845303F14E
:108F50000803C3E9000107F5845303F110031B68FC
:108F600003F10E0207F5845303F108031B78137015
:108F700007F5845303F108031B881B0A99B207F510
:108F8000845303F110031B6803F10F02CBB213707B
:108F900007F5845303F10803D3E900234FF00000E1
:108FA0004FF00001100C40EA0340190C07F5845300
:108FB00003F110031B6803F11002C3B2137007F52D
:108FC000845303F10803D3E900234FF000004FF06E
:108FD0000001100E40EA0320190E07F5845303F137
:108FE00010031B6803F11102C3B2137007F5845319
:108FF00003F110031B6803F10B020023137007F544
:10900000845303F110031B6803F11C020023137047
:1090100007F5845303F110031B6803F11D020023BD
:10902000137007F5845303F110031B6803F11E024C
:109030000023137007F5845303F110031B6803F139
:109040001F020023137007F19803D3F8B83F07F508
:10905000845202F1100211681846FDF750FC07F522
:109060008453C3E900014FF000024FF0000307F5FD
:10907000845101F110010868FDF782FC07F19803A3
:10908000D3F8B83F03F580531A460123137107F54F
:109090008453D3E90023134300F0848007F198033D
:1090A000D3F8B83F03F582531033D3E9002307F513
:1090B000845101F10801C1E9002307F19803D3F8B5
:1090C000B81F07F58453D3E900230846FCF75EFF79
:1090D000034607F5845202F11702137007F5845313
:1090E00003F117031B78002B5CD107F19803D3F829
:1090F000B81F07F58453D3E90023501E386243F1AB
:10910000FF337B6201F580531033D7E90812C3E9BE
:10911000001207F19803D3F8B81F07F5845303F141
:109120000803D3E900230846FCF75EF9034607F578
:10913000845202F11702137034E000BF3C2E00206D
:1091400007F5845303F117031B78002B2AD107F589
:10915000845303F110031B680B331B7803F01003D7
:10916000002B06D0042307F5845202F11702137076
:1091700018E007F1980313F8613C03F00203002B99
:1091800010D007F5845303F110031B680B331B78D1
:1091900003F00103002B05D0072307F5845202F1E9
:1091A0001702137007F5845303F117031B78002B84
:1091B00031D107F1980313F8613C03F00803002B49
:1091C0000AD007F198031A4607F1980313F8613C97
:1091D00043F0200302F8613C07F19803D3F8B83F4D
:1091E00003F582531033D3E9000107F1980353F8D4
:1091F0005C3C03F581531033C3E9000107F1980388
:1092000053F85C3C03F580531A4607F5845303F189
:1092100010031B68936307F5845303F117031B784E
:10922000002B40F0C88007F1980353F85C3C03F52D
:1092300080531A4607F1980313F8613C937107F1C4
:10924000980353F85C3C03F580531A460023D3710E
:1092500007F19803D3F8B83F07F5845202F11002E2
:1092600011681846FDF74BFB07F1980353F85C3C77
:1092700003F5815343E9020107F5845303F1100319
:109280001B681F331B78DBB20022BB61FA61D7E990
:10929000062311464FEA112B13464FEA036A07F5DE
:1092A000845303F110031B681E331B78DBB20022CA
:1092B000BB62FA624FF000024FF00003F96A0B0440
:1092C000D7E90A01844643EA1C4301460A044AEAF4
:1092D00002084BEA030907F5845303F110031B68E6
:1092E0001D331B781B02DA173B617A61D7E904232F
:1092F000114648EA010449EA030507F5845303F1DE
:1093000010031B681C331B78DBB20022BB60FA60C1
:10931000D7E902231146214339602B437B6007F1D3
:10932000980353F85C3C03F580531033D7E90012DF
:10933000C3E9001207F1980353F85C3C03F580532E
:10934000103319464FF000024FF0000341E90223A9
:1093500007F1980353F85C3C03F581531033194629
:109360004FF000024FF0000341E9022307F1980398
:1093700053F85C3C03F580531A460023D36307F18E
:109380009803D3F8B83F07F1980252F85C2C02F525
:109390008052136007F1980353F85C3C03F5805347
:1093A0001B6803F58053DA8807F1980353F85C3C97
:1093B00003F580539A8007F5845303F117031B7854
:1093C000184607F584571837BD46BDE8B08F00BF73
:1093D0002DE9B04FA4B002AF78653965FA64BB647B
:1093E0003B6D7B67BA6C00231360786DFFF732FC2E
:1093F000034687F8733097F87330002B02D097F844
:10940000733051E27B6D03F58053DB79002B04D080
:109410007B6D03F58053DB7946E27B6D03F580536A
:109420009B7903F00103002B01D107233CE27B6D04
:1094300003F580531033D3E900017B6D03F58053AE
:10944000103353E90223841A61EB0305C7E91A4577
:10945000FB6C002298469146D7E91A23424573EBEC
:10946000090380F01C82BB6EFB6418E27B6D03F580
:109470008053103353E902017B6D03F580531B6861
:1094800003F580535B899BB200223B647A64D7E981
:109490001023F7F77FFE134340F099817B6D03F5AE
:1094A0008053103353E902017B6D03F580531B6831
:1094B00003F580535B899BB20022BB63FA63D7E953
:1094C0000E23F7F767FE02460B46D2B27B6D03F51B
:1094D00080531B6803F580539B78013BDBB213403C
:1094E00087F8673097F86730002B50D17B6D03F514
:1094F0008053103353E90223134307D17B6D03F5E7
:10950000815353E90223C7E920231FE07B6D03F554
:109510008053DB6B002B0BD07B6D03F58053103336
:1095200053E90223786DFCF7B8FEC7E920010DE08E
:109530007B6D03F5805319687B6D03F58153D3E987
:1095400000230846FCF7D0F8C7E92001D7E920231B
:10955000022A73F1000306D27B6D03F580530222C9
:10956000DA710223A0E1D7E92023511C0B4306D175
:109570007B6D03F580530122DA71012394E17B6D49
:1095800003F581531946D7E92023C1E900237B6DF8
:1095900003F5805319687B6D03F58153D3E90023EC
:1095A0000846FCF751F8C7E91601D7E9162313431B
:1095B00006D17B6D03F580530222DA71022373E139
:1095C00097F8673000223B637A63D7E91623D7E91F
:1095D0000C4521465118396029464B417B60D7E93B
:1095E0000034C7E916347B6D03F580531B6803F51F
:1095F00080535B891A46FB6CB3FBF2F3BB67BB6F0E
:10960000002B00F0828097F86720BB6F1A447B6DB7
:1096100003F580531B6803F580539B789A420BD95E
:109620007B6D03F580531B6803F580539B781A46C6
:1096300097F86730D31ABB677B6D03F580531B68BF
:1096400003F580535878BB6F0093D7E91623796FE1
:109650000DF05EFB0346002B06D07B6D03F58053B7
:109660000122DA7101231FE17B6D03F580539B79A1
:1096700003F04003002B3BD07B6D03F58153103387
:1096800053E90201D7E91623B0EB020A61EB030BA1
:10969000BB6F0022BB62FA62D7E90A341A469245D0
:1096A00023467BEB030323D27B6D03F581531033F9
:1096B00053E90201D7E91623841A3C6261EB0303E4
:1096C0007B623A6A7B6D03F580531B6803F5805318
:1096D0005B8903FB02F27B6F9818796D7B6D03F554
:1096E00080531B6803F580535B891A46FBF79AFD8C
:1096F0007B6D03F580531B6803F580535B891A4625
:10970000BB6F02FB03F3FB67A1E07B6D03F58153A5
:10971000103353E90201D7E916238B4208BF824276
:109720004CD07B6D03F580539B7903F04003002BF5
:109730002CD07B6D03F580531B6803F580535D7857
:109740007C6D7B6D03F58153103353E902010123D6
:10975000009302460B46214628460DF0FBFA0346CD
:10976000002B06D07B6D03F580530122DA710123B3
:109770009AE07B6D03F580539B7923F04003D9B2C7
:109780007B6D03F580531A460B4693717B6D03F591
:1097900080531B6803F580535878796D012300933B
:1097A000D7E916230DF0B4FA0346002B06D07B6DE3
:1097B00003F580530122DA71012375E07B6D03F517
:1097C000815310331946D7E9162341E902237B6DF3
:1097D00003F580531B6803F580535B8918467B6D46
:1097E00003F58053103353E9022311467B6D03F5D3
:1097F00080531B6803F580535B891A46B1FBF2F373
:1098000002FB03F3CB1AC31AFB67FA6FFB6C9A4295
:1098100001D9FB6CFB677B6D03F58053103353E973
:1098200002017B6D03F580531B6803F580535B8950
:109830009BB20022BB61FA61D7E90623F7F7AAFCC5
:10984000796D8B18FA6F1946786FFBF7EBFC7A6F1E
:10985000FB6F13447B677B6D03F58053103353E933
:109860000223F96F002039617861D7E90445214668
:109870005118B96029464B41FB607B6D03F580535D
:109880001033D7E9021243E90212BB6C1A68FB6F6E
:109890001A44BB6C1A60FA6CFB6FD31AFB64FB6C46
:1098A000002B7FF4E3AD002318468837BD46BDE8A2
:1098B000B08F2DE9B04FA0B002AF78653965FA647A
:1098C000BB643B6D7B66BA6C00231360786DFFF759
:1098D000C1F9034687F8633097F86330002B02D054
:1098E00097F86330BEE27B6D03F58053DB79002B84
:1098F00004D07B6D03F58053DB79B3E27B6D03F518
:1099000080539B7903F00203002B01D10723A9E2C6
:109910007B6D03F58053103353E90223F96C00206B
:109920008846814612EB080443EB09057B6D03F57D
:109930008053103353E90223944275EB030380F004
:1099400063820023FB645FE27B6D03F58053103379
:1099500053E902017B6D03F580531B6803F58053C7
:109960005B899BB200223B647A64D7E91023F7F746
:1099700011FC134340F0D3817B6D03F5805310330A
:1099800053E902017B6D03F580531B6803F5805397
:109990005B899BB20022BB63FA63D7E90E23F7F71A
:1099A000F9FB02460B46D2B27B6D03F580531B6870
:1099B00003F580539B78013BDBB2134087F862309C
:1099C00097F86230002B74D17B6D03F58053103310
:1099D00053E90223134318D17B6D03F5815353E9F7
:1099E0000223C7E91C23D7E91C2313432DD17B6D28
:1099F00003F5805319684FF000024FF0000308464A
:109A0000FCF744FBC7E91C011FE07B6D03F58053A5
:109A1000DB6B002B0BD07B6D03F58053103353E9C8
:109A20000223786DFCF739FCC7E91C010DE07B6D62
:109A300003F5805319687B6D03F58153D3E9002347
:109A40000846FCF723FBC7E91C01D7E91C23134395
:109A500000F0DF81D7E91C23511E0B4306D17B6D3B
:109A600003F580530222DA710223FBE1D7E91C23BC
:109A7000511C0B4306D17B6D03F580530122DA7133
:109A80000123EFE17B6D03F581531946D7E91C23D0
:109A9000C1E900237B6D03F5815353E9022313438E
:109AA00007D17B6D03F581531946D7E91C2341E9A2
:109AB00002237B6D03F580539B7903F04003002B59
:109AC0002CD07B6D03F580531B6803F580535D78C4
:109AD0007C6D7B6D03F58153103353E90201012343
:109AE000009302460B46214628460DF033F9034603
:109AF000002B06D07B6D03F580530122DA71012320
:109B0000B0E17B6D03F580539B7923F04003D9B21C
:109B10007B6D03F580531A460B4693717B6D03F5FD
:109B2000805319687B6D03F58153D3E90023084600
:109B3000FBF78AFDC7E91601D7E91623134306D1BF
:109B40007B6D03F580530222DA7102238AE197F8D4
:109B5000623000223B637A63D7E91623D7E90C45CC
:109B600021465118396029464B417B60D7E90034C2
:109B7000C7E916347B6D03F580531B6803F58053EA
:109B80005B891A46FB6CB3FBF2F3BB66BB6E002B22
:109B900000F0888097F86220BB6E1A447B6D03F555
:109BA00080531B6803F580539B789A420BD97B6DD9
:109BB00003F580531B6803F580539B781A4697F88A
:109BC0006230D31ABB667B6D03F580531B6803F5C7
:109BD00080535878BB6E0093D7E91623796E0DF049
:109BE000B9F80346002B06D07B6D03F580530122A4
:109BF000DA71012336E17B6D03F58153103353E9AC
:109C00000201D7E91623B0EB020A61EB030BBB6E2E
:109C10000022BB62FA62D7E90A341A46924523460B
:109C20007BEB030331D27C6D7B6D03F581531033E5
:109C300053E90201D7E91623851A3D6261EB03035C
:109C40007B623A6A7B6D03F580531B6803F5805392
:109C50005B8903FB02F27B6E99187B6D03F58053E1
:109C60001B6803F580535B891A462046FBF7DAFA36
:109C70007B6D03F580539B7923F04003D9B27B6D54
:109C800003F580531A460B4693717B6D03F58053A1
:109C90001B6803F580535B891A46BB6E02FB03F316
:109CA000FB6689E07B6D03F58153103353E90201B4
:109CB000D7E916238B4208BF824227D07B6D03F57C
:109CC0008053103353E902017B6D03F58053103349
:109CD000D3E90023904271EB030317D27B6D03F5A8
:109CE00080531B6803F580535878796D01230093E6
:109CF000D7E916230DF00CF80346002B06D07B6D38
:109D000003F580530122DA710123ABE07B6D03F58B
:109D1000815310331946D7E9162341E902237B6D9D
:109D200003F580531B6803F580535B8918467B6DF0
:109D300003F58053103353E9022311467B6D03F57D
:109D400080531B6803F580535B891A46B1FBF2F31D
:109D500002FB03F3CB1AC31AFB66FA6EFB6C9A4242
:109D600001D9FB6CFB667B6D03F58053103353E91F
:109D700002017B6D03F580531B6803F580535B89FB
:109D80009BB20022BB61FA61D7E90623F7F702FA1A
:109D9000796D8B18FA6E796E1846FBF743FA7B6D76
:109DA00003F580539B7943F04003D9B27B6D03F5F3
:109DB00080531A460B4693717A6EFB6E13447B6692
:109DC0007B6D03F58053103353E90223F96E0020B5
:109DD00039617861D7E9044521465118B9602946AF
:109DE0004B41FB607B6D03F580531033D7E90212C2
:109DF00043E90212BB6C1A68FB6E1A44BB6C1A6012
:109E0000FA6CFB6ED31AFB64FB6C002B7FF49CADE9
:109E100000E000BF7B6D03F58053103353E902234C
:109E2000796D01F580511031D1E90001904271EB5B
:109E300003030BD27B6D03F58053103353E902010A
:109E40007B6D03F580531033C3E900017B6D03F58F
:109E500080539B7943F02003DAB27B6D03F5805386
:109E60009A71002318467837BD46BDE8B08F90B58B
:109E700089B002AF78607868FEF7ECFE0346FB75A8
:109E8000FB7D002B40F0E6807B6803F580539B79D7
:109E900003F02003002B00F0DD807B6803F5805386
:109EA0009B7903F04003002B21D07B6803F580539E
:109EB0001B6803F58053587879687B6803F58153F4
:109EC000103353E90223012400940CF043FF0346AE
:109ED000002B01D00123BEE07B6803F580539B7902
:109EE00023F04003DAB27B6803F580539A717B68F4
:109EF00003F5805319687B6803F581531033D3E968
:109F000000230846FBF770FA0346FB75FB7D002B28
:109F100040F0A0807B6803F580539B6B3B613B69FD
:109F20000B331A783B690B3342F02002D2B21A701D
:109F30007B6803F580531033D3E9002339691C3162
:109F4000D3B20B707B6803F580531033D3E9002341
:109F500093B21B0A9AB23B691D33D2B21A707B6866
:109F600003F580531033D3E900014FF000024FF0A6
:109F70000003020C42EA01420B0C39691E31D3B2D4
:109F80000B707B6803F580531033D3E900014FF069
:109F900000024FF00003020E42EA01220B0E396963
:109FA0001F31D3B20B707B6803F5815353E9022351
:109FB0003869FCF7E5FC0CF00DFFC7E902013B69CD
:109FC00016333A7A1A703B891B0A9AB23B691733E7
:109FD000D2B21A70D7E902014FF000024FF000032D
:109FE000020C42EA01420B0C39691831D3B20B70F2
:109FF000D7E902014FF000024FF00003020E42EADF
:10A0000001220B0E39691931D3B20B703B6912333F
:10A0100000221A703B69133300221A707B6803F523
:10A0200080539B7923F02003DAB27B6803F58053D9
:10A030009A717B6803F580531B6803F580530122F6
:10A040001A717B6803F580531B681846FBF70CFAFE
:10A050000346FB75FB7D18461C37BD4690BD80B599
:10A0600084B000AF78607868FFF701FF0346FB73A8
:10A07000FB7B002B0DD17868FEF7ECFD0346FB73EC
:10A08000FB7B002B05D17B6803F580531A46002328
:10A090001360FB7B18461037BD4680BD80B588B085
:10A0A00000AF786039607B68002B01D1092369E03B
:10A0B000394607F1180300221846FDF75DFE0346F6
:10A0C000FB77FB7F002B53D1BB697A6802F5805286
:10A0D00013607B6803F580531A4607F10C03536243
:10A0E0007B6803F580531A46284B93623B681946F8
:10A0F0007868FDF77BFC0346FB77FB7F002B32D1B2
:10A100007B6803F580531B6A002B1BD07B6803F52B
:10A1100080531B6A0B331B7803F01003002B0FD006
:10A12000BA697B6803F580531B6A19461046FCF731
:10A13000E6FB7B6803F58053103343E9020101E03D
:10A140000523FB77FB7F002B0DD1BB6903F5805303
:10A15000DA887B6803F580539A8000217868FCF7E1
:10A1600009F90346FB77FB7F042B01D10523FB771D
:10A17000FB7F002B05D07B6803F580531A46002334
:10A180001360FB7F18462037BD4680BD3C2E002063
:10A1900080B586B000AF786039607868FEF75AFD08
:10A1A0000346FB75FB7D002B47D13B68002B06D196
:10A1B00000217868FCF7DEF80346FB753DE07B681C
:10A1C00003F580531A4607F1080353627B6803F5D1
:10A1D00080531A461B4B936200217868FCF707FFF7
:10A1E0000346FB75FB7D042B0BD17B6803F5815384
:10A1F00019464FF000024FF0000341E9022300230B
:10A20000FB75FB7D002B18D139687868FDF7CAF81B
:10A2100000217868FCF7A5F90346FB75FB7D042B4C
:10A220000BD17B6803F5815319464FF000024FF0C4
:10A23000000341E902230023FB75FB7D1846183714
:10A24000BD4680BD3C2E00202DE9B04FACB000AF24
:10A2500078673967FA6607F1740300221946F86EC9
:10A26000FDF78AFD034687F8AF30FB6E1B68C7F821
:10A27000843097F8AF30002B40F07481D7F88430E9
:10A2800003F5815353E90201D7F8843003F5815374
:10A29000D3E90023941E43F1FF35844275EB01039B
:10A2A00009D3D7F8843003F5815353E90223396F7A
:10A2B000C1E9002356E1D7F8843003F580531B78B9
:10A2C00087F883304FF000024FF00003C7E92823DE
:10A2D00097F88330012B40D14FF002024FF000037A
:10A2E000C7E92623D7E92623D7F88400FBF7FCF932
:10A2F000C7E91E01D7E91E23511C0B4303D10123DB
:10A3000087F8AF3013E1D7E91E23511E0B4303D169
:10A31000022387F8AF300AE1D7E91E23134307D1A0
:10A32000D7E9282312F1010A43F1000BC7E928AB52
:10A33000D7E9262312F1010843F10009C7E926896C
:10A34000D7F8843003F58153D3E90023D7E92601F8
:10A35000904271EB0303C5D3E9E0D7F8843003F5ED
:10A360008153D3E90023C7E92623D7F8843003F5C6
:10A37000825353E90223C7E924230023C7F88C3012
:10A380000023C7F88830D7F88C30002B21D1D7E9CB
:10A390002423511CB96143F10001F961D7E9060199
:10A3A000C7E92401D7F88400FBF71EF8034687F8B5
:10A3B000AF3097F8AF30002B40F0B880D7F884303A
:10A3C000C7F88830D7F8843003F580535B89C7F825
:10A3D0008C3097F88330022B23D1D7F888300133A3
:10A3E0001B781B021AB2D7F888301B781BB21343B4
:10A3F0001BB2002B0AD1D7E92823511C396143F144
:10A4000000037B61D7E90434C7E92834D7F88830E2
:10A410000233C7F88830D7F88C30023BC7F88C304D
:10A4200073E0D7F8883003331B78DBB200223B6639
:10A430007A66D7E918120B461B0AFB650B461B060A
:10A44000BB65D7F8883002331B78DBB200223B654E
:10A450007A654FF000024FF00003D7E91445294612
:10A460000B0420462946044643EA144301460A04E5
:10A47000D7E9160104461443BC640B43FB64D7F8C8
:10A48000883001331B781B02DA173B647A64D7E902
:10A4900012120846D7E910341D462843B8632346F4
:10A4A0001343FB63D7F888301B78DBB200223B6391
:10A4B0007A63D7E90E120846D7E90C341D462843C3
:10A4C000B86223461343FB62BB6A23F070433B62CE
:10A4D00000237B62D7E908341A46234613430AD186
:10A4E000D7E92823511CB96043F10003FB60D7E989
:10A4F0000234C7E92834D7F888300433C7F88830E5
:10A50000D7F88C30043BC7F88C30D7E92623511E8E
:10A51000396043F1FF337B60D7E90034C7E9263463
:10A52000D7E9262313437FF42EAF00E000BFD7F80E
:10A53000843003F581531946D7E9282341E90223E2
:10A54000D7F8843003F580535B7943F00103DAB226
:10A55000D7F8843003F580535A71396FD7E928232F
:10A56000C1E9002397F8AF301846B037BD46BDE8C3
:10A57000B08F00002DE9B04FADF5087D02AFC7F8F0
:10A580008C010B46C7F8842187F88B3197F88B3103
:10A59000012B02D9132301F0ACB807F5C673184696
:10A5A000FDF7A0FAC7F8CC01D7F8CC31002B02DABE
:10A5B0000B2301F09EB8BB4AD7F8CC3152F82330B8
:10A5C000C7F8C831D7F8C831002B02D10C2301F0ED
:10A5D00090B8D7F8C83103F580531A46002313709A
:10A5E000D7F8CC3187F8FF31002387F8FE3197F890
:10A5F000FF3118460CF066FB034687F8FD3197F8EB
:10A60000FD3103F00103002B02D0032301F071B8E8
:10A6100097F8FD3103F00403002B02D00A2301F068
:10A6200068B8D7F8C83103F580530A3397F8FF01AB
:10A630001A4602210CF0B0FB0346002B0FD1D7F8CD
:10A64000C83103F580535B89B3F5805F07D8D7F82D
:10A65000C83103F580535B89B3F5007F02D2012333
:10A6600001F047B807F5C87397F8FF011A460121B2
:10A670000CF092FB0346002B05D1D7E96423802A16
:10A6800073F1000302D2012301F033B897F88B3144
:10A69000002B04D04FF000024FF0000303E04FF016
:10A6A0003F024FF00003C7E98023D7E96401D7E9EF
:10A6B0008023B0EB020CC7F870C161EB0303C7F84D
:10A6C0007431D7E95C23C7E96423D7F884315A1E73
:10A6D000D7F884311340002B02D00023C7F884310F
:10A6E000D7F88431002B3DD1D7E96401D7F8C831C0
:10A6F00003F580535B895B0A9BB21A464FF4FA63F9
:10A7000093FBF2F3DA17C7F86831C7F86C21D7E981
:10A710005A23F6F73FFD02460B46C7E98423002380
:10A72000C7F80C3204E0D7F80C320133C7F80C320A
:10A730005D4AD7F80C3232F813309BB20022C7F8CA
:10A740006031C7F86421D7E98423D7E958018446EA
:10A7500062458B41E7D3554AD7F80C3232F81330B3
:10A76000C7F88431D7F88431B3F5007F0BD3D7F81D
:10A77000C83103F580535B891A46D7F88431B3FB9F
:10A78000F2F3C7F88431D7F88431002B02D10123CA
:10A79000C7F88431D7F88431802B02D98023C7F8D9
:10A7A0008431D7E96401D7F884310022C7F85831E1
:10A7B000C7F85C21D7E95623F6F7ECFC02460B46B6
:10A7C000C7E96E23012387F8C731D7E96E2340F626
:10A7D000F6718A4273F1000302D3022387F8C7316E
:10A7E000D7E96E234FF6F6718A4273F1000302D364
:10A7F000032387F8C73197F8C731032B58D1D7E91E
:10A800006E2312F1020843F100094FF000004FF0EF
:10A8100000014FEA890141EA98714FEA8800D7F8B0
:10A82000C83103F580535B899BB20022C7F85031D1
:10A83000C7F85421D7E954452346C318C7F848310F
:10A840002B4641EB0303C7F84C31D7E952120B46B4
:10A85000013BC7F84031134643F1FF33C7F8443199
:10A86000D7F8C83103F580535B899BB20022C7F843
:10A870003831C7F83C21D7E94E23D7E95001F6F724
:10A8800089FC02460B46C7E976234FF020024FF0C1
:10A890000003C7E978234FF000024FF00003C7E937
:10A8A000742395E0302E002090830308A8830308CA
:10A8B00097F8C731012B29D1D7E96E0102460B4623
:10A8C0009418BC655B41FB65D7E916231418C7F8DB
:10A8D00030414B41C7F83431D7E94C341A4612F1B4
:10A8E000010A234643F1000B4FF000024FF0000332
:10A8F0004FEA5A0242EACB724FEA5B03D11CC7F817
:10A90000781143F10003C7F87C310DE0D7E96E23DD
:10A91000941C43F1000523193B6545EB05037B655A
:10A92000D7E91434C7E95E34D7E95E34C7E9763431
:10A93000D7F8C83103F580535B899BB20022C7F872
:10A940002831C7F82C21D7E97623D7E94A45214693
:10A950008918C7F82011294643EB0101C7F82411D3
:10A96000D7E948120B46013BC7F81831134643F1AB
:10A97000FF33C7F81C31D7F8C83103F580535B8922
:10A980009BB20022C7F81031C7F81421D7E944233D
:10A99000D7E94601F6F7FEFB02460B46C7E97623E8
:10A9A0004FF001024FF00003C7E97823D7F8C83110
:10A9B00003F580535A894FF48043B3FBF2F39BB203
:10A9C0009BB20022BB64FA64D7E91234C7E974343D
:10A9D000D7E98001D7E9782384183C6441EB03036D
:10A9E0007B64D7E91034C7E97A34D7E97A01D7E92B
:10A9F00076238418BC6341EB0303FB63D7E90E3471
:10AA0000C7E96C34D7E96C01D7E9742384183C6337
:10AA100041EB03037B63D7E90C34C7E96A34D7F809
:10AA200084310022C7F80831C7F80C21D7E96A231E
:10AA3000D7E9424521468918C7F80011294643EB5A
:10AA40000101C7F80411D7E98023D7E94001044682
:10AA5000A41AC7F8F84061EB0303C7F8FC30D7E944
:10AA60006423D7E93E010446A2428B4102D20E2361
:10AA700000F03FBE07F5CC7397F8FF011A4603219B
:10AA80000CF08AF90346002B0BD1D7E96623134358
:10AA900007D0D7E9662348F201018A4273F1000327
:10AAA00005D34FF001024FF00003C7E96623D7E951
:10AAB0006601D7E96A238418C7F8F04041EB030325
:10AAC000C7F8F430D7E93C120B46013BC7F8E83031
:10AAD000134643F1FF33C7F8EC30D7E96623002172
:10AAE0005042C7F8E00061EB0303C7F8E430D7E950
:10AAF0003A341846D7E938120D462840C7F8D8002E
:10AB000023461340C7F8DC30D7E93634C7E966344A
:10AB1000D7E96601D7E96A23841AC7F8D04061EB08
:10AB20000303C7F8D430D7E93434C7E9663497F85B
:10AB3000C731032B18D1D7E96601D7E97823141858
:10AB4000BC624B41FB62D7E90A34C7E97834D7E9E4
:10AB50006601D7E97A2314183C624B417B62D7E93E
:10AB60000834C7E97A340BE0D7E96601D7E97623E0
:10AB70001418BC614B41FB61D7E90634C7E9763450
:10AB8000D7E96401D7E97823841AC7F8C84061EB94
:10AB90000303C7F8CC30D7E97623D7E9320104465E
:10ABA000A41AC7F8C04061EB0303C7F8C430D7E963
:10ABB0007423D7E930010446A41AC7F8B84061EB02
:10ABC0000303C7F8BC30D7F884310022C7F8B0308F
:10ABD000C7F8B420D7E92C23D7E92E01F6F7DAFA23
:10ABE00002460B46C7E96E2397F8C731022B07D1FF
:10ABF000D7E96E2340F6F6718A4273F100030BD356
:10AC000097F8C731032B0AD1D7E96E234FF6F671B7
:10AC10008A4273F1000302D20E2300F06ABD97F856
:10AC2000C731032B03D10C2387F8FB311AE097F8C7
:10AC3000C731012B0AD1D7E96423B2F5803F73F104
:10AC4000000303D2012387F8FB310BE0D7E964232B
:10AC5000B2F5803F73F1000301D2042300E0062324
:10AC600087F8FB3197F88B31002B03D0F02387F85E
:10AC7000FC31C4E0D7F8C801D7F8C83103F58053D8
:10AC80005B891A460021FAF7EBFAD7F8C83103F5C9
:10AC9000DF73C7F8A431D7F8A4315A1C012313700D
:10ACA000D7F8A4319A1C01231370D7F8A431DA1C09
:10ACB00000231370D7F8A4311A1D97F8FB311370D5
:10ACC000D7F8A4315A1DFE231370D7E96401D7E9E0
:10ACD00080238418C7F8A84041EB0303C7F8AC30C1
:10ACE00043F6C1624FF00003D7E92A01F6F752FAA2
:10ACF00002460B46C7E96623D7E966234FF00000FA
:10AD00004FF00001900840EA83709908C2B2D7F86A
:10AD1000A431991D42F03F03DBB20B70D7E9660105
:10AD2000D7F8A431DA1DC3B21370D7F8A43103F1F8
:10AD300008023F231370D7F8A43103F1090200235E
:10AD40001370D7F8A43103F10A0200231370D7F867
:10AD5000A43103F10B0200231370D7E96401D7F883
:10AD6000A43103F10C02C3B21370D7E9642393B288
:10AD70001B0A99B2D7F8A43103F10D02CBB21370BC
:10AD8000D7E964234FF000004FF00001100C40EAB7
:10AD90000340190CD7F8A43103F10E02C3B21370AB
:10ADA000D7E964234FF000004FF00001100E40EA95
:10ADB0000320190ED7F8A43103F10F02C3B21370A8
:10ADC000D7F8C821552382F8FE31D7F8C821AA2325
:10ADD00082F8FF31D7F8C81197F8FF0101230093DB
:10ADE0004FF000024FF000030BF0B4FF0346002BBE
:10ADF00002D0012300F07DBCF82387F8FC31D7F89E
:10AE0000C831C7F8A431D7F8C83103F580535B893E
:10AE10001A460021D7F8A401FAF722FA0B22D649E4
:10AE2000D7F8A401FAF7FEF9D7F8C83103F5805333
:10AE30005B89C7F80C32D7F8A43103F10B02D7F8BD
:10AE40000C32DBB21370D7F80C329BB21B0A99B2EA
:10AE5000D7F8A43103F10C02CBB21370D7F8A431A8
:10AE600003F10D02D7F88431DBB21370D7F8A431A7
:10AE700003F10E0297F8E0311370B7F8E0311B0AC6
:10AE800099B2D7F8A43103F10F02CBB21370D7F8FF
:10AE9000A43103F110020123137097F8C731032B7B
:10AEA00001D1002301E04FF40073C7F80C32D7F84A
:10AEB000A43103F11102D7F80C32DBB21370D7F8CA
:10AEC0000C329BB21B0A99B2D7F8A43103F11202DB
:10AED000CBB21370D7E96423B2F5803F73F100035E
:10AEE00013D2D7E96401D7F8A43103F11302C3B236
:10AEF0001370D7E9642393B21B0A99B2D7F8A4312F
:10AF000003F11402CBB2137032E0D7E96401D7F831
:10AF1000A43103F12002C3B21370D7E9642393B2C2
:10AF20001B0A99B2D7F8A43103F12102CBB21370F6
:10AF3000D7E964234FF000004FF00001100C40EA05
:10AF40000340190CD7F8A43103F12202C3B21370E5
:10AF5000D7E964234FF000004FF00001100E40EAE3
:10AF60000320190ED7F8A43103F12302C3B21370E2
:10AF7000D7F8A43103F1150297F8FC311370D7F814
:10AF8000A43103F118023F231370D7F8A43103F161
:10AF9000190200231370D7F8A43103F11A02FF231A
:10AFA0001370D7F8A43103F11B0200231370D7F8F4
:10AFB000A43103F11C0297F800321370B7F8003285
:10AFC0001B0A99B2D7F8A43103F11D02CBB213705A
:10AFD000D7E980234FF000004FF00001100C40EA49
:10AFE0000340190CD7F8A43103F11E02C3B2137049
:10AFF000D7E980234FF000004FF00001100E40EA27
:10B000000320190ED7F8A43103F11F02C3B2137045
:10B010000BF0E0FE02460B46C7E9662397F8C731FE
:10B02000032B40F0AD80D7E96601D7F8A43103F1D6
:10B030004302C3B21370D7E9662393B21B0A99B2D5
:10B04000D7F8A43103F14402CBB21370D7E96623D9
:10B050004FF000004FF00001100C40EA0340190CC3
:10B06000D7F8A43103F14502C3B21370D7E96623C0
:10B070004FF000004FF00001100E40EA0320190EBF
:10B08000D7F8A43103F14602C3B21370D7F8A43144
:10B0900003F1240297F8D8311370B7F8D8311B0A9E
:10B0A00099B2D7F8A43103F12502CBB21370D7E9D6
:10B0B00076234FF000004FF00001100C40EA0340EF
:10B0C000190CD7F8A43103F12602C3B21370D7E9E3
:10B0D00076234FF000004FF00001100E40EA0320ED
:10B0E000190ED7F8A43103F12702C3B21370D7F8B1
:10B0F000A43103F12C0202231370D7F8A43103F119
:10B100002D0200231370D7F8A43103F12E0200237F
:10B110001370D7F8A43103F12F0200231370D7F86E
:10B12000A43103F1300201231370D7F8A43103F1E5
:10B13000310200231370D7F8A43103F13202062341
:10B140001370D7F8A43103F1330200231370D7F83A
:10B15000A43103F1400280231370D7F8A43103F126
:10B16000420229231370D7F8A4314733132203492D
:10B170001846FAF757F85BE08C61030898610308FA
:10B18000D7E96601D7F8A43103F12702C3B21370DF
:10B19000D7E9662393B21B0A99B2D7F8A43103F119
:10B1A0002802CBB21370D7E966234FF000004FF0AE
:10B1B0000001100C40EA0340190CD7F8A43103F148
:10B1C0002902C3B21370D7E966234FF000004FF095
:10B1D0000001100E40EA0320190ED7F8A43103F144
:10B1E0002A02C3B21370D7F8A43103F1160297F8FC
:10B1F000D8311370B7F8D8311B0A99B2D7F8A431F7
:10B2000003F11702CBB21370D7F8A43103F1240273
:10B2100080231370D7F8A43103F126022923137079
:10B22000D7F8A4312B331322B6491846F9F7FAFFA1
:10B23000D7F8A43103F5FF7255231370D7F8A43162
:10B2400003F2FF12AA23137097F8FF010123009362
:10B25000D7E98023D7F8A4110BF07CFD0346002B1F
:10B2600001D0012345E297F8C731032B12D1D7E96A
:10B270008023911DC7F8A01043F10003C7F8A43044
:10B2800097F8FF0101230093D7E92823D7F8A411E9
:10B290000BF060FDD7E97A23C7E97C230023C7F8C8
:10B2A0000C3223E1D7F8C83103F580535B891A4685
:10B2B0000021D7F8A401F9F7D3FF97F8FC31002259
:10B2C000C7F89830C7F89C20D7E92634C7E9663418
:10B2D00097F8C731032B47D097F8C731012B03D11B
:10B2E00089484FF0000103E06FF0FF004FF00001CC
:10B2F000D7E9662340EA0204C7F890400B43C7F839
:10B300009430D7E92434C7E96634D7E96623D3B249
:10B31000D7F8A4211370D7E9662393B21B0A99B218
:10B32000D7F8A4315A1CCBB21370D7E966234FF07B
:10B3300000004FF00001100C40EA0340190CD7F850
:10B34000A4319A1CC3B21370D7E966234FF00000F2
:10B350004FF00001100E40EA0320190ED7F8A43177
:10B36000DA1CC3B2137065E0D7E9662362F0FF010F
:10B37000C7F88810C7F88C30D7E92234C7E966349B
:10B38000D7E96623D3B2D7F8A4211370D7E966238F
:10B3900093B21B0A99B2D7F8A4315A1CCBB21370DE
:10B3A000D7E966234FF000004FF00001100C40EA8F
:10B3B0000340190CD7F8A4319A1CC3B21370D7E913
:10B3C00066234FF000004FF00001100E40EA03200A
:10B3D000190ED7F8A431DA1CC3B21370D7F8A43110
:10B3E0001A1DFF231370D7F8A4315A1DFF231370C1
:10B3F000D7F8A4319A1DFF231370D7F8A431DA1DB2
:10B40000FF231370D7F8A43103F10802FF23137050
:10B41000D7F8A43103F10902FF231370D7F8A43140
:10B4200003F10A02FF231370D7F8A43103F10B02D2
:10B430000F231370D7E97C23511C396143F10001BC
:10B440007961D7E90401C7E97C0197F8FF0101217F
:10B450000091D7F8A4110BF07DFC0346002B01D01E
:10B46000012346E1D7F8C83103F580535B891A46BA
:10B470000021D7F8A401F9F7F3FE4FF001024FF0D5
:10B480000003C7E9662324E0D7E97C23511CB96097
:10B4900043F10001F960D7E90201C7E97C0197F89F
:10B4A000FF0101210091D7F8A4110BF053FC0346D2
:10B4B000002B01D001231CE1D7E96623511CC7F8FA
:10B4C000801043F10003C7F88430D7E92034C7E97E
:10B4D0006634D7E96601D7E97623904271EB03031E
:10B4E000D2D3D7F80C320133C7F80C32D7F80C326C
:10B4F000002B3FF4D7AE97F8C731032B06D0D7F80F
:10B50000D03105E0AC61030800FFFF00D7F88431BB
:10B51000C7F80C32D7E97C23511C396043F1000194
:10B520007960D7E90001C7E97C0197F8FF010121A3
:10B530000091D7F8A4110BF00DFC0346002B01D0AD
:10B540000123D6E0D7F80C32013BC7F80C32D7F80C
:10B550000C32002BDED197F8C731032B40F0BC80B2
:10B56000D7F8A43152221A70D7F8A43101335222ED
:10B570001A70D7F8A431023361221A70D7F8A431B7
:10B58000033341221A70D7F8A43103F5F273722203
:10B590001A70D7F8A43103F2E51372221A70D7F8A3
:10B5A000A43103F5F37341221A70D7F8A43103F2E2
:10B5B000E71361221A7097F8B821D7F8A43103F580
:10B5C000F473013AD2B21A70B7F8B831013B9BB2AA
:10B5D0001B0A9AB2D7F8A43103F2E913D2B21A7057
:10B5E000D7E96E23511EB96743F1FF33FB674FF074
:10B5F00000024FF00003D7E91E4521460A0C204601
:10B6000029460C4642EA04420B0CD7F8A41101F576
:10B61000F571D3B20B70D7E96E23511E396743F130
:10B62000FF337B674FF000024FF00003D7E91C4562
:10B6300021460A0E204629460C4642EA04220B0EF9
:10B64000D7F8A41101F2EB11D3B20B70D7F8A431E3
:10B6500003F5F67302221A70D7F8A43103F2ED1342
:10B6600000221A70D7F8A43103F5F77300221A707C
:10B67000D7F8A43103F2EF1300221A70D7F8A431DF
:10B6800003F5FF7355221A70D7F8A43103F2FF13A4
:10B69000AA221A70D7E98023511CB96643F100032E
:10B6A000FB6697F8FF0101230093D7E91A23D7F827
:10B6B000A4110BF04FFBD7E98023D11D396643F16C
:10B6C00000037B6697F8FF0101230093D7E9182355
:10B6D000D7F8A4110BF03EFB97F8FF3100220021B0
:10B6E00018460BF059FB0346002B14BF012300231F
:10B6F000DBB2184607F50677BD46BDE8B08F00BF40
:10B7000080B500AF012000F003F800BF80BD00004D
:10B7100080B582B000AF0346FB71FB79002B0AD0E5
:10B720004FF0C04392221A800A4B4FF410421A8005
:10B7300000F0B0F809E04FF0C04392221A80054BA8
:10B740004FF400421A8000F0A5F800BF0837BD464C
:10B7500080BD00BF0000046090B583B000AF00233F
:10B760007B6011E0FFF7CCFF7B68DCB27B680021D7
:10B77000184606F065FA03469BB21946204600F0CB
:10B780000BF87B6801337B607B68072BEADD00BF29
:10B7900000BF0C37BD4690BD80B586B000AF0346F4
:10B7A0000A46FB711346BB8000237B820023FB60AB
:10B7B0000023FB750023BB82BB881846F5F75CFAB3
:10B7C000034630491846F5F763FB03464FF08B41BB
:10B7D0001846F5F7A9FA03461846F5F76BFC034639
:10B7E000BB82BB8AB3F5805F02D94FF48053BB8222
:10B7F000FB79072B2AD801A252F823F01DB80108C3
:10B8000023B8010829B801082FB8010835B8010884
:10B810003BB8010841B8010847B801080023FB758F
:10B8200014E00423FB7511E00123FB750EE00523F2
:10B83000FB750BE00223FB7508E00623FB7505E0B2
:10B840000323FB7502E00723FB7500BFFB7D082B7C
:10B8500003D90D490D480EF04FFDFB7D9BB21B0334
:10B860007B827A8ABB8A13437B824FF0C043922249
:10B870001A80074A7B8A138000F00CF800BF183743
:10B88000BD4680BD00401C45C0610308C861030877
:10B890000000046080B500AF4FF0C04390221A80D2
:10B8A000074B01221A80012009F040FC4FF0C043F1
:10B8B00090221A80024B00221A8000BF80BD00BF78
:10B8C0000000046080B584B000AF03460A46FB71F7
:10B8D0001346BB710023FB814FF0C04305221A8041
:10B8E000174B1B88FB81FB79022B03D915480EF0FF
:10B8F00003FD21E0BB79002B10D1FB79013B012234
:10B9000002FA03F31BB2DB431AB2B7F90E3013404D
:10B910001BB2FB810A4AFB8913800DE0FB79013BD6
:10B92000012202FA03F31AB2B7F90E3013431BB225
:10B93000FB81034AFB8913801037BD4680BD00BFE1
:10B9400000000460DC61030880B483B000AF0346EC
:10B950000A46FB801346BB804FF0C043B0221A80DA
:10B96000074AFB8813804FF0C043BA221A80044A6A
:10B97000BB88138000BF0C37BD4680BC704700BF3A
:10B980000000046080B483B000AF03460A46FB8029
:10B990001346BB804FF0C043B1221A80074AFB8890
:10B9A00013804FF0C043BB221A80044ABB88138027
:10B9B00000BF0C37BD4680BC704700BF000004606C
:10B9C00080B483B000AF03460A46FB801346BB80B9
:10B9D0004FF0C043B2221A80074AFB8813804FF011
:10B9E000C043BC221A80044ABB88138000BF0C37B6
:10B9F000BD4680BC704700BF0000046080B483B0C7
:10BA000000AF03460A46FB801346BB804FF0C0439D
:10BA1000B3221A80074AFB8813804FF0C043BD222F
:10BA20001A80044ABB88138000BF0C37BD4680BC17
:10BA3000704700BF0000046080B483B000AF0346CD
:10BA40000A46FB801346BB804FF0C043B4221A80E5
:10BA5000074AFB8813804FF0C043BE221A80044A75
:10BA6000BB88138000BF0C37BD4680BC704700BF49
:10BA70000000046080B483B000AF03460A46FB8038
:10BA80001346BB804FF0C043B5221A80074AFB889B
:10BA900013804FF0C043BF221A80044ABB88138032
:10BAA00000BF0C37BD4680BC704700BF000004607B
:10BAB00080B483B000AF03460A46FB801346BB80C8
:10BAC0004FF0C043B6221A80074AFB8813804FF01C
:10BAD000C043C0221A80044ABB88138000BF0C37C1
:10BAE000BD4680BC704700BF0000046080B483B0D6
:10BAF00000AF03460A46FB801346BB804FF0C043AD
:10BB0000B7221A80074AFB8813804FF0C043C12236
:10BB10001A80044ABB88138000BF0C37BD4680BC26
:10BB2000704700BF0000046080B485B000AF0346DA
:10BB30000A46FB711346BB710023FB814FF0C043E3
:10BB4000C4221A806B4B1B88FB81FB79013B082BBD
:10BB500000F2CA8001A252F823F000BF81BB0108A5
:10BB6000A9BB0108D1BB0108F9BB010821BC010830
:10BB700049BC010871BC010899BC0108C1BC01089D
:10BB8000BB79002B04D0FB8943F00103FB8103E068
:10BB9000FB8923F00103FB814FF0C043C4221A80CC
:10BBA000544AFB8913809FE0BB79002B04D0FB89AA
:10BBB00043F00203FB8103E0FB8923F00203FB81D6
:10BBC0004FF0C043C4221A804A4AFB8913808BE09D
:10BBD000BB79002B04D0FB8943F00403FB8103E015
:10BBE000FB8923F00403FB814FF0C043C4221A8079
:10BBF000404AFB89138077E0BB79002B04D0FB8996
:10BC000043F00803FB8103E0FB8923F00803FB8179
:10BC10004FF0C043C4221A80364AFB89138063E088
:10BC2000BB79002B04D0FB8943F01003FB8103E0B8
:10BC3000FB8923F01003FB814FF0C043C4221A801C
:10BC40002C4AFB8913804FE0BB79002B04D0FB8981
:10BC500043F02003FB8103E0FB8923F02003FB81F9
:10BC60004FF0C043C4221A80224AFB8913803BE074
:10BC7000BB79002B04D0FB8943F08003FB8103E0F8
:10BC8000FB8923F08003FB814FF0C043C4221A805C
:10BC9000184AFB89138027E0BB79002B04D0FB896D
:10BCA00043F04003FB8103E0FB8923F04003FB8169
:10BCB0004FF0C043C4221A800E4AFB89138013E060
:10BCC000BB79002B04D0FB8943F48073FB8103E034
:10BCD000FB8923F48073FB814FF0C043C4221A8098
:10BCE000044AFB89138000BF00BF1437BD4680BCE7
:10BCF000704700BF0000046080B582B000AF002331
:10BD0000FB804FF0C04304221A80134B1B88FB803A
:10BD1000FB8843F40053FB804FF0C04304221A8099
:10BD20000D4AFB881380642009F000FA4FF0C043ED
:10BD300004221A80084B1B88FB80FB8823F40053E5
:10BD4000FB804FF0C04304221A80034AFB88138013
:10BD500000BF0837BD4680BD00000460F0B58BB061
:10BD600004AFFF23BB82FF237B8200233B81894BEF
:10BD70001B78DBB21A46884B53F82230B3F8623096
:10BD8000FB80844B1B78DBB21A46834B53F822307E
:10BD9000B3F86430BB807F4B1B78DBB21A467E4B16
:10BDA00053F8223093F85730002B57D1794B1B783A
:10BDB000DBB21A46784B53F82230B3F862301A4699
:10BDC000744B1B78DBB21946734B53F82130B3F830
:10BDD000683013446F4A1278D2B211466E4A52F854
:10BDE0002120B2F8662013446A4A1278D2B2114672
:10BDF000694A52F82120B2F86A201344654A127841
:10BE0000D2B21146644A52F82120B2F86420114699
:10BE1000604A1278D2B210465F4A52F82020B2F837
:10BE20006E200A445B490978C9B208465A4951F85C
:10BE30002010B1F86C100A4456490978C9B2084676
:10BE4000554951F82010B1F870100A4402FB03F371
:10BE50001846F4F715FF0346FB6058E04D4B1B787E
:10BE6000DBB21A464C4B53F82230B3F862305B0811
:10BE70009BB21A46474B1B78DBB21946464B53F828
:10BE80002130B3F868301344424A1278D2B21146D6
:10BE9000414A52F82120B2F8662013443D4A1278F4
:10BEA000D2B211463C4A52F82120B2F86A2013441B
:10BEB000384A1278D2B21146374A52F82120B2F8E5
:10BEC00064201146334A1278D2B21046324A52F8F0
:10BED0002020B2F86E200A442E490978C9B20846DB
:10BEE0002D4951F82010B1F86C100A4429490978FD
:10BEF000C9B20846284951F82010B1F870100A4418
:10BF000002FB03F31846F4F7BBFE0346FB60214B2C
:10BF10001B78DBB21A46204B53F82230B3F85A3064
:10BF20001A461E4B02FB03F31846F4F7A9FE03461C
:10BF3000F9681846F4F7ACFF03461846F5F7BAF867
:10BF400003463B813B891A46154916480EF0D4F941
:10BF5000104B1B78DBB21A460F4B53F8223093F884
:10BF60006130022B20D80B4B1B78DBB21A460A4BF0
:10BF700053F82230B3F85A307B81064B1B78DBB282
:10BF80001A46054B53F82230B3F85A30184604F0DD
:10BF900055FB1FE0E74700201C02002040420F0035
:10BFA000E8610308F0610308A74B1B78DBB21A466F
:10BFB000A64B53F82230B3F85A307B81A24B1B7842
:10BFC000DBB21A46A14B53F82230B3F85A30184668
:10BFD00004F034FB9C4B1B78DBB21A469B4B53F8A6
:10BFE000223093F85730002B4BD1974B1B78DBB2A4
:10BFF0001A46964B53F82230B3F86860924B1B7880
:10C00000DBB21A46914B53F82230B3F866C08E4B20
:10C010001B78DBB21A468D4B53F82230B3F86A30E6
:10C02000894A1278D2B21146884A52F82120B2F8D1
:10C030006E2085490978C9B20846844951F8201014
:10C04000B1F86C1080480078C0B204467F4850F8C0
:10C050002400B0F87000BD88FC8803900291019222
:10C060000093634632462946204600F0DFFCBB8839
:10C07000FA88002100200BF015FA00200BF0E6F9F9
:10C08000E9E0714B1B78DBB21A46704B53F8223053
:10C0900093F85730002B67D06B4B1B78DBB21A46F6
:10C0A0006A4B53F8223093F85930002B5CD1FB884F
:10C0B0005B089CB2644B1B78DBB21A46634B53F8A7
:10C0C0002230B3F86860604B1B78DBB21A465F4BD6
:10C0D00053F82230B3F866C05B4B1B78DBB21A46CC
:10C0E0005A4B53F82230B3F86A30574A1278D2B21A
:10C0F0001146564A52F82120B2F86E20524909786A
:10C10000C9B20846514951F82010B1F86C104E4898
:10C110000078C0B205464D4850F82500B0F87000D0
:10C12000BD880390029101920093634632462946EE
:10C13000204600F07BFCBB88FA88002100200BF031
:10C14000B1F9414B1B78DBB21A46404B53F8223011
:10C1500093F85830002B03D030200BF077F97AE0B9
:10C1600010200BF073F976E0374B1B78DBB21A46E0
:10C17000364B53F8223093F85730002B6BD0324BAC
:10C180001B78DBB21A46314B53F8223093F8593002
:10C19000002B60D0FB885B089CB22B4B1B78DBB27A
:10C1A0001A462A4B53F82230B3F86860264B1B78A6
:10C1B000DBB21A46254B53F82230B3F866C0224B47
:10C1C0001B78DBB21A46214B53F82230B3F86A30A1
:10C1D0001D4A1278D2B211461C4A52F82120B2F8F8
:10C1E0006E2019490978C9B20846184951F820103B
:10C1F000B1F86C1014480078C0B20546134850F8E6
:10C200002500B0F87000BD88039002910192009360
:10C21000634632462946204600F008FCBB88FA886F
:10C22000002100200BF03EF9074B1B78DBB21A46C9
:10C23000064B53F8223093F85830002B08D070206A
:10C240000BF004F907E000BFE74700201C020020C4
:10C2500050200BF0FBF83E4B1B78DBB21A463D4BEF
:10C2600053F8223093F85E30184600F0A3FB384BA9
:10C270001B78DBB21A46374B53F8223093F85D3007
:10C28000184600F04FFB324B1B78DBB21A46314B9D
:10C2900053F8223093F85F30184600F067FB012016
:10C2A00000F01CFB0123FB7536E00123BB7523E086
:10C2B000FB7D642203FB02F2BB7D92FBF3F39BB296
:10C2C0007A89D31A7B827B8A002B06D1224AFB7D96
:10C2D0001370224ABB7D137011E07A8ABB8A9A429E
:10C2E00007D21D4AFB7D13701C4ABB7D13707B8AED
:10C2F000BB82BB7D0133BB75BB7DFF2BD8D17B8A55
:10C30000002B06D1144AFB7D1370144ABB7D1370B9
:10C3100005E0FB7D0133FB75FB7DFF2BC5D10E4B8B
:10C320001B78012B05D90C4B1B78013BDAB20A4B69
:10C330001A700A4B1B78012B05D9084B1B78013B5F
:10C34000DAB2064B1A70002318461C37BD46F0BD02
:10C35000E74700201C0200203C3000203D30002038
:10C3600090B583B000AF0446084611461A462346EE
:10C37000FB800346BB800B467B8013463B803B889B
:10C380007A88B988F8880AF0FFFFB8690BF02EF8B0
:10C390000AF0B2FF002000F001FA00BF0C37BD46E2
:10C3A00090BD000090B585B002AF04460846114626
:10C3B0001A462346FB800346BB800B467B80134610
:10C3C0003B800AF04DFFB98B3A8B3B6A00930B46DA
:10C3D00000210020FFF7C4FF3C887A88B988F888DC
:10C3E0007B6A00932346FFF7BBFF0BF043F8094B32
:10C3F0001B78DBB21A46084B53F8223093F86130B1
:10C40000032B02D1072004F05BF800BF0C37BD46B8
:10C4100090BD00BFE74700201C02002090B58BB004
:10C4200002AFBA601A460346FB810B46BB81134636
:10C43000FB800023FB760023BB7600237B76BB6862
:10C440001B0C3B76BB681B0AFB75BB68BB750AF00F
:10C4500007FFFA89FB88B2FBF3F39BB21846F4F7A7
:10C460000FFC03463B610023BB830023FB836EE08C
:10C47000FB8B1846F4F704FC034639691846F4F7B9
:10C4800053FC03461846F4F715FE0346BB83FA7EB9
:10C49000397EFB8891FBF3F31344FF2BA8BFFF23E6
:10C4A000FB76BA7EF97DFB8891FBF3F31344FF2BF7
:10C4B000A8BFFF23BB767A7EB97DFB8891FBF3F39F
:10C4C0001344FF2BA8BFFF237B76BB8B1846F4F7E2
:10C4D000D7FB034639691846F4F71EFB03461C4692
:10C4E000FB891846F4F7CCFB034619462046F4F7BF
:10C4F000D7FD0346002B0AD0FB891846F4F7C0FB92
:10C5000003461846F4F7D6FD03469AB20EE0BB8BFD
:10C510001846F4F7B5FB034639691846F4F7FCFAF8
:10C5200003461846F4F7C6FD03469AB2FB7E19048B
:10C53000BB7E1B0219437B7E0B431946BB89B88B1C
:10C5400000910021FFF70CFFFB8B0133FB83BA8BBB
:10C55000FB899A428CD30AF08DFF094B1B78DBB222
:10C560001A46084B53F8223093F86130032B02D15E
:10C57000072003F0A5FF00BF2437BD4690BD00BFD4
:10C58000E74700201C02002080B58AB002AFBA60E5
:10C590001A460346FB810B46BB811346FB800023F2
:10C5A000FB760023BB7600237B76BB681B0C3B76B7
:10C5B000BB681B0AFB75BB68BB750AF051FEBA89E4
:10C5C000FB88B2FBF3F39BB21846F4F759FB034622
:10C5D0003B610023BB830023FB834CE0FB8B1846AD
:10C5E000F4F74EFB034639691846F4F79DFB034602
:10C5F0001846F4F75FFD0346BB83FA7E397EFB885D
:10C6000091FBF3F31344FF2BA8BFFF23FB76BA7E05
:10C61000F97DFB8891FBF3F31344FF2BA8BFFF23A5
:10C62000BB767A7EB97DFB8891FBF3F31344FF2B35
:10C63000A8BFFF237B76BB8B1846F4F721FB03468C
:10C6400039691846F4F768FA03461846F4F732FDDC
:10C65000034698B2FB7E1A04BB7E1B021A437B7E04
:10C660001343FA89B98B009303460020FFF778FE45
:10C67000FB8B0133FB83BA8BBB899A42AED30AF0A2
:10C68000F9FE094B1B78DBB21A46084B53F82230EF
:10C6900093F86130032B02D1072003F011FF00BF94
:10C6A0002037BD4680BD00BFE74700201C020020A8
:10C6B00080B584B002AF03463A60FB800B46BB8076
:10C6C0000AF0CEFDB988FA883B6800930B4600213A
:10C6D0000020FFF745FE0AF0CDFE094B1B78DBB2C8
:10C6E0001A46084B53F8223093F86130032B02D1DD
:10C6F000072003F0E5FE00BF0837BD4680BD00BF40
:10C70000E74700201C02002080B584B000AF03463C
:10C71000FB71FB799BB20133FB81FB8918460AF060
:10C7200081FE002000F03AF8084B1B78DBB21A4675
:10C73000074B53F8223093F86130032B02D10720C6
:10C7400003F0BEFE00BF1037BD4680BDE7470020A6
:10C750001C02002080B582B000AF4023FB804FF068
:10C76000C042FB8813800C4B1B88BB80BB8843F006
:10C770000103BB80012008F0D9FC074ABB88138065
:10C780004FF0C042FB881380034ABB88138000BF70
:10C790000837BD4680BD00BF0000046080B485B08E
:10C7A00000AF0346FB714023BB814FF0C042BB8901
:10C7B00013803C4B1B88FB81FB8903F0F103FB8159
:10C7C000FB790D2B65D801A252F823F093C801081C
:10C7D00005C801080FC8010819C8010823C80108C5
:10C7E0002DC8010837C8010841C801084BC8010815
:10C7F00055C8010863C801086DC801087BC8010855
:10C8000085C80108FB8943F00203FB8142E0FB89F4
:10C8100043F00403FB813DE0FB8943F00603FB8109
:10C8200038E0FB8943F00803FB8133E0FB8943F0E8
:10C830000A03FB812EE0FB8943F00C03FB8129E016
:10C84000FB8943F00E03FB8124E0FB8943F4007372
:10C85000FB811FE0FB8943F4007343F00203FB817B
:10C8600018E0FB8943F40173FB8113E0FB8943F477
:10C87000017343F00203FB810CE0FB8943F4027374
:10C88000FB8107E0FB8943F4027343F00203FB8161
:10C8900000E000BF034AFB89138000BF1437BD4688
:10C8A00080BC70470000046080B483B000AF4023B8
:10C8B000FB804FF0C042FB881380074B1B88BB8076
:10C8C000BB8823F00103BB80034ABB88138000BFF1
:10C8D0000C37BD4680BC70470000046080B485B052
:10C8E00000AF0346FB714023BB814FF0C042BB89C0
:10C8F00013800B4B1B88FB81FB79012B04D1FB8937
:10C9000023F08003FB8103E0FB8943F08003FB817C
:10C91000034AFB89138000BF1437BD4680BC7047B3
:10C920000000046080B485B000AF0346FB71402373
:10C93000BB814FF0C042BB8913800B4B1B88FB812E
:10C94000FB79012B04D1FB8923F01003FB8103E069
:10C95000FB8943F01003FB81034AFB89138000BF6E
:10C960001437BD4680BC70470000046080B485B0B9
:10C9700000AF0346FB714023BB814FF0C042BB892F
:10C9800013800B4B1B88FB81FB79012B04D1FB89A6
:10C9900023F02003FB8103E0FB8943F02003FB81AC
:10C9A000034AFB89138000BF1437BD4680BC704723
:10C9B0000000046080B485B000AF0346FB714023E3
:10C9C000BB814FF0C042BB8913800B4B1B88FB819E
:10C9D000FB79012B04D1FB8923F04003FB8103E0A9
:10C9E000FB8943F04003FB81034AFB89138000BFAE
:10C9F0001437BD4680BC70470000046080B483B02B
:10CA000000AF03460A46FB711346BB804FF0C0439C
:10CA1000FA7992B21A80044ABB88138000BF0C379F
:10CA2000BD4680BC704700BF0000046090B482B077
:10CA300000AF0446084611461A462346FB800346CB
:10CA4000BB800B467B8013463B804FF0C0434222A5
:10CA50001A801C4AFB8813804FF0C04343221A807F
:10CA6000184ABB8813804FF0C04344221A80154AED
:10CA70007B8813804FF0C04345221A80114A3B88BF
:10CA800013804FF0C04346221A800E4A3B8A13801F
:10CA90004FF0C04347221A800A4ABB8A13804FF0E6
:10CAA000C04348221A80074A3B8B13804FF0C04393
:10CAB00049221A80034ABB8B138000BF0837BD464A
:10CAC00090BC70470000046080B584B000AF4FF0A8
:10CAD000C04310221A804D4B01221A804FF0C043F0
:10CAE00011221A80494BFE221A800A2008F01EFBF0
:10CAF0000023FB60F968002000F094F84FF4D57330
:10CB0000FB60F968082000F08DF84FF0C043162252
:10CB10001A803E4B1B889BB2FB60FB68DB08FB6006
:10CB2000FB6803F00103FB60FA68394939480DF0EE
:10CB3000E3FBFB68012B01D1012363E00023FB60D1
:10CB40000023FB7215E0F968372000F06BF8324BD8
:10CB5000FB60F968292000F065F8F860FB68DB0FDE
:10CB6000FB60FB7A0133FB72FB7AC82B01D90123EE
:10CB700048E0FB68002BE6D00023FB60F968022048
:10CB800000F050F8F968032000F04CF878607968FC
:10CB9000092000F047F87968072000F043F84FF0CB
:10CBA000C04311221A80194B04221A807968372059
:10CBB00000F038F80021332000F034F8796837208D
:10CBC00000F030F80A2008F0B1FA0223FB60F9689F
:10CBD000062000F027F8114BFB60F968062000F0F2
:10CBE00021F80F4BFB60F968062000F01BF84FF0AE
:10CBF000C04311221A80054B02221A80034B0222E5
:10CC00001A80002318461037BD4680BD000004601E
:10CC10000C620308146203080080FF4001FFFF005C
:10CC200001FFFF8080B584B000AF03463960FB711F
:10CC30004FF0C04312221A80354BFA7992B21A8013
:10CC40004FF0C04313221A80314B3A6892B21A80D7
:10CC50004FF0C04314221A803B681A0C2C4B92B23E
:10CC60001A804FF0C04310221A80294B1B889BB2B8
:10CC7000FB60FB6843F00303FB60254BFA6892B24C
:10CC80001A804FF0C04310221A80FA684FF6FD73E5
:10CC90001340FB601E4BFA6892B21A800023BB60FF
:10CCA00002E0BB680133BB60BB68632BF9D94FF06E
:10CCB000C04316221A800023FB6007E0144B1B8838
:10CCC0009BB2FB60FB6803F00103FB60FB68002B79
:10CCD000F4D04FF0C04313221A800D4B1B889BB237
:10CCE000FB604FF0C04314221A80094B1B889BB293
:10CCF000BB60BB681B04BB60BA68FB681344BB60C5
:10CD00000A2008F0CDF9BB6818461037BD4680BD33
:10CD10000000046080B586B000AFF860B9601346CB
:10CD2000FB71404B1B78002B02D1BB685B02BB60E0
:10CD3000FB79012B2DD14FF0C04315221A803A4BBD
:10CD400000221A80B9681120FFF76CFF642008F0F8
:10CD5000A7F900237B6116E04FF0C04318221A8028
:10CD6000314B7A6992B21A804FF0C04317221A8071
:10CD70002D4B1B8899B2FA687B691344CAB21A70AA
:10CD80007B6901337B617B69B3F5007FE4D30023CA
:10CD900043E04FF0C04315221A80FB799BB2224A30
:10CDA000013B9BB21380B9681220FFF73BFF0021C3
:10CDB0000C20FFF737FF00233B6129E000237B6154
:10CDC0001FE04FF0C04318221A803B699BB25B0200
:10CDD0009AB27B699BB2144913449BB20B804FF00B
:10CDE000C04317221A80104B1B8899B23B695A0224
:10CDF0007B691344FA681344CAB21A707B69013321
:10CE00007B617B69B3F5007FDBD33B6901333B6119
:10CE1000FB793A699A42D1D3002318461837BD46A8
:10CE200080BD00BF404300200000046080B582B098
:10CE300000AF78600B467B800AF02EFA4FF0C043BB
:10CE400010221A801E4B00221A804FF0C04310227D
:10CE50001A801B4B01221A804FF0C04310221A8007
:10CE6000174B05221A804FF0C04315221A80144A2E
:10CE70007B88013B9BB21380124B1B78002B02D1A5
:10CE80007B685B027B6079681220FFF7CBFE002194
:10CE90000C20FFF7C7FE4FF0C04310221A80084B4A
:10CEA00000221A804FF0C04310221A80044B002247
:10CEB0001A800AF009FA002318460837BD4680BDDB
:10CEC0000000046040430020B0B58EB002AF0122E4
:10CED00000214B48FFF71EFF494B93F8FE31552BBD
:10CEE00040F08980464B93F8FF31AA2B40F08380B5
:10CEF000434B1B78EB2B03D0414B1B78E92B02D122
:10CF00000023FB6242E03F4B1B68FB623E4B1B6809
:10CF100000221C461546C7E90845D7E908014FF02D
:10CF200000024FF000034B0243EAD0534202C7E92C
:10CF30000623D7E906014FF000024FF00003820AF2
:10CF400042EA81528B0AC7E90623D7E906014FF06E
:10CF500000024FF00003820A42EA81528B0AC7E9BD
:10CF60000623D7E9062340F209718A4273F10003D0
:10CF700002D3264B01221A70FA6A254925480DF082
:10CF8000BBF90122F96A1E48FFF7C4FE1C4B93F857
:10CF9000FE31552B29D11A4B93F8FF31AA2B24D1FE
:10CFA000174B5B7BFB751C4B1B883B61FA6A3B692B
:10CFB0001344FB62124B1B7C3B61184B1B68FB60EC
:10CFC000174B1B68BB603B69FA6802FB03F33B61CC
:10CFD000FA6A3B691344FB62FA6A0D4911480DF085
:10CFE0008BF900BF00237B8521E1FA6A08490E48CE
:10CFF0000DF082F920E106490C480DF07DF91BE1A6
:10D0000040300020063200200A3200204043002039
:10D010000C620308286203084E30002064300020B0
:10D020006C3000204C62030874620308A862030895
:10D030000422F96A8248FFF76DFE7B8D804AD35C3B
:10D04000462B40F0F1807B8D03337D4AD35C202B4F
:10D0500040F0EA807B8D0133794AD35C3F2B00F2AC
:10D06000E3807B8D0233764AD35C3F2B00F2DC8079
:10D070007B8D0133724AD35C292B40F2D5807B8DA6
:10D0800002336F4AD35C292B40F2CE807B8D013373
:10D090006B4AD35C303B3B617B8D0233684AD35C87
:10D0A000303BFB603B699BB21A46920013445B0025
:10D0B0009AB2FB689BB21344FB80FB883F2B00F2C3
:10D0C000B3807B8D14335E4A13441B883B617B8D98
:10D0D0001A335B4A13441B88FB603B691B04FA68E4
:10D0E00013433B613A69BB68D31AFA7D02FB03F331
:10D0F000FA6A13443B617B8D1C33514A13441B680D
:10D10000FB60FB685B0A0133FB60012239694C4814
:10D11000FFF700FE4A4BDB7CBB80BB881B02BB8059
:10D12000474B9B7C9AB2BB881344BB80444BDB7D4E
:10D130007B807B881B027B80414B9B7D9AB27B88E6
:10D1400013447B80FA883F4913465B0013449B00DD
:10D150000B44BA881A80FA883A4913465B00134494
:10D160009B000B4402337A881A80FA8835491346AB
:10D170005B0013449B000B4408333A691A60FA8839
:10D18000304913465B0013449B000B440433FA6898
:10D190001A60FB88013B0E2B20D801A252F823F025
:10D1A000DDD10108DDD10108DDD10108DDD10108A3
:10D1B000DDD10108DDD10108DDD10108DDD1010893
:10D1C000DDD10108DDD10108DDD10108DDD1010883
:10D1D000DDD10108DDD10108DDD10108FA88B98867
:10D1E0007B8800930B46184918480DF085F8FB889A
:10D1F00019461748F7F7DEFA7B88BA880021002025
:10D200000AF0C2F8FB8801339BB218460AF014F802
:10D21000FB683A690C490F480DF06EF8FB689BB249
:10D2200019463869FFF702FE7B8D20337B857B8DA5
:10D23000B3F5805FFFF4FCAE3037BD46B0BD00BF34
:10D2400040300020404000200C620308C862030800
:10D25000E86203080463030880B584B000AF3B6054
:10D260000346FB710B46BB7113467B710023FB73B6
:10D27000BB79002B05D0BB79002B02D0BB79F72BF3
:10D2800002D90223FB735FE0324ABB791370FB794A
:10D29000002B02D0012B22D043E02F4B2F4A1A60E3
:10D2A0002F4B304A1A60304B304A1A60304B314AAB
:10D2B0001A60314B00221A60304B314A1A60314BF0
:10D2C000314A1A60314B324A1A60224B18783B7E41
:10D2D00079793A6801F024F90346FB7323E01E4B89
:10D2E0002C4A1A601E4B2C4A1A601F4B2B4A1A609C
:10D2F0001F4B2B4A1A60204B00221A601F4B294AF1
:10D300001A60204B284A1A60204B284A1A60114B99
:10D3100018783B7E79793A6800F026F90346FB736A
:10D3200001E00223FB73FB7B002B0DD101F03CFBE2
:10D330000346002B02D10323FB7305E01C4AFB7953
:10D3400013701C4B01221A70FB7B18461037BD4628
:10D3500080BD00BF4143002048430020A9E50108EB
:10D360004C430020E5E5010844430020C5E60108E0
:10D370005043002019E60108544300205843002080
:10D380009DE701085C4300206DE801086043002030
:10D390001DE90108D9D5010819D60108F5D60108FB
:10D3A0004DD60108B1D7010835D9010895DA010831
:10D3B000424300209C02002080B582B000AF0023D1
:10D3C000FB71094B1B78012B06D1084B1B68984752
:10D3D000054B00221A7001E00623FB71FB79184609
:10D3E0000837BD4680BD00BF9C0200204843002096
:10D3F00090B583B000AF0023FB70514B1B78002B1E
:10D4000001D0062397E0BB1C184601F0EFFA034653
:10D41000012B40F08A80BB78032B00F28B8001A2A5
:10D4200052F823F035D5010835D4010867D4010836
:10D4300035D50108434B1B68434A44494448984743
:10D440000346FB70FB78002B71D1414B1A78414B9E
:10D450001B789A4203D03E4B1B78002B67D10220E9
:10D4600001F0AEFA63E0394B1B681A783A4B1A7038
:10D470003A4B01221A7000237B601FE0384A7B6818
:10D4800012F83330002B1DD0354A7B6812F8332058
:10D49000314B1B789A420ED1314A7B68DB00134432
:10D4A0005B682A4A126828491046984703461A467C
:10D4B0002A4B1A7007E07B6801337B607B680F2B77
:10D4C000DCDD00E000BF224B1B78002B31D0234B6A
:10D4D0001B78002B1DD01C4B00221A801E4B1A7883
:10D4E0001A4B1968184B1B88581C84B216480480C4
:10D4F0000B4462F07F02D2B21A70144B1A68124BBE
:10D500001B88591C88B2104908801344134A1278AA
:10D510001A70144B1B680F4A10780C4A11680A4A9B
:10D52000128898470346FB7003E000BF02E000BF8B
:10D5300000E000BF002318460C37BD4690BD00BF79
:10D540009C020020504300206C43002068430020D0
:10D5500064430020414300206E4300206F430020BD
:10D56000A00200204443002080B586B000AF3A609E
:10D570001A460346FB710B46BB7113467B710023B1
:10D58000FB7501233B613B6983F3108800BF114B9E
:10D590000A221A707B79B8790722396801F04AFAB1
:10D5A0000346012B02D00323FB7508E044F62060FC
:10D5B00001F0C4FA0346012B01D00323FB750023BD
:10D5C000FB60FB6883F3108800BFFB7D18461837AB
:10D5D000BD4680BD7E43002080B582B000AF0123F0
:10D5E0003B603B6883F3108800BF0021012001F0FD
:10D5F00035FA084B00221A7000237B607B6883F3A6
:10D60000108800BF002001F0DBF900BF0837BD46DD
:10D6100080BD00BF7143002080B582B000AF012300
:10D620003B603B6883F3108800BF0021002001F0BD
:10D6300015FA01F0CDFA00237B607B6883F3108834
:10D6400000BF00BF0837BD4680BD000080B588B070
:10D6500000AFF860B9607A600023FB770123BB61FB
:10D66000BB6983F3108800BF1D4B1B889BB2FF2B47
:10D6700005D91C4B1C4A9C211C480CF093FD184BEF
:10D680001B889BB2022B1ED9194B1B68144A1288A7
:10D6900092B21146184600F071FA0346002B12D1DF
:10D6A000134B1B681B78DAB2FB681A700C4B1B8893
:10D6B0009BB2023B9AB27B681A800D4B1B685A1CC6
:10D6C000BB681A6001E00523FB7700237B617B695F
:10D6D00083F3108800BFFB7F18462037BD4680BD0E
:10D6E0007243002044630308C08303086C6303088B
:10D6F0002003002080B586B000AF03463960FB717F
:10D700001346BB800023FB7501233B613B6983F318
:10D71000108800BF214B1B78DBB2002B31D13B6856
:10D72000013B1F4A13601F4B01221A801C4B1B68D0
:10D73000FA791A701B4B1B889AB2BB8813449AB2B1
:10D74000184B1A80164B1B68164A128892B2114663
:10D75000184600F013FA0346BB75134B1A68114BB9
:10D760001B889BB2591C88B20E4908801344BA7DAD
:10D770001A700E4B01221A700121002001F06EF97F
:10D7800001E00523FB750023FB60FB6883F3108831
:10D7900000BFFB7D18461837BD4680BD7143002091
:10D7A000784300207C4300202003002070430020A9
:10D7B00080B582B000AF0023FB71554B1B78DBB204
:10D7C000002B05D0534B544AE32154480CF0EAFC9B
:10D7D0007B1D184601F08CF9514B1B78DBB2022BF4
:10D7E0005DD0022B00F38E80002B7CD0012B40F00B
:10D7F000898001F0D7F97B793A2B06D1494B002279
:10D800001A70494B00221A807CE07B790D2B03D1E2
:10D81000434B02221A7075E07B79184600F066F9D6
:10D820000346BB713F4B1B78DBB2002B02D0012BB0
:10D8300019D067E03C4B1B889BB2FF2B0DD83B4BAC
:10D840001B68394A128892B21344BA791201D2B2D3
:10D850001A70344B01221A7020E0314B00221A70EA
:10D8600001F0B6F91AE0314B1B682F4A128892B2C8
:10D8700011460B441B78D9B22C4B1B681344BA7960
:10D880000A43D2B21A70284B1B889BB201339AB25A
:10D89000254B1A80234B00221A7000BF32E07A79A0
:10D8A000234B1B78DBB29A420AD101F091F91C4B51
:10D8B00000221A70012001F083F80346FB7121E079
:10D8C0007B793A2B0BD1174B00221A70164B002292
:10D8D0001A80134B01221A7001F064F912E0104B08
:10D8E00000221A700EE07B793A2B0AD101F05AF926
:10D8F0000D4B00221A800B4B00221A70084B01229C
:10D900001A7000BFFB7918460837BD4680BD00BFBE
:10D910007043002088630308D08303086C63030806
:10D920007143002074430020724300202003002034
:10D930007E43002080B582B000AF0023FB714C4BCA
:10D940001B78DBB2002B06D04A4B4B4A40F24F11FA
:10D950004A480CF027FC4A4B1B78DBB2042B00F240
:10D96000818001A252F823F05BDA01087DD9010819
:10D9700097D9010827DA01083BDA01083A23BB717D
:10D98000BB79184601F0A0F83D4B02221A703D4BBE
:10D9900000221A7066E03C4B1B889BB2002B3AD0E9
:10D9A000384B1B78DBB2002B02D0012B13D059E08F
:10D9B000364B1B681B78DBB21B09DBB2184600F044
:10D9C000B5F80346BB71BB79184601F07DF82D4BC5
:10D9D00001221A7026E02D4B1B681B78DBB203F086
:10D9E0000F03DBB2184600F0A1F80346BB71BB7908
:10D9F000184601F069F8254B1B680133234A136070
:10DA0000204B00221A70204B1B889BB2013B9AB21C
:10DA10001D4B1A8006E00D2001F056F8184B03222A
:10DA20001A701FE01EE01A4B1B78DBB2184601F09B
:10DA30004BF8134B04221A7014E0114B00221A7099
:10DA4000032000F0BDFF0346FB710021012001F01F
:10DA500005F80B4B00221A7004E00021012000F0B1
:10DA6000FDFF00BFFB7918460837BD4680BD00BFEB
:10DA700071430020A4630308E48303086C63030874
:10DA800070430020744300207C4300207843002032
:10DA90007E43002080B500AF104B1B78DBB2013B0A
:10DAA000012B03D80D4B00221A7011E00B4B1B7891
:10DAB000DBB2012B0BD0094B1B78DBB2022B06D05B
:10DAC000074B084A40F2A71107480CF06BFB00BF58
:10DAD00001F07EF80023184680BD00BF714300208E
:10DAE000C0630308F88303086C63030880B483B041
:10DAF00000AF0346FB71FB792F2B06D9FB79392B3D
:10DB000003D8FB79303BDBB20AE0FB79402B06D926
:10DB1000FB79462B03D8FB79373BDBB200E0FF23D0
:10DB200018460C37BD4680BC7047000080B582B0F7
:10DB300000AF0346FB71FB79092B03D8FB79303327
:10DB4000DBB210E0FB79092B06D9FB790F2B03D848
:10DB5000FB793733DBB206E0054B064A4FF4E87138
:10DB600005480CF01FFB18460837BD4680BD00BFB6
:10DB700004640308108403086C63030880B485B050
:10DB800000AF78600B467B800023FB7306E07B6868
:10DB90005A1C7A601A78FB7B1344FB737B885A1EED
:10DBA0007A80002BF3D1FB7B5B42FB73FB7B184637
:10DBB0001437BD4680BC704780B586B000AF786032
:10DBC00039600023BB753B681B88052B6CD17B68D3
:10DBD00001331B789BB21B02BB827B6802331B782C
:10DBE0009AB2BB8A1343BB82BB8A0133BB827B6878
:10DBF00003331B789BB21B027B827B6804331B7848
:10DC00009AB27B8A13437B827B8A002B49D07B8A22
:10DC1000B3F5FA6F45D27B68FB603B6800221A803F
:10DC2000FB685A1CFA6001221A703B681B8801339A
:10DC30009AB23B681A807B8A03F00703002B06D058
:10DC40007B8ADB089BB2DBB20133FB7503E07B8A86
:10DC5000DB089BB2FB75FB685A1CFA60FA7D1A70F0
:10DC60003B681B8801339AB23B681A807A8AB98A6A
:10DC70000023F86801F09AFC0346FB72FB7A002B44
:10DC800006D0FB7A184600F02AFC0346BB750DE06F
:10DC90003B681A88FB7D9BB213449AB23B681A809A
:10DCA00004E00323BB7501E00323BB75BB7D18466D
:10DCB0001837BD4680BD80B584B000AF786039604C
:10DCC0000023FB733B681B88052B40D17B68013325
:10DCD0001B789BB21B02BB817B6802331B789AB214
:10DCE000BB891343BB81BB890133BB817B68043390
:10DCF0001B78002B28D17B6803331B78FF2B04D0C3
:10DD00007B6803331B78002B1ED100237B727B685A
:10DD100003331B78FF2B02D101233B7201E0002368
:10DD20003B72B98907F108000123012201F03EFC92
:10DD30000346FB72FB7A002B0BD0FB7A184600F0EF
:10DD4000CEFB0346FB7304E00323FB7301E00323D4
:10DD5000FB73FB7B18461037BD4680BD80B584B091
:10DD600000AF786039600023BB733B681B88052BCC
:10DD700054D97B6801331B789BB21B02BB817B6843
:10DD800002331B789AB2BB891343BB81BB89013331
:10DD9000BB817B6803331B789BB21B027B817B6852
:10DDA00004331B789AB27B8913437B817B685B7950
:10DDB0007B727B8903F00703002B06D07B89DB088D
:10DDC0009BB2DBB20133FB7303E07B89DB089BB2C0
:10DDD000FB737B89002B1ED07B89B3F5F66F1AD8B5
:10DDE000FA7B7B7A9A4216D17B68981D7A89B98929
:10DDF000012301F0DBFB03463B723B7A002B06D08C
:10DE00003B7A184600F06BFB0346BB7308E03B68A7
:10DE100005221A8004E00323BB7301E00323BB73D4
:10DE2000BB7B18461037BD4680BD80B586B000AFBD
:10DE3000786039600023BB753B681B88052B6CD16B
:10DE40007B6801331B789BB21B02BB827B68023369
:10DE50001B789AB2BB8A1343BB82BB8A0133BB8255
:10DE60007B6803331B789BB21B027B827B68043385
:10DE70001B789AB27B8A13437B827B8A002B49D022
:10DE80007B8AB3F5FA6F45D27B68FB603B68002262
:10DE90001A80FB685A1CFA6002221A703B681B88C1
:10DEA00001339AB23B681A807B8A03F00703002B88
:10DEB00006D07B8ADB089BB2DBB20133FB7503E043
:10DEC0007B8ADB089BB2FB75FB685A1CFA60FA7D03
:10DED0001A703B681B8801339AB23B681A807A8AB1
:10DEE000BB8A1946F86801F00AFC0346FB72FB7A0C
:10DEF000002B06D0FB7A184600F0F1FA0346BB75FA
:10DF00000DE03B681A88FB7D9BB213449AB23B68D4
:10DF10001A8004E00323BB7501E00323BB75BB7DBE
:10DF200018461837BD4680BD80B584B000AF786014
:10DF300039600023FB733B681B88052B22D17B686B
:10DF400001331B789BB21B02BB817B6802331B78B9
:10DF50009AB2BB891343BB81BB890133BB817B6808
:10DF6000D81CB9890123012200F0D0FE0346FB72C0
:10DF7000FB7A002B08D0FB7A184600F0B0FA034673
:10DF8000FB7301E00323FB73FB7B18461037BD4690
:10DF900080BD80B584B000AF786039600023FB732A
:10DFA0003B681B88052B46D97B6801331B789BB2E5
:10DFB0001B02BB817B6802331B789AB2BB89134377
:10DFC000BB81BB890133BB817B6803331B789BB268
:10DFD0001B027B817B6804331B789AB27B891343D5
:10DFE0007B817B685B797B727B89002B20D07B896E
:10DFF000782B1DD87B89DBB25B00DBB27A7A9A4240
:10E0000016D17B68981D7A89B989012300F07EFEBC
:10E0100003463B723B7A002B06D03B7A184600F051
:10E020005EFA0346FB7308E03B6805221A8004E0B1
:10E030000323FB7301E00323FB73FB7B18461037BC
:10E04000BD4680BD80B586B000AF786039600023E2
:10E05000FB753B681B88052B5CD17B6801331B7803
:10E060009BB21B02BB827B6802331B789AB2BB8ACD
:10E070001343BB82BB8A0133BB827B6803331B78AB
:10E080009BB21B027B827B6804331B787B827B8A7A
:10E09000002B3CD07B8A7D2B39D87B68FB603B68AA
:10E0A00000221A80FB685A1CFA6003221A703B682F
:10E0B0001B8801339AB23B681A807B8ADAB2FB680C
:10E0C000591CF9605200D2B21A703B681B880133A8
:10E0D0009AB23B681A807A8AB98A0023F86800F0FD
:10E0E00015FE0346FB72FB7A002B06D0FB7A18461E
:10E0F00000F0F5F90346FB750EE03B681A887B8A51
:10E100005B009BB213449AB23B681A8004E003237D
:10E11000FB7501E00323FB75FB7D18461837BD46F0
:10E1200080BD80B586B000AF786039600023FB7594
:10E130003B681B88092B40F299807B6801331B7870
:10E140009BB21B02BB827B6802331B789AB2BB8AEC
:10E150001343BB82BB8A0133BB827B6803331B78CA
:10E160009BB21B027B827B6804331B789AB27B8A4A
:10E1700013437B827B6805331B789BB21B023B8277
:10E180007B6806331B789AB23B8A13433B823B8AF7
:10E1900001333B827B6807331B789BB21B02FB81F8
:10E1A0007B6808331B789AB2FB891343FB817B6839
:10E1B0005B7A7B737B8A002B56D07B8A7D2B53D86E
:10E1C000FB89002B50D0FB89792B4DD8FB895A0055
:10E1D0007B7B9A4248D17B6803F10A00FA89398A2D
:10E1E000012300F093FD0346BB75BB7D002B31D1AD
:10E1F0007B68BB603B6800221A80BB685A1CBA600F
:10E2000017221A703B681B8801339AB23B681A8048
:10E210007B8ADAB2BB68591CB9605200D2B21A705C
:10E220003B681B8801339AB23B681A807A8AB98AA4
:10E230000023B86800F06AFD0346BB75BB7D002B68
:10E2400008D13B681A887B8A5B009BB213449AB260
:10E250003B681A80BB7D002B08D0BB7D184600F0C0
:10E260003EF90346FB7501E00323FB75FB7D184671
:10E270001837BD4680BD80B586B000AF7860396084
:10E280000023FB753B681B88052B5FD17B6801333E
:10E290001B789BB21B02BB827B6802331B789AB24D
:10E2A000BB8A1343BB82BB8A0133BB827B680333C7
:10E2B0001B789BB21B027B827B6804331B789AB26B
:10E2C0007B8A13437B827B8A002B3CD07B8A7C2B0E
:10E2D00039D87B68FB603B6800221A80FB685A1CB7
:10E2E000FA6004221A703B681B8801339AB23B68BB
:10E2F0001A807B8ADAB2FB68591CF9605200D2B2EC
:10E300001A703B681B8801339AB23B681A807A8A7C
:10E31000BB8A1946F86800F093FC0346FB72FB7A4F
:10E32000002B06D0FB7A184600F0D9F80346FB759F
:10E330000EE03B681A887B8A5B009BB213449AB25A
:10E340003B681A8004E00323FB7501E00323FB759F
:10E35000FB7D18461837BD4680BD000080B582B0F1
:10E3600000AF786039607B680133084A1288084939
:10E370001846F3F791F8054B1B8801339AB23B68B6
:10E380001A80002318460837BD4680BDA0430020F0
:10E390008043002080B586B000AF78600846114603
:10E3A0001A4603467B800B467B7013463B703B78D6
:10E3B000FB827B78082B05D9294B2A4A37212A482A
:10E3C0000BF0F0FE7B88DB08BB82BB8ADB009BB2D4
:10E3D0007A88D31A7B82FA8A7B8A02FA03F3FB8259
:10E3E0007B78012202FA03F39BB2013B3B823A8A1B
:10E3F0007988BB8ADB00CB1A02FA03F33B82BB8A23
:10E400007A6813441B78FB81BB8A01337A68134412
:10E410001B781B021AB2B7F90E3013431BB2FB81F3
:10E42000B7F91030DB431AB2B7F90E3013401AB205
:10E43000B7F9163013431BB2FB81BB8A7A681344C9
:10E44000FA89D2B21A70FB891B0A99B2BB8A0133CE
:10E450007A681344CAB21A7000BF1837BD4680BD2F
:10E4600008640308208403081864030880B485B096
:10E4700000AF78600B467B8013467B707B88DB089F
:10E48000FB81FB89DB009BB27A88D31ABB817B7846
:10E49000012202FA03F39BB2013B7B81FB897A687C
:10E4A00013441B783B81FB8901337A6813441B7842
:10E4B0001B021AB2B7F9083013431BB23B813A89E9
:10E4C000BB8942FA03F33B813A897B8913403B8144
:10E4D0003B89DBB218461437BD4680BC704780B418
:10E4E00085B000AF0346FB71FB79072B0CD0072BDF
:10E4F0000DDC002B02D0012B03D008E00023FB73BE
:10E5000008E00223FB7305E00623FB7302E004230B
:10E51000FB7300BFFB7B18461437BD4680BC7047B9
:10E5200080B586B000AF3A601A460346FB710B46D1
:10E53000BB7113467B710023FB750123FB60FB68F5
:10E5400083F3108800BF7B79B8790822396800F01E
:10E5500071FA0346012B02D00323FB7516E03B68DA
:10E56000B3F5964F02D923233B6105E03B685B007E
:10E570000C4AB2FBF3F33B613B699BB2184600F0D7
:10E58000DDFA0346012B01D00323FB750023BB609A
:10E59000BB6883F3108800BFFB7D18461837BD4663
:10E5A00080BD00BFA07F170080B582B000AF0123FF
:10E5B0003B603B6883F3108800BF094B00221A7050
:10E5C0000021012000F04AFA00F0ECFA00237B6001
:10E5D0007B6883F3108800BF00BF0837BD4680BD4D
:10E5E000A343002080B582B000AF01233B603B68AD
:10E5F00083F3108800BF0021002000F02FFA00F004
:10E60000E7FA00237B607B6883F3108800BF00BFBC
:10E610000837BD4680BD000080B588B000AFF86007
:10E62000B9607A600023BB770023FB770123BB61CD
:10E63000BB6983F3108800BF1C4B1B889BB2FF2B68
:10E6400005D91B4B1B4A9C211B480BF0ABFD174BFC
:10E650001B889BB2032B1BD9144B1B889BB21946FA
:10E66000164808F051FF0346002B11D1134B1B78BD
:10E67000DAB2FB681A700D4B1B889BB2033B9AB24F
:10E680007B681A80BB680E4A1A600123BB7701E0E1
:10E690000523FB7700237B617B6983F3108800BF30
:10E6A000FB7F18462037BD4680BD00BFAA4400202E
:10E6B000386403083084030860640308A44300201E
:10E6C000A543002080B586B000AF03463960FB71DA
:10E6D0001346BB800023FB7501233B613B6983F339
:10E6E000108800BF284B1B78DBB2012B3FD13B6861
:10E6F000013B264A1360264B01221A80234B1B68DC
:10E70000FA791A70224B1B889AB2BB8813449AB2CA
:10E710001F4B1A801D4B1B681D4A128892B211466E
:10E72000184608F0F1FE0346BB82194B1B889BB2CA
:10E730005A1C91B2164A11801A46BB8AD9B2154B9F
:10E740009954BB8A1B0A99B2114B1B889BB25A1C65
:10E7500090B20F4A10801A46C9B20E4B99540E4B14
:10E7600001221A700121002000F078F901E0052350
:10E77000FB750023FB60FB6883F3108800BFFB7D03
:10E7800018461837BD4680BDA3430020A44400208E
:10E79000A8440020A4430020A243002080B582B0FA
:10E7A00000AF0023FB712A4B1B78DBB2002B05D096
:10E7B000284B294AE62129480BF0F4FCBB1D1846DA
:10E7C00000F096F9264B1B78DBB2032B3BD801A255
:10E7D00052F823F0E5E70108F1E7010819E801081C
:10E7E000EBE7010800F0DEF92DE000F0DBF92AE0AC
:10E7F0001C4B00221A801B4B1B889BB25A1C91B2E7
:10E80000184A11801A46B979174B9954144B0222B1
:10E810001A7000F0C7F916E0124B1B889BB2FF2B51
:10E820000BD8104B1B889BB25A1C91B20D4A118019
:10E830001A46B9790C4B995402E0094B03221A701D
:10E8400000F0B0F900BFFB7918460837BD4680BD1F
:10E85000A24300207864030840840308606403082E
:10E86000A3430020AA440020A443002080B582B026
:10E8700000AF0023FB71224B1B78DBB2012B06D0CB
:10E88000204B214A40F2211120480BF08BFC204BF9
:10E890001B78DBB2002B02D0012B05D02AE000212F
:10E8A000012000F0DBF825E01A4B1B889BB2002BFF
:10E8B00013D0194B1B681B78DBB2184600F004F923
:10E8C000154B1B680133144A1360124B1B889BB213
:10E8D000013B9AB20F4B1A800BE0032000F070F856
:10E8E0000346FB710021012000F0B8F8084B00221C
:10E8F0001A7000BFFB7918460837BD4680BD00BFBF
:10E90000A34300209464030854840308606403084C
:10E91000A2430020A8440020A444002080B582B077
:10E9200000AF0023FB711C4B1B78DBB2032B28D0FC
:10E93000032B10DC002B02D0022B06D00BE00020B2
:10E9400000F03EF80346FB711CE0012000F038F8AF
:10E950000346FB7116E0104B1B78DBB2002B11D085
:10E960000D4B1B78DBB2022B0CD00B4B1B78DBB2B0
:10E97000032B07D0094B0A4A4FF4AD7109480BF03D
:10E9800011FC00BF00F024F9034B01221A70FB793F
:10E9900018460837BD4680BDA3430020B064030875
:10E9A000688403086064030880B400AF034B00224E
:10E9B0001A7001231846BD4680BC7047AD44002044
:10E9C00080B483B000AF0346FB71064B01221A707E
:10E9D000054AFB791370012318460C37BD4680BCED
:10E9E000704700BFAD440020AC44002080B485B027
:10E9F00000AF78600023FB73094B1B78002B08D015
:10EA0000084B1A787B681A70054B00221A70012394
:10EA1000FB73FB7B18461437BD4680BC704700BFB4
:10EA2000AD440020AC44002080B400AF00BFBD4620
:10EA300080BC704780B582B000AF396011461A467D
:10EA40000346FB710B46BB7113467B71FFF7ECFF6E
:10EA5000012318460837BD4680BD000080B582B04E
:10EA600000AF03460A46FB711346BB71FB79002BCE
:10EA700008D040F205311348F5F7E8FA002001F01C
:10EA80006FFB07E040F205310E48F5F7FFFA012071
:10EA900001F066FBBB79002B08D040F20731094832
:10EAA000F5F7D4FA012001F05BFB07E040F20731F3
:10EAB0000448F5F7EBFA002001F052FB00BF0837DD
:10EAC000BD4680BD0038014080B582B000AF03462E
:10EAD000FB71FB7919460548F5F779FA642006F0D1
:10EAE000DFFA012318460837BD4680BD00380140D3
:10EAF00080B582B000AF78600548F5F779FA034633
:10EB0000DAB27B681A70012318460837BD4680BD0B
:10EB10000038014080B500AF024B1B68984700BF2A
:10EB200080BD00BF5C43002080B500AF024B1B6876
:10EB3000984700BF80BD00BF5843002080B586B015
:10EB400000AF0346FB8040F20570F5F711FB144857
:10EB500007F018FE07F10803184607F0ABFE41F274
:10EB60006F733B810023BB81FB88013B3B6100232A
:10EB7000FB8107F108031946094807F0B7FE012198
:10EB8000074807F05DFF064807F02CFF0022002130
:10EB90003720F4F709FF012318461837BD4680BD1A
:10EBA0000014004080B500AF0021084807F038FF8E
:10EBB0000121064807F087FF0121044807F040FFC4
:10EBC000024807F00FFF00BF80BD00BF00140040E7
:10EBD00080B500AF0021084807F022FF0121064858
:10EBE00007F071FF0121044807F03DFF024807F0DC
:10EBF00008FF00BF80BD00BF0014004080B500AF1B
:10EC0000024B1B68984700BF80BD00BF60430020D7
:10EC100080B500AF0121094807F038FF0346002BFB
:10EC200009D00121054807F04EFF0021034807F0F5
:10EC3000F7FEFFF7E3FF00BF80BD00BF00140040F8
:10EC400080B487B000AF78600B467B8013463B8072
:10EC50000023FB757B88B3F57A7F4AD97A883B8895
:10EC60001344B3F57D7F44DA7B88A3F2E9333B613B
:10EC7000244BFB60244B44F258321A80224B44F65A
:10EC80004A325A80204B42F207129A801E4B66226B
:10EC9000DA801D4B4FF480721A811B4B40F2011237
:10ECA0005A81FB681B0C9AB2174B9A81FB689AB287
:10ECB000154BDA8119E0144A3B6932F813301B0A0C
:10ECC00099B27B685A1C7A60CAB21A700E4A3B69C4
:10ECD00032F813107B685A1C7A60CAB21A703B690A
:10ECE00001333B613B88013B3B803B88002BE2D1F9
:10ECF00001E00123FB75FB7D18461C37BD4680BC37
:10ED0000704700BF16072220B044002080B58CB0A9
:10ED100000AFF860084611461A4603467B810B4651
:10ED20003B811346FB71002387F82F30002005F04C
:10ED300027FD38627B8940F2F232934240F206832B
:10ED40007A893B89134440F2BB42934200F3FE822E
:10ED50007B89A3F2F333BB62FB79002B03D0012B39
:10ED600000F03281F5E23B6A5B699AB2814B1A800E
:10ED70003B6A9B699AB27F4B5A803B6A30335B692E
:10ED80009AB27C4B9A803B6A30339B699AB2794B3A
:10ED9000DA803B6A60335B699AB2764B1A813B6AD0
:10EDA00060339B699AB2734B5A813B6A90335B69BB
:10EDB0009AB2704B9A813B6A90339B699AB26D4BC1
:10EDC000DA813B6AC0335B699AB26A4B1A823B6A4A
:10EDD000C0339B699AB2674B5A823B6AF0335B69D6
:10EDE0009AB2644B9A823B6AF0339B699AB2614B48
:10EDF000DA823B6A03F590735B699AB25D4B1A83C2
:10EE00003B6A03F590739B699AB25A4B5A833B6AEB
:10EE100003F5A8735B699AB2564B9A833B6A03F574
:10EE2000A8739B699AB2534BDA83534B1B689AB20F
:10EE3000504B1A84504B5B689AB24E4B5A844E4BDF
:10EE40009B689AB24B4B9A844B4BDB689AB2494B06
:10EE5000DA84494B1B699AB2464B1A85474BB3F883
:10EE60005020444BA3F85020444BB3F85620414B5C
:10EE7000A3F85620414BB3F854203E4BA3F854203E
:10EE80003E4BB3F858203B4BA3F858203C4B1B7823
:10EE9000DBB29AB2374BA3F8C8203A4B1B78DBB2EF
:10EEA0009AB2344BA3F8CA20344BB3F8D820314B74
:10EEB000A3F8CC20012001F0CBF903469AB22D4BE8
:10EEC000A3F8FA20022001F0C3F903469AB2294BB5
:10EED000A3F8FC20032001F0BBF903469AB2254BAE
:10EEE000A3F8FE20042001F0B3F903469AB2214BA7
:10EEF000A3F80021052001F0ABF903469AB21D4B9F
:10EF0000A3F80221062001F0A3F903469AB2194B97
:10EF1000A3F80421072001F09BF903469AB2154B90
:10EF2000A3F80621082001F093F903469AB2114B89
:10EF3000A3F8082119E00F4ABB6A32F813301B0A04
:10EF400099B2FB685A1CFA60CAB21A70094ABB6AC5
:10EF500032F81310FB685A1CFA60CAB21A70BB6A06
:10EF60000133BB623B89013B3B813B89002BE2D1F2
:10EF7000EBE100BFC4440020607F00205446002025
:10EF8000E6470020E5470020FB685A1CFA601B7822
:10EF90009BB21B0299B2BE4ABB6A22F81310FB68EF
:10EFA0005A1CFA601978BA4ABB6A32F813208BB23D
:10EFB000134399B2B64ABB6A22F81310BB6A0133F5
:10EFC000BB623B89013B3B813B89002BDCD1B04BD1
:10EFD000B3F85020AF4BB3F850309A4232D0AC4B1C
:10EFE000B3F85020AB4BA3F85020AA4BB3F85030E5
:10EFF000002B27D0A64B0022A3F85020A44B0022C0
:10F00000A3F85620A24B0022A3F85420A04B0022C4
:10F01000A3F858209E4B0022A3F852209D4B0022BB
:10F02000A3F850209B4B0022A3F85620994B0022B6
:10F03000A3F85420974B0022A3F85820954B0022A8
:10F04000A3F85220924BB3F85620924BB3F85630A7
:10F050009A420CD08E4BB3F856208E4BA3F8562014
:10F060008C4BB3F85630013B184603F0B5F9884B8A
:10F07000B3F85420874BB3F854309A420BD0844BEA
:10F08000B3F85420834BA3F85420824BB3F8543088
:10F09000184603F063F97E4BB3F858207D4BB3F864
:10F0A00058309A4210D07A4BB3F85820794BA3F8D5
:10F0B0005820784BB3F858301A46764BB3F8523094
:10F0C0001946104603F0BEF9714BB3F85220714B4C
:10F0D000B3F852309A420BD06D4BB3F852206D4BBF
:10F0E000A3F852206B4BB3F85230184603F058F98E
:10F0F000674BB3F87820674BB3F878309A4212D058
:10F10000634BB3F87820634BA3F87820614BB3F8D6
:10F1100078301946002002F093FD03469BB2194651
:10F120000020FCF739FB5A4BB3F87A20594BB3F85F
:10F130007A309A4212D0564BB3F87A20554BA3F846
:10F140007A20544BB3F87A301946012002F078FD4A
:10F1500003469BB219460120FCF71EFB4C4BB3F84B
:10F160007C204C4BB3F87C309A4212D0484BB3F819
:10F170007C20484BA3F87C20464BB3F87C301946E2
:10F18000022002F05DFD03469BB219460220FCF707
:10F1900003FB3F4BB3F87E203E4BB3F87E309A42E0
:10F1A00012D03B4BB3F87E203A4BA3F87E20394B6C
:10F1B000B3F87E301946032002F042FD03469BB2AD
:10F1C00019460320FCF7E8FA314BB3F88020314BA5
:10F1D000B3F880309A4212D02D4BB3F880202D4BDB
:10F1E000A3F880202B4BB3F880301946042002F09E
:10F1F00027FD03469BB219460420FCF7CDFA244BA9
:10F20000B3F88220234BB3F882309A4212D0204BBD
:10F21000B3F882201F4BA3F882201E4BB3F8823034
:10F220001946052002F00CFD03469BB21946052045
:10F23000FCF7B2FA164BB3F88420164BB3F88430BF
:10F240009A4212D0124BB3F88420124BA3F88420B8
:10F25000104BB3F884301946062002F0F1FC034647
:10F260009BB219460620FCF797FA094BB3F88620A3
:10F27000084BB3F886309A4218D0054BB3F8862075
:10F28000044BA3F88620034BB3F8863004E000BF9C
:10F29000C4440020544600201946072002F0D0FC48
:10F2A00003469BB219460720FCF776FA2C4BB3F8BD
:10F2B000A0202C4BB3F8A0309A4215D0284BB3F8BD
:10F2C000A020284BA3F8A020264BB3F8A030002B99
:10F2D0000AD00021002002F03DFA214B0022A3F8C1
:10F2E000A02021480BF06AF81D4BB3F8A2201D4B5B
:10F2F000B3F8A2309A4225D0194BB3F8A220194B8B
:10F30000A3F8A220174BB3F8A230002B1AD0002389
:10F310007B6208E007F110027B6A134400221A7036
:10F320007B6A01337B627B6A0D2BF3DD07F11003EF
:10F33000184603F0EDFF0A4B0022A3F8A2200B4869
:10F340000BF03CF800F014F803E002E0012387F82A
:10F350002F3097F82F3018463037BD4680BD00BF9C
:10F36000C4440020544600201465030820650308A7
:10F3700080B500AF874BB3F8CE20874BB3F8CE30C3
:10F380009A4216D0834BB3F8CE20834BA3F8CE20FD
:10F39000804B0022A3F8CE207E4BB3F8C830002B60
:10F3A00007D17D4BB3F8CE30002B02D07B4B01222E
:10F3B0001A70784BB3F8D020774BB3F8D0309A421C
:10F3C00016D0744BB3F8D020734BA3F8D020714BF8
:10F3D0000022A3F8D0206F4BB3F8C830012B07D11F
:10F3E0006D4BB3F8D030002B02D06C4B01221A7059
:10F3F000684BB3F8D220684BB3F8D2309A4216D09B
:10F40000644BB3F8D220644BA3F8D220614B0022A6
:10F41000A3F8D2205F4BB3F8C830012B07D15E4B65
:10F42000B3F8D230002B02D05D4B01221A70594B39
:10F43000B3F8C830012B19D1564BB3F8D420564B32
:10F44000B3F8D4309A4211D0524BB3F8D420524B77
:10F45000A3F8D4204F4B0022A3F8D4204E4BB3F88E
:10F46000D430002B02D04F4B01221A70494BB3F815
:10F47000C830012B19D1474BB3F8D620464BB3F80F
:10F48000D6309A4211D0434BB3F8D620424BA3F862
:10F49000D620404B0022A3F8D6203F4BB3F8D630FD
:10F4A000002B02D0404B01221A703A4BB3F8C830FF
:10F4B000012B14D1374BB3F8D820374BB3F8D830E1
:10F4C0009A420CD0334BB3F8D820334BA3F8D82052
:10F4D000314BB3F8D830DBB21846F3F719F82D4B9F
:10F4E000B3F8F0202C4BB3F8F0309A420DD0294BF2
:10F4F000B3F8F020284BA3F8F020274BB3F8F030F6
:10F50000DBB21946012000F0C9FE224BB3F8F2200D
:10F51000214BB3F8F2309A420DD01E4BB3F8F220D3
:10F520001D4BA3F8F2201C4BB3F8F230DBB21946A6
:10F53000022000F0B3FE174BB3F8F420164BB3F8DB
:10F54000F4309A420DD0134BB3F8F420124BA3F8C9
:10F55000F420114BB3F8F430DBB21946032000F06D
:10F560009DFE0C4BB3F8F6200B4BB3F8F6309A42E5
:10F570000DD0084BB3F8F620074BA3F8F620064B46
:10F58000B3F8F630DBB21946042000F087FE00BF66
:10F5900080BD00BFC444002054460020E84700203E
:10F5A000E9470020EA470020EB47002090B58BB0E8
:10F5B00000AFF860084611461A4603467B810B46A9
:10F5C0003B811346FB71002387F827303B89DB081A
:10F5D0009BB201337B840023FB6100237B830023E8
:10F5E0003B830023FB827B89013B7B817A897B8B78
:10F5F0009A427BD37A893B891A44798B3B8B0B44A3
:10F600009A4273DC7A89FB8AD31A9BB2DB08BB84EB
:10F610007A89FB8AD31A9BB203F00703BB82FB797A
:10F62000002B15D0012B45D063E0BB8C5A1CBA844B
:10F630001A46FB699818FC68631CFB60BB8A0822A9
:10F640001946FEF713FF034623707B8C013B7B8436
:10F650007B8C002BE9D1FB68013BFB603B8903F00D
:10F6600007033B81FB681B781A463B89C3F10803FB
:10F6700002FA03F3DAB2FB681A70FB681B781A46C9
:10F680003B89C3F1080342FA03F3DAB2FB681A704C
:10F690002BE0BB8C5A1CBA841A46FB699818FB688D
:10F6A0005A1CFA601B78B98A0822FEF773FE7B8C1D
:10F6B000013B7B847B8C012BEBD83B8903F0070358
:10F6C0003B813B89002B0FD0BB8C5A1CBA841A4655
:10F6D000FB6998183B89DCB2FB685A1CFA601B78FE
:10F6E000B98A2246FEF756FE00BF02E0012387F8E2
:10F6F000273097F8273018462C37BD4690BD90B577
:10F7000089B000AF78600B467B8013463B800023B6
:10F71000FB773B88DB089BB201337B8300237B6153
:10F7200000237B8200233B820023FB817B88013BFB
:10F730007B807A887B8A9A4249D37A883B881A44AC
:10F74000798A3B8A0B449A4241DC7A88FB89D31A36
:10F750009BB2DB08BB837A88FB89D31A9BB203F088
:10F760000703BB8112E0BB8B5A1CBA831A467B6924
:10F7700098187C68631C7B60BB8908221946FEF7D9
:10F7800075FE034623707B8B013B7B837B8B002BB9
:10F79000E9D17B68013B7B603B8803F007033B803A
:10F7A0007B681B781A463B88C3F1080302FA03F30F
:10F7B000DAB27B681A707B681B781A463B88C3F103
:10F7C000080342FA03F3DAB27B681A7001E00123FE
:10F7D000FB77FB7F18462437BD4690BD80B582B0CD
:10F7E00000AF00237B600AE07B68DBB2184605F0BF
:10F7F000A1F9134B00221A807B6801337B607B6880
:10F80000072BF1DD0F48F4F7D5FF03F0BBFD0E48E1
:10F8100003F08EFD0C4B1B781B020B4A52781343EE
:10F8200019460A48F4F7C6FFF2F74AFB084B0022D4
:10F830001A70084B01221A7000BF0837BD4680BD00
:10F84000A47F002030650308507A00203C6503083F
:10F85000E4470020E647002080B500AF064B0122B8
:10F860001A700648F4F7A6FFF2F7ACFA044B002230
:10F870001A7000BF80BD00BFE44700205065030838
:10F88000E647002080B500AF1C4B00221A700A200A
:10F8900000F0ECFB1A4B1B78DBB2002B2CD0194B81
:10F8A0001B78DBB2002B0ED1174B1B78DBB21A464C
:10F8B000164B53F82230B3F8F230DBB2013BDAB228
:10F8C000104B1A7006E00F4B1B78DBB2013BDAB22B
:10F8D0000C4B1A700E4B1B78DBB2002B02D0094B7D
:10F8E00000221A700A4B00221A70064B1B78DBB2FA
:10F8F0001846F2F70DFE00E000BF80BDE94700208A
:10F90000E6470020E4470020E74700201C020020D3
:10F91000E547002080B500AF1C4B00221A700A207A
:10F9200000F0A4FB1A4B1B78DBB2002B2CD0194B38
:10F930001B78DBB21A46184B1B78DBB21946174B03
:10F9400053F82130B3F8F230013B9A4203DB114BFC
:10F9500000221A7006E00F4B1B78DBB20133DAB2DB
:10F960000C4B1A700E4B1B78DBB2002B02D0094BEC
:10F9700001221A700A4B00221A70064B1B78DBB268
:10F980001846F2F7C5FD00E000BF80BDEA47002041
:10F99000E6470020E4470020E74700201C02002043
:10F9A000E547002080B500AF0F4B00221A700A20F7
:10F9B00000F05CFB0D4B1B78DBB2002B12D00C4B24
:10F9C0001B78DBB2002B0CBF01230023DBB21A46ED
:10F9D000074B1A70064B1B78DBB219460548F4F743
:10F9E000E9FE00E000BF80BDEB470020E6470020B5
:10F9F000E54700205C65030880B500AF0E4B002290
:10FA00001A700E4B1B78DBB2002B12D00C4B1B78FC
:10FA1000DBB21A460B4B53F82230B3F8F230DAB2AD
:10FA2000094B1A70084B1B78DBB21846F2F770FDD1
:10FA300000E000BF80BD00BFEC470020E64700208B
:10FA4000E74700201C020020E447002080B582B078
:10FA500000AF0023FB710023BB712B4B1B78DBB283
:10FA6000002B4AD0294B1B78DBB21A46284B53F89F
:10FA7000223093F80331012B06D101F05BFA0346E3
:10FA8000FB71FB795B00FB71204B1B78DBB21A46E4
:10FA90001F4B53F8223093F80431012B06D101F0AB
:10FAA00055FA0346BB71BB799B00BB71BA79FB79F0
:10FAB0001343BB71BB79062B21D801A252F823F066
:10FAC000FFFA0108FFFA0108DDFA0108FFFA010850
:10FAD000E5FA0108FFFA0108EDFA01080D4B0122D1
:10FAE0001A700DE00B4B01221A7009E0FFF7B4FE0B
:10FAF00009490A480AF000FC02E000BF00E000BF2C
:10FB000000BF0837BD4680BDE6470020E74700201C
:10FB10001C020020E84700206C6503087465030898
:10FB200080B500AF1A4B1B78DBB21A46194B53F85D
:10FB300022303A3319461848F4F73CFE144B1B7830
:10FB4000DBB21A46134B53F8223019461348F4F728
:10FB500031FE0F4B1B78DBB21A460E4B53F82230A6
:10FB60001D3319460E48F4F725FE094B1B78DBB20E
:10FB70001A46084B53F8223093F8F43019460948D6
:10FB8000F4F718FE0C210848F4F714FE00BF80BDFE
:10FB9000E74700201C0200208465030898650308DD
:10FBA000A8650308B8650308CC65030880B500AFF5
:10FBB0000A4B01221A700A4B00221A70094B0022CC
:10FBC0001A70094B00221A7000F0B2F9074A08496E
:10FBD00008480AF091FB00BF80BD00BFE447002049
:10FBE000E5470020E6470020E7470020F8470020CF
:10FBF0006C650308DC65030880B500AFFFF726FFDE
:10FC0000784B1B78DBB2002B45D0774B1B78DBB2EF
:10FC1000002B40D0754B1B78002B07D1734B012272
:10FC20001A7005F033FA0346714A136005F02EFA94
:10FC30000246704B1B78DBB219466F4B53F82130EC
:10FC4000B3F8F03019466A4B1B680B449A4222D92C
:10FC5000664B00221A70694B1B78DBB29AB2654B77
:10FC60001B78DBB21946644B53F82130B3F8F230FD
:10FC70009A4203D1614B00221A7006E05F4B1B7859
:10FC8000DBB20133DAB25D4B1A705C4B1B78DBB22E
:10FC90001846F2F73DFC5A4B1B78012B31D1534BE0
:10FCA0001B78002B07D1514B01221A7005F0EEF999
:10FCB0000346544A136005F0E9F902464D4B1B78A0
:10FCC000DBB219464C4B53F82130B3F8F6301946E5
:10FCD0004C4B1B680B449A4248D9444B00221A7083
:10FCE00049494A480AF008FBFFF7CCFD4848F4F7B9
:10FCF00061FD3C4B1B78DBB219464648F4F75AFDD0
:10FD000034E0454B1B78012B30D1384B1B78002B4E
:10FD100007D1364B01221A7005F0B8F90346394A6B
:10FD2000136005F0B3F90246324B1B78DBB219467B
:10FD3000314B53F82130B3F8F6301946314B1B687C
:10FD40000B449A4212D9294B00221A702E4933488B
:10FD50000AF0D2FA3248F4F72DFDFFF7DBFD214B14
:10FD60001B78DBB219462B48F4F724FD2D4B1B788A
:10FD7000012B1AD12B4B00221A701B4B1B78DBB2C4
:10FD8000002B09D0FFF768FD1F4927480AF0B4FA95
:10FD90002648F4F70FFD08E0FFF720FD1A49244834
:10FDA0000AF0AAFA2348F4F705FD234B1B78012B30
:10FDB00001D1FFF7F7FD214B1B78012B0BD10A4B2B
:10FDC0001B78DBB2002B06D0FFF716FE0E491C484D
:10FDD0000AF092FA03E0194B00221A7000BF00BF2C
:10FDE00080BD00BFE5470020E6470020ED4700202A
:10FDF000F0470020E74700201C020020E4470020D5
:10FE0000E9470020F44700206C650308F465030807
:10FE1000FC6503085C650308EA47002010660308D8
:10FE20001C660308E847002074650308346603086D
:10FE30004C6603085C660308EB470020EC47002093
:10FE40007466030880B596B000AF4FF4A160F4F774
:10FE50008FF900F037F80223BB6102237B61032393
:10FE60003B610023FB600023BB6000237B60002319
:10FE70003B600123FB610023FB640023BB64102370
:10FE80007B6400233B640023FB630023BB630023EC
:10FE90007B6301233B630023FB620023BB620023DF
:10FEA0003B623B463B653B467B6507F11C031846BE
:10FEB00006F01AFE012006F0D5FE00BF5837BD46F9
:10FEC00080BD000080B500AF40F20460F4F750F947
:10FED00040F20560F4F74CF940F20660F4F748F997
:10FEE0004CF20373032218210F48F3F7FBFD4FF682
:10FEF0008073032218210D48F3F7F4FD4FF480536B
:10FF0000032218210848F3F7EDFD302303221821BE
:10FF10000548F3F7E7FD8023032218210248F3F791
:10FF2000E1FD00BF80BD00BF00140140001801408A
:10FF300080B588B002AF4FF0C04308221A80344B1E
:10FF40001B88FB82FB8A1B0A9BB2DBB23B71FB8ADC
:10FF5000DBB27B714FF0C04309221A802C4B1B8807
:10FF6000FB82FB8A1B0A9BB2DBB2BB71FB8ADBB252
:10FF7000FB714FF0C0430A221A80254B1B88FB827D
:10FF8000FB8A1B0A9BB2DBB23B72FB8ADBB27B7241
:10FF90004FF0C0430B221A801D4B1B88FB82FB8A4B
:10FFA0001B0A9BB2DBB2BB72FB8ADBB2FB724FF067
:10FFB000C0430C221A80164B1B88FB82FB8A1B0A4B
:10FFC0009BB2DBB23B73FB8ADBB27B734FF0C04367
:10FFD0000E221A800E4B1B88FB82FB8ABB824FF0DD
:10FFE000C0430F221A800A4B1B88FB82FB8A7B824C
:10FFF0000023FB82B98A7B8A3A1D00930B46054990
:020000040802F0
:1000000005480AF027FA00BF1837BD4680BD00BF7B
:100010000000046080660308F847002080B485B0C3
:1000200000AF0346FB800023FB814FF0C043042256
:100030001A800D4B1B88FB81FB88002B07D1FB89A5
:1000400023F48053FB81084AFB89138006E0FB8977
:1000500043F48053FB81044AFB89138000BF1437AB
:10006000BD4680BC704700BF0000046080B584B00E
:1000700000AF0346FB800023FB814FF0C043042206
:100080001A80134B1B88FB81FB8943F40053FB81CF
:100090004FF0C04304221A800D4AFB8913801E20B2
:1000A00005F044F84FF0C04304221A80084B1B8827
:1000B000FB81FB8923F40053FB814FF0C0430422F2
:1000C0001A80034AFB89138000BF1037BD4680BDEC
:1000D0000000046080B584B000AF0346FB71FB797B
:1000E000142B01D91423FB71FB791846F0F7C4FDDA
:1000F000034618491846F0F717FE03461846F0F76E
:10010000D9FF0346BB81BB89C3F17F03FB81FB8918
:100110007F2B01D97F23FB81FB890B2B01D80C237B
:10012000FB81FB896833BB60BB685B01BB60BB685C
:10013000094AA2FB03231B09BB604FF0C043022204
:100140001A80064BBA6892B21A8000BF1037BD46BB
:1001500080BD00BF0000C04009CB3D8D00000460A1
:1001600080B485B000AF0346FB800023FB814FF0D5
:10017000C04304221A800D4B1B88FB81FB88002B97
:1001800007D1FB8923F40063FB81084AFB891380B4
:1001900006E0FB8943F40063FB81044AFB8913807A
:1001A00000BF1437BD4680BC704700BF000004602C
:1001B00080B485B000AF0346FB800023FB814FF085
:1001C000C04304221A800D4B1B88FB81FB88002B47
:1001D00007D1FB8923F40073FB81084AFB89138054
:1001E00006E0FB8943F40073FB81044AFB8913801A
:1001F00000BF1437BD4680BC704700BF00000460DC
:1002000080B485B000AF0346FB800023FB814FF034
:10021000C04304221A800D4B1B88FB81FB88002BF6
:1002200007D1FB8923F48063FB81084AFB89138093
:1002300006E0FB8943F48063FB81044AFB89138059
:1002400000BF1437BD4680BC704700BF000004608B
:1002500080B485B000AF0346FB710023BB8100234F
:10026000FB734FF0C04305221A800B4B1B88BB81E8
:10027000BA89FB79023342FA03F303F00103002B3E
:1002800002D00123FB7301E00023FB73FB7B1846C4
:100290001437BD4680BC70470000046080B584B050
:1002A00000AF03460A46FB711346BB710023FB8176
:1002B0004FF0C04305221A80174B1B88FB81FB7946
:1002C000042B03D915480AF017F821E0BB79002B5D
:1002D00010D1FB790A33012202FA03F31BB2DB438C
:1002E0001AB2B7F90E3013401BB2FB810A4AFB89E0
:1002F00013800DE0FB790A33012202FA03F31AB2EC
:10030000B7F90E3013431BB2FB81034AFB891380FC
:100310001037BD4680BD00BF00000460886603083A
:1003200080B483B000AF0346FB8000BF0C37BD46EE
:1003300080BC704780B483B000AF0346FB804FF0B1
:10034000C04350221A80044AFB88138000BF0C3738
:10035000BD4680BC704700BF0000046080B483B01D
:1003600000AF78604FF0C04351221A80084B7A6882
:1003700092B21A804FF0C04352221A807B681A0C46
:10038000034B92B21A8000BF0C37BD4680BC704749
:100390000000046080B400AF4FF0C04350221A80C8
:1003A000034B1B889BB2DBB21846BD4680BC70472E
:1003B0000000046080B584B000AFF860B9601346F7
:1003C000FB800120FCF7EAF940F2F620FFF7B2FFCC
:1003D000002000F0C5FAF868FFF7C0FF4FF408707E
:1003E000FFF7A8FF40F22220FFF7A4FF4FF422708E
:1003F000FFF7A0FF11E0BB681A1DBA601B68184622
:10040000FFF7ACFF4FF40870FFF794FF40F2222093
:10041000FFF790FFFB88013BFB80FB88002BEAD1B4
:10042000012000F09DFA00BF1037BD4680BD80B5A9
:1004300084B000AF78600B46FB700120FCF7AEF98A
:1004400040F2F620FFF776FF002000F089FA786886
:10045000FFF784FF4FF40870FFF76CFF40F2222093
:10046000FFF768FF4FF46270FFF764FFFB781846F0
:10047000FCF794F9FCF76EF90023FB81012004F0EE
:1004800055FEFFF787FF0346BB81BB8903F00103DD
:10049000BB81FB890133FB81BB89002BEED0FB893B
:1004A000B3F5FA7FEAD8FCF7FFF90020FFF742FF27
:1004B000012000F055FA00BF1037BD4680BD000096
:1004C00080B586B000AF0346FB715A4B1B78DBB298
:1004D0001A46594B53F82230B3F86230FB82554B21
:1004E0001B78DBB21A46544B53F82230B3F8643011
:1004F000BB8201233B6107F1100301221946C02092
:10050000FFF758FF40F243733B6107F110030122EC
:100510001946B720FFF74EFF05233B6107F1100393
:1005200001221946BC20FFF745FF00233B6107F17C
:10053000100301221946BD20FFF73CFF2A23BB60B0
:10054000FB8A013B1B029AB2FB8A013B1B12DBB206
:100550001344FB6007F1080302221946BF20FFF78E
:1005600029FF40F243733B6107F110030122194652
:10057000B720FFF71FFF05233B6107F1100301229E
:100580001946BC20FFF716FF00233B6107F110035B
:1005900001221946BD20FFF70DFF2B23BB60BB8A4C
:1005A000013B1B029AB2BB8A013B1B12DBB2134414
:1005B000FB6007F1080302221946BF20FFF7FAFE8D
:1005C00040F243733B6107F1100301221946B72043
:1005D000FFF7F0FEFB8ABA8A03FB02F213465B00C8
:1005E00013449BB23B6107F1100301221946BC2062
:1005F000FFF7E0FEFB8ABA8A03FB02F213465B00B8
:1006000013441B0C3B6107F1100301221946BD2066
:10061000FFF7D0FE07F1100300221946BF20FFF7B5
:10062000C9FEFB7919462C20FFF701FF00BF1837E0
:10063000BD4680BDE74700201C02002080B588B081
:1006400000AF0346FB80FB88AF2B04D97449754883
:1006500009F052FEDFE0FB885A1F734913465B0026
:100660001344DB000B441B68FB61FB885A1F6E4977
:1006700013465B001344DB000B4404331B68BB616F
:10068000FB885A1F684913465B001344DB000B4488
:1006900008331B687B61FB885A1F634913465B0064
:1006A0001344DB000B440C331B683B61FB885A1F6F
:1006B0005D4913465B001344DB000B4410331B6899
:1006C000FB60FB885A1F584913465B001344DB004C
:1006D0000B4414331B68BB604FF0C04353221A8095
:1006E000524B00221A804FF0C04354221A804F4BC5
:1006F000FA6992B21A80012004F018FD4FF0C0434D
:1007000055221A80FB691A0C484B92B21A800120BC
:1007100004F00CFD4FF0C04356221A80434BBA69D7
:1007200092B21A80012004F001FD4FF0C04357221D
:100730001A80BB691A0C3D4B92B21A80012004F05A
:10074000F5FC4FF0C04358221A80384B7A6992B2B8
:100750001A80012004F0EAFC4FF0C04359221A80AD
:100760007B691A0C314B92B21A80012004F0DEFC36
:100770004FF0C0435A221A802C4B3A6992B21A8029
:10078000012004F0D3FC4FF0C0435B221A803B6988
:100790001A0C264B92B21A80012004F0C7FC4FF0CD
:1007A000C0435C221A80214BFA6892B21A80012061
:1007B00004F0BCFC4FF0C0435D221A80FB681A0CA9
:1007C0001A4B92B21A80012004F0B0FC4FF0C043E3
:1007D0005E221A80154BBA6892B21A80012004F08A
:1007E000A5FC4FF0C0435F221A80BB681A0C0F4B68
:1007F00092B21A80012004F099FC4FF0C0435322BA
:100800001A800A4B01221A804FF0C04353221A80EB
:10081000064B00221A8000BF2037BD4680BD00BFB6
:10082000946603089C66030824030020000004600B
:1008300080B582B000AF0346FB71FB799BB21846CE
:1008400006F0D1FE00BF0837BD4680BD80B582B03E
:1008500000AF0346FB71FB799BB2184606F08AFE97
:1008600000BF0837BD4680BD80B582B000AF78605C
:10087000BC20FFF7EBFF7B68DBB21846FFF7D8FF21
:100880007B681B0ADBB21846FFF7D2FFBF20FFF7D9
:10089000DDFF00BF0837BD4680BD80B582B000AF28
:1008A0000346FB71FB79184600F0D8FA00BF083701
:1008B000BD4680BD80B582B000AF0346FB71FB79B9
:1008C0001846FFF7D1FF00BF0837BD4680BD0000C6
:1008D00080B582B000AF0346FB71FB79002B04D1D9
:1008E00040210648F3F7C1F903E040210348F3F73C
:1008F000ADF900BF0837BD4680BD00BF0014014000
:1009000080B500AF0020FFF7E3FF642004F00EFC89
:100910000120FFF7DDFF642004F008FC00BF80BD6C
:1009200080B582B000AF0346FB71FB79002B08D184
:1009300004210A48F3F799F908210848F3F795F9D3
:1009400007E004210548F3F781F908210348F3F78C
:100950007DF900BF0837BD4680BD00BF00100140D3
:1009600080B582B000AF0346FB71FB79002B08D144
:1009700010210A48F3F779F904210948F3F775F9CA
:1009800007E010210548F3F761F904210448F3F763
:100990005DF900BF0837BD4680BD00BF00080140BB
:1009A000000C014080B582B000AF0346FB71FB79BB
:1009B000002B09D120210B48F3F757F94FF40051D0
:1009C0000948F3F752F908E020210648F3F73EF909
:1009D0004FF400510448F3F739F900BF0837BD461A
:1009E00080BD00BF00080140000C014080B582B00E
:1009F00000AF0346FB71FB79002B09D180210B4826
:100A0000F3F733F94FF400410948F3F72EF908E002
:100A100080210648F3F71AF94FF400410448F3F730
:100A200015F900BF0837BD4680BD00BF0008014072
:100A3000000C014080B582B000AF03460A46FB803F
:100A40001346BB80BA88FB8811461846FAF7B8FFF0
:100A5000BA88FB8811461846FBF70CF800BF083728
:100A6000BD4680BD80B582B000AF0346FB80FB88E9
:100A70001946002001F0E4F803469BB21946002015
:100A8000FAF78AFE00BF0837BD4680BD80B582B048
:100A900000AF0346FB80FB881946012001F0D0F827
:100AA00003469BB219460120FAF776FE00BF0837CD
:100AB000BD4680BD80B582B000AF0346FB80FB8899
:100AC0001946022001F0BCF803469BB219460220E9
:100AD000FAF762FE00BF0837BD4680BD80B582B020
:100AE00000AF0346FB80FB881946032001F0A8F8FD
:100AF00003469BB219460320FAF74EFE00BF0837A3
:100B0000BD4680BD80B582B000AF0346FB80FB8848
:100B10001946042001F094F803469BB219460420BC
:100B2000FAF73AFE00BF0837BD4680BD80B582B0F7
:100B300000AF0346FB80FB881946052001F080F8D2
:100B400003469BB219460520FAF726FE00BF083778
:100B5000BD4680BD80B582B000AF0346FB71FB7916
:100B600019460120FAF7E0FF00BF0837BD4680BDF7
:100B700080B582B000AF0346FB71FB7919460220B5
:100B8000FAF7D2FF00BF0837BD4680BD80B582B0FE
:100B900000AF0346FB71FB7919460320FAF7C4FF47
:100BA00000BF0837BD4680BD80B582B000AF0346A8
:100BB000FB71FB7919460420FAF7B6FF00BF08372E
:100BC000BD4680BD80B582B000AF0346FB71FB79A6
:100BD00019460520FAF7A8FF00BF0837BD4680BDBB
:100BE00080B582B000AF0346FB71FB791946062041
:100BF000FAF79AFF00BF0837BD4680BD80B582B0C6
:100C000000AF0346FB80FB881946022001F018F86C
:100C100003469BB219460220FAF7BEFDFB8819462F
:100C2000052001F00DF803469BB219460520FAF79E
:100C3000B3FD00BF0837BD4680BD80B582B000AFB0
:100C40000346FB71FB7919460320FAF76DFFFB7928
:100C500019460620FAF768FF00BF0837BD4680BD79
:100C600080B582B000AF03460A46FB801346BB80C6
:100C7000BA88FB8811461846FAF784FEBA88FB88C2
:100C800011461846FAF7D8FE00BF0837BD4680BDAA
:100C900080B582B000AF0346FB80FB881946012077
:100CA00000F0CEFF03469BB219460120FAF774FD0F
:100CB000FB881946042000F0C3FF03469BB2194687
:100CC0000420FAF769FD00BF0837BD4680BD80B536
:100CD00082B000AF0346FB71FB7919460220FAF798
:100CE00023FFFB7919460520FAF71EFF00BF0837DE
:100CF000BD4680BD80B582B000AF03460A46FB808A
:100D00001346BB80BA88FB8811461846FAF71CFECA
:100D1000BA88FB8811461846FAF770FE00BF0837FC
:100D2000BD4680BD80B582B000AF0346FB80FB8826
:100D30001946002000F084FF03469BB219460020AC
:100D4000FAF72AFDFB881946032000F079FF0346D5
:100D50009BB219460320FAF71FFDFB88B3F5487FC5
:100D600008D901210120FAF7DFFE01210420FAF75A
:100D7000DBFE07E000210120FAF7D6FE0021042067
:100D8000FAF7D2FE00BF0837BD4680BD80B582B0FD
:100D900000AF03460A46FB801346BB80BA88FB8837
:100DA00011461846FAF784FE00BF0837BD4680BDDD
:100DB00080B582B000AF03460A46FB801346BB8075
:100DC000BA88FB8811461846FAF790FE00BF08372C
:100DD000BD4680BD80B582B000AF0346FB80FB8876
:100DE0001946062000F02CFF03469BB21946062048
:100DF000FAF7D2FC00BF0837BD4680BD80B582B08F
:100E000000AF0346FB80FB881946072000F018FF5F
:100E100003469BB219460720FAF7BEFC00BF08370D
:100E2000BD4680BD80B582B000AF0346FB71FB7943
:100E300019460720FAF778FE00BF0837BD4680BD87
:100E400080B582B000AF0346FB71FB7919460820DC
:100E5000FAF76AFE00BF0837BD4680BD80B582B094
:100E600000AF0346FB71FB79002B08D101210A4832
:100E7000F2F7ECFE02210848F2F7E8FE07E0012154
:100E80000548F2F7F2FE02210348F2F7EEFE00BF3A
:100E90000837BD4680BD00BF0018014080B582B054
:100EA00000AF0346FB71FB79002B05D14FF40071B5
:100EB0000648F2F7DAFE04E04FF400710348F2F757
:100EC000C5FE00BF0837BD4680BD00BF000C014015
:100ED00080B582B000AF0346FB71FB79002B05D1D2
:100EE0004FF480710648F2F7C0FE04E04FF48071C1
:100EF0000348F2F7ABFE00BF0837BD4680BD00BF18
:100F00000008014080B582B000AF0346FB71FB7959
:100F1000002B04D108210648F2F7A7FE03E00821C0
:100F20000348F2F793FE00BF0837BD4680BD00BFFF
:100F30000014014080B500AF40210348F2F7A4FE41
:100F40000346184680BD00BF0010014080B500AFC9
:100F500080210348F2F798FE0346184680BD00BF83
:100F60000010014080B582B000AF0346FB71FB79F1
:100F7000032B33D801A252F823F000BF8D0F0208D3
:100F8000A10F0208B50F0208C90F02084FF4004173
:100F90001548F2F76AFE10211448F2F766FE1EE0CB
:100FA0004FF400411048F2F751FE10210F48F2F7BC
:100FB0005CFE14E04FF400410B48F2F756FE10219E
:100FC0000A48F2F743FE0AE04FF400410648F2F700
:100FD0003DFE10210548F2F739FE00E000BF002376
:100FE00018460837BD4680BD00100140001801407A
:100FF00080B582B000AF0346FB71FB79032B27D885
:1010000001A252F823F000BF1910020827100208AD
:1010100035100208431002080020FFF7C9F800202D
:10102000FFF7EEF815E00120FFF7C2F80020FFF708
:10103000E7F80EE00020FFF7BBF80120FFF7E0F82B
:1010400007E00120FFF7B4F80120FFF7D9F800E02E
:1010500000BF00BF0837BD4680BD00BF80B500AFF0
:1010600040F20260F3F784F8B023032210218E4887
:10107000F2F738FD4023032204218B48F2F732FDBA
:1010800040F20360F3F774F84FF420430322102179
:101090008648F2F727FD4FF480430322042183485A
:1010A000F2F720FD40F20460F3F762F80C2303220C
:1010B00010217F48F2F716FD40F20460F3F758F86C
:1010C000C023032204217A48F2F70CFD40F20660A7
:1010D000F3F74EF80323032210217648F2F702FDBE
:1010E00040F20560F3F744F8082303221021724808
:1010F000F2F7F8FC40F20360F3F73AF84FF480732C
:10110000032210216948F2F7EDFC4FF48071674823
:10111000F2F79CFD40F20260F3F72AF84FF4807377
:10112000032210216048F2F7DDFC40F20360F3F780
:101130001FF80323032210215C48F2F7D3FC40F28E
:101140000360F3F715F84023032210215748F2F704
:10115000C9FC40F20260F3F70BF840F20360F3F7CA
:1011600007F81023032210214F48F2F7BBFC042399
:10117000032210214D48F2F7B5FC40F20460F2F76B
:10118000F7FF0123032204214948F2F7ABFC40F2A8
:101190000460F2F7EDFF0223032204214448F2F732
:1011A000A1FC40F20460F2F7E3FF102303220421C4
:1011B0003F48F2F797FC40F20460F2F7D9FF40F2A3
:1011C0000660F2F7D5FF4FF40043032210213848A0
:1011D000F2F788FC40F20660F2F7CAFF1023032200
:1011E00010213448F2F77EFC40F20460F2F7C0FFB1
:1011F0002023032204212E48F2F774FC40F20560FC
:10120000F2F7B6FF4023032210212B48F2F76AFCC5
:1012100040212948F2F71AFD40F20460F2F7A8FFD6
:101220004FF40053032204212148F2F75BFC4FF4F2
:1012300000511F48F2F70AFD40F20460F2F798FFF0
:101240004FF48043032204211948F2F74BFC40F28B
:101250000460F2F78DFF4FF4F85303220421144881
:10126000F2F740FC40F20560F2F782FF042303220C
:1012700004211148F2F736FC40F20460F2F778FFDF
:1012800040F20560F2F774FF4FF4F8530322042193
:101290000748F2F727FC0423032204210648F2F74B
:1012A00021FC00BF80BD00BF00080140000C0140D0
:1012B00000100140001801400014014080B588B0C2
:1012C00002AF0346FB71FB79012B06D1404B7B61DA
:1012D000404B3B61404BFB600BE0FB79002B08D09F
:1012E000FB79022B05D13D4B7B613D4B3B613D4B77
:1012F000FB603969F86805F0C3FD0346FB72FB7AB1
:10130000002B0AD0FB79384A52F823301A46374965
:10131000374808F0F1FF002355E0FB79324A52F8D4
:1013200023203B693149334808F0E6FFFB792E4A18
:1013300052F823301A462D492F4808F0DDFF0022CD
:1013400039697869F7F7C2FC0346FB72FB7A002B18
:101350000DD0FB79244A52F823301A4623492748F6
:1013600008F0CAFF386905F0D1FD00232BE0FB79B6
:101370001D4A52F823301A461C49214808F0BCFF88
:10138000FB79184600F046F80346FB72FB7A002B07
:101390000AD0FB79144A52F823301A4613491948E7
:1013A00008F0AAFF00230EE0FB790F4A52F8232031
:1013B000154B1968154B1B6800930B460B491448D5
:1013C00008F09AFF012318461837BD4680BD00BFBC
:1013D00010480020C0680020C88403086858002016
:1013E000C4680020DC840308E4150020D4660308E8
:1013F000DC660308FC6603082C67030840670308E3
:101400005C67030884670308084800200C48002034
:10141000A4670308B0B588B000AF0346FB71002392
:10142000BB600023BB6100237B61FB79012B02D1F0
:101430002B4BFB610AE0FB79002B02D1294BFB61AE
:1014400004E0FB79022B01D1274BFB6107F10C0271
:1014500007F108031946F869F8F7F6FE0346FB742E
:10146000FB7C002B36D1FB6803F58153D3E90023C5
:10147000941E43F1FF352246FB6803F580539B78A9
:1014800002FB03F37B61FB6803F580539B781A46EC
:10149000BB6802FB03F3BB61FB6803F580535B8908
:1014A0005B0A9BB21A467B6902FB03F37B61FB6814
:1014B00003F580535B895B0A9BB21A46BB6902FB4A
:1014C00003F3BB617B695B08084A1360BB695B0877
:1014D000074A1360FB7C18462037BD46B0BD00BFED
:1014E000C0680020C8680020C468002008480020A8
:1014F0000C48002080B58AB002AFF860B9607A600D
:1015000000237B610023FB617B6803F00303002B56
:1015100004D07B689B0801339B007B607B68B3F140
:10152000006F03D37B68214A934209D97423009347
:101530001F4B204A2049214808F0DEFE012331E0FC
:101540007A68BB6813443B6104F018FF40F207302F
:1015500005F06EF83A697B68D31ADB0A7B617B6918
:1015600001337B617B68FB61FB68BB6113E0BB6996
:101570001B681946F86904F0E5FF0346002B06D105
:10158000FB690433FB61BB690433BB6103E00C48B6
:1015900008F014FFFBE7FA693B699A42E7D304F0CD
:1015A0001FFF012318462037BD4680BD01000808F3
:1015B000E868030880840308FC68030804690308DA
:1015C0003C69030880B588B002AF786039600023B9
:1015D0003B6100237B613B6803F00303002B04D0D5
:1015E0003B689B0801339B003B603B68B3F1006F95
:1015F00003D33B68204A93420AD940F20B1300936D
:101600001E4B1F4A1F49204808F076FE01232FE099
:101610003A687B681344FB6004F0B0FE40F2073088
:1016200005F006F8FA683B68D31ADB0A3B613B69B0
:1016300001333B6100237B6111E07B69DA023B6887
:101640001344184604F0EAFE0346002B04D00F486A
:1016500008F052FE00230BE07B6901337B617A695D
:101660003B699A4203D20A4B1B78002BE5D0012339
:1016700018461837BD4680BD01000808E868030811
:1016800090840308FC680308046903087069030870
:10169000CC68002080B582B000AF00237B60144B83
:1016A0001B68002B1FD0124B1B689847002000F0CE
:1016B00025F878607B680F4A934214D00D490020CA
:1016C00000F048F8002000F019F878607B68094ABB
:1016D000934205D100F052F8074808F06FFE02E08F
:1016E0004FF0FF3300E0012318460837BD4680BDA8
:1016F000F0150020AA5555AA8869030880B582B064
:1017000000AF7860074B9B69002B05D0054B9B69A8
:1017100078689847034600E0002318460837BD461E
:1017200080BD00BFF015002080B584B000AFF86028
:10173000B9607A60064B1B6A002B05D0044B1B6A0C
:101740007A68B968F868984700BF1037BD4680BD11
:10175000F015002080B582B000AF78603960064B8C
:101760009B68002B04D0044B9B68396878689847C5
:1017700000BF0837BD4680BDF015002080B582B09F
:1017800000AF00237B60A54B40F29E721A60A44B11
:101790004FF461721A60A34B3B603B6840F23452D5
:1017A0001A603B6840F638625A603B6840F24F521C
:1017B0009A603B6840F68562DA603B6800221A63F3
:1017C0003B6800225A633B684FF0FF321A613B6866
:1017D0004FF0FF325A613B684FF0FF329A613B682D
:1017E0004FF0FF32DA613B6844333B603B6840F2C4
:1017F00061521A603B6840F665625A603B6840F28D
:1018000079529A603B6840F6B362DA603B68002226
:101810001A633B6800225A633B684FF0FF321A613B
:101820003B684FF0FF325A613B684FF0FF329A61DC
:101830003B684FF0FF32DA613B6844333B603B6802
:1018400040F22D521A603B6840F621625A603B68B4
:1018500040F24A529A603B6840F66F62DA603B6839
:1018600000221A633B6800225A633B684FF0FF3244
:101870001A613B684FF0FF325A613B684FF0FF320C
:101880009A613B684FF0FF32DA613B6844333B605A
:101890003B684FF4B8621A603B6840F6EE625A60EB
:1018A0003B6840F2DF529A603B6840F63872DA607B
:1018B0003B6800221A633B6800225A633B684FF082
:1018C000FF321A613B684FF0FF325A613B684FF0BC
:1018D000FF329A613B684FF0FF32DA613B68443374
:1018E0003B603B6840F28C521A603B6840F6A56250
:1018F0005A603B6840F2A9529A603B684FF46F62AD
:10190000DA603B6800221A633B6800225A633B6836
:101910004FF0FF321A613B684FF0FF325A613B686B
:101920004FF0FF329A613B684FF0FF32DA613B685B
:1019300044333B603B6840F28F421A603B6840F69C
:10194000A3525A603B6840F2A5429A603B6840F659
:10195000EF52DA603B6800221A633B6800225A6348
:101960003B684FF0FF321A613B684FF0FF325A611B
:101970003B684FF0FF329A613B684FF0FF32DA610B
:101980003B6844333B603B6840F21B321A603B6863
:1019900041F22C725A603B6840F22B329A603B68ED
:1019A00041F2AC72DA603B6800221A633B68122293
:1019B0005A633B684FF0FF321A613B684FF0FF32C9
:1019C0005A613B684FF0FF329A613B684FF0FF323B
:1019D000DA613B6844333B603B6840F68E321A6004
:1019E0003B6841F674725A603B6840F6C4329A60B4
:1019F0003B6842F21202DA603B6803221A633B68DA
:101A000008225A633B684FF0FF321A613B684FF07F
:101A1000FF325A613B684FF0FF3205E0206B002037
:101A2000246B0020D06800209A613B684FF0FF32A1
:101A3000DA61234B3B6000237B6039E07A68134610
:101A40005B0013445B010C331A463B681B68194664
:101A50001046FFF77FFE7A6813465B0013445B0174
:101A600010331A463B685B6819461046FFF772FE52
:101A70007A6813465B0013445B0114331A463B68D3
:101A80009B6819461046FFF765FE7A6813465B00AF
:101A900013445B0118331A463B68DB68194610464D
:101AA000FFF758FE7B6801337B603B6844333B6043
:101AB0007B68082BC2DD00BF00BF0837BD4680BD74
:101AC000D068002080B584B000AF0023FB60002305
:101AD0007B601B4B00225A61194B00229A61184B04
:101AE00000221A62164B6FF07F421A60144B0022DC
:101AF000DA62134B00225A6010237B60114BBB60EB
:101B00000023FB6012E0BB683B60FA6813465B0091
:101B100013445B010C337A6839681846FFF704FEFA
:101B2000FB680133FB60BB684433BB60FB68072B79
:101B3000E9DDF9F711FE00BF1037BD4680BD00BFDB
:101B4000F06A0020D06800202DE9B04F92B000AFBD
:101B5000F861B96100237B6400233B640023FB63CD
:101B60000023BB6300237B6300233B634FF0000231
:101B70004FF00003C7E90A23304B7B62FA69134632
:101B80001B0113449B001A467B6A13447B627B6AE9
:101B90001B68FB637B6A5B68BB637B6A9B687B63D8
:101BA0007B6ADB683B633A6B7B6BD31A7B64BA6BF3
:101BB000FB6BD31A3B64BA69FB6BD31ADA17BB60B1
:101BC000FA60D7E90223C7E90A237B6CDA17984643
:101BD0009146FB6A08FB03F2BB6A09FB03F313445B
:101BE000BA6AA2FB08452B441D46C7E90A45C7E966
:101BF0000A453B6CDA173B617A61D7E90423D7E9E0
:101C00000A01EFF777FA02460B46C7E90A237B6B16
:101C1000DA179A469346D7E90A2312EB0A0139608C
:101C200043EB0B037B60D7E90034C7E90A34BB6A96
:101C300018464837BD46BDE8B08F00BFD0680020C9
:101C40002DE9B04F92B000AFF861B9610023FB639A
:101C50000023BB6300237B6300233B6300237B647F
:101C600000233B644FF000024FF00003C7E90A2352
:101C70003A4B7B62FA6913461B0113449B001A46D8
:101C80007B6A13447B627B6A9B687B637B6ADB684D
:101C90003B63FB69062B06D14FF4C8637B644FF4AA
:101CA00061733B640FE0FB69072B06D14FF4C873E7
:101CB0007B644FF4E1633B6405E040F29E737B6418
:101CC0004FF461733B643A6C7B6CD31AFB633A6BE1
:101CD0007B6BD31ABB63BA697B6BD31ADA17BB6011
:101CE000FA60D7E90223C7E90A23FB6BDA179846A3
:101CF0009146FB6A08FB03F2BB6A09FB03F313443A
:101D0000BA6AA2FB08452B441D46C7E90A45C7E944
:101D10000A45BB6BDA173B617A61D7E90423D7E93F
:101D20000A01EFF7E7F902460B46C7E90A237B6C85
:101D3000DA179A469346D7E90A2312EB0A0139606B
:101D400043EB0B037B60D7E90034C7E90A34BB6A75
:101D500018464837BD46BDE8B08F00BFD0680020A8
:101D600080B582B000AF002002F00AFD7860404BE1
:101D70001A6813465B0013441B011A467B68134420
:101D80007B603B4B9B69012B21D1394B1B68062B98
:101D900008D1374B1B68DBB24FF4C8611846F9F71E
:101DA000FBFC14E0324B1B68072B08D1304B1B683F
:101DB000DBB24FF4C8711846F9F7EEFC07E02C4B84
:101DC0001B68DBB240F29E711846F9F7E5FC284B20
:101DD0009B69022B48D1264B5B69012B22D1244BF6
:101DE0001B68062B08D1224B1B68DBB24FF4C8617D
:101DF0001846F9F7D1FC37E01D4B1B68072B08D1BB
:101E00001B4B1B68DBB24FF4C8711846F9F7C4FCD2
:101E10002AE0174B1B68DBB240F29E711846F9F7B7
:101E2000BBFC21E0124B1B68062B08D1104B1B6832
:101E3000DBB24FF4C8611846F9F7AEFC14E00C4B66
:101E40001B68072B08D10A4B1B68DBB24FF4C87123
:101E50001846F9F7A1FC07E0054B1B68DBB240F21E
:101E60009E711846F9F798FC00BF0837BD4680BD43
:101E7000F06A002080B582B000AF002002F080FC44
:101E800078607A4B1A6813465B0013441B011A46AC
:101E90007B6813447B60754BDB69002B00F0C980C5
:101EA000734B3B60714B1A6813461B0113449B0034
:101EB0001A463B6813443B606C4B9B69012B13D162
:101EC0007B689B691A463B681A637B68DB691A4624
:101ED0003B68DA637B685B691A463B681A60634B50
:101EE000DB681A463B689A60604B9B69022B1CD1E9
:101EF0005E4B5B69012B0AD17B689B691A463B6884
:101F00001A615A4B1B691A463B689A610DE0574BA0
:101F10005B69022B09D17B68DB691A463B681A6250
:101F2000524B1B691A463B689A62504B9B69012BC6
:101F300021D14E4B1B68062B08D14C4B1B68DBB2E2
:101F40004FF461711846F9F727FC14E0474B1B6802
:101F5000072B08D1454B1B68DBB24FF4E1611846F3
:101F6000F9F71AFC07E0414B1B68DBB24FF46171D3
:101F70001846F9F711FC3D4B9B69022B48D13B4BAE
:101F80005B69012B22D1394B1B68062B08D1374BDB
:101F90001B68DBB24FF461711846F9F7FDFB37E0BF
:101FA000324B1B68072B08D1304B1B68DBB24FF458
:101FB000E1611846F9F7F0FB2AE02C4B1B68DBB215
:101FC0004FF461711846F9F7E7FB21E0274B1B68D6
:101FD000062B08D1254B1B68DBB24FF46171184604
:101FE000F9F7DAFB14E0214B1B68072B08D11F4BD4
:101FF0001B68DBB24FF4E1611846F9F7CDFB07E04F
:102000001A4B1B68DBB24FF461711846F9F7C4FB39
:10201000164B0022DA6103F039F80346134A536283
:10202000124B5B6A114A9362104B03221A6201231E
:1020300017E003F02BF802460C4B9B6A03F51223C2
:1020400003F5F8639A420BD9084B02229A60074BBA
:1020500000229A61054B00221A624FF0FF3300E024
:10206000002318460837BD4680BD00BFF06A002037
:10207000D068002080B582B000AFB14BDB69002B87
:1020800000F04781AF4B7B60AD4B1A6813461B01D4
:1020900013449B001A467B6813447B60002002F0C7
:1020A0006FFB3860A64B1A6813465B0013441B0194
:1020B0001A463B6813443B60A14B9B69012B63D1DB
:1020C0003B689B691A467B685A633B685B691A46A2
:1020D0007B685A609A4BDB681A467B68DA60984BDB
:1020E0001A6813465B0013445B0103F10C027B6822
:1020F0001B6819461046FFF72DFB914B1A681346D3
:102100005B0013445B0103F110027B685B681946B6
:102110001046FFF71FFB8A4B1A6813465B001344F7
:102120005B0103F114027B689B6819461046FFF7B8
:1021300011FB834B1A6813465B0013445B0103F1E8
:1021400018027B68DB6819461046FFF703FB7C4BDF
:102150001A6813465B0013445B0103F13C027B6881
:102160001B6B19461046FFF7F5FA754B1A681346B4
:102170005B0013445B0103F140027B685B6B194613
:102180001046FFF7E7FA9FE06D4B9B69022B40F08A
:102190009B806B4B5B69012B42D13B689B691A4664
:1021A0007B685A61664B1B691A467B68DA61644B2F
:1021B0001A6813465B0013445B0103F11C027B6841
:1021C0001B6919461046FFF7C5FA5D4B1A6813469E
:1021D0005B0013445B0103F120027B685B691946D5
:1021E0001046FFF7B7FA564B1A6813465B001344C4
:1021F0005B0103F124027B689B6919461046FFF7D7
:10220000A9FA4F4B1A6813465B0013445B0103F1B4
:1022100028027B68DB6919461046FFF79BFA53E0FA
:10222000474B5B69022B4FD13B68DB691A467B68E1
:102230005A62434B1B691A467B68DA62404B1A6844
:1022400013465B0013445B0103F12C027B681B6A9D
:1022500019461046FFF77EFA394B1A6813465B00A1
:1022600013445B0103F130027B685B6A1946104638
:10227000FFF770FA324B1A6813465B0013445B0198
:1022800003F134027B689B6A19461046FFF762FA35
:102290002B4B1A6813465B0013445B0103F13802B1
:1022A0007B68DB6A19461046FFF754FA244B1A681C
:1022B00013465B0013445B0103F14C027B681B6C0B
:1022C00019461046FFF746FA1D4B01229A601C4B37
:1022D00000225A601A4B0022DA61194B1B68DBB2EC
:1022E0000133DBB200211846F9F71EFC164B002221
:1022F0001A7002F0CBFE0346114A5362104B0022C3
:102300009A610F4B00221A62104808F057F8012317
:102310001FE002F0BBFE0246094B9B6A03F5122345
:1023200003F5F8639A4213D9054B03229A60044BD4
:1023300000229A61024B00221A624FF0FF3308E03C
:10234000F06A0020D0680020E64700209C6903085E
:10235000002318460837BD4680BD00BF80B483B057
:1023600000AF78607B68012B02D94FF0FF330FE09C
:102370000A4B1B6A002B09D1084B5B697A689A42A9
:1023800002D0064A7B685361012301E06FF001032C
:1023900018460C37BD4680BC704700BFF06A00206D
:1023A00080B483B000AF78607B68022B02D94FF015
:1023B000FF330AE0074B1B6A002B04D1054A7B68F8
:1023C0009361012301E06FF0010318460C37BD460D
:1023D00080BC7047F06A002080B582B000AF7860A2
:1023E0007B68082B0BD8154B5B68002B07D1134B70
:1023F0009B69002B03D0114B1B6A002B02D04FF0BE
:10240000FF3316E00D4B1B687A689A4202D00B4AE4
:102410007B6813600A4B01221A707B68DBB20133C0
:10242000DBB201211846F9F77FFB044B0122DA6188
:10243000012318460837BD4680BD00BFF06A002062
:10244000E647002080B483B000AF786039607B68D5
:10245000002B11D03B68022B06D10B4A7B6813611D
:10246000094B0122DA6105E0074A7B68D360064B1D
:102470000122DA61012301E04FF0FF3318460C37E7
:10248000BD4680BC704700BFF06A002080B500AF39
:10249000324B1B6A002B1BD1304BDB69002B5AD00F
:1024A0002E4B0022DA6102F0F1FD03462B4A536203
:1024B0002A4B00229A60294B01225A60274B0022A6
:1024C000DA60264B00221A61244B01221A6242E094
:1024D000224B1B6A012B19D102F0D8FD02461F4B7B
:1024E0005B6A64339A4236D9FFF73AFC02F0CEFDBC
:1024F00003461A4A5362194B5B6A184A9362174B98
:1025000002221A62164807F059FF24E0134B1B6A97
:10251000022B0ED102F0BAFD0246104B5B6A03F5A6
:1025200096739A4217D9FFF7A5FC0E4807F046FFAD
:1025300011E00A4B1B6A032B0DD102F0A7FD0246E6
:10254000064B5B6A03F596739A4204D9FFF792FD36
:10255000054807F033FF00BF80BD00BFF06A0020D0
:10256000AC690308C0690308D869030880B500AFE7
:10257000FFF78CFF0123184680BD000080B500AF37
:1025800000F050FB03461A46024B1A60012318461E
:1025900080BD00BF386B002080B483B000AF002343
:1025A0007B6000237B6002E07B6801337B607B689B
:1025B000044A9342F8D9012318460C37BD4680BC23
:1025C000704700BFDF22020080B582B000AF7860A4
:1025D0000B46FB707B681B0ADAB21C4B1A707B68D7
:1025E000DAB21A4B5A70194AFB789370184B1B6871
:1025F000A021184600F0A6FB0346002B07DA144B77
:102600001B68184600F0FCFB4FF0FF3319E0104B3D
:102610001B6803220D49184600F003FD0346002BFA
:1026200007DA0B4B1B68184600F0EAFB4FF0FF334C
:1026300007E0074B1B68184600F0E2FBFFF7ACFF12
:10264000012318460837BD4680BD00BF286B002017
:10265000386B002080B582B000AF786039607B684D
:102660001B0ADAB2234B1A707B68DAB2214B5A701C
:102670003B681B0EDAB21F4B9A703B681B0CDAB238
:102680001C4BDA703B681B0ADAB21A4B1A713B68B2
:10269000DAB2184B5A71184B1B68A021184600F08B
:1026A00051FB0346002B07DA134B1B68184600F05A
:1026B000A7FB4FF0FF3319E00F4B1B6806220D49B3
:1026C000184600F0AEFC0346002B07DA0A4B1B68E5
:1026D000184600F095FB4FF0FF3307E0064B1B68F0
:1026E000184600F08DFBFFF757FF01231846083707
:1026F000BD4680BD286B0020386B002080B586B0B9
:1027000000AFF860B9607A6000237B6100233B6111
:10271000FB683B6100237B611AE03A69BB681B6878
:1027200019461046FFF796FF0346002B07DA0D4BBC
:102730001B68184600F064FB4FF0FF330EE0BB68E7
:102740000433BB603B6904333B617B6901337B61CC
:102750007B691A467B689342DFD8012318461837F5
:10276000BD4680BD386B002080B584B000AFF860F6
:10277000B9607A60FB681B0ADAB2234B1A70FB68F7
:10278000DAB2214B5A70214B1B68A021184600F089
:10279000D9FA0346002B07DA1C4B1B68184600F0D9
:1027A0002FFB4FF0FF332BE0184B1B68022216491A
:1027B000184600F036FC0346002B07DA134B1B6863
:1027C000184600F01DFB4FF0FF3319E00F4B1B685C
:1027D0007A68B968184600F024FC0346002B07DA33
:1027E0000A4B1B68184600F00BFB4FF0FF3307E065
:1027F000064B1B68184600F003FBFFF7CDFE0123D4
:1028000018461037BD4680BD286B0020386B00206D
:1028100080B584B000AF78600023FB737B681B0A2F
:10282000DAB2284B1A707B68DAB2264B5A70264B04
:102830001B68A021184600F085FA0346002B08DA31
:10284000214B1B68184600F0DBFAFF23FB73FB7B70
:1028500034E01D4B1B6802221A49184600F0E1FBC8
:102860000346002B08DA184B1B68184600F0C8FA1C
:10287000FF23FB73FB7B21E0134B1B68A021184651
:1028800000F086FA0346002B08DA0F4B1B68184647
:1028900000F0B6FAFF23FB73FB7B0FE00A4B1B68CB
:1028A00001220A49184600F0E4FB074B1B68184652
:1028B00000F0A6FA054B1B78FB73FB7B184610371C
:1028C000BD4680BD286B0020386B0020306B002097
:1028D00080B584B000AF78600023FB607B681B0A82
:1028E000DAB2374B1A707B68DAB2354B5A70354B17
:1028F0001B68A021184600F025FA0346002B09DAD0
:10290000304B1B68184600F07BFA4FF0FF33FB603A
:10291000FB6851E02B4B1B6802222949184600F046
:1029200080FB0346002B09DA264B1B68184600F093
:1029300067FA4FF0FF33FB60FB683DE0214B1B68FB
:10294000A021184600F024FA0346002B09DA1D4B9B
:102950001B68184600F054FA4FF0FF33FB60FB6829
:102960002AE0184B1B6804221749184600F081FB27
:10297000144B1B68184600F043FA134B1B78FB609E
:10298000FB681B02FB60104B5B781A46FB68134325
:10299000FB60FB681B02FB600B4B9B781A46FB68D5
:1029A0001343FB60FB681B02FB60074BDB781A4696
:1029B000FB681343FB60FB6818461037BD4680BDBB
:1029C000286B0020386B0020306B002080B584B06D
:1029D00000AFF860B9607A60FB681B0ADAB2254B79
:1029E0001A70FB68DAB2234B5A70234B1B68A02184
:1029F000184600F0A7F90346002B07DA1E4B1B68A8
:102A0000184600F0FDF94FF0FF332FE01A4B1B681A
:102A100002221849184600F004FB0346002B07DA8F
:102A2000154B1B68184600F0EBF94FF0FF331DE023
:102A3000114B1B68A021184600F0AAF90346002B91
:102A400007DA0D4B1B68184600F0DAF94FF0FF3338
:102A50000CE0094B1B687A68B968184600F009FB5E
:102A6000054B1B68184600F0CBF9012318461037B8
:102A7000BD4680BD286B0020386B002080B588B033
:102A800000AFF860B9607A6000237B610023BB610E
:102A900000233B617B689B001A462349F868FFF7D7
:102AA00095FF0346002B02DA4FF0FF3338E01E4B50
:102AB000FB6100237B612DE0FB695A1CFA611B78E6
:102AC000BB61BB691B02BB61FB695A1CFA611B78C5
:102AD0001A46BB691343BB61BB691B02BB61FB693F
:102AE0005A1CFA611B781A46BB691343BB61BB6968
:102AF0001B02BB61FB695A1CFA611B781A46BB6951
:102B00001343BB61BB681A1DBA60BA691A607B695E
:102B100001337B617B691A467B689342CCD80123E1
:102B200018462037BD4680BD3C6B002080B500AF05
:102B300020210248F1F799F800BF80BD001801403C
:102B400080B500AF20210248F1F780F800BF80BDBA
:102B50000018014080B500AF40210248F1F785F828
:102B600000BF80BD0018014080B500AF4021024881
:102B7000F1F76CF800BF80BD0018014080B500AFD0
:102B800020210348F1F780F80346184680BD00BFB6
:102B90000018014080B500AF40210348F1F774F8F8
:102BA0000346184680BD00BF0018014080B483B0C2
:102BB00000AF00237B60C8233B6000237B6002E002
:102BC0007B6801337B607B683A689A42F8D800BF23
:102BD00000BF0C37BD4680BC7047000080B500AF19
:102BE00040F20660F1F7C4FA20210C48F1F72EF804
:102BF00040210A48F1F72AF820230322142107482C
:102C0000F0F770FF4023032214210448F0F76AFF15
:102C1000034800F059F800BF80BD00BF0018014014
:102C20001416002080B400AF024B1846BD4680BC8D
:102C3000704700BF1416002080B584B000AF7860E4
:102C40000023FB607B685B689847FFF7AFFF0023BA
:102C5000FB600CE0FFF7AAFF7B681B6998470346FF
:102C6000002B01D0012307E0FB680133FB60FB6808
:102C7000952BEFDD4FF0FF3318461037BD4680BD72
:102C800080B584B000AF78600023FB600023FB6058
:102C900010E07B681B6998470346002B07D07B68D0
:102CA0005B6998470346002B01D0012308E0FB68CD
:102CB0000133FB60FB68B3F5A87FEADB4FF0FF331D
:102CC00018461037BD4680BD80B584B000AF78602F
:102CD0000023FB600023FB600FE07B685B68984784
:102CE000FFF764FF7B681B689847FFF75FFF7B680F
:102CF0005B689847FB680133FB60FB68022BECDDE7
:102D000000BF00BF1037BD4680BD80B582B000AFA8
:102D100078607868FFF7B4FF0346002B02DA786822
:102D2000FFF7D2FF7B689B689847FFF73FFF7B6800
:102D30001B689847FFF73AFF012318460837BD463E
:102D400080BD000080B582B000AF78600B46FB709C
:102D50007868FFF7DAFFFB781946786800F0FAF830
:102D6000786800F074F80346002B08DAFB781A46FE
:102D70000549064807F0C0FA4FF0FF3300E0012391
:102D800018460837BD4680BD9C840308F0690308D7
:102D900080B582B000AF78600B46FB707B68DB6863
:102DA0009847FFF703FF7868FFF746FF0346002BBD
:102DB00002DA4FF0FF331AE07868FFF7A6FFFB78DE
:102DC00043F00103DBB21946786800F0C3F8786875
:102DD00000F03DF80346002B08DAFB781A46064956
:102DE000064807F089FA4FF0FF3300E00123184648
:102DF0000837BD4680BD00BFAC840308F0690308F6
:102E000080B582B000AF78607B689B689847FFF719
:102E1000CDFE7868FFF710FF0346002B02DA4FF073
:102E2000FF3310E07B68DB689847FFF7BFFE7B68E5
:102E30005B6998470346002B03D0FFF7B7FE0123D9
:102E400001E04FF0FF3318460837BD4680BD80B51E
:102E500084B000AF78600023FB604FF4A043BB60F8
:102E60007B681B689847FFF7A1FE7B68DB68984783
:102E7000FFF79CFE7B685B689847FFF797FE00238F
:102E8000FB6008E07B685B6998470346002B07D02E
:102E9000FB680133FB60FA68BB689A42F2DB00E032
:102EA00000BFFA68BB689A4205DB7868FFF7A8FFA5
:102EB0004FF0FF3303E07B681B68984701231846F7
:102EC0001037BD4680BD80B582B000AF78607B68AA
:102ED0009B689847FFF76AFE7868FFF7ADFE0346E8
:102EE000002B05DA7B68DB6898474FF0FF3305E07D
:102EF0007B681B689847FFF759FE0123184608377F
:102F0000BD4680BD80B582B000AF78607B68DB686D
:102F10009847FFF74BFE7868FFF78EFE0346002BBD
:102F200005DA7B68DB6898474FF0FF330EE07B687B
:102F30005B6998470346002B02D14FF0FF3305E051
:102F40007B681B689847FFF731FE01231846083756
:102F5000BD4680BD80B584B000AF78600B46FB7085
:102F60000023FB600023FB601BE0FFF71FFE7B6874
:102F70001B689847FA788021FB6841FA03F31340F5
:102F8000002B03D07B68DB68984702E07B689B6876
:102F90009847FFF70BFE7B685B689847FB68013337
:102FA000FB60FB68072BE0DDFFF700FE7B681B681A
:102FB000984700BF1037BD4680BD80B584B000AFD4
:102FC00078600023FB600023FB727B68DB68984716
:102FD0000023FB601AE0FB7A5B00FB72FFF7E6FD63
:102FE0007B681B689847FFF7E1FD7B685B68984743
:102FF000FFF7DCFD7B685B6998470346002B02D036
:10300000FB7A0133FB72FB680133FB60FB68072B23
:10301000E1DD7B681B689847FB7A18461037BD4690
:1030200080BD80B586B000AFF860B9607A600023DB
:103030007B6100237B6113E0BB685A1CBA601B787C
:103040001946F868FFF786FFF868FFF700FF0346A8
:10305000002B02DA4FF0FF3307E07B6901337B611D
:103060007B697A689A42E7D8012318461837BD462B
:1030700080BD90B587B000AFF860B9607A6000237A
:103080007B6100237B610DE0BC68631CBB60F8685A
:10309000FFF793FF03462370F868FFF714FF7B697F
:1030A00001337B617B685A1E7B699A42ECD8BC680D
:1030B000631CBB60F868FFF780FF03462370F86865
:1030C000FFF720FF012318461C37BD4690BD0000C6
:1030D00080B5ADF5835D86B002AF07F1700343F8AC
:1030E0006C0C824B00221A80002307F5835202F1F8
:1030F000080213607E4B07F5825202F1140213603E
:1031000040F2FF1307F5825202F11802136007F133
:1031100070031A4607F11003083B52F86C1C18465E
:10312000F6F7BCFF034607F5835202F10F02137056
:1031300007F5835303F10F031B78002B40F0CA807F
:1031400007F1700353F86C0CEEF7BAFB034607F572
:10315000835202F10402136007F5815202F1180252
:1031600007F11003083B11461846F7F711F803461C
:1031700007F5835202F10F02137007F5835303F131
:103180000F031B78002B40F0A58007F5825303F155
:1031900005031B78002B00F09D8007F5825303F197
:1031A00014031B681B78002B05D007F5825303F12D
:1031B00014031B6804E007F5815303F118030D3372
:1031C00007F58352136007F583531B681B782E2B7A
:1031D0007ED007F5825303F104031B7803F010033C
:1031E000002B38D007F5835303F104031B6807F164
:1031F000700252F86C2C134407F5835212683D4953
:10320000184607F027F907F1700353F86C2C3A4978
:103210003A4807F071F807F1700353F86C0CFFF7A8
:1032200057FF034607F5835202F10F02137007F5AB
:10323000835303F104031B6807F1700252F86C2CEE
:10324000134400221A7007F5835303F10F031B7810
:10325000002B81D03EE007F5835303F108031A6881
:1032600013461B019B1A5B00254A98181F4B1B88AD
:103270005A1C07F583531B6800931346214A4FF4E9
:10328000E16107F0A3F807F5835303F108031A6817
:1032900013461B019B1A5B001B4A981807F58353C2
:1032A0001B681A4A4FF4E16107F090F80F4B1B8836
:1032B00001339AB20D4B1A8007F5835303F10803CB
:1032C0001B68013307F5835202F10802136043E7DC
:1032D00000BF41E707F5835303F10F031B7818463E
:1032E00007F583571037BD4680BD00BF4C7A0020DC
:1032F000607A0020106A0308146A03081C6A030835
:1033000044730020306A03083C6C00203C6A0308C8
:1033100080B582B000AF7860002000F061F90E2225
:103320000021786800F0C2F900BF0837BD4680BDB3
:1033300080B588B000AF78600023FB6007F1100310
:1033400000221A605A601A8107F10C030E22002134
:10335000184600F055FA0023FB610BE07B685A1C0D
:103360007A6007F10C01FA690A4412781A70FB6955
:103370000133FB61FB690D2BF0DD00BF00BF20377F
:10338000BD4680BD80B582B000AF0023FB801048F1
:10339000FFF7CEFF0E4B1B781B021AB20C4B5B786B
:1033A0001BB213431BB2FB80FB880133FB80FB88FD
:1033B0001B0A9BB2DAB2064B1A70FB88DAB2044BD6
:1033C0005A700348FFF7A4FF00BF0837BD4680BD11
:1033D000507A002080B582B000AF0023FB800B48FC
:1033E000FFF7A6FF41F23423FB80FB881B0A9BB248
:1033F000DAB2064B1A71FB88DAB2044B5A710348F1
:10340000FFF786FF00BF0837BD4680BD507A002019
:1034100080B582B000AF0023FB800B48FFF788FF28
:1034200043F24433FB80FB881B0A9BB2DAB2064BA3
:103430001A71FB88DAB2044B5A710348FFF768FF30
:1034400000BF0837BD4680BD507A002080B582B0ED
:1034500000AF0023FB800B48FFF76AFF45F2AA5339
:10346000FB80FB881B0A9BB2DAB2064B1A71FB8801
:10347000DAB2044B5A710348FFF74AFF00BF08371E
:10348000BD4680BD507A002080B582B000AF0023D9
:10349000FB800B48FFF74CFF46F28973FB80FB88EB
:1034A0001B0A9BB2DAB2064B1A71FB88DAB2044BE4
:1034B0005A710348FFF72CFF00BF0837BD4680BD97
:1034C000507A002080B58CB000AF78600023FB609C
:1034D00007F1100300221A605A609A60DA601A61DC
:1034E0005A611A8307F10C031E220D49184600F099
:1034F00087F90023FB620BE07B685A1C7A6007F1B6
:103500000C01FA6A0A4412781A70FB6A0133FB62F2
:10351000FB6A1D2BF0DD00BF00BF3037BD4680BD0C
:103520000010100080B584B000AF00233B603B1D4D
:1035300000221A605A601A813B461846FFF7E8FEDF
:1035400000BF1037BD4680BD80B588B000AF40F2E7
:103550000360F0F70DFE40F20F70F0F709FE012155
:103560001C48F0F7A5FB2823032218211A48F0F77E
:10357000B9FA1023032204211748F0F7B3FA802385
:10358000032210211448F0F7ADFA80211248F0F719
:103590005DFB0023BB604FF482737B600023FB6004
:1035A0000323BB614FF400733B612023FB610023C5
:1035B0007B613B1D1946094802F04EFE0721074872
:1035C00002F0B7FE054802F088FE00BF2037BD4676
:1035D00080BD00BF00023000000C0140003C0040F4
:1035E00080B582B000AF786000F09EF9802110486D
:1035F000F0F73BFB202000F071F97B681B0CDBB27D
:10360000184600F06BF97B681B0ADBB2184600F025
:1036100065F97B68DBB2184600F060F98021044848
:10362000F0F714FB00F092F900BF0837BD4680BDEB
:10363000000C014080B584B000AFF860B96013465B
:10364000FB8000F071F980211748F0F70EFB022093
:1036500000F044F9BB681B0CDBB2184600F03EF9E1
:10366000BB681B0ADBB2184600F038F9BB68DBB256
:10367000184600F033F907E0FB681B78184600F0A5
:103680002DF9FB680133FB60FB885A1EFA80002B82
:10369000F2D180210448F0F7D9FA00F057F900BFC1
:1036A0001037BD4680BD00BF000C014080B586B01C
:1036B00000AFF860B9601346FB800023FB75002360
:1036C000BB7500237B7500233B750023FB74BB682F
:1036D0007B757B7D5B423B75FB881B0A9BB2FB7550
:1036E000FB88BB757B7D002B24D1FB7D002B14D187
:1036F000FB881A46B968F868FFF79CFF7BE04FF437
:103700008072B968F868FFF795FFBB6803F58073AE
:10371000BB60FB6803F58073FB60FB7D5A1EFA7586
:10372000002BECD1BB7D9BB21A46B968F868FFF755
:1037300081FF60E0FB7D002B25D1BA7D3B7D9A4265
:103740001AD9BA7D3B7DD31AFB743B7D9BB21A46D6
:10375000B968F868FFF76EFF3B7DBA681344BB6039
:103760003B7DFA681344FB60FB7C9BB21A46B96848
:10377000F868FFF75FFF3EE0FB881A46B968F86813
:10378000FFF758FF37E03B7D9BB2FA88D31AFB80E6
:10379000FB881B0A9BB2FB75FB88BB753B7D9BB20C
:1037A0001A46B968F868FFF745FF3B7DBA681344CD
:1037B000BB603B7DFA681344FB600DE04FF4807200
:1037C000B968F868FFF736FFBB6803F58073BB6024
:1037D000FB6803F58073FB60FB7D5A1EFA75002BB6
:1037E000ECD1BB7D002B06D0BB7D9BB21A46B968DD
:1037F000F868FFF71FFF00BF1837BD4680BD000007
:1038000080B584B000AFF860B9601346FB808021BA
:103810001748F0F72AFA032000F060F8BB681B0C89
:10382000DBB2184600F05AF8BB681B0ADBB2184638
:1038300000F054F8BB68DBB2184600F04FF809E01E
:10384000A52000F04BF803461A46FB681A70FB6887
:103850000133FB60FB885A1EFA80002BF0D18021D7
:103860000348F0F7F3F900BF1037BD4680BD00BF35
:10387000000C014080B584B000AF0023FB60002342
:10388000BB6000237B6000233B6080211248F0F77F
:10389000ECF99F2000F022F8A52000F01FF8034665
:1038A000BB60A52000F01AF803467B60A52000F05D
:1038B00015F803463B6080210748F0F7C7F9BB685D
:1038C0001A047B681B0213433A681343FB60FB68CE
:1038D00018461037BD4680BD000C014080B582B04F
:1038E00000AF0346FB7100BF02210E4802F031FD1C
:1038F0000346002BF8D0FB799BB21946094802F029
:10390000FBFC00BF0121074802F023FD0346002B0A
:10391000F8D0044802F000FD0346DBB21846083731
:10392000BD4680BD003C004080B500AF8021064808
:10393000F0F79BF90620FFF7D1FF80210248F0F74E
:1039400085F900BF80BD00BF000C014080B582B08A
:1039500000AF0023FB7180210B48F0F786F90520AA
:10396000FFF7BCFFA520FFF7B9FF0346FB71FB790A
:1039700003F00103002BF5D180210348F0F766F92D
:1039800000BF0837BD4680BD000C014080B500AFC8
:1039900040F2DC5364220021002001F099FA40F249
:1039A000DC5364220121002001F092FA40F2DC5342
:1039B00064220221002001F08BFA40F2DC536422E1
:1039C0000321002001F084FA024806F0F7FC00BF52
:1039D00080BD00BF546A030880B582B000AF786034
:1039E000634B1B78DBB21A46624B53F8223093F8D4
:1039F000F430012B40F0B7805F4B01221A707B68D6
:103A0000013B122B00F2B08001A252F823F000BF5C
:103A10005D3A02086B3A0208793A0208873A0208CE
:103A2000953A0208A33A0208B13A0208BF3A0208DE
:103A3000CD3A0208DB3A0208E93A0208F73A0208EE
:103A4000053B0208133B0208213B02082F3B0208FA
:103A50003D3B02084B3B0208593B02084748F0F740
:103A6000A9FE474806F0AAFC7EE04648F0F7A2FE11
:103A7000454806F0A3FC77E04448F0F79BFE444835
:103A800006F09CFC70E04348F0F794FE424806F0D4
:103A900095FC69E04148F0F78DFE414806F08EFC48
:103AA00062E04048F0F786FE3F4806F087FC5BE0A6
:103AB0003E48F0F77FFE3E4806F080FC54E03D486B
:103AC000F0F778FE3C4806F079FC4DE03B48F0F713
:103AD00071FE3B4806F072FC46E03A48F0F76AFE99
:103AE000394806F06BFC3FE03848F0F763FE384891
:103AF00006F064FC38E03748F0F75CFE364806F024
:103B00005DFC31E03548F0F755FE354806F056FCCF
:103B10002AE03448F0F74EFE334806F04FFC23E02D
:103B20003248F0F747FE324806F048FC1CE03148C6
:103B3000F0F740FE304806F041FC15E02F48F0F762
:103B400039FE2F4806F03AFC0EE02E48F0F732FE20
:103B50002D4806F033FC07E02C48F0F72BFE2C48EC
:103B600006F02CFC00E000BF00BF0837BD4680BD5A
:103B7000E74700201C020020E8470020646A030891
:103B8000746A0308946A0308A46A0308C46A0308F1
:103B9000D46A0308F86A0308086B0308106B03086B
:103BA000206B0308406B0308506B0308706B03081D
:103BB000806B0308A06B0308B06B0308D06B03088D
:103BC000E06B0308006C0308106C0308306C0308FA
:103BD000406C0308606C0308706C0308906C030869
:103BE000A06C0308C06C0308D06C0308F06C0308D9
:103BF000006D0308206D0308306D0308506D030845
:103C0000606D0308806D0308906D0308B06D0308B4
:103C1000C06D030880B500AFA54B1B78DBB2002B4D
:103C200000F07E81A34B5A69A34B5B699A4209D08D
:103C3000A14B5B699F4A53619F4B5B6919469F4843
:103C4000F0F7B8FD9B4BD3F8A4209B4BD3F8A430DE
:103C50009A420CD0984BD3F8A430964AC2F8A430BC
:103C6000954BD3F8A43019469548F0F7A3FD914B36
:103C70009A69914B9B699A4209D08F4B9B698D4AF7
:103C800093618D4B9B6919468E48F0F793FD894BE4
:103C9000D3F8A820884BD3F8A8309A420CD0864B92
:103CA000D3F8A830834AC2F8A830834BD3F8A830A1
:103CB00019468548F0F77EFD7E4B5A6C7E4B5B6C57
:103CC0009A4209D07C4B5B6C7A4A53647A4B5B6CAA
:103CD00019467E48F0F76EFD764B9A6C764B9B6CDE
:103CE0009A4209D0744B9B6C724A9364724B9B6CE2
:103CF00019467748F0F75EFD6E4BD3F8D4206E4B33
:103D0000D3F8D4309A420CD06B4BD3F8D430694AF4
:103D1000C2F8D430684BD3F8D43019466D48F0F768
:103D200049FD644BD3F8D820634BD3F8D8309A427E
:103D30000CD0614BD3F8D8305E4AC2F8D8305E4B15
:103D4000D3F8D83019466448F0F734FD634BDB688C
:103D5000002B09D0614BDB68614AD3605F4BDB68A5
:103D600019466048F0F726FD524B5A6F524B5B6F75
:103D70009A4209D0504B5B6F4E4A53674E4B5B6F74
:103D800019465948F0F716FD4A4BD3F804214A4B1F
:103D9000D3F804319A420CD0474BD3F80431454A4A
:103DA000C2F80431444BD3F8043119464F48F0F7B8
:103DB00001FD4B4B1A68494B1B689A4209D0474B8F
:103DC0001B68474A1360454B1B6819464848F0F783
:103DD000F1FC384BD3F86821374BD3F868319A425D
:103DE0000CD0354BD3F86831324AC2F86831324BC7
:103DF000D3F8683119463F48F0F7DCFC2D4BD3F877
:103E000064212D4BD3F864319A420CD02A4BD3F85D
:103E10006431284AC2F86431274BD3F8643119461B
:103E20003548F0F7C7FC234BD3F83421224BD3F8A5
:103E300034319A420CD0204BD3F834311D4AC2F8A9
:103E400034311D4BD3F8343119462C48F0F7B2FC0D
:103E5000184BD3F83821184BD3F838319A420CD08C
:103E6000154BD3F83831134AC2F83831124BD3F816
:103E7000383119462248F0F79DFC0E4BD3F8082143
:103E80000D4BD3F808319A420CD00B4BD3F80831C4
:103E9000084AC2F80831084BD3F8083119461948C6
:103EA000F0F788FC034B9A6F034B9B6F9A422BE011
:103EB000E6470020E07D0020607C0020E86D0308DC
:103EC000F86D0308086E0308186E0308286E0308CF
:103ED000386E0308486E0308586E0308607F0020A0
:103EE000807F0020686E0308786E0308886E0308E0
:103EF000986E0308A86E0308B86E0308C86E03081E
:103F0000D86E0308EC6E03080DD0084B9B6F084A6F
:103F10009367064B9B6F19460648F0F74BFC02E08F
:103F2000054B0022DA6000BF80BD00BF607C00202E
:103F3000E07D0020FC6E0308807F002080B584B007
:103F400000AF00237B600023BB60704B1B78DBB2AB
:103F5000002B00F0B8836E4B1B78DBB2032B00F212
:103F6000FF8301A252F823F0793F0208E7400208DC
:103F70007742020807440208664B5B68002B0ED1AB
:103F800001F084F80346634A1360624B01225A60D1
:103F90000120FDF72DF80020FCF7E4FFD9E301F044
:103FA00075F802465B4B1B684B339A4240F2D18353
:103FB0003B461A460021002000F0E8FF3B68554AC6
:103FC0005361544B5B69534A128C934205D8514B51
:103FD0005B69504A528C934205D24E4B01229A851E
:103FE0000120FFF7F9FC3B461A460121002000F0B2
:103FF000CDFF3B68474AC2F8A430464BD3F8A43003
:10400000444AB2F8B020934207D8424BD3F8A430C8
:10401000404AB2F8B220934206D23E4B0122A3F8A6
:10402000BC200920FFF7D8FC3B461A46002100209F
:1040300000F0DAFF3B68374A9361364B9B69354A9B
:10404000928C934205D8334B9B69324AD28C93426F
:1040500005D2304B01229A850220FFF7BDFC3B467A
:104060001A460321002000F0BFFF3B682A4A9360F4
:10407000294B9B68284A128B934205D8264B9B6894
:10408000254A528B934202D2234B01229A833B460C
:104090001A460121002000F0A7FF3B681D4AC2F824
:1040A000A8301C4BD3F8A8301A4AB2F8B420934277
:1040B00007D8184BD3F8A830164AB2F8B620934266
:1040C00006D2144B0122A3F8BC200A20FFF784FC7F
:1040D000104B00225A600E4B1B78DBB20133DAB270
:1040E0000B4B1A7035E30B4B5B6B002B16D100F0BA
:1040F000CDFF0346074A1363064B01225A63022091
:10410000FCF776FF0120FCF72DFF24E3E6470020B3
:10411000A07F0020607C0020607F002000F0B6FFC0
:1041200002465E4B1B6B4B339A4240F214833B4674
:104130001A460021002000F029FF3B68574A5364CB
:10414000564B5B6C554AB2F85020934206D8534BFD
:104150005B6C524AB2F85220934206D24F4B012276
:10416000A3F85C200520FFF737FC3B461A460021E8
:10417000002000F039FF3B68484A9364474B9B6C32
:10418000464AB2F85420934206D8444B9B6C434AAB
:10419000B2F85620934206D2404B0122A3F85C208D
:1041A0000620FFF719FC3B461A460121002000F0CB
:1041B000EDFE3B68394AC2F8D430384BD3F8D430DE
:1041C000364AB2F8E020934207D8344BD3F8D430C3
:1041D000324AB2F8E220934206D2304B0122A3F8D1
:1041E000EC200B20FFF7F8FB3B461A46012100208C
:1041F00000F0FAFE3B68294AC2F8D830274BD3F8C2
:10420000D830264AB2F8E420934207D8234BD3F89B
:10421000D830224AB2F8E620934206D21F4B012240
:10422000A3F8EC200C20FFF7D7FB3B461A460321EE
:10423000002000F0D9FE3B68194AD360184BDB68B8
:10424000174A128B934205D8154BDB68144A528BE0
:10425000934205D2124B01229A830320FFF7BCFB45
:104260000E4B00225A630F4B1B78DBB20133DAB2DC
:104270000C4B1A706FE2094B5B6E002B14D100F0EF
:1042800005FF0346054A1366044B01225A660320C4
:10429000FCF7AEFE0220FCF765FE5EE2607C0020CB
:1042A000607F0020A07F002000F0F0FE0246944BCB
:1042B0001B6E4B339A4240F250823B461A46002115
:1042C000002000F063FE3B688D4A53678C4B5B6FA8
:1042D0008B4AB2F88020934206D8894B5B6F884A9C
:1042E000B2F88220934206D2854B0122A3F88C209B
:1042F0000720FFF771FB3B461A460121002000F022
:1043000045FE3B6819460520FDF71EFC03467C4A26
:10431000C2F804317A4BD3F80431794AB2F810214B
:10432000934207D8764BD3F80431754AB2F812217C
:10433000934206D2724B0122A3F81C210D20FFF7F5
:104340004BFB3B461A460021002000F04DFE3B6827
:104350006B4A93676A4B9B6F694AB2F88420934219
:1043600006D8674B9B6F664AB2F88620934206D206
:10437000634B0122A3F88C200820FFF72DFB3B465E
:104380001A460321002000F02FFE3B685D4A1361AE
:104390005C4B1B695B4A128B934205D8594B1B69D6
:1043A000584A528B934202D2564B01229A833B4683
:1043B0001A460121002000F017FE3B68504AC2F85F
:1043C00008314F4BD3F808314D4AB2F814219342CB
:1043D00007D84B4BD3F80831494AB2F8162193421B
:1043E00006D2474B0122A3F81C210E20FFF7F4FA56
:1043F000434B00225A66444B1B78DBB20133DAB2DE
:10440000414B1A70A9E13E4BD3F82431002B10D157
:1044100000F03CFE03463A4AC2F82031384B0122F4
:10442000C3F824210320FCF79DFD0020FCF7E0FDEC
:1044300095E100F02BFE0246314BD3F820314B338F
:104440009A4240F28C813B461A460121002000F03E
:104450009DFD3B682A4AC2F83431294BD3F83431E8
:10446000274AB2F84021934207D8254BD3F834317C
:10447000234AB2F84221934206D2214B0122A3F8EB
:104480004C210F20FFF7A8FA3B461A4601210020D5
:1044900000F0AAFD1A4BD3F83431B3F57A6F1FD967
:1044A000174BD3F83431A3F57A63FB60FB68174AE6
:1044B000A2FB03235B09FB603A68FB68D31A022B5B
:1044C0000AD93A68FB68D31A4FF6FA72934203D8B6
:1044D0003A68FB68D31A00E00023094AC2F8383171
:1044E0003A68FB68D31A022B12D93A68FB68D31AD0
:1044F0004FF6FA7293420BD83A68FB68D31A08E079
:10450000607C0020607F0020A07F00201F85EB5191
:104510000023954AC2F83831934BD3F83831924A88
:10452000B2F84421934207D88F4BD3F838318E4AE2
:10453000B2F84621934206D28B4B0122A3F84C21BC
:104540001020FFF749FA3B461A460221002000F0EE
:104550001DFD3B68844AC2F86431834BD3F8643153
:10456000814AB2F87021934207D87F4BD3F8643167
:104570007D4AB2F87221934206D27B4B0122A3F806
:104580007C211120FFF728FA3B461A460221002021
:1045900000F02AFD744BD3F8643140F2DC529342B0
:1045A0001FD9714BD3F86431A3F57A73BB60BB6834
:1045B0006E4AA2FB03239B09BB603A68BB68D31A0F
:1045C000022B0AD93A68BB68D31A4FF6FA729342A3
:1045D00003D83A68BB68D31A00E00023624AC2F8E5
:1045E00068313A68BB68D31A022B0AD93A68BB68AB
:1045F000D31A4FF6FA72934203D83A68BB68D31ABB
:1046000000E00023584AC2F86831574BD3F86831AC
:10461000554AB2F87421934207D8534BD3F8683106
:10462000514AB2F87621934206D24F4B0122A3F8A9
:104630007C211220FFF7D0F93B461A4603210020C7
:1046400000F0A4FC3B68722202FB03F3484AA2FB81
:104650000323DB081846ECF70FFB03461846ECF77C
:1046600029FD0346434A1360424B1B68414A928A24
:10467000934205D83F4B1B683E4AD28A934205D2EB
:104680003C4B01229A831320FFF7A6F93B461A46BA
:104690000321002000F0A8FC3B68364A5360324BEF
:1046A0000022C3F82421344B1B78DBB20133DAB289
:1046B000314B1A70304B1B78DBB2032B4FD92E4B8A
:1046C00000221A704BE02D4B1B78DBB2002B47D138
:1046D000254B00225A61244B00229A61224B002272
:1046E0005A64214B00229A641F4B00225A671E4BCA
:1046F00000229A671C4B0022C3F8A4201A4B002208
:10470000C3F8A820184B0022C3F8D420164B00226F
:10471000C3F8D820144B0022C3F80421124B002206
:10472000C3F80821104B0022C3F834210E4B00229D
:10473000C3F838210C4B0022C3F864210A4B002235
:10474000C3F868210B4B00221A600A4B00225A6002
:1047500006E000BF04E000BF02E000BF00E000BFD1
:1047600000BF1037BD4680BD607C0020D34D621075
:10477000CDCCCCCC607F0020A07F0020E64700207D
:1047800080B485B000AF78607B68082B01D9002326
:104790000BE0084BFB607A6813465B0013441B0177
:1047A0001A46FB681344FB60FB6818461437BD4685
:1047B00080BC7047607C002080B400AFBC4B1B788D
:1047C000DBB21A46BB4B53F82230B3F87420BA4B15
:1047D0005A84B74B1B78DBB21A46B64B53F82230DB
:1047E000B3F87620B44B1A84B14B1B78DBB21A466F
:1047F000B04B53F82230B3F87820AF4BDA84AC4B8F
:104800001B78DBB21A46AB4B53F82230B3F87A2050
:10481000A94B9A84A64B1B78DBB21A46A54B53F8DA
:104820002230B3F87E20A44BA3F85220A04B1B7873
:10483000DBB21A469F4B53F82230B3F880209E4BD0
:10484000A3F850209A4B1B78DBB21A46994B53F8C9
:104850002230B3F88220984BA3F85620944B1B7853
:10486000DBB21A46934B53F82230B3F88420924BB4
:10487000A3F854208E4B1B78DBB21A468D4B53F8AD
:104880002230B3F888208C4BA3F88220884B1B7809
:10489000DBB21A46874B53F82230B3F88A20864B96
:1048A000A3F88020824B1B78DBB21A46814B53F869
:1048B0002230B3F88C20804BA3F886207C4B1B78E9
:1048C000DBB21A467B4B53F82230B3F88E207A4B7A
:1048D000A3F88420764B1B78DBB21A46754B53F84D
:1048E0002230B3F89220744BA3F8B220704B1B789F
:1048F000DBB21A466F4B53F82230B3F894206E4B5C
:10490000A3F8B0206A4B1B78DBB21A46694B53F808
:104910002230B3F89620684BA3F8B620644B1B787E
:10492000DBB21A46634B53F82230B3F89820624B3F
:10493000A3F8B4205E4B1B78DBB21A465D4B53F8EC
:104940002230B3F89C205C4BA3F8E220584B1B7834
:10495000DBB21A46574B53F82230B3F89E20564B21
:10496000A3F8E020524B1B78DBB21A46514B53F8A8
:104970002230B3F8A020504BA3F8E6204C4B1B7814
:10498000DBB21A464B4B53F82230B3F8A2204A4B05
:10499000A3F8E420464B1B78DBB21A46454B53F88C
:1049A0002230B3F8A620444BA3F81221404B1B78C9
:1049B000DBB21A463F4B53F82230B3F8A8203E4BE7
:1049C000A3F810213A4B1B78DBB21A46394B53F847
:1049D0002230B3F8AA20384BA3F81621344B1B78A9
:1049E000DBB21A46334B53F82230B3F8AC20324BCB
:1049F000A3F814212E4B1B78DBB21A462D4B53F82B
:104A00002230B3F8B0202C4BA3F84221284B1B785E
:104A1000DBB21A46274B53F82230B3F8B220264BAC
:104A2000A3F84021224B1B78DBB21A46214B53F8E6
:104A30002230B3F8B420204BA3F846211C4B1B783E
:104A4000DBB21A461B4B53F82230B3F8B6201A4B90
:104A5000A3F84421164B1B78DBB21A46154B53F8CA
:104A60002230B3F8BA20144BA3F87221104B1B78F4
:104A7000DBB21A460F4B53F82230B3F8BC200E4B72
:104A8000A3F870210A4B1B78DBB21A46094B53F886
:104A90002230B3F8BE20084BA3F87621044B1B78D4
:104AA000DBB21A46034B53F82230B3F8C02005E0BE
:104AB000E74700201C020020607C0020194BA3F86F
:104AC0007421194B1B78DBB21A46184B53F822306D
:104AD000B3F8C420164BDA82134B1B78DBB21A46AC
:104AE000124B53F82230B3F8C620114B9A820E4B6A
:104AF0001B78DBB21A460D4B53F82230B3F8C820AE
:104B00000B4B5A83084B1B78DBB21A46074B53F802
:104B10002230B3F8CA20064B1A8300BFBD4680BCC2
:104B2000704700BF607C0020E74700201C02002087
:104B3000607F002080B485B000AF0346FB71FB7935
:104B4000082B02D94FF0FF330EE00A4BFB60FA79D5
:104B500013465B0013441B011A46FB681344FB60B9
:104B6000FB6800229A85002318461437BD4680BC96
:104B7000704700BF607C002080B588B000AFB9608E
:104B80007A603B600346FB730023BB618023FB75A7
:104B9000FB7B022B11D0022B15DC002B02D0012B4A
:104BA00005D010E0FEF73EF80346FB610CE0FEF78F
:104BB00039F803461833FB6106E0FEF733F8034685
:104BC0003033FB6100E000BFFB69002B15D00E4ABB
:104BD000BB6813441B78FB75FB7D1946F869FEF72B
:104BE000B1F8B8613A687968F869FEF71AFAB861FD
:104BF000F869FEF705F9012301E04FF0FF3318468D
:104C00002037BD4680BD00BFC084030880B58AB090
:104C100000AFB9607B600346FB731346BB73002390
:104C20007B620023FB610323BB618023FB75FB7B5D
:104C3000022B11D0022B15DC002B02D0012B05D04A
:104C400010E0FDF7EFFF03463B620CE0FDF7EAFFE3
:104C5000034618333B6206E0FDF7E4FF03463033BA
:104C60003B6200E000BF3B6A002B4ED02A4ABB6883
:104C700013441B78FB7500237B6237E0FB7D1946EC
:104C8000386AFEF75FF8F861FB69002B24DB07F157
:104C90000E0301221946386AFEF7C3F9F861FB6971
:104CA000002B1BDBFB7D1946386AFEF771F8F861B3
:104CB000FB69002B14DB02227968386AFEF7D9F908
:104CC000F861FB69002B0DDB386AFEF799F8F86193
:104CD000FB69002B0FDA06E000BF04E000BF02E032
:104CE00000BF00E000BF7B6A01337B627A6ABB6968
:104CF0009A42C3DB00E000BF7A6ABB699A4202DBDA
:104D00004FF0FF3303E0012301E04FF0FF3318467B
:104D10002837BD4680BD00BFC08403082DE9B04FD1
:104D200090B000AFB9627A623B62034687F82F30D9
:104D30004FF000024FF00003C7E90E234FF400725A
:104D40004FF00003C7E90E23D7E90E8942464B46D0
:104D50004FF000004FF00001590141EAD2615001CB
:104D600002460B46B2EB080463EB09054FF0000264
:104D70004FF00003AB0043EA9473A20014461D46B3
:104D800014EB0803BB6045EB0903FB604FF0000226
:104D90004FF00003D7E902452946CB0020462946BB
:104DA000044643EA54730146CA001C461346C7E949
:104DB0000E34D7E90E0102460B464FF000044FF0C7
:104DC00000055D0145EAD265540122462B46B2EB4F
:104DD000000A63EB010B4FF000024FF000034FEAB3
:104DE0008B0343EA9A734FEA8A0292469B461AEB78
:104DF00000033B604BEB01037B604FF000024FF080
:104E00000003D7E900452946CB0020462946044641
:104E100043EA54730146CA001C461346C7E90E34E0
:104E2000D7E90E01294A4FF00003ECF7B3F9024627
:104E30000B46C7E90E23D7E90E014FF000024FF0F1
:104E40000003CB0343EA5043C203C7E90E233B6A86
:104E50000022BB61FA61D7E90623D7E90E01ECF71E
:104E600099F902460B46C7E90E237B6A00223B6193
:104E70007A61D7E90423D7E90E01ECF78BF90246F2
:104E80000B46C7E90E23052387F83430D7E90E0116
:104E90004FF000024FF00003020A42EA01620B0ADF
:104EA000D3B287F8353097F8383087F8363007F1C5
:104EB000340297F82F000323B96AFFF75DFE03461B
:104EC00018464037BD46BDE8B08F00BFA086010040
:104ED00080B586B000AFB9607A603B600346FB7373
:104EE00000237B61124ABB6813441B78002B1AD045
:104EF00000233B7448237B740723BB7407F1100223
:104F0000F87B0323B968FFF737FE78617B69002BD4
:104F100001DA7B6908E0F87B3B687A68B968FFF7DB
:104F2000FDFE034600E0002318461837BD4680BD4D
:104F3000C084030880B588B000AFB9607B600346C9
:104F4000FB731346BB730023FB610023BB6107F1B6
:104F50001403BA7BF87BB968FFF758FEF861FB6968
:104F6000002B01DAFB690DE03B7DBB61BB691B02D5
:104F7000BB617B7D1A46BB691343BB617B68BA6921
:104F80001A60012318462037BD4680BD80B586B023
:104F900000AF0346B9607A60FB7300237B61002396
:104FA0003B6107F11003F87B0222B968FFF7C2FFEB
:104FB00078617B69002B0FD03A6913465B019B1A1D
:104FC0009B0013443B613B69064AA2FB03235B0938
:104FD0003B613A697B681A607B6918461837BD46A1
:104FE00080BD00BF1F85EB5180B586B000AF034682
:104FF000B9607A60FB7300237B6100233B6107F19A
:105000001003F87B0122B968FFF794FF78617B6990
:10501000002B23D03B6903F40043002B02D03B69F3
:105020005B423B613B699BB21846EBF7EBF94FF0F3
:1050300000020D4BEBF760FA02460B46104619468C
:105040004FF00002094BEBF781FB02460B4610467E
:105050001946EBF7EBFC02467B681A607B69184641
:105060001837BD4680BD00BF0000044000405A40D4
:1050700080B400AF044B1B680133034A136000BFC8
:10508000BD4680BC704700BFA87F002080B400AF41
:10509000024B1B681846BD4680BC7047A87F0020A5
:1050A00080B489B000AF78600023BB611C4B5B68A3
:1050B0007B611C4B1B681C4AA2FB03239A0C7B6878
:1050C00002FB03F33B610023BB61154B9B68FB6153
:1050D000134B9B68FB60FA68FB699A42F8D0FA6848
:1050E000FB699A4206D2FA69FB68D31ABA6913447B
:1050F000BB6107E07A69FB68D21AFB691344BA699D
:105100001344BB61FB68FB61BA693B699A4200D2F8
:10511000DEE700BF00BF2437BD4680BC704700BF3C
:1051200010E000E02002002083DE1B4380B485B045
:1051300000AF78607B68002B1CD07B68012B01D10D
:1051400002237B600123BB60BB6883F3108800BF30
:105150000C4A7B6813600C4B00221A700023FB6022
:10516000FB6883F3108800BF074B1B78DBB2012B71
:1051700002D0F9E700BF00E000BF1437BD4680BC95
:10518000704700BFAC7F0020B07F002080B500AF2B
:10519000FFF76EFF154B1B68002B09D0134B1B68E4
:1051A000013B124A1360002B02D1114B01221A70ED
:1051B000104B1B780133DAB20E4B1A700D4B1B7873
:1051C000092B04D90B4B00221A7000F017F80A4B78
:1051D0001B780133DAB2084B1A70074B1B784F2B40
:1051E00002D9054B00221A7000BF80BDAC7F0020A1
:1051F000B07F0020B17F0020B27F002080B400AFDC
:10520000084B1B8801339AB2064B1A80054B1B884A
:10521000322B02D9034B00221A8000BFBD4680BC4E
:10522000704700BFB47F002080B500AF01214FF070
:10523000804001F02BFC0346002B04D001214FF0ED
:10524000804001F040FC00BF80BD000080B500AF91
:1052500013491448EEF73BFF0346002B0CD0124BCA
:105260001B78002B02D0F9F75FFC01E000F0E6FFAD
:105270000E490C48EEF75FFF0D490A48EEF727FF8D
:105280000346002B09D0084B1B78002B01D0F9F7FF
:1052900041FC08490348EEF74EFF00BF80BD00BF48
:1052A00005030500003801405C16002005030300DB
:1052B000070307000603060080B500AF074908484A
:1052C000EEF705FF0346002B05D0EFF74DFA034933
:1052D0000348EEF730FF00BF80BD00BF05030500A7
:1052E0000044004080B584B000AF40F20B60EEF7A0
:1052F0003FFF124801F046FA77233B8000237B8072
:105300000023BB803123BB600023FB8000233B7361
:105310003B461946094801F0E9FA0121074801F026
:105320008FFB002201211920EEF73EFB034801F01C
:1053300059FB00BF1037BD4680BD00BF002C0140A7
:1053400080B500AF0121064801F0A0FB0346002B09
:1053500003D00121024801F0B6FB00BF80BD00BFB1
:10536000002C014080B586B000AFF860B9607A606B
:1053700000237B6112E0BB685A1CBA601B78194697
:105380000B48EEF724FE00BF06210948EEF740FE69
:105390000346002BF8D07B6901337B617A697B6817
:1053A0009A42E8DB7B6818461837BD4680BD00BFCF
:1053B0000048004080B584B000AF274A3B4607CA8A
:1053C00003C31A800023FB60244804F093FA2448A6
:1053D00000F02EF9F860FB68002B1DDD2148F4F782
:1053E0003EFE214804F086FA204804F083FA3B464A
:1053F000F968184604F0F6F81D4804F07BFA3B46BD
:10540000184604F077FAFEF703F81A4804F072FA27
:10541000194804F06FFA1AE0FB68B3F1FF3F03D1BB
:10542000164804F067FA12E0FB6813F1020F03D18B
:10543000134804F05FFA0AE0FB6813F1030F03D18D
:10544000104804F057FA02E00F4804F053FA00BF86
:105450001037BD4680BD00BF78700308246F030875
:10546000DC7F0020E0840020606F0308DC830020E4
:10547000B46F0308C06F0308CC6F0308E46F030820
:1054800024700308407003085870030880B582B088
:1054900000AF7860396007E0786804F0F5F90346FA
:1054A000012B01D1002306E03B685A1E3A60002B15
:1054B000F2D14FF0FF3318460837BD4680BD80B5A6
:1054C00082B000AF0346FB71FB79184604F0F8F98F
:1054D000002318460837BD4680BD000080B586B061
:1054E00000AFF860B9607A60BB6800221A6007F10B
:1054F000130379681846FFF7C9FF0346002B02D053
:105500004FF0FF3390E0FB7C612B5CD0612B5CDCC7
:10551000182B37DC002B58DD013B172B55D801A287
:1055200052F823F08B55020891550208CB5502081A
:1055300099550208CB550208CB550208CB550208F5
:10554000CB550208CB550208CB550208CB550208B3
:10555000CB550208CB550208CB550208CB550208A3
:10556000CB550208CB550208CB550208CB55020893
:10557000CB550208CB550208CB550208CB55020883
:105580009D550208412B1ED01FE08023BB821FE0E7
:105590004FF48063BB821BE0002345E007F1130357
:1055A00079681846FFF772FF0346002B08D1FB7C91
:1055B000182B05D1BB684FF0FF321A60002333E08F
:1055C0004FF0FF3330E001232EE04FF0FF332BE0AC
:1055D000FA7CFB681A700123FB820FE0FB8AFA68F1
:1055E000134479681846FFF751FF0346002B02D099
:1055F0004FF0FF3318E0FB8A0133FB82BB8A1A1D90
:10560000FB8A9A42EADAFB6801331A78FB680233B4
:105610001B78DB43DBB29A4202D04FF0FF3303E04A
:10562000BA8ABB681A60002318461837BD4680BD89
:1056300080B5ADF58B6D00AF07F58B63A3F25443D6
:10564000186007F58B63A3F5896300221A6007F5DC
:105650008B63A3F24C4300221A60AE4BC7F8383478
:105660000023C7F84C340023C7F840340023C7F8A0
:105670003C340023C7F844340023C7F8483407F506
:105680008B63A3F254431B68C7F8343407F1140149
:1056900007F128034FF480121846FFF71FFF034657
:1056A000002B03D0012B00F0FC8003E10023C7F89E
:1056B000403407F58B63A3F244431B68B3F1FF3F0B
:1056C00002D0002B05D00BE00620FFF7F8FE0023E8
:1056D0001AE10620FFF7F3FE0123C7F84834DFE0A4
:1056E00007F58B63A3F586635B781A46D7F84434D5
:1056F000DBB29A4203D01520FFF7E1FEF3E0D7F8C2
:105700004434002B40F08E8007F58B63A3F586634D
:10571000DB78002B7CD00023C7F8503407F1280336
:105720000333C7F854340CE0D7F85424531CC7F89B
:105730005434D7F85034591CC7F850141178764AAD
:10574000D154D7F854341B78002B03D0D7F85034F9
:10575000FF2BE9DDD7F850345A1CC7F850246E4AA5
:105760000021D1540023C7F85034D7F85434013302
:10577000C7F854340FE0D7F85424531CC7F85434F6
:10578000D7F85034591CC7F85014117807F58B62BC
:10579000A2F58862D154D7F854341B78202B03D05B
:1057A000D7F850340F2BE6DDD7F850345A1CC7F821
:1057B000502407F58B62A2F588620021D15407F1CD
:1057C000100207F118031146184603F05FFF07F5B2
:1057D0008B63A3F589631B681A46504B9A4208D91C
:1057E0001820FFF76CFE1820FFF769FE4FF0FF331B
:1057F0008AE00B224A494B48F3F7B0FA034687F890
:105800002F340620FFF75BFE4320FFF758FE3EE0F3
:105810000620FFF754FE0123C7F848340123C7F8D8
:105820004C343DE007F12803033307F58B62A2F205
:10583000444212681946D7F83404EBF72DFE07F5F9
:105840008B63A3F254431B68C7F83034D7F8301485
:1058500007F58B63A3F244431B681A4607F10C0358
:105860003048F4F726F8034687F82F3497F82F349A
:10587000002B03D10620FFF722FE08E01820FFF7D7
:105880001EFE1820FFF71BFE6FF001033CE0D7F867
:1058900044340133C7F844340123C7F83C3422E0D0
:1058A00021E01820FFF70BFE1820FFF708FE6FF02D
:1058B000020329E0D7F83C34002B04DDD7F840344C
:1058C0000133C7F84034D7F84034052B07DD1820E2
:1058D000FFF7F5FD1820FFF7F2FD002314E0432049
:1058E000FFF7EDFD00BFD7F84834002B00D1CDE61F
:1058F00000BFD7F84C34002B00D1BAE600BF07F543
:105900008B63A3F589631B68184607F58B67BD4653
:1059100080BD00BF00000108DC83002003000700F9
:1059200060160020E0840020002103E00B4B5B5850
:10593000435004310A480B4B42189A42F6D30A4AA4
:1059400002E0002313600432084B9A42F9D3EEF7C9
:1059500069FD04F05BFCEDF7F1FD7047408D030835
:10596000000000207C210020802100205097002092
:10597000FEE7000090B587B000AF144804F01EFDAC
:10598000134B3C1D0FCB07C42370F9F727FF0120F1
:10599000FAF7E6FB00237B610DE03A1D7B691344B7
:1059A0001B7819460B48EEF712FB6420FFF778FBD3
:1059B0007B6901337B617B690C2BEEDD0020FAF7FC
:1059C000CFFB00BF1C37BD4690BD00BF84740308E9
:1059D000887403080038014090B587B000AF1548BF
:1059E00004F0ECFCF9F738FF0120FAF7B9FB64206A
:1059F000FFF756FB104B3C1D0FCB07C42370002351
:105A00007B610DE03A1D7B6913441B7819460B48F6
:105A1000EEF7DDFA6420FFF743FB7B6901337B611E
:105A20007B690C2BEEDD0020FAF79AFB00BF1C37D8
:105A3000BD4690BD98740308A07403080038014067
:105A400090B587B000AF144B01221A70134804F0D0
:105A5000B5FC0120FAF784FB114B3C1D0FCB07C4AA
:105A6000237000237B610DE03A1D7B6913441B7892
:105A700019460C48EEF7ABFA6420FFF711FB7B697F
:105A800001337B617B690C2BEEDD0020FAF768FBAC
:105A900000BF1C37BD4690BDE9470020B074030825
:105AA000B47403080038014090B587B000AF144BC0
:105AB00001221A70134804F081FC0120FAF750FB10
:105AC000114B3C1D0FCB07C4237000237B610DE0FD
:105AD0003A1D7B6913441B7819460C48EEF777FA98
:105AE0006420FFF7DDFA7B6901337B617B690C2B56
:105AF000EEDD0020FAF734FB00BF1C37BD4690BD39
:105B0000EA470020C4740308CC740308003801403D
:105B100090B587B000AF0020ECF7FAFC124804F013
:105B20004DFC0120FAF71CFB104B3C1D0FCB07C4AA
:105B3000237000237B610DE03A1D7B6913441B78C1
:105B400019460B48EEF743FA6420FFF7A9FA7B6980
:105B500001337B617B690C2BEEDD0020FAF700FB43
:105B600000BF1C37BD4690BDDC740308E474030815
:105B70000038014090B587B000AF0120ECF7C8FCB9
:105B8000124804F01BFC0120FAF7EAFA104B3C1D06
:105B90000FCB07C4237000237B610DE03A1D7B69A6
:105BA00013441B7819460B48EEF711FA6420FFF7EF
:105BB00077FA7B6901337B617B690C2BEEDD00207A
:105BC000FAF7CEFA00BF1C37BD4690BDF474030847
:105BD000FC7403080038014090B587B000AF022084
:105BE000ECF796FC124804F0E9FB0120FAF7B8FA4A
:105BF000104B3C1D0FCB07C4237000237B610DE0CD
:105C00003A1D7B6913441B7819460B48EEF7DFF900
:105C10006420FFF745FA7B6901337B617B690C2BBC
:105C2000EEDD0020FAF79CFA00BF1C37BD4690BDA0
:105C30000C750308147503080038014090B587B04F
:105C400000AF0320ECF764FC124804F0B7FB01201E
:105C5000FAF786FA104B3C1D0FCB07C423700023C4
:105C60007B610DE03A1D7B6913441B7819460B4894
:105C7000EEF7ADF96420FFF713FA7B6901337B611E
:105C80007B690C2BEEDD0020FAF76AFA00BF1C37A7
:105C9000BD4690BD247503082C75030800380140EB
:105CA00090B587B000AF0420ECF732FC124804F046
:105CB00085FB0120FAF754FA104B3C1D0FCB07C4AB
:105CC000237000237B610DE03A1D7B6913441B7830
:105CD00019460B48EEF77BF96420FFF7E1F97B6981
:105CE00001337B617B690C2BEEDD0020FAF738FA7B
:105CF00000BF1C37BD4690BD3C75030844750308C2
:105D00000038014090B587B000AF0520ECF700FCEB
:105D1000124804F053FB0120FAF722FA104B3C1D05
:105D20000FCB07C4237000237B610DE03A1D7B6914
:105D300013441B7819460B48EEF749F96420FFF726
:105D4000AFF97B6901337B617B690C2BEEDD0020B1
:105D5000FAF706FA00BF1C37BD4690BD547503081C
:105D60005C7503080038014090B587B000AF06208D
:105D7000ECF7CEFB124804F021FB0120FAF7F0F912
:105D8000104B3C1D0FCB07C4237000237B610DE03B
:105D90003A1D7B6913441B7819460B48EEF717F937
:105DA0006420FFF77DF97B6901337B617B690C2BF4
:105DB000EEDD0020FAF7D4F900BF1C37BD4690BDD8
:105DC0006C750308747503080038014090B587B0FE
:105DD00000AF0720ECF79CFB124804F0EFFA01201B
:105DE000FAF7BEF9104B3C1D0FCB07C423700023FC
:105DF0007B610DE03A1D7B6913441B7819460B4803
:105E0000EEF7E5F86420FFF74BF97B6901337B611E
:105E10007B690C2BEEDD0020FAF7A2F900BF1C37DE
:105E2000BD4690BD847503088C7503080038014099
:105E300090B587B000AF0820ECF76AFB124804F079
:105E4000BDFA0120FAF78CF9104B3C1D0FCB07C4AB
:105E5000237000237B610DE03A1D7B6913441B789E
:105E600019460B48EEF7B3F86420FFF719F97B6980
:105E700001337B617B690C2BEEDD0020FAF770F9B2
:105E800000BF1C37BD4690BD9C750308A475030870
:105E90000038014090B587B000AF0920ECF738FB1F
:105EA000124804F08BFA0120FAF75AF9104B3C1D06
:105EB0000FCB07C4237000237B610DE03A1D7B6983
:105EC00013441B7819460B48EEF781F86420FFF75E
:105ED000E7F87B6901337B617B690C2BEEDD0020E9
:105EE000FAF73EF900BF1C37BD4690BDB4750308F4
:105EF000C07503080038014090B587B000AF0A2094
:105F0000ECF706FB124804F059FA0120FAF728F9D9
:105F1000104B3C1D0FCB07C4237000237B610DE0A9
:105F20003A1D7B6913441B7819460B48EEF74FF86E
:105F30006420FFF7B5F87B6901337B617B690C2B2B
:105F4000EEDD0020FAF70CF900BF1C37BD4690BD0E
:105F5000D0750308DC7503080038014090B587B0A0
:105F600000AF0B20ECF7D4FA124804F027FA012016
:105F7000FAF7F6F8104B3C1D0FCB07C42370002333
:105F80007B610DE03A1D7B6913441B7819460B4871
:105F9000EEF71DF86420FFF783F87B6901337B611E
:105FA0007B690C2BEEDD0020FAF7DAF800BF1C3716
:105FB000BD4690BDEC750308F87503080038014034
:105FC00080B400AF084B00221A60074B00225A60D1
:105FD000054B064ADA60044B4FF496729A6000BF94
:105FE000BD4680BC704700BF209500203095002042
:105FF00080B483B000AF0346FB71154B1968144B96
:106000005B680133124A9268B3FBF2F000FB02F2C4
:106010009B1A994202D14FF0FF3313E00C4BDA6820
:106020000B4B5B681344FA791A70094B5B680133B8
:10603000074A9268B3FBF2F101FB02F29B1A044A91
:106040005360002318460C37BD4680BC704700BF24
:106050002095002080B483B000AF7860104B1A68A0
:106060000F4B5B689A4201D1002314E00C4BDA68B5
:106070000B4B1B6813441A787B681A70084B1B681B
:106080000133074A9268B3FBF2F101FB02F29B1A5B
:10609000034A1360012318460C37BD4680BC704785
:1060A0002095002080B586B000AF78600023FB7596
:1060B0001023BB6000233B612DE00023FB6017E051
:1060C0000023FB7518493A6913469B0013449B0053
:1060D000CA18FB6813441A78FB6879680B441B786C
:1060E0009A4202D00123FB7505E0FB680133FB6097
:1060F000FB680C2BE4DDFB7D002B09D10A493A69D2
:1061000013469B0013449B000B4410331B689847B5
:106110003B6901333B613A69BB689A42CDDB00BF02
:1061200000BF1837BD4680BD8016002080B582B004
:1061300000AF0346FB712B4B1B7819462A4AFB79AB
:106140005354284B1B780133DAB2264B1A70254B77
:106150001B78032B37D9244B1B78552B2FD1224B7F
:106160005B78AA2B2BD1204B9B78882B27D11E4BF9
:10617000DB78772B23D11B4B1B780C2B23D91A4BA5
:106180005B7A772B17D1184B9B7A882B13D1164B40
:10619000DB7AAA2B0FD1144B1B7B552B0BD1114B48
:1061A00000221A701048FFF77DFF0D2200210E48D3
:1061B00004F050F807E00B4B00221A700FE0094B77
:1061C00000221A700BE0074B1B780D2B07D9054BEB
:1061D00000221A7040220021034804F03BF80837DF
:1061E000BD4680BD5C9600206096002080B582B0E0
:1061F00000AFFB1D1846FFF72DFF0346002B03D011
:10620000FB791846FFF792FF00BF0837BD4680BDF7
:1062100080B500AF0448EDF7EBFE0346DAB2034B5E
:106220001A7000BF80BD00BF003801406D9600208D
:1062300080B500AFFFF7ECFF00BF80BD80B500AFB9
:10624000FFF7E6FF034B1B781846FFF7D1FE00BFB0
:1062500080BD00BF6D96002080B485B000AF78602F
:1062600039600023FB607B681B68FB60FB6803F4FC
:106270004153FB603B681B68FA681343FB603B6853
:106280005B68FA681343FB603B689B68FA681343DA
:10629000FB603B68DB68FA681343FB603B681B6983
:1062A000FA681343FB603B685B69FA681343FB6061
:1062B0003B689B69FA681343FB607B68FA681A6065
:1062C0007B681C331B687A681C3223F400631360FC
:1062D00000BF1437BD4680BC704780B483B000AFA8
:1062E00078607B681A687B6842F040021A6000BFE1
:1062F0000C37BD4680BC704780B483B000AF786077
:106300000B467B807B680C331A467B88136000BF8A
:106310000C37BD4680BC704780B483B000AF786056
:106320007B680C331B689BB218460C37BD4680BC9B
:10633000704780B483B000AF78600B467B807B6889
:1063400010331A467B88136000BF0C37BD4680BCF3
:10635000704780B483B000AF786039607B680833E1
:106360001A683B681340002B01D0012300E0002392
:1063700018460C37BD4680BC7047000080B400AFA3
:10638000104B1B6803F08003002B05D00E4B0F4A07
:106390001A600D4B0E4A1A600E4B1B88B3F5007F36
:1063A0000BD90D4B1B6803F08003002B05D00B4B62
:1063B000064A1A60094B064A1A6000BFBD4680BCF7
:1063C000704700BF102002400420024023016745AF
:1063D000AB89EFCDE0F7FF1F502002404420024080
:1063E00080B400AF0A4B1B68094A43F08003136076
:1063F000084B1B88B3F5007F05D9074B1B68064A7D
:1064000043F08003136000BFBD4680BC704700BFEF
:1064100010200240E0F7FF1F5020024080B584B0FA
:1064200000AF78603F4B1B88B3F5007F52D97B6883
:106430003D4A934222D23D4800F06AF90346FB737D
:10644000FB7B002B68D13A4B1B68394A43F00203AF
:106450001360384A7B681360354B1B68344A43F03D
:1064600040031360314800F053F90346FB73304B8F
:106470001B682F4A23F0020313604DE02B4800F005
:1064800064F90346FB73FB7B002B45D12A4B1B6849
:10649000294A43F002031360284A7B681360284BA3
:1064A0001B6803F00203002B02D0224A7B681360B2
:1064B000214B1B68204A43F0400313601B4800F047
:1064C00044F90346FB731C4B1B681B4A23F0020371
:1064D000136021E0154800F01BF90346FB73FB7BBA
:1064E000002B19D1124B1B68114A43F002031360B1
:1064F000104A7B6813600E4B1B680D4A43F0400343
:1065000013600A4800F004F90346FB73084B1B684C
:10651000074A23F002031360FB7B18461037BD4681
:1065200080BD00BFE0F7FF1FFFFF07080000FF0F5F
:10653000102002401420024050200240542002400B
:106540001C20024080B584B000AF78603960002321
:10655000FB73324B1B88B3F5007F3DD97B68304A13
:1065600093421CD22F4800F0D3F80346FB73FB7B09
:10657000002B4DD12C4B1B682B4A43F001031360B9
:106580007B683A681A60274800F0C2F80346FB733C
:10659000254B1B68244A23F00103136038E021488F
:1065A00000F0D3F80346FB73FB7B002B30D11F4B6D
:1065B0001B681E4A43F0010313607B683A681A6047
:1065C000184800F0C2F80346FB73184B1B68174AC3
:1065D00023F0010313601BE0124800F099F8034612
:1065E000FB73FB7B002B13D10F4B1B680E4A43F050
:1065F000010313607B683A681A600A4800F088F863
:106600000346FB73084B1B68074A23F00103136022
:10661000FB7B18461037BD4680BD00BFE0F7FF1F6B
:10662000FFFF07080000FF0F10200240502002402B
:1066300080B483B000AF78607B689B0903F180432E
:1066400003F5083319687B6803F01F0301229A40A1
:106650007B689B0903F1804303F50833184641EA40
:106660000203036000BF0C37BD4680BC70470000CA
:1066700080B483B000AF0023FB71104B1B6803F0A4
:106680000103002B02D00123FB7110E00B4B1B68B0
:1066900003F01003002B02D00323FB7107E0074B2C
:1066A0001B6803F00403002B01D00223FB71FB796C
:1066B00018460C37BD4680BC704700BF0C20024016
:1066C00080B483B000AF0023FB71104B1B6803F054
:1066D0000103002B02D00123FB7110E00B4B1B6860
:1066E00003F01003002B02D00323FB7107E0074BDC
:1066F0001B6803F00403002B01D00223FB71FB791C
:1067000018460C37BD4680BC704700BF4C20024085
:1067100080B584B000AF78600123FB73FFF7A8FF5A
:106720000346FB737B68013B7B60FB7B012B02D143
:106730007B68002BF2D1FB7B012B01D10423FB737F
:10674000FB7B18461037BD4680BD80B584B000AFD6
:1067500078600123FB73FFF7B3FF0346FB737B688D
:10676000013B7B60FB7B012B02D17B68002BF2D1CC
:10677000FB7B012B01D10423FB73FB7B18461037F5
:10678000BD4680BD80B582B000AF78607B68424A6C
:10679000934273D07B68404A934278D87B683F4AE3
:1067A00093422CD07B683D4A934270D87B683C4A28
:1067B00093425AD07B683A4A934268D87B68394AF8
:1067C000934249D07B68374A934260D87B68364A07
:1067D000934238D07B68344A934258D87B68334A16
:1067E000934227D07B68314A934250D87B68B3F1FB
:1067F000804F0DD07B682E4A934212D047E040F282
:106800000B30EDF7D7FC40F20B30EDF7F5FC3FE035
:106810004FF48060EDF7CEFC4FF48060EDF7ECFCB8
:1068200036E040F20140EDF7C5FC40F20140EDF7E3
:10683000E3FC2DE040F20240EDF7BCFC40F20240E8
:10684000EDF7DAFC24E040F20340EDF7B3FC40F250
:106850000340EDF7D1FC1BE040F20440EDF7AAFC49
:1068600040F20440EDF7C8FC12E040F20540EDF7BD
:10687000A1FC40F20540EDF7BFFC09E040F20D300D
:10688000EDF798FC40F20D30EDF7B6FC00E000BFEC
:1068900000BF0837BD4680BD00340140002C0140D8
:1068A0000014004000100040000C004000080040B0
:1068B0000004004080B483B000AF78607B680022A1
:1068C0001A807B6800225A807B6800229A807B684D
:1068D0004FF6FF729A607B680022DA807B680022A4
:1068E0001A7300BF0C37BD4680BC704780B483B0BC
:1068F00000AF786039603B681A887B6828331A607B
:106900007B68314A934213D07B68B3F1804F0FD03C
:106910007B682E4A93420BD07B682D4A934207D066
:106920007B682C4A934203D07B682B4A934215D153
:106930007B681A687B6822F070021A607B681A68AC
:106940003B685B8819467B680A431A607B681A6853
:106950003B689B8819467B680A431A607B682C3326
:106960001A463B689B6813607B681C4A934211D0AF
:106970007B681B4A93420DD07B681A687B6822F4BF
:1069800040721A607B681A683B68DB8819467B682E
:106990000A431A607B680C4A934203D07B680E4A14
:1069A000934204D13B681A7B7B6830331A607B6862
:1069B00014331B687A68143243F00103136000BF7C
:1069C0000C37BD4680BC7047002C014000040040DD
:1069D00000080040000C004000340140001000405E
:1069E0000014004080B483B000AF78607B681A6800
:1069F0007B6842F001021A6000BF0C37BD4680BCC4
:106A0000704780B483B000AF78607B681A687B6899
:106A100022F001021A6000BF0C37BD4680BC7047EF
:106A200080B483B000AF78600B467B807B682433F2
:106A30001A467B88136000BF0C37BD4680BC704788
:106A400080B483B000AF786039607B680C331A681B
:106A50007B680C3319463B6813430B6000BF0C374F
:106A6000BD4680BC704780B483B000AF78603960A9
:106A70007B680C331A683B68DB4379680C31134040
:106A80000B6000BF0C37BD4680BC704780B485B03A
:106A900000AF786039607B680C331B683A6813403C
:106AA000FB607B6810331A683B681340002B04D0EE
:106AB000FB68002B01D0012300E0002318461437A7
:106AC000BD4680BC704780B483B000AF7860396049
:106AD0007B6810331A463B68DB43136000BF0C37FA
:106AE000BD4680BC7047000080B487B000AF7860BE
:106AF00000237B610023FB6000233B617B681B68F4
:106B000003F1A053DB001B687B617A69544B13408F
:106B10007B617B681B6B5A007B68DB6A1A437B686E
:106B20009B6A1A437B685B6A1B021A437B681B6A79
:106B30001A437B68DB699B021A437B689B691A4393
:106B40007B685B691B031A437B681B695B031A4301
:106B50007B689B689B031A437B68DB68DB031A43F3
:106B60007B685B6813437A6913437B617B685B6B6B
:106B70009B69013B03F00F027B685B6B5B69013B28
:106B80001B01DBB21A437B685B6B1B69013B1B0279
:106B90009BB21A437B685B6BDB68013B1B0403F40D
:106BA00070231A437B685B6B9B681A437B685B6B43
:106BB0005B681A437B685B6B1B681343FB607B68F5
:106BC000DB6A082B03D17B6943F040037B617B6860
:106BD0009B68012B21D17B689B6B9B69013B03F078
:106BE0000F027B689B6B5B69013B1B01DBB21A43A5
:106BF0007B689B6B1B69013B1B029BB21A437B6842
:106C00009B6BDB68013B1B0403F470231A437B6816
:106C10009B6B1B6813433B6102E06FF070433B6169
:106C20007B681B6803F1A053DB001A467B69136085
:106C30007B681B68DB0003F1204304331A46FB68C2
:106C400013607B681B68DB0003F1204303F582734C
:106C50001A463B69136000BF1C37BD4680BC7047B5
:106C60008100F7FF80B483B000AF78607B6803F1E8
:106C7000A053DB001B687A6802F1A052D20043F0F7
:106C80000103136000BF0C37BD4680BC7047000095
:106C900080B584B000AF0346FB71FB79084A9B00C6
:106CA00013445B685B68FA7905490A44127B104615
:106CB00098470346FB73FB7B18461037BD4680BDE3
:106CC0007096002080B584B000AF0346FB710023AE
:106CD000FB73FB790D4AD35C002B11D1FB790B4A76
:106CE0000121D154FB79094A9B0013445B681B685E
:106CF000FA7906490A44127B104698470346FB730B
:106D0000FB7B18461037BD4680BD00BF7096002043
:106D100090B589B002AFB960C7E900230346FB73A1
:106D2000FB7B0B4A9B0013445B689C68FB7B084A17
:106D30001344187BBB6A0093D7E90023B968A047C6
:106D40000346FB75FB7D18461C37BD4690BD00BF52
:106D50007096002090B589B002AFB960C7E90023F2
:106D60000346FB73FB7B0B4A9B0013445B68DC68A8
:106D7000FB7B084A1344187BBB6A0093D7E90023C6
:106D8000B968A0470346FB75FB7D18461C37BD4616
:106D900090BD00BF7096002080B584B000AF034660
:106DA0003A60FB710B46BB71FB79094A9B001344A7
:106DB0005B681B69FA7906490A44107BB9793A681D
:106DC00098470346FB73FB7B18461037BD4680BDD2
:106DD0007096002080B400AF4FF000024FF0000327
:106DE00010461946BD4680BC7047000080B487B08D
:106DF00000AFF860B9601346FB710123FB750023F7
:106E0000BB751E4B9B7BDBB2022B31D81B4B9B7B94
:106E1000DBB21A46194B00219954184B9B7BDBB20D
:106E2000164A9B001344FA685A60144B9B7BDBB2F2
:106E30001A46124B1344FA791A73104B9B7BDBB240
:106E40005A1CD1B20D4A9173BB75BB7D3033DAB297
:106E5000BB681A70BB6801333A221A70BB680233F0
:106E60002F221A70BB68033300221A700023FB75AF
:106E7000FB7D18461C37BD4680BC704770960020CD
:106E800080B582B000AF78603960002239687868D8
:106E9000FFF7ACFF034618460837BD4680BD00002B
:106EA00080B485B000AF78600B46FB700023BB73E5
:106EB0000123FB73144B9B7BDBB2002B1ED07B6842
:106EC0001B78303BBB73BB7B0F4A9B0013445B6852
:106ED000002B13D0BB7B0C4A9B00134400225A604A
:106EE000BB7B094A134400221A73074B9B7BDBB21E
:106EF000013BDAB2044B9A730023FB73FB7B184609
:106F00001437BD4680BC70477096002080B582B0B3
:106F100000AF786000217868FFF7C2FF034618468B
:106F20000837BD4680BD000080B582B000AF034683
:106F3000FB710B4B01221A7000F08EFB03461D2BD8
:106F400007D1074B1B78DBB223F00103DAB2044B05
:106F50001A70034B1B78DBB218460837BD4680BD5C
:106F6000C017002080B483B000AF0346FB71094B0B
:106F700001221A70074B1B78DBB223F00103DAB24F
:106F8000044B1A70034B1B78DBB218460C37BD4616
:106F900080BC7047C017002080B582B000AF0346A8
:106FA000FB710B4B01221A7001F028FB0346002BEA
:106FB00007D1074B1B78DBB223F00103DAB2044B95
:106FC0001A70034B1B78DBB218460837BD4680BDEC
:106FD000C017002080B483B000AF0346FB71094B9B
:106FE00001221A70074B1B78DBB223F00103DAB2DF
:106FF000044B1A70034B1B78DBB218460C37BD46A6
:1070000080BC7047C017002080B586B000AFB96063
:10701000C7E900230346FB730023FB753B68590255
:107020003B6A4FF40072B86800F07CFE03461D2BEB
:1070300001D00123FB75FB7D18461837BD4680BD86
:10704000B0B586B000AFB960C7E900230346FB7353
:107050000023FB7500233B61D7E9002312F5007480
:1070600043F1000523461B033B61BB6A9BB21B0334
:107070009BB21A463969B868FCF7C2FBFB7D18461B
:107080001837BD46B0BD80B586B000AFB960C7E95E
:1070900000230346FB730023FB753B6859023B6AE0
:1070A0004FF40072B86800F0F7FF03461D2B01D0C3
:1070B0000123FB75FB7D18461837BD4680BDB0B572
:1070C00086B000AFB960C7E900230346FB73002315
:1070D0007B610023FB74D7E9002312F5007443F1B0
:1070E000000523461B037B617869FCF779FABB6ACC
:1070F0009BB21B039BB21A467969B868FCF7D6FAB3
:10710000FB7C18461837BD46B0BD0000B0B584B052
:1071100000AF03463A60FB710B46BB710123FB7362
:107120001F4B1B78DBB203F00103002B01D00323BC
:1071300031E0BB79032B2BD801A252F823F000BF1A
:1071400051710208577102087371020881710208B7
:107150000023FB731EE000F0CDFA124BDB6B5B0AE1
:1071600000221C4615463B68C3E900450023FB731B
:1071700010E03B684FF400721A800023FB7309E0B3
:1071800039684FF400724FF00003C1E9002301E0B9
:107190000423FB73FB7B18461037BD46B0BD00BF10
:1071A000C01700208096002080B485B000AF034651
:1071B0003A60FB710B46BB710123FB731D4B1B78BF
:1071C000DBB203F00103002B01D003232DE0BB79D8
:1071D000032B27D801A252F823F000BFED7102085B
:1071E000F371020807720208157202080023FB738C
:1071F0001AE039684FF4C0624FF00003C1E9002380
:107200000023FB7310E03B684FF480521A80002388
:10721000FB7309E039684FF001024FF00003C1E948
:10722000002301E00423FB73FB7B18461437BD46A3
:1072300080BC7047C017002080B483B000AF034605
:10724000FB804FF0C04326221A80044AFB8813803B
:1072500000BF0C37BD4680BC704700BF0000046013
:1072600080B582B000AF4FF0C04335221A80094B81
:107270001B88FB80FB88002B02D00023FB8001E0F1
:107280000123FB80FB881846FFF7D6FF00BF0837B5
:10729000BD4680BD0000046080B483B000AF4FF0F5
:1072A000C04320221A80074B1B88FB80FB8843F0D9
:1072B0000103FB80034AFB88138000BF0C37BD46E7
:1072C00080BC70470000046080B483B000AF4FF012
:1072D000C04320221A80074B1B88FB80FB8823F0C9
:1072E0000103FB80034AFB88138000BF0C37BD46B7
:1072F00080BC70470000046080B483B000AF0023FE
:10730000FB804FF0C04320221A801E4B1B88FB805D
:10731000FB8843F00103FB80FB8843F00203FB8002
:10732000184AFB8813804FF0C04321221A80154B66
:107330001B88FB80FB8803F00103FB80FB88002B8C
:1073400000D1F0E700BF4FF0C04320221A800D4B60
:107350001B88FB80FB8823F00103FB80FB8823F064
:107360000203FB80074AFB8813804FF0C043402292
:107370001A80044B01221A8000BF0C37BD4680BC26
:10738000704700BF0000046090B482B000AF0446B4
:10739000084611461A462346FB800346BB800B462F
:1073A0007B8013463B804FF0C04322221A800E4A56
:1073B000FB8813804FF0C04323221A800A4ABB88FF
:1073C00013804FF0C04324221A80074A7B88138021
:1073D0004FF0C04325221A80034A3B88138000BF28
:1073E0000837BD4690BC70470000046080B483B08D
:1073F00000AF78604FF0C04327221A80084B7A68AC
:1074000092B21A804FF0C04328221A807B681A0C6F
:10741000034B92B21A8000BF0C37BD4680BC704748
:107420000000046080B483B000AF0346FB804FF0DF
:10743000C04335221A80044AFB88138000BF0C37F2
:10744000BD4680BC704700BF0000046080B483B0BC
:1074500000AF0346FB804FF0C04330221A80044A3D
:10746000FB88138000BF0C37BD4680BC704700BF4F
:107470000000046080B483B000AF4FF0C043262208
:107480001A80074B1B88FB804FF0C04335221A80BF
:10749000034AFB88138000BF0C37BD4680BC704791
:1074A0000000046090B482B000AF04460846114664
:1074B0001A462346FB800346BB800B467B8013465F
:1074C0003B804FF0C04331221A800E4AFB88138064
:1074D0004FF0C04332221A800A4ABB8813804FF013
:1074E000C04333221A80074A7B8813804FF0C04381
:1074F00034221A80034A3B88138000BF0837BD46F8
:1075000090BC70470000046080B485B000AF786024
:107510000B467B80FF23FB73FF23BB7313E07B6869
:107520005A1C7A601A78BB7B5340DBB2BB600F4AAF
:10753000BB6813441A78FB7B5340BB730C4ABB688F
:1075400013441B78FB737B885A1E7A80002BE6D18C
:10755000FB7B1B021AB2BB7B1BB213431BB29BB259
:1075600018461437BD4680BC704700BFF08403083E
:10757000F085030880B584B000AF0346FB8000208F
:10758000F9F7EEF90020F9F731FA0020F9F70AFAD5
:107590000120F9F707FA0823FB7317E0FB8803F0D3
:1075A0008003002B03D00120F9F720FA02E000202D
:1075B000F9F71CFA0020F9F7F5F90120F9F7F2F9CB
:1075C000FB885B00FB80FB7B013BFB73FB7B002BA1
:1075D000E4D10020F9F7E6F90120F9F7C1F900BF7D
:1075E0001037BD4680BD80B584B000AF0346FB8038
:1075F0000020F9F7B5F90120F9F7F8F90020F9F7BB
:10760000D1F90120F9F7CEF90823FB7317E0FB88C5
:1076100003F08003002B03D00120F9F7E7F902E023
:107620000020F9F7E3F90020F9F7BCF90120F9F798
:10763000B9F9FB885B00FB80FB7B013BFB73FB7BA9
:10764000002BE4D10020F9F7ADF90120F9F788F912
:1076500000BF1037BD4680BD80B582B000AF1D238E
:10766000FB7100233B6000F05FF90346FB71FB797F
:107670001D2B04D11C4801F05DF80346FB71FB791A
:107680001D2B07D1184BB3F84430184600F066FFA5
:107690000346FB713B46184600F07EFF0346FB7134
:1076A0003B6803F00073002B04D01049104802F02F
:1076B00023FEFEE7FB791D2B09D13B6803F0007325
:1076C000002B04D1002000F0B7FA0346FB71FB79D0
:1076D0001D2B04D1012000F00BFB0346FB71FB794D
:1076E00018460837BD4680BD8096002008760308FE
:1076F0001076030880B584B000AF7249724802F07A
:10770000FBFD724B5B681B0EDBB203F00F03FB73D8
:107710006E4B5B68DB0BDBB203F00103BB736B4B9F
:107720005B689B0ADBB203F001037B73FB7B022BDC
:1077300014D1BB7B012B0CD17B7B012B04D1614984
:10774000634802F0D9FD18E05E49624802F0D4FDBA
:1077500013E05C49604802F0CFFD0EE0FB7B012B9B
:1077600004D158495D4802F0C7FD06E0FB7B002BC1
:1077700003D154495A4802F0BFFD544B5B681B0DBE
:10778000DBB203F007033B733B7B022B04D14D4973
:10779000544802F0B1FD0EE03B7B032B04D1494974
:1077A000514802F0A9FD06E03B7B042B03D145497B
:1077B0004E4802F0A1FD4E4B1B6A01339B02BB6099
:1077C0004FF400737B6000F02DFF03461A463D49DD
:1077D000484802F091FD7A683A49474802F08CFD2A
:1077E000BA683849454802F087FD414BDB7EDBB281
:1077F000002B03D03349424802F07EFD3C4B93F806
:107800002F30DBB2002B03D02E493E4802F074FD2E
:10781000374B1B8B7B807B881A462A493A4802F0FB
:107820006BFD7B8803F004039BB2002B09D07B889F
:1078300003F010039BB2002B03D02249334802F01F
:107840005BFD7B8803F020039BB2002B03D01D4916
:107850002F4802F051FD7B8803F040039BB2002BC0
:1078600003D018492B4802F047FD7B8803F08003C2
:107870009BB2002B03D01349274802F03DFD7B88C3
:1078800003F480739BB2002B03D00E49234802F00F
:1078900033FD7B8803F400739BB2002B03D00949AE
:1078A0001F4802F029FD7B8803F480639BB2002B04
:1078B00003D004491B4802F01FFD00BF1037BD462E
:1078C00080BD00BF087603082C760308C896002008
:1078D000487603086876030888760308A8760308C4
:1078E000C8760308E87603080077030818770308CA
:1078F00080960020307703085477030874770308D4
:1079000094770308C4770308F47703081C78030806
:1079100044780308647803088C780308B078030877
:10792000DC780308FC78030880B582B000AF1D2323
:10793000FB7101F09FFD01F087FD02F021FA00F0DC
:10794000C7F80346FB71FB791D2B01D0FB7914E0CE
:1079500000F018F80346FB71FB791D2B01D0FB7971
:107960000BE0082300220021002002F03DFA002055
:1079700002F07AFA02F06AFAFB7918460837BD4637
:1079800080BD000080B582B000AF1D23FB710123D4
:10799000BB8002F08FFA0346002B03D11A23FB7140
:1079A000FB7989E0464B1B78032B2AD0C0220021AB
:1079B000022002F097FA002002F0BEFA02F0D4FA98
:1079C00001F034FA0346FB71FB791D2B01D0FB79E2
:1079D00072E0002002F0E2FA03463A4A1360012006
:1079E00002F0DCFA0346374A5360022002F0D6FA6E
:1079F0000346344A9360032002F0D0FA0346314A2A
:107A0000D3602F4B1B78002B0BD02D4B1B78012BF9
:107A100007D02B4B1B78022B03D0294B1B78042B50
:107A200015D140220021032002F05CFA002002F070
:107A300083FA02F099FA3B1D1946032001F05AFA25
:107A40000346FB71FB791D2B01D0FB7934E01C4B05
:107A50001B78032B2FD0BA881B4B1A80BB881B04C2
:107A6000C0221946092002F03DFA002002F064FA13
:107A700002F07AFA01F0DAF90346FB71FB791D2B6B
:107A800001D0FB7918E0002002F088FA03460F4A83
:107A90001360012002F082FA03460C4A5360022070
:107AA00002F07CFA0346094A9360032002F076FA5A
:107AB0000346064AD360FB7918460837BD4680BDA9
:107AC000D0960020E4960020F4960020D496002062
:107AD00080B586B000AF1D23FB7500233B610023FA
:107AE000FB600023BB600023FB714FF49573002201
:107AF0000021002002F078F9002002F0B5F902F030
:107B0000A5F9032002F0C8F902F0DEF900220021F5
:107B1000002002F0E7F9002002F00EFA02F024FA49
:107B200001F070F80346FB75FB7D1D2B01D0FB7D3A
:107B30007BE040224FF4D571082002F0D3F90020F9
:107B400002F0FAF902F010FA01F042FA03461D2B96
:107B500005D1384B01221A704FF080433B6140221F
:107B60000021372002F0BEF9002002F0E5F902F012
:107B7000FBF9372001F000F903461D2B54D138E002
:107B800040220021372002F0ADF9002002F0D4F9A4
:107B900002F0EAF9372001F0EFF80346FB75FB7DB0
:107BA0001D2B01D0FB7D40E03B6943F0004343F4D3
:107BB000801340221946292002F094F9002002F097
:107BC000BBF902F0D1F901F069F90346FB75FB7DC1
:107BD0001D2B01D0FB7D28E0002002F0DFF9F860CA
:107BE000FB68DB0FDBB203F00103FB71BB68013301
:107BF000BB60FB79002B04D1BB684FF6FE72934249
:107C0000BED9BB684FF6FE72934203D91823FB75A9
:107C1000FB7D0AE0FB6803F08043FB60FB68002B00
:107C200002D0044B02221A70FB7D18461837BD465D
:107C300080BD00BFD096002080B584B000AF7860D2
:107C40001D23FB73294B1B78052B03D11B23FB73CF
:107C5000FB7B47E0254B1B78002B07D0234B1B7881
:107C6000012B03D0214B1B78022B3AD17B68B3F553
:107C7000805F03D11B23FB73FB7B33E07B68B3F591
:107C8000006F14D14FF4802001F054FA0346FB73C7
:107C9000FB7B1D2B25D1082300220021002002F0B0
:107CA000A3F8786802F0E0F802F0D0F819E07B68F9
:107CB000002B14D14FF4803001F03CFA0346FB73E3
:107CC000FB7B1D2B0DD1082300220021002002F098
:107CD0008BF8786802F0C8F802F0B8F801E01923D0
:107CE000FB73FB7B18461037BD4680BDD096002045
:107CF00080B485B000AF78601D23FB737B68002BD8
:107D000002D07B68012B03D1054A7B68136001E038
:107D10001923FB73FB7B18461437BD4680BC7047A4
:107D2000C417002090B58BB000AFF860B9603B601D
:107D30001346FB801D2387F8273000233B62002376
:107D4000BB6100237B61FB68FB6100233B61FB6837
:107D5000002B05D1192387F8273097F8273090E1B9
:107D6000AE4B1D221A70AE4B00221A60AD4B0022A2
:107D70001A6000220021002002F044F900210020B6
:107D800002F06EF902F098F902F0CAF9002002F050
:107D900005F9034603F00073002B05D0062387F88E
:107DA000273097F827306CE19F4B1B78022B05D1C9
:107DB0004FF40073FB80BB685B0ABB60FA88FB88EA
:107DC000013B1340BB61FB88002B23D0FB88B3F53C
:107DD000006F1FD8BB69002B1CD1FB88184601F02F
:107DE00019FB7861FB8840221946102002F07AF8CE
:107DF000002002F0A1F802F0B7F8102000F0BCFF5C
:107E0000034687F8273097F827301D2B08D097F8BE
:107E1000273036E1192387F8273097F8273030E1EB
:107E20003B68012B40F22B81FB883A6802FB03F38D
:107E3000B3F1007F05D3192387F8273097F827304F
:107E40001FE17A4B01221A60FB883A6802FB03F3B8
:107E5000744A1360734B1B687A6919464FF0FF3000
:107E600002F0D0F80221002002F0FAF802F016F930
:107E70004022B968122002F035F8002002F05CF8C8
:107E800002F072F8122000F077FF034687F82730DF
:107E900097F827301D2B02D097F82730F1E0644B7C
:107EA0001B68012B40F09E801AE04FF4004002F066
:107EB00045F90346002B13D000233B620AE03B6ADE
:107EC0009B00FA69D41802F013F9034623603B6A59
:107ED00001333B623B6A072BF1D9FB692033FB611D
:107EE00040F22A3002F02AF90346002BDDD00220AE
:107EF00002F024F90346002B08D0122387F827301C
:107F0000022002F02FF997F82730BAE0082002F09B
:107F100015F90346002B08D0142387F827300820D2
:107F200002F020F997F82730ABE0202002F006F9A4
:107F30000346002B08D0162387F82730202002F0B4
:107F400011F997F827309CE04FF4007002F0F6F832
:107F50000346002B11D0172387F827304FF4007009
:107F600002F000F997F827308BE002F0C1F80246E2
:107F7000FB691A60FB690433FB614FF4001002F0E7
:107F8000DDF80346002BF0D14FF4807002F0D6F8F4
:107F90000346002B22D0244B1B78002B07D0224B0A
:107FA0001B78012B03D0204B1B78022B16D14022CB
:107FB00000210C2001F096FF002001F0BDFF01F030
:107FC000D3FF0C2000F0D8FE034687F8273097F83F
:107FD00027301D2B02D097F8273052E0154802F0C9
:107FE000C1F84CE0124B1B68002B45D140F22A30FF
:107FF00002F0C6F802F086F80A4B1B681946F868CA
:1080000001F09EFA0C4B3B6118E03B69013B3B6180
:108010003B69002B12D11C2333E000BFC81700209E
:1080200000970020F8960020D0960020FC960020B3
:10803000C4170020FF07C000A08601000222032110
:10804000124801F04FFE0346002B02D13B69002B82
:10805000DBD100BF0E4B1B68002B04D10D4B1B78EE
:10806000DBB21D2BF6D00B4B1B78DBB21D2B06D0E1
:10807000084B1B78DBB204E0192387F8273097F808
:10808000273018462C37BD4690BD00BF0004024083
:1080900000970020C817002080B58EB000AFF860B0
:1080A000B9603B601346FB801D2387F837300023FF
:1080B000FB7600233B6300237B6200233B62FB686B
:1080C000FB620023BB620023FB6100237B61FB6832
:1080D000002B05D1192387F8373097F8373028E27D
:1080E000B64B1D221A70B64B00221A60B54B002207
:1080F0001A6000220021002001F084FF00210020EE
:1081000001F0AEFF01F0D8FF02F00AF8002001F004
:1081100045FF034603F00073002B05D0062387F8C4
:10812000373097F8373004E2A74B1B78022B05D184
:108130004FF40073FB80BB685B0ABB60FA88FB8866
:10814000013B13407B62FB88002B23D0FB88B3F5F7
:10815000006F1FD87B6A002B1CD1FB88184601F0EA
:1081600059F93862FB8840221946102001F0BAFE06
:10817000002001F0E1FE01F0F7FE102000F0FCFD10
:10818000034687F8373097F837301D2B08D097F81B
:108190003730CEE1192387F8373097F83730C8E108
:1081A0008A4B1B881B04402219460D2001F09AFEC1
:1081B000002001F0C1FE01F0D7FE0D2000F0DCFD33
:1081C000034687F8373097F837301D2B02D097F8E1
:1081D0003730AEE13B68012B40F28B81FB883A6877
:1081E00002FB03F3B3F1007F05D3192387F837307F
:1081F00097F837309DE1744B1B78002B07D0724BFA
:108200001B78012B03D0704B1B78022B30D16F4BA6
:108210001B881B0440221946372001F063FE002012
:1082200001F08AFE01F0A0FE372000F0A5FD034614
:1082300087F8373097F837301D2B02D097F8373052
:1082400077E140223968172001F04CFE002001F050
:1082500073FE01F089FE172000F08EFD034687F8BB
:10826000373097F837301D2B02D097F8373060E160
:108270004022B968192001F035FE002001F05CFEB3
:1082800001F072FE192000F077FD034687F83730C1
:1082900097F837301D2B02D097F8373049E14C4B17
:1082A00001221A60FB883A6802FB03F3454A136017
:1082B000444B1B683A6A19464FF0FF3001F0A2FEAA
:1082C0000021002001F0CCFE01F0E8FE414B1B68CC
:1082D000012B40F0CF804BE04FF4804001F02EFFA7
:1082E0000346002B44D0374B1A68BB6AD31A1F2BA6
:1082F00017D900233B630AE03B6B9B00FA6A1344E7
:108300001B68184601F0E6FE3B6B01333B633B6B99
:10831000072BF1D9FB6A2033FB62BB6A2033BB62B7
:1083200026E0284B1A68BB6AD31A9B08254A1168B5
:10833000BA6A8A1A02F00302002A14BF012200223C
:10834000D2B21344FB6100233B630DE0FB6A1B6860
:10835000184601F0BFFEFB6A0433FB62BB6A0433BC
:10836000BB623B6B01333B633A6BFB699A42EDD3D3
:1083700040F21A3001F0E2FE0346002BACD002209E
:1083800001F0DCFE0346002B08D0122387F83730BB
:10839000022001F0E7FE97F83730CAE0082001F02C
:1083A000CDFE0346002B17D0142387F83730082062
:1083B00001F0D8FE97F83730BBE000BFC8170020A7
:1083C00000970020F8960020D0960020F496002018
:1083D000FC960020C4170020102001F0AFFE0346D9
:1083E000002B08D0152387F83730102001F0BAFE93
:1083F00097F837309DE04FF4007001F09FFE034680
:10840000002B09D0172387F837304FF4007001F0A4
:10841000A9FE97F837308CE04FF4807001F08EFEA3
:108420000346002B22D0454B1B78002B07D0434B33
:108430001B78012B03D0414B1B78022B16D1402215
:1084400000210C2001F04EFD002001F075FD01F02F
:108450008BFD0C2000F090FC034687F8373097F82E
:1084600037301D2B02D097F8373062E0344801F0E6
:1084700079FE3EE0334B1B68002B34D140F21A30BA
:1084800001F07EFE01F03EFE2F4B1B681946F86896
:1084900001F004F82D4B7B6107E07B69013B7B61B8
:1084A0007B69002B01D11C2343E0022203212848D1
:1084B00001F018FC0346002B02D17B69002BECD1A4
:1084C00000BF244B1B68002B04D1234B1B78DBB26D
:1084D0001D2BF6D0204B1B78DBB21D2B09D01E4B79
:1084E0001B78DBB225E0192387F8373097F837304F
:1084F0001FE0134801F036FE07F11B03184600F099
:10850000A7FD034687F8373007E007F11B0318463D
:1085100000F09EFD034687F8373097F837301D2B63
:1085200005D1FB7E072BF0D0FB7E062BEDD097F814
:10853000373018463837BD4680BD00BFD096002082
:10854000FF07C000C4170020F8960020A086010095
:108550000004024000970020C817002080B584B0B6
:1085600000AF0346FB801D23FB73FB881B044022E6
:108570001946072001F0B6FC002001F0DDFC01F0F7
:10858000F3FC072000F0F8FB0346FB73FB7B184667
:108590001037BD4680BD000080B584B000AF786064
:1085A0001D23FB737B68002B03D11923FB73FB7B1B
:1085B0001DE0114B1B881B04402219460D2001F0C1
:1085C00091FC002001F0B8FC01F0CEFC0D2000F081
:1085D000D3FB0346FB73FB7B1D2B01D0FB7B06E02B
:1085E000002001F0DBFC02467B681A60FB7B18462A
:1085F0001037BD4680BD00BFF496002080B582B024
:1086000000AF0023FB714FF4405001F097FD03468B
:10861000002B01D00123FB71FB7918460837BD46BA
:1086200080BD000080B485B000AF0023FB72002342
:10863000BB7200237B720023FB6000237B603B4BFB
:108640001B78002B03D0394B1B78012B47D1384BBB
:108650005B681B0AFB72FB7A9B0203F440637B603E
:10866000334B5B68FB72FB7A9B007A6813437B6039
:108670002F4B9B681B0EFB72FB7A9B09DBB21A46E1
:108680007B6813437B602A4B9B681B0CFB72FB7A55
:108690005B00DBB203F00603BB72254B9B681B0A31
:1086A000FB72FB7ADB09DAB2BB7A1343BB72204B55
:1086B0005B681B0CFB72FB7A03F00F037B727B6819
:1086C0005A1CBB7A023302FA03F3FB607B7AFA6826
:1086D00002FA03F3FB60FB689B0AFB6020E0134B8C
:1086E0001B78022B1CD1124B5B68FB72FB7A1B04BC
:1086F00003F47C137B600E4B9B681B0EFB72FB7AB2
:108700001B027A6813437B60094B9B681B0CFB724E
:10871000FB7A7A6813437B607B6801335B02FB6002
:10872000FB6818461437BD4680BC7047D0960020C1
:10873000D496002080B485B000AF78601D23BB7351
:108740000023FB737B68002B03D11923BB73BB7B16
:108750004FE29E4B1A787B6883F838209C4B1A882E
:108760007B68A3F844209B4B1B681B0EFB737B6844
:10877000FA7B1A70974B1B681B0CFB73FB7B9BB23D
:108780001B029AB27B685A80924B1B681B0AFB73D0
:108790007B685B889AB2FB7B9BB213439AB27B687F
:1087A0005A808C4B1B68FB73FB7B1A067B685A60F4
:1087B000884B5B681B0EFB737B685A68FB7B1B0452
:1087C0001A437B685A60834B5B681B0CFB737B68A6
:1087D0005A68FB7B1B021A437B685A607D4B5B68BF
:1087E0001B0AFB737B685A68FB7B1A437B685A60E1
:1087F000784B5B68FB737B68FA7B1A72754B9B68DE
:108800001B0EFB737B68FA7B5A72724B9B681B0CC6
:10881000FB73FB7B1A067B68DA606E4B9B681B0A56
:10882000FB737B68DA68FB7B1B041A437B68DA60A6
:10883000684B9B68FB737B68DA68FB7B1A437B6839
:10884000DA60644BDB681B0EFB737B68DA68FB7BCA
:108850001A437B68DA605F4BDB681B0CFB73FB7BA6
:108860009BB21B029BB203F470639AB27B681A82BC
:10887000584BDB681B0AFB737B681B8A9AB2FB7B35
:108880009BB213439AB27B681A82524BDB68FB732C
:10889000FB7B5B08DAB27B689A744F4B1B681B0E3C
:1088A000FB73FB7B9B09DAB27B681A754A4B1B682A
:1088B0001B0CFB737B68FA7B5A75474B1B681B0AC2
:1088C000FB737B68FA7B9A75434B1B68FB737B6871
:1088D000FA7BDA75404B5B681B0EFB73FB7B9BB22C
:1088E0001B019AB27B681A833B4B5B681B0CFB73C2
:1088F0007B681B8B9AB2FB7B1B09DBB29BB21343D9
:108900009AB27B681A83FB7B03F00F03DAB27B68B1
:108910009A76314B5B681B0AFB73FB7BDB09DAB28F
:108920007B68DA76FB7B9B11DBB203F00103DAB2E2
:108930007B681A77FB7B5B11DBB203F00103DAB2D1
:108940007B685A77FB7B1B11DBB203F00103DAB2C1
:108950007B689A771D4B1B78002B04D01B4B1B7830
:10896000012B40F08580FB7B9B0203F440627B6817
:108970001A62194B5B68FB737B681A6AFB7B9B006E
:108980001A437B681A62144B9B681B0EFB737B684F
:108990001B6AFA7B9209D2B21A437B681A62FB7B8C
:1089A000DB10DBB203F00703DAB27B6883F8242024
:1089B000FB7B03F00703DAB27B6883F82520064BC4
:1089C0009B681B0CFB73FB7B5B0907E0D0960020C8
:1089D000F4960020E4960020D4960020DAB27B685A
:1089E00083F82620FB7B9B10DBB203F00703DAB28F
:1089F0007B6883F82720FB7B5B00DBB203F0060378
:108A0000DAB27B6883F828207C4B9B681B0AFB73D7
:108A10007B6893F82830DAB2FB7BDB09DBB21343C7
:108A2000DAB27B6883F828207B689B7EDBB21A462B
:108A3000012393401A467B681A647B681B6A5A1CA0
:108A40007B68DA637B6893F82830DBB2023301225B
:108A50009A407B68DB6B03FB02F27B68DA637B681E
:108A6000DB6B7A68126C03FB02F27B68DA632BE043
:108A7000634B1B78022B27D1604B5B68FB73FB7B3E
:108A80001B0403F47C127B681A625C4B9B681B0E10
:108A9000FB737B681A6AFB7B1B021A437B681A62B2
:108AA000564B9B681B0CFB737B681A6AFB7B1A4353
:108AB0007B681A627B684FF400721A647B681B6AD9
:108AC0000133DA047B68DA63FB7B9B11DBB203F0D2
:108AD0000103DAB27B6883F82920FB7B5B00DBB201
:108AE00003F07E03DAB27B6883F82A20434B9B684D
:108AF000FB737B6893F82A30DAB2FB7BDB09DBB2CD
:108B00001343DAB27B6883F82A20FB7B03F07F03F0
:108B1000DAB27B6883F82B20384BDB681B0EFB73C3
:108B2000FB7BDB09DAB27B6883F82C20FB7B9B1094
:108B3000DBB203F00703DAB27B6883F82D20FB7BFE
:108B40009B00DBB203F00C03DAB27B6883F82E20C3
:108B50002A4BDB681B0CFB737B6893F82E30DAB270
:108B6000FB7B9B09DBB21343DAB27B6883F82E20D0
:108B7000FB7B5B11DBB203F00103DAB27B6883F8A5
:108B80002F201E4BDB681B0AFB73FB7BDB09DAB271
:108B90007B6883F83020FB7B9B11DBB203F0010381
:108BA000DAB27B6883F83120FB7B5B11DBB203F028
:108BB0000103DAB27B6883F83220FB7B1B11DBB246
:108BC00003F00103DAB27B6883F83320FB7B9B1050
:108BD000DBB203F00303DAB27B6883F83420074B7F
:108BE000DB68FB73FB7B5B08DAB27B6883F83520BC
:108BF000BB7B18461437BD4680BC7047D496002016
:108C0000D096002080B582B000AF1D23FB710F4BC2
:108C10003B6002E03B68013B3B60802001F08EFA44
:108C20000346002B02D13B68002BF3D13B68002B9D
:108C300003D11323FB71FB7903E0054801F092FA9D
:108C4000FB7918460837BD4680BD00BFA0860100ED
:108C5000FF07C00080B485B000AF78601C23FB73B1
:108C60007B68002B02DA0023FB737EE07B6803F055
:108C70008043002B02D00123FB7376E07B6803F076
:108C80000053002B02D00223FB736EE07B6803F0DD
:108C90008053002B02D00323FB7366E07B6803F054
:108CA0000063002B02D00423FB735EE07B6803F0BB
:108CB0008063002B02D00523FB7356E07B6803F032
:108CC0008073002B02D00623FB734EE07B6803F415
:108CD0000003002B02D00723FB7346E07B6803F4FC
:108CE0008003002B02D00823FB733EE07B6803F473
:108CF0000013002B02D00923FB7336E07B6803F4DA
:108D00008013002B02D00A23FB732EE07B6803F450
:108D10000023002B02D00B23FB7326E07B6803F4B7
:108D20008033002B02D00C23FB731EE07B6803F41E
:108D30000043002B02D00D23FB7316E07B6803F485
:108D40008043002B02D00E23FB730EE07B6803F4FC
:108D50000053002B02D00F23FB7306E07B6803F067
:108D60000803002B01D01023FB73FB7B184614373C
:108D7000BD4680BC7047000080B586B000AF03469A
:108D8000FB711D23FB7400237B610023FB60244BDC
:108D90001B687B6102E0224B1B687B617B6903F0EF
:108DA0004503002BF7D07B6903F00103002B06D0AD
:108DB0001123FB74012001F0D5F9FB7C2CE07B69C9
:108DC00003F00403002B06D01323FB74042001F0EE
:108DD000C9F9FB7C20E001F0D5F803461A46FB797F
:108DE000934203D00823FB74FB7C15E00D4801F08F
:108DF000B9F9002001F0D2F8F860FA680A4B134084
:108E0000002B03D11D23FB74FB7C05E0F868FFF702
:108E100021FF0346FB74FB7C18461837BD4680BD16
:108E200034800140FF07C00008E0F9FD80B582B042
:108E300000AF1D23FB7000237B60164B1B687B601B
:108E400002E0144B1B687B607B6803F04503002B3A
:108E5000F7D07B6803F00103002B06D01123FB70D1
:108E6000012001F07FF9FB780FE07B6803F0040339
:108E7000002B06D01323FB70042001F073F9FB785C
:108E800003E0054801F06EF9FB7818460837BD4647
:108E900080BD00BF34800140FF07C00080B582B0B4
:108EA00000AF1D23FB7000237B60104B1B687B60B1
:108EB00002E00E4B1B687B607B6803F04503002BD0
:108EC000F7D07B6803F00403002B06D01323FB705C
:108ED000042001F047F9FB7803E0054801F042F96E
:108EE000FB7818460837BD4680BD00BF348001407E
:108EF000FF07C00080B586B000AF03463960FB7144
:108F00001D23FB7500233B610023FB602E4B1B6878
:108F10003B6102E02C4B1B683B613B6903F045035E
:108F2000002BF7D03B6903F00103002B06D011237F
:108F3000FB75012001F016F9FB7D41E03B6903F070
:108F40000403002B06D01323FB75042001F00AF95B
:108F5000FB7D35E001F016F803461A46FB79934293
:108F600003D00823FB75FB7D2AE0184801F0FAF8CE
:108F7000002001F013F8F860FB6803F46043002B55
:108F800006D1FB681B0C9AB23B681A80FB7D17E088
:108F9000FB6803F40043002B02D00723FB750EE0AF
:108FA000FB6803F48043002B02D00823FB7506E026
:108FB000FB6803F40053002B01D00B23FB75FB7DF2
:108FC00018461837BD4680BD34800140FF07C000F9
:108FD00080B584B000AF1C23FB720023FB601A4BEA
:108FE0007B601A4B1B68FB6005E0184B1B68FB603D
:108FF0007B68013B7B60FB6803F04503002B02D1DB
:109000007B68002BF1D1FB6803F00403002B02D135
:109010007B68002B06D11323FB72042001F0A2F819
:10902000FB7A0CE0FB6803F04003002B06D01D2305
:10903000FB72402001F096F8FB7A00E0FB7A1846BC
:109040001037BD4680BD00BFA086010034800140BE
:1090500080B586B000AF78601D23FB7500233B61AF
:109060000023FB602F4B1B881B04402219460D2058
:1090700000F038FF002000F05FFF00F075FF2A4B82
:109080001B683B6102E0284B1B683B613B6903F0B6
:109090004503002BF7D03B6903F00103002B06D0FA
:1090A0001123FB75012001F05DF8FB7D36E03B6983
:1090B00003F00403002B06D01323FB75042001F0FA
:1090C00051F8FB7D2AE000F05DFF03463B613B6900
:1090D0000D2B03D00823FB75FB7D1FE0134801F027
:1090E00041F8002000F05AFF0346FB60FB685B0A72
:1090F000DBB203F00F03DAB27B681A70FA680C4B2C
:109100001340002B03D11D23FB75FB7D06E0FB689C
:109110001846FFF79FFD0346FB75FB7D1846183781
:10912000BD4680BDF496002034800140FF07C0009A
:1091300008E0F9FD80B584B000AF78601D23FB73B3
:10914000002000F02BFF034603F00073002B03D038
:109150000623FB73FB7B81E0424B1B884249184688
:1091600000F084F80346FB73FB7B1D2B01D0FB7BD7
:1091700074E07B68B3F5803F34D13B4B5A687B6821
:109180001340002B2AD0374B1B881B044022194662
:10919000372000F0A7FE002000F0CEFE00F0E4FE35
:1091A0003720FFF7E9FD0346FB73FB7B1D2B01D046
:1091B000FB7B53E040220021062000F093FE0020BC
:1091C00000F0BAFE00F0D0FE0620FFF7D5FD034602
:1091D000FB73FB7B1D2B03D0FB7B3FE01A23FB7350
:1091E000FB7B3BE07B68B3F5802F34D11E4B5A6884
:1091F0007B681340002B2AD01A4B1B881B0440228B
:109200001946372000F06EFE002000F095FE00F0B9
:10921000ABFE3720FFF7B0FD0346FB73FB7B1D2B36
:1092200001D0FB7B1AE040220221062000F05AFE0A
:10923000002000F081FE00F097FE0620FFF79CFD65
:109240000346FB73FB7B1D2B03D0FB7B06E01A233D
:10925000FB73FB7B02E01923FB73FB7B1846103783
:10926000BD4680BDF4960020C896002090B587B01A
:1092700000AF03463960FB801D23FB740023BB60F5
:109280000023FB6000237B6140220821102000F0B6
:1092900029FE002000F050FE1020FFF76DFD034670
:1092A000FB74FB7C1D2B01D0FB7CADE0FB881B0419
:1092B00040221946372000F015FE002000F03CFE49
:1092C00000F052FE3720FFF757FD0346FB74FB7C8E
:1092D0001D2B01D0FB7C97E0302208214FF0FF309E
:1092E00000F090FE0221002000F0BAFE00F0D6FE51
:1092F00040220021332000F0F5FD002000F01CFE8C
:1093000000F032FE3320FFF737FD0346FB74FB7C91
:109310001D2B14D0FB7C77E04FF4001000F00EFF03
:109320000346002B0BD07B699B0007F10802D41881
:1093300000F0DEFE034623607B6901337B6140F26F
:109340002A6000F0FBFE0346002BE5D0022000F06F
:10935000F5FE0346002B06D01223FB74022000F01A
:1093600001FFFB7C50E0082000F0E8FE0346002BE4
:1093700006D01423FB74082000F0F4FEFB7C43E0CD
:10938000202000F0DBFE0346002B06D01623FB74E2
:10939000202000F0E7FEFB7C36E04FF4007000F088
:1093A000CDFE0346002B07D01723FB744FF400704B
:1093B00000F0D8FEFB7C27E0154800F0D3FEFB68E8
:1093C0001A06FB681B0203F47F031A43FB681B0A9F
:1093D00003F47F431A43FB681B0E1A433B681A6071
:1093E000BB681A06BB681B0203F47F031A43BB6801
:1093F0001B0A03F47F4342EA0301BB681A0E3B6871
:1094000004330A431A60FB7C18461C37BD4690BDE6
:10941000FF07C00080B485B000AF0346FB80002387
:10942000FB7305E0FB885B08FB80FB7B0133FB7370
:10943000FB88012BF6D1FB7B1B01DBB218461437EE
:10944000BD4680BC7047000080B500AF4FF4F853B4
:10945000012218210548EAF745FB042301221821BF
:109460000348EAF73FFB00BF80BD00BF001001408A
:109470000014014080B500AF40F20460EAF778FEC6
:1094800040F20560EAF774FE4FF4C060EAF770FE40
:1094900040F20A50EAF76CFE00BF80BD80B58AB08A
:1094A00000AF7860396001220321234800F036FCC8
:1094B00002220321204800F031FC042203211E482F
:1094C00000F02CFC082203211B4800F027FC03219C
:1094D000194800F0DDFB0321174800F024FA174B70
:1094E000FB607B687B61012387F826303B689B0823
:1094F000FB61002387F82430012387F825304FF4DF
:1095000000733B614FF40063BB614FF440533B6217
:1095100007F10C031A460321074800F06AFA0321F9
:10952000054800F061FB0321034800F087FB00BF02
:109530002837BD4680BD00BF000402408080014046
:1095400080B58AB000AF78603960012203212348DA
:1095500000F0E4FB02220321204800F0DFFB04229C
:1095600003211E4800F0DAFB082203211B4800F00B
:10957000D5FB0321194800F08BFB0321174800F0AD
:10958000D2F9174BFB607B687B61002387F826309C
:109590003B689B08FB61002387F82430012387F890
:1095A00025304FF400733B614FF40063BB614FF40F
:1095B00040533B6207F10C031A460321074800F0B1
:1095C00018FA0321054800F00FFB0321034800F0BF
:1095D00035FB00BF2837BD4680BD00BF00040240F8
:1095E0008080014080B487B000AF78603960254B3F
:1095F0003B610023FB600023BB6000237B6138E0FC
:109600003A683B69B2FBF3F3DAB2FB68591CF960C4
:1096100079680B443032D2B21A703B683A69B3FBB6
:10962000F2F2396901FB02F29B1A3B603B69164A70
:10963000A2FB0323DB083B61FB68013B7A68134410
:109640001B78302B0CBF01230023DAB2BB68002B40
:109650000CBF01230023DBB21340DBB2002B02D08E
:109660000023FB6002E0BB680133BB607B69013310
:109670007B617B69092BC3D900BF00BF1C37BD4686
:1096800080BC704700CA9A3BCDCCCCCC80B487B0AC
:1096900000AF7860396000237B6100233B610023C9
:1096A000FB607B681B78302B40F081807B68013346
:1096B0001B78782B04D07B6801331B78582B76D12C
:1096C0007B6802331B78002B01D10023D7E00223F3
:1096D0007B6163E07A687B6913441B78002B05D1BA
:1096E000FA683B681A6001233B615AE07A687B693B
:1096F00013441B78402B05D97A687B6913441B7887
:10970000462B17D97A687B6913441B78602B05D9DF
:109710007A687B6913441B78662B0BD97A687B695E
:1097200013441B782F2B36D97A687B6913441B7836
:10973000392B30D8FB681B0179687A690A441278A2
:109740002F2A0BD979687A690A441278392A05D800
:1097500079687A690A441278303A16E079687A6949
:109760000A441278402A0BD979687A690A44127837
:10977000462A05D879687A690A441278373A04E0AB
:1097800079687A690A441278573A1344FB607B6916
:1097900001337B6102E000233B6102E07B690A2B1D
:1097A00098D97B690A2B69D900233B6166E00023C5
:1097B0007B615BE07A687B6913441B78002B05D1E1
:1097C000FA683B681A6001233B6152E07A687B6962
:1097D00013441B786B2B05D07A687B6913441B7884
:1097E0004B2B0BD17B69002B08D0FB689B02FB60E5
:1097F000FA683B681A6001233B613AE07A687B694A
:1098000013441B786D2B05D07A687B6913441B7851
:109810004D2B0BD17B69002B08D0FB681B05FB602F
:10982000FA683B681A6001233B6122E07A687B6931
:1098300013441B782F2B16D97A687B6913441B7845
:10984000392B10D8FA6813469B0013445B00194665
:109850007A687B6913441B780B44303BFB607B695F
:1098600001337B6102E000233B6102E07B690A2B4C
:10987000A0D97B690A2B01D900233B613B691846BB
:109880001C37BD4680BC704780B582B000AF7860A1
:1098900005210948EAF7BCFB0346002B06D0074B1D
:1098A0001B68DAB27B681A70012300E000231846B7
:1098B0000837BD4680BD00BF004800400448004056
:1098C00080B582B000AF0346FB71FB7919460848AA
:1098D000EAF77DFB00BF07210548EAF799FB03463D
:1098E000002BF8D000BF00BF0837BD4680BD00BFC9
:1098F0000048004080B582B000AF78600AE07B6825
:109900001B781846FFF7DCFF7B6801337B6064201F
:10991000FBF7C6FB7B681B78002BF0D100BF00BFB4
:109920000837BD4680BD80B582B000AF78600B4679
:10993000FB70FB781946786800F008FA0346002BA4
:1099400000D1FEE7FA7813469B0013449B001A46A9
:109950007B68134408331968FA7813469B00134454
:109960009B001A467B68134408331A4621F0010312
:109970001360FA7813469B0013449B001A467B68D9
:10998000134408331A4600231360FA7813469B00E9
:1099900013449B001A467B6813440C331A46002379
:1099A0001360FA7813469B0013449B001A467B68A9
:1099B000134410331A4600231360FA7813469B00B1
:1099C00013449B001A467B68134414331A46002341
:1099D00013607B6804331A68FB789B000F2101FA3F
:1099E00003F37968043113430B6000BF0837BD46A9
:1099F00080BD80B586B000AFF8600B467A60FB7220
:109A0000FB7A1946F86800F0A1F90346002B00D153
:109A1000FEE7FA7A13469B0013449B001A46FB6844
:109A2000134410331A467B681B681360FA7A134696
:109A30009B0013449B001A46FB68134414331A46D8
:109A40007B689B6813607B681969FA7A13469B00F0
:109A500013449B001A46FB6813440C331A468BB21E
:109A60001360FA7A13469B0013449B001A46FB6866
:109A7000134408331B687B617B6923F47C537B614F
:109A80007B685A687B68DB681A437B685B691343B1
:109A90007A6913437B61FA7A13469B0013449B0057
:109AA0001A46FB68134408331A467B6913607B68C7
:109AB0001B7E012B17D1FA7A13469B0013449B009F
:109AC0001A46FB68134408331968FA7A13469B0058
:109AD00013449B001A46FB68134408331A4641F0AE
:109AE0004003136016E0FA7A13469B0013449B0070
:109AF0001A46FB68134408331968FA7A13469B0028
:109B000013449B001A46FB68134408331A4621F09D
:109B1000400313607B685B7E012B17D1FA7A1346F2
:109B20009B0013449B001A46FB68134408331968D2
:109B3000FA7A13469B0013449B001A46FB681344B1
:109B400008331A4641F08003136016E0FA7A134690
:109B50009B0013449B001A46FB68134408331968A2
:109B6000FA7A13469B0013449B001A46FB68134481
:109B700008331A4621F0800313607B689B7E002B1C
:109B800017D1FA7A13469B0013449B001A46FB68D0
:109B9000134408331968FA7A13469B0013449B0058
:109BA0001A46FB68134408331A4621F01003136069
:109BB00016E0FA7A13469B0013449B001A46FB6892
:109BC000134408331968FA7A13469B0013449B0028
:109BD0001A46FB68134408331A4641F01003136019
:109BE00000BF1837BD4680BD80B582B000AF786039
:109BF0000B46FB70FB781946786800F0A7F803461F
:109C0000002B00D1FEE7FA7813469B0013449B001B
:109C10001A467B68134408331968FA7813469B0088
:109C200013449B001A467B68134408331A4621F0FC
:109C30002003136000BF0837BD4680BD80B582B0E9
:109C400000AF78600B46FB70FB781946786800F02F
:109C50007DF80346002B00D1FEE7FA7813469B00FF
:109C600013449B001A467B68134408331968FA783A
:109C700013469B0013449B001A467B681344083329
:109C80001A4641F00103136000BF0837BD4680BD8E
:109C900080B582B000AF78600B46FB70FB78194648
:109CA000786800F053F80346002B00D1FEE7FA78FD
:109CB00013469B0013449B001A467B6813440833E9
:109CC0001968FA7813469B0013449B001A467B6878
:109CD000134408331A4621F00103136000BF08370C
:109CE000BD4680BD80B487B000AFF8600B467A6097
:109CF000FB72FB681A68FB7A9B00796801FA03F330
:109D00001340002B02D00123FB7501E00023FB75FB
:109D1000FB7D18461C37BD4680BC704780B485B0BB
:109D200000AFF8600B467A60FB72FB6804331A6878
:109D3000FB7A9B00796801FA03F3F9680431134355
:109D40000B6000BF1437BD4680BC704780B485B03F
:109D500000AF78600B46FB700123FB737B68074AFA
:109D6000934204D1FB78042B01D90023FB73FB7BC6
:109D700018461437BD4680BC704700BF000402403F
:109D800080B400AF0F4B00221A600F4B00221A6004
:109D90000E4B00221A600E4B00221A600D4B00225F
:109DA0001A600D4B00221A600C4B00221A600C4BFB
:109DB00000221A600B4B00221A6000BFBD4680BC17
:109DC000704700BF008001400480014008800140CE
:109DD0000C80014024800140288001402C800140FB
:109DE000388001403C80014080B487B000AFF8600B
:109DF000B9607A607B8000237B61124B1B687B61BA
:109E00007A69114B13407B617B88FF2B07D97B69F3
:109E100043F000437B617B88A3F580737B80FA6805
:109E2000BB681A437B681A437B8813437A691343E0
:109E30007B61044A7B69136000BF1C37BD4680BC50
:109E4000704700BF0480014000D9FF7F80B400AF9D
:109E5000044B1B68034A23F48043136000BFBD46D4
:109E600080BC70470480014080B483B000AF78604C
:109E7000084B1B68074A23F4C0531360054B1A684C
:109E800004497B6813430B6000BF0C37BD4680BCA0
:109E9000704700BF0480014080B483B000AF786099
:109EA000034A7B68136000BF0C37BD4680BC704717
:109EB0000080014080B400AF024B1B681846BD46CD
:109EC00080BC70470080014080B400AF044B1B6829
:109ED000034A43F48073136000BFBD4680BC7047E3
:109EE0000480014080B487B000AFF860B9607A6048
:109EF00000237B610E4B1B680D4B00221A600C4A3D
:109F0000BB6813600B4B1B687B617B6923F0FF030D
:109F10007B61FA687B6813437A6913437B61054A66
:109F20007B69136000BF1C37BD4680BC704700BF13
:109F3000088001400C80014080B483B000AF78609D
:109F4000084B1B68074A23F440731360054B1A68DB
:109F500004497B6813430B6000BF0C37BD4680BCCF
:109F6000704700BF0C80014080B400AF044B1B68F9
:109F7000034A43F48063136000BFBD4680BC704752
:109F80000C80014080B400AF034B1B68DBB2184665
:109F9000BD4680BC704700BF1080014080B485B0D2
:109FA00000AF78600023FB607B68032B1AD801A206
:109FB00052F823F0C59F0208CD9F0208D59F0208E2
:109FC000DD9F02080B4B1B68FB600CE00A4B1B6813
:109FD000FB6008E0094B1B68FB6004E0084B1B6852
:109FE000FB6000E000BFFB6818461437BD4680BC2C
:109FF000704700BF14800140188001401C80014060
:10A000002080014080B485B000AFF860B9607A600C
:10A01000104B1B680F4B00221A600F4B1B680E4A37
:10A0200003F07E4313600D4B1B680C4A23F0F003D2
:10A030001360084AFB681360074ABB681360074B4C
:10A040001A6806497B6813430B6000BF1437BD468E
:10A0500080BC704724800140288001402C80014052
:10A0600080B485B000AF786039600023FB600A4B94
:10A070001B68FB60FB6823F00603FB607A683B68A3
:10A080001343FA681343FB60034AFB68136000BF85
:10A090001437BD4680BC70472C80014080B400AFAF
:10A0A000044B1B68034A43F00103136000BFBD4625
:10A0B00080BC70472C80014080B400AF044B1B680B
:10A0C000034A23F00103136000BFBD4680BC704704
:10A0D0002C80014080B483B000AF7860034A7B6875
:10A0E000136000BF0C37BD4680BC704780800140C4
:10A0F00080B400AF024B1B681846BD4680BC704759
:10A100008080014080B400AF044B1B68034A43F0D9
:10A110000803136000BFBD4680BC70472C8001401F
:10A1200080B400AF044B1B68034A23F0080313609C
:10A1300000BFBD4680BC70472C80014080B483B016
:10A1400000AF7860064B1A687B681340002B01D083
:10A15000012300E0002318460C37BD4680BC704741
:10A160003480014080B483B000AF7860034A7B68DC
:10A17000136000BF0C37BD4680BC7047388001407B
:10A1800080B483B000AF7860054B1A6804497B68DF
:10A1900013430B6000BF0C37BD4680BC704700BF47
:10A1A0003C80014000B50B4C25681446EE681A4609
:10A1B00085B003460D464CB107490095CDE9011421
:10A1C0003046064900F00EF806F08AFA04490C46BB
:10A1D000F3E700BFCC170020F086030800870308D0
:10A1E0002C7F03080EB410B583B005AB064C53F8B2
:10A1F000042B01930146206803F0F6FC03B0BDE890
:10A20000104003B0704700BFCC17002070B50D4E52
:10A210000D4D761BB61006D0002455F8043B0134D2
:10A220009847A642F9D1094E094D761B0BF024FE42
:10A23000B61006D0002455F8043B01349847A642D6
:10A24000F9D170BD348D0308348D03083C8D0308AB
:10A25000348D0308830730B548D0541E002A3FD000
:10A26000CAB2034601E0013C3AD303F8012B9D0733
:10A27000F9D1032C2DD9CDB245EA05250F2C45EA9D
:10A28000054536D9A4F1100222F00F0C03F1200E7F
:10A29000E6444FEA121C03F1100242E9045542E978
:10A2A000025510327245F8D10CF1010214F00C0F76
:10A2B00003EB021204F00F0C13D0ACF1040323F0F3
:10A2C00003030433134442F8045B9342FBD10CF0C4
:10A2D00003042CB1CAB21C4403F8012B9C42FBD1ED
:10A2E00030BD64461346002CF4D1F9E7034614460A
:10A2F000BFE71A46A446E0E70FB400B5074983B0AC
:10A3000004AB086853F8042B8168019304F07CFBCC
:10A3100003B05DF804EB04B0704700BFCC17002019
:10A3200070B5054688B008460C46E7F7C9FA224ED4
:10A33000AA6B059001214318CDE9066104A802210A
:10A3400004940393AC680190029122B3636E13F0FE
:10A35000010FB4F90C309AB201D1980525D59104BA
:10A3600006D4626E43F4005322F40052A381626665
:10A37000284601AA214607F013FD636E002814BF8A
:10A380004FF0FF350A25DA0702D4A3899B0506D5CD
:10A39000284608B070BD284607F07CFAD6E7A06DC5
:10A3A00007F0B4FE284608B070BDA06D07F0ACFE03
:10A3B000B4F90C309AB2D2E7407C0308024B014654
:10A3C0001868FFF7ADBF00BFCC1700200CB410B564
:10A3D0001F4B00291C689CB035DB4FF40273ADF8AD
:10A3E0001430029006901FAB18D001394FF6FF725F
:10A3F00004910791ADF8162002A91E9A01932046F8
:10A4000000F008FB421C01DA8B232360029B002230
:10A410001A701CB0BDE8104002B070474FF6FF72D2
:10A4200004910791ADF8162002A91E9A01932046C7
:10A4300000F0F0FA431C01DA8B2323601CB0BDE866
:10A44000104002B070478B2323604FF0FF30F5E7D8
:10A45000CC1700200EB410B59DB06FF000411FABBB
:10A46000CDE906010491094953F8042B0290084CE8
:10A470000868019302A9059400F0CCFA029B00221F
:10A480001A701DB0BDE8104003B07047CC17002013
:10A490000802FFFF0EB430B59CB01FAC4FF4017240
:10A4A00054F8045BADF8142002900690E7F708FA20
:10A4B000039007900A480B490A9100234FF6FF7C4E
:10A4C0000E9313932A46234602A90068ADF816C0DE
:10A4D000019401F0BDFF1CB0BDE8304003B07047EF
:10A4E000CC1700200DA5020810B50C46B1F90E10CE
:10A4F00008F052FF002803DB236D0344236510BDE1
:10A50000A38923F48053A38110BD00BF00207047AE
:10A510002DE9F0410C46B1F90C101F46CB0505465C
:10A5200016460BD421F48051A1813B46B4F90E109C
:10A5300032462846BDE8F04106F048B8B4F90E109E
:10A540000223002207F0E4FDB4F90C10EAE700BF93
:10A5500010B50C46B1F90E1007F0DAFDA389421CC4
:10A560000EBF23F4805343F480532065A38110BDB4
:10A57000B1F90E1006F0C2B8A2B330B540EA01043A
:10A58000A40784460B462AD09CF800000C7884422D
:10A590002FD1012A0DD0E64660B11EF8010F11F847
:10A5A000014F6FEA0E03A042134422D11CEB0303B8
:10A5B000F2D1002030BD0468194653F8045BA4F1C1
:10A5C000013EAC4284462EEA040E00F104000BD199
:10A5D000043A84461946ECD01EF0803FE9D1032AA4
:10A5E000E9D8D1E7104670479CF800000C78A042EB
:10A5F000D1D0001B30BD00BF2DE9F04F012BADF2D3
:10A600001C4D1D4681460F46904640F24581012370
:10A6100000249C4619464FF0FF3006E0A3EB000CE7
:10A620001C46012163189D4210D908EB000218F85E
:10A630000360525C9642F1D300F082804FF0010C2F
:10A6400020466146644463189D42EED8CDF808C0A8
:10A650004FF0010C002461464FF0FF36634606E0E0
:10A66000A3EB060C1C46012163189D420FD908EB91
:10A67000010218F803E0925D9645F1D866D04FF0DC
:10A68000010C26466146644463189D42EFD80136AA
:10A6900000F1010BB34502D8CDF808C0B34605ABB5
:10A6A0000DF2144243F8045F9342FBD1002D00F0F9
:10A6B000F8806C1E06AE08F1FF3208EB040001962C
:10A6C00012F8011FD3432B444344904246F82130F3
:10A6D000F6D1029B5A4608EB0301404608F086F883
:10A6E000002840F08180029B0BF1FF32EB1A82467A
:10A6F00006460592039309EB060E019A1EF80430F4
:10A7000052F8233043B3BAF1000F04D0029A9342B7
:10A71000039A38BF13461E444FF0000A7B1BB34216
:10A72000E9D209EB070045F4006109F0B5F90744E7
:10A730007B1BB342DFD200200DF21C4DBDE8F08F31
:10A740008C4512BF0131644401216BE761450ABFAA
:10A7500064180131012187E7D3455B4638BF534672
:10A76000A34211D2591E9A1941444A4402E00133CE
:10A77000A34209D212F8010B11F801CF8445F6D09B
:10A78000CBF101021644C6E7D345059B7DD90BEBFF
:10A7900006024A4408EB0B01CDF810B002E0534525
:10A7A00016D0034612F8010D11F801CD844503F1CE
:10A7B000010B03F1FF30F2D05B46DDF810B00AF177
:10A7C000010A9A450BD8029BDDF80CA01E44A5E7B0
:10A7D00053460AF1010A9A45DDF810B0F3D97046E4
:10A7E0000DF21C4DBDE8F08FA5EB0B035B4538BFA8
:10A7F0005B46013304930BF1FF330293CBF101036A
:10A800000026039345F4006A09EB060E019A1EF830
:10A81000043052F823306BB11E447B1B9E42F3D9A7
:10A8200009EB0700514609F037F907447B1B9E42AC
:10A83000EAD980E7A34514D2029B0BEB060208EB92
:10A8400003014A445B4602E00133A34209D212F8F5
:10A85000010B11F801CF8445F6D0039A16441E442B
:10A86000DBE7BBF1000F12D00BEB0601494408EB0C
:10A870000B0201E043450AD012F801CD11F8010D99
:10A8800084451346F6D0049BC6E75B4697E77046BF
:10A890000DF21C4DBDE8F08F012302934FF0000B29
:10A8A000FDE606AB4FF0FF34019312E72DE9F041CE
:10A8B0000D46097890B00446002953D06A78002AE2
:10A8C00000F08380AB78002B50D0E878002800F0AF
:10A8D00083802B79002B57D02846E6F7F1FF0646F8
:10A8E00040F40071204609F0D7F886425CD8FE2E6D
:10A8F00000F28780801B27184022711C6846FFF7F2
:10A90000A9FC7EB16A1E5FFA86FC901912F8013F1D
:10A9100003F03F0340336B44A91A6144824203F8B9
:10A92000401CF3D1013CA35D03F03F0340336B4473
:10A9300013F8400C0444A74203D23AE04444A7422F
:10A9400037D314F806C00CF03F0C0CF140030DEBAC
:10A95000030C2046324629461CF8408C07F046FF7F
:10A960000028EBD1204610B0BDE8F081007842EA23
:10A97000014200E00C4640EA0343611CA0B19A4248
:10A980006078F7D1013CEDE722786AB1296809BA0D
:10A9900001E099421ED042EA0323204614F8012F19
:10A9A000002AF6D1994215D00024204610B0BDE807
:10A9B000F081BB5DB819002BF6D04FF4006109F0AF
:10A9C0006BF80744BC42ADD9EEE710B0BDE8F041EA
:10A9D00008F0CABFC41EC5E7120442EA016242EA97
:10A9E00003232178024600E02C4641EA0200651C60
:10A9F00002020029D8D0B3EB002F6178F4D1023CD9
:10AA0000B0E7014633462A46204610B0BDE8F04183
:10AA1000FFF7F2BD2DE9F04FD5B00C460C919146F1
:10AA20000E930A9007F068FB036817931846E6F741
:10AA300047FFA3891690190603D52369002B00F060
:10AA40008B8700242BAB4D46CDE92944CDE9194431
:10AA5000CDE91B4412942893984618940023089437
:10AA60000024CDE914342B78002B00F0DD81AA46B8
:10AA700004E01AF8013F002B00F01681252BF8D1D5
:10AA8000BAEB050640F014819AF80030002B00F074
:10AA9000CB8100234FF0FF329AF801608DF88330AC
:10AAA00009930AF1010A07921F462B244FF020094F
:10AAB0000AF1010AA6F120035A2B00F22D81DFE8EA
:10AAC00013F0BA022B012B01B5022B012B012B0134
:10AAD0006A002B012B014F02E3022B015A02C9022B
:10AAE0002B01C4025B005B005B005B005B005B0052
:10AAF0005B005B005B002B012B012B012B012B0169
:10AB00002B012B01BF012B011A028600BF01BF01DF
:10AB1000BF012B012B012B012B01B0022B012B01BB
:10AB2000C3002B012B012B0124022B015F022B01FF
:10AB30002B013C072B012B012B012B012B012B019E
:10AB40002B012B01BF012B011A028800BF01BF019D
:10AB5000BF01A302880081002B0196022B01820213
:10AB6000C500700281002B0124027E0039072B01F1
:10AB70002B0119072B017E00A6F1300300221AF8E1
:10AB8000016B02EB820203EB4202A6F13003092BB8
:10AB9000F5D909928EE7DDF828B0584607F0ACFAEF
:10ABA00043681B931846E6F78BFE1C9006465846F2
:10ABB00007F0A2FA83681993002E40F07A869AF87B
:10ABC000006075E79AF8006047F0200770E747F0EB
:10ABD0001007BA060E9B40F18081073323F007036C
:10ABE0001A465B6852F8084B0E929946002BC0F249
:10ABF0005F85079B013301F01F8054EA090327F0AA
:10AC0000800B00F0E3840A2C79F1000380F0818747
:10AC1000303401238DF84F415F460B930DF24F15F1
:10AC200007990B989DF8832081424FF00003B8BF2D
:10AC300001460D9306910F9313931093002A7CD035
:10AC4000069B0133069378E047F0100717F02009C0
:10AC500000F034810E9B073323F00703D3F80490F0
:10AC600053F8084B0E9327F4806B002300228DF8D5
:10AC70008320079A511C00F00D8254EA09012BF041
:10AC8000800740F00682002A41F01080002B40F03F
:10AC9000A2841BF001030B9300F0378530238DF85D
:10ACA0004F310DF24F15BBE7BAEB050600F0BC8043
:10ACB0002A9B33442A93299B0133072BC8E900566A
:10ACC000299305DC08F10808089B33440893DBE668
:10ACD0000C990A9828AA0AF057F980B90DF1AC0826
:10ACE000F2E70C990A9828AA0AF04EF9002800F019
:10ACF0008C800D9B1BB10D990A9806F04BFF0C9BA5
:10AD00009B8913F0400F089B18BF4FF0FF33089347
:10AD1000089855B0BDE8F08F002E00F08580002225
:10AD20008DF8EC608DF88320012306930D920B9330
:10AD300007920F92139210923BAD17F0020302D0CC
:10AD400006990231069117F0840B07D109990698EC
:10AD5000A1EB0009B9F1000F00F315832A9C8AB119
:10AD6000299A0DF1830101320134C8F80010072A35
:10AD70004FF001012A942992C8F8041000F3468389
:10AD800008F1080883B1299B21AA01330234C8F8CD
:10AD90000020072B4FF002022A942993C8F80420C0
:10ADA00000F3488308F10808BBF1800F00F00E8221
:10ADB000079B0B9AA3EB020BBBF1000F00F34F8232
:10ADC000FB0500F1A5810B9BC8F804301C44299BAE
:10ADD000C8F800500133072B2A94299300F3C78247
:10ADE00008F108087B0705D5099B069A9D1A002DD6
:10ADF00000F32C83DDE9083206998A42ACBF9B1828
:10AE00005B180893002C7FF46CAF002329930D9BF3
:10AE10001BB10D990A9806F0BDFE0DF1AC08554620
:10AE20002B78002B7FF423AE2A9B002B3FF467AFD7
:10AE30000C9C0A9828AA21460AF0A6F8A38960E784
:10AE40000E9B073323F00702F2E80234CDE91434F5
:10AE5000DDE9143424F000440E9299461846214648
:10AE6000A74B4FF0FF32E6F7EBFD002840F062847D
:10AE7000A34B484621464FF0FF32E5F7B9FD0028C5
:10AE800040F05884DDE9140100220023E5F7A6FD17
:10AE9000002840F0AD879DF883209A4D9A4B27F00B
:10AEA00080070321472EC8BF1D4600230D9306913E
:10AEB0000B9107930F9313931093BFE617F01003B2
:10AEC00040F02E8417F0400200F054870E9A52F89A
:10AED000044B0E929946A4B2C5E653F8044B0E9368
:10AEE000FB0600F118847D0640F1128444F3C0395A
:10AEF0004B4624B27AE60E9B002253F8041B8DF8D1
:10AF000083208DF8EC100E930EE70E9C079B54F8EF
:10AF1000045B4FF000098DF88390002D00F0D5867A
:10AF20005A1C00F052851A4649462846E6F738FD75
:10AF30000D90002801F057800D9BCDF81C905B1BF5
:10AF40000B930E9423EAE3739DF883200693CDF8C8
:10AF50003490CDF83C90CDF84C90CDF840906DE613
:10AF60000E9B53F8042B0992002A80F2C983099A98
:10AF70000E93524209929AF8006047F0040797E551
:10AF800047F0100B1BF0200900F081830E9B073364
:10AF900023F00703D3F8049053F8084B0E930123D2
:10AFA00064E60E9B53F8044B0E93302378268DF8FD
:10AFB0008430564B189347F0020B8DF885604FF0A4
:10AFC0000009022352E6BD0600F18284FC0600F16E
:10AFD0007386780600F13C87B90540F16D860E9BBB
:10AFE000089953F8042B0E931170554618E79AF8F8
:10AFF00000606C2E03BF9AF8016047F020070AF149
:10B00000010A47F0100753E59AF80060682E03BF65
:10B010009AF8016047F400770AF1010A47F0400707
:10B0200046E59AF8006047F0080741E59AF80060A5
:10B0300047F001073CE59DF88330002B7FF4BFAD5E
:10B040009AF800608DF8839032E59AF8006047F036
:10B0500080072DE5524612F8016B2A2E01F0CD81B2
:10B06000A6F13003092B924698BF002201F2888096
:10B070001AF8016B02EB820203EB4202A6F13003E5
:10B08000092BF5D9079215E59AF800608DF88340F1
:10B090000EE5BB46012B3FF4B6AD022B54AD12D1E9
:10B0A000189A04F00F032409D35C05F8013D44EA23
:10B0B00009744FEA191954EA0903F2D154AB5B1B26
:10B0C0005F460B93ACE504F00703E40844EA4974D7
:10B0D0004FEAD909303354EA09012A4605F8013DFF
:10B0E000F1D11BF0010FE9D0302BE7D03023023A29
:10B0F00005F8013C54AB9B1A5F460B9315468FE550
:10B10000FFFFEF7F3487030838870308448703086D
:10B11000652E40F3E680DDE9140100220023E5F707
:10B1200053FC002800F0CD81299BBF4AC8F80020BD
:10B13000013301340122072B2A942993C8F80420F3
:10B1400000F37D8508F10808229B129A934280F251
:10B15000D382169B179A1C44C8E90023299B2A9482
:10B160000133072B299300F3EB8308F10808129BA6
:10B170005D1E002D7FF736AE102D299BDFF8AC92B7
:10B1800040F36E8549462246B946DDF828B00C9C4E
:10B1900010260F4605E008F10808103D102D40F379
:10B1A0005B8501331032072BC8E90076CDE92932DF
:10B1B000F1DD28AA2146584609F0E6FE00287FF472
:10B1C00098ADDDE929320DF1AC08E6E7099B069A56
:10B1D000A3EB020BBBF1000F7FF7EAADBBF1100F41
:10B1E000299ADFF848922CDD1D9621464E460C9C8C
:10B1F000DDF82890102306E0ABF1100BBBF1100F27
:10B2000008F108081ADD01321031072AC8E9006385
:10B21000CDE92921F0DD28AA214648460DF1AC08E8
:10B2200009F0B2FE00287FF464ADABF1100BBBF166
:10B23000100FDDE929214FF01003E4DCB1461D9E1B
:10B240000C4601325C44072ACDE92924C8F8009055
:10B25000C8F804B000F31D8508F10808A8E5BBF1A3
:10B26000100F299ADFF8C4912DDD41462046A846EB
:10B270004C460C9DDDF82890102306E0ABF1100B36
:10B28000BBF1100F01F1080119DD01321030072A5E
:10B29000C1E90043CDE92920F0DD28AA2946484626
:10B2A00009F072FE00287FF424ADABF1100BBBF166
:10B2B000100FDDE929202BA94FF01003E5DC4546EE
:10B2C000A1468846044601325C44072ACDE9292478
:10B2D000C8F80090C8F804B000F3CC8108F1080861
:10B2E0006EE5129B012B40F37C81299EC8F800502B
:10B2F000013601340123072E2A942996C8F8043018
:10B3000000F3E08108F10808169B179A01361C44E7
:10B31000072EC8E90023CDE9296400F3E08108F194
:10B320000808DDE9140100220023E5F74DFB0028A1
:10B3300040F07481129B0136013B01351C44072EFD
:10B34000C8F800502996C8F804302A9400F35981AF
:10B3500008F108081A9BC8F8043001361C44072E6F
:10B3600024ABCDE92964C8F800307FF739AD0C99DA
:10B370000A9828AA09F008FE00287FF4BAAC2A9C93
:10B380000DF1AC082EE5B9F1100FDDE929212BDD17
:10B39000CDE91D3B1F96DDF828B04E461024A94686
:10B3A0000C9D04E0103E102E08F1080817DD013254
:10B3B0001F4B1031072AC8E90034CDE92921F1DDFE
:10B3C00028AA294658460DF1AC0809F0DDFD0028F1
:10B3D0007FF48FAC103E102EDDE92921E7DCDDE99A
:10B3E0001D3B4D46B1461F9EC8F80490013209EB43
:10B3F0000104072A0E49C8F80010CDE9292400F3FA
:10B40000FF839DF8832008F10808A8E40C990A98A6
:10B410001D9328AA09F0B8FD00287FF46AAC2A9C85
:10B420001D9B0DF1AC08ADE4147C03088487030870
:10B43000748703080C990A9828AA09F0A5FD00282A
:10B440007FF457AC2A9C0DF1AC08ADE4102D299B7C
:10B4500021DD0A9FDDF83090102604E0103D102D0C
:10B4600008F1080817DD0133B04A1034072BC8E98A
:10B470000026CDE92934F1DD28AA494638460DF1E8
:10B48000AC0809F081FD00287FF433AC103D102D8D
:10B49000DDE92934E7DC0133A44AC8F804502C4420
:10B4A000072BCDE92934C8F800207FF7A3AC0C990D
:10B4B0000A9828AA09F068FD00287FF41AAC2A9C93
:10B4C00098E42299002940F36683DDF84090129BAE
:10B4D0009945A8BF9946B9F1000F0BDD299B0133AF
:10B4E0004C44072BC8E900592A94299300F32F856F
:10B4F00008F10808109EB9F1000FA8BFA6EB0906D5
:10B50000002E00F33882DDF840B07805AB4400F13E
:10B510006682229B129A934202DBF90740F18E84E5
:10B52000169A17991444C8E90012299A2A940132EC
:10B53000072A299200F3188508F10808129AAE1814
:10B54000A6EB0B06D51AAE42A8BF2E46002E0DDD87
:10B55000299BC8F800B001333444072BC8F80460B5
:10B560002A94299300F31A8608F10808002EA8BF30
:10B57000AD1B002D7FF736AC102D299BDFF8B09165
:10B5800040F36E8349462246B946DDF828B00C9C4C
:10B5900010260F4605E008F10808103D102D40F375
:10B5A0005B8301331032072BC8E90076CDE92932DD
:10B5B000F1DD28AA2146584609F0E6FC00287FF470
:10B5C00098ABDDE929320DF1AC08E6E7079B002BCB
:10B5D0007FF41EAB5F46002307930B9354ADFFF738
:10B5E0001FBBFA073FF581AE299EC8F8005001360F
:10B5F00001340123072E2A942996C8F804307FF7D6
:10B60000A7AE0C990A9828AA09F0BEFC00287FF47E
:10B6100070ABDDE929640DF1AC089BE6129B5D1E61
:10B62000002D7FF797AE102DDFF8049140F396833D
:10B63000224607970A9C0C9F4FF0100B05E008F17B
:10B640000808103D102D40F3878301361032072E75
:10B65000C8E9009BCDE92962F1DD28AA39462046D8
:10B6600009F092FC00287FF444ABDDE929620DF17A
:10B67000AC08E6E70C990A9828AA09F085FC00288E
:10B680007FF437AB2A9C0DF1AC08FFF799BB1BF098
:10B69000100340F028811BF0400200F079830E9ADD
:10B6A00052F8044B0E929946A4B20123FFF7DEBA7A
:10B6B0002D2364428DF8833069EB4909BB46012391
:10B6C000FFF7D7BA0C990A9828AA09F05DFC002860
:10B6D0007FF40FABDDE929640DF1AC0814E60C9999
:10B6E0000A9828AA09F050FC00287FF402ABDDE993
:10B6F00029640DF1AC0814E6FD077FF573AB28E56E
:10B700009AF800600E93FFF7D3B954ADFFF788BAEB
:10B71000B80500F1A6834FEAE4794B46FFF766BA15
:10B720000E9B53F8044B0E93FFF79DBA74870308E2
:10B7300084870308DDE9140102460B46E6F780F929
:10B74000002840F00F86612E00F04585412E00F064
:10B750006D84079B013326F02003069300F0A98334
:10B76000472B00F08885DDE9141247F480730F93AE
:10B770001346002BC0F292850B9300231D938B463A
:10B780000D93069B462B00F0FD83452B00F044856E
:10B790000799019126A9049123A9039122A9029155
:10B7A00002210B9B0A9800915A4605F04DF8069B22
:10B7B000472B054640F0318617F0010FB9460F9F21
:10B7C00040F0FC84269B5B1B1293069B472B00F0EA
:10B7D0008283069B462B00F01284229B1093109BC1
:10B7E000069A013B412A229300F0AD85F2B2002176
:10B7F000002BB8BF109B8DF89020BABFC3F1010396
:10B800002D222B22092B8DF8912040F38D850DF1EF
:10B810009F04B64F2246104687FB0321DA17C2EB7E
:10B82000A10202EB8201A3EB4101303100F8011CBF
:10B8300019466329134600F1FF32ECDC3033D9B2EC
:10B84000831E9C4202F8011C40F2F18513460DF163
:10B85000920201E013F8011B02F8011B9C42F9D18E
:10B860000DF1A1030DF192021B1A134424AA9B1A95
:10B870001A93129B1A9A012B1A440B9240F39E853D
:10B880000B9B169A13440B930B9A002329F48067A1
:10B8900022EAE27247F480770F9306921393109393
:10B8A0001D9B002B40F03F839DF883200793FFF7FB
:10B8B000C5B9199B002B3FF482A9199B1B78002B5B
:10B8C0003FF47DA99AF8006047F48067FFF7F0B86D
:10B8D0000E9B089853F8041B0E93C217C1E900028F
:10B8E0005546FFF79DBA0E9B53F8044B0E93012368
:10B8F000FFF7BCB97E4B189317F0200900F0EC80DD
:10B900000E9B073323F00703D3F8049053F8084B3A
:10B910000E93F80709D554EA090306D030238DF8B1
:10B92000856047F002078DF8843027F4806B02238E
:10B93000FFF79CB9BB46FFF725BB6E4B1893DBE7BF
:10B940000C990A9828AA09F01FFB00287FF4D1A9B6
:10B950002A9C0DF1AC080AE40A98402106F05EFC2E
:10B960000C9B18601861002800F065850C9A402334
:10B970005361FFF766B8102E299BDFF87C9140F3E6
:10B980002982484642462146A846B9460A9C0C9D53
:10B990004FF0100B074604E00832103E102E40F323
:10B9A000138201331031072BC2E9007BCDE9293125
:10B9B000F2DD28AA2946204609F0E6FA00287FF49D
:10B9C00098A9DDE929312BAAE7E72846CDF81C9094
:10B9D0000E94E5F775FF03460B90FFF7B3BA129B81
:10B9E000CDF82CA04246DDF84C801097EB18079359
:10B9F0005E46199FDDF87090DDF828A0DDF830B0C4
:10BA00000F9B13952146B8F1000F2FD0002B30D19A
:10BA1000013F08F1FF381B9BC2E90039299B013324
:10BA20004944072B2A91299368DC0832079B387810
:10BA30009B1B8342A8BF0346002B1C460BDD2998A5
:10BA4000013019440728C2E900632A91299000F3C4
:10BA5000148138780832002CACBF051B0546002D38
:10BA60000BDC06440F9BB8F1000FCFD1002B00F088
:10BA700023820F9B013B0F93CDE7102D29981DDDED
:10BA8000102404E0103D102D02F1080216DD0130F3
:10BA9000194B10310728C2E90034CDE92901F1DD45
:10BAA00028AA5946504609F06FFA00287FF421A9C8
:10BAB000103D102DDDE929012BAAE8DC01300E4BE9
:10BAC000556029440728CDE92901136000F332822B
:10BAD000387808320644C5E717F0100300F0A1805B
:10BAE0000E9B53F8044B0E9313E700BF6766666620
:10BAF00044870308588703088487030828AA5946FF
:10BB0000504609F041FA00287FF4F3A82A992BAA9D
:10BB10008CE70BF4806300220696CDF82CA0CDF8BC
:10BB2000348054AFDDF864809A4616460CE000235A
:10BB3000204649460A22E5F72DFB0A2C79F100033D
:10BB40001BD3044689462F4620460A220023494635
:10BB5000E5F720FB30327D1E013607F8012CBAF1E3
:10BB6000000FE4D098F800309E42E0D1FF2EDED0E6
:10BB70000A2C79F1000380F0408154AB5B1BDDF8A7
:10BB80002CA0CDF864801296DDF83480069E0B93CD
:10BB90005F46FFF745B8299BBC4AC8F8002001332F
:10BBA00001340122072B2A942993C8F8042000F3BA
:10BBB000388108F10808002940F09780129A07F0B0
:10BBC000010313433FF40EA9169B17991A19C8E9EC
:10BBD0000013299B2A920133072B299300F34781F5
:10BBE00008F108081299C8F8005001338C18072B87
:10BBF000CDE92934C8F804107FF7F2A8FFF7B7BBE6
:10BC00000C990A981D9328AA09F0BEF900287FF420
:10BC100070A89DF883202A9C1D9B0DF1AC08FFF7AE
:10BC20009EB817F0400200F0C2800E9A52F8044B02
:10BC30000E929946A4B26CE6BB46FEF7E4BF0C999F
:10BC40000A9828AA09F0A0F900287FF452A82A9C93
:10BC50000DF1AC08FFF778BA14463A464F469146C4
:10BC600001332C44072BC8F80090C8F80450CDE9E4
:10BC700029347FF7B5A8FFF77ABB28AA5946504662
:10BC800009F082F900287FF434A838782A992BAA81
:10BC9000E1E60C990A9828AA09F076F900287FF4C1
:10BCA00028A82A9C0DF1AC08FFF782B8012BBB46EF
:10BCB0007FF4F3A9FEF7ACBF0E9B089953F8042B51
:10BCC000554611600E93FFF7ABB8062B294628BFE7
:10BCD000062307950D952A4606936D4D0E940B93FA
:10BCE0000F9113911091FEF7A9BF169B17981A197F
:10BCF000C8E90003299B2A920133072B299300F3FB
:10BD0000B68008F108080029BFF66CAF4E4210312A
:10BD1000DFF8809180F297824146DDF828B0A8468E
:10BD200010240C9D04E00831103E102E40F389824F
:10BD300001331032072BC1E90094CDE92932F2DD3D
:10BD400028AA2946584609F01FF900287EF4D1AFE9
:10BD5000DDE929322BA9E7E7079F144601362C4479
:10BD6000072ECDE92964C8F80090C8F804507FF781
:10BD7000EFAA46E40E9B17F4007914BF53F8044B66
:10BD800053F8044B0E931CBF9146E4B2FEF76BBF11
:10BD90000E9B1BF4007914BF53F8044B53F8044B6B
:10BDA0000E931CBF9146E4B20123FEF75FBF0E9BCA
:10BDB00017F4007914BF53F8044B53F8044B0E9357
:10BDC0001CBF9146E4B2A4E5454690463A460C466F
:10BDD0004F46914601333444072BCDE92934C8F846
:10BDE0000090C8F8046057DC08F10808FFF78BBB27
:10BDF0002D228DF88320FFF750B81C9B1B99ED1A5C
:10BE00001A46284607F016FE98F801300BB108F1E3
:10BE10000108204649460A2200230026E5F7BAF920
:10BE20008FE60C990A9828AA09F0AEF800287EF44B
:10BE300060AF22992A9C0DF1AC08BCE6129AAE18AC
:10BE4000A6EB0B06D51AAE42A8BF2E46FFF78EBB57
:10BE50000E9B089953F8042B0E9311805546FEF75C
:10BE6000DFBF44F3C0194B4664B2FEF7BFBE0C9966
:10BE70000A9828AA09F088F800287EF43AAFDDE98C
:10BE8000293222990DF1AC083DE700BF147C03086C
:10BE90006C870308848703080C990A9828AA09F07C
:10BEA00073F800287EF425AF2A9C0DF1AC08FFF74B
:10BEB0002ABB0623079356E4DDE91235EB189E42B0
:10BEC0001997B346DDF82CA0109F90460C4628BF6A
:10BED0009B46FFF71EBB229B1093DA1C02DB079ADE
:10BEE000934204DD023E26F02003069377E4109B84
:10BEF000129A9342C0F2488119F0010F00F01182AA
:10BF0000169A13440B9319F4806F03D0109B002BE7
:10BF100000F3C7810B9B23EAE37306936726002394
:10BF20000F931393BCE42D2200238DF883200793F5
:10BF3000FEF786BE28AA5946504609F025F8002883
:10BF40007EF4D7AE38782A992BAA06448AE50C9954
:10BF50000A9828AA09F018F800287EF4CAAE2A9C8C
:10BF60000DF1AC08FFF7C6BA0C990A9828AA09F097
:10BF70000BF800287EF4BDAE229B2A9C0DF1AC0884
:10BF8000FFF7DCBA0799019126A9049123A903912F
:10BF900022A9029103210B9B0A9800915A4604F0B2
:10BFA00053FC0378302B054600F0F181229B079A61
:10BFB000B94613440F9FEC180B99584600220023F2
:10BFC000E4F702FD10B12346FFF7FDBB269BA34219
:10BFD000BFF4F9AB30215A1C26921970269B9C4263
:10BFE000F9D8FFF7F0BB079B9DF883200E940693CA
:10BFF0000B9307900F9013901090FEF71FBE229A9C
:10C000001092002A40F3E081079909F001030B43E5
:10C0100040F0B781109B0B93662619F4806F40F0B7
:10C0200041810B9B23EAE373069378E730238DF875
:10C03000843058238DF88530079B632B47F002042A
:10C0400000F3BF8000230D933BADDDE9141247F4EC
:10C0500081730F931346002B2746C0F285800B9304
:10C0600026F02003069300238B461D93612E00F0DB
:10C070004081412E7FF485AB22AA0B99584607F0E8
:10C0800099FB00224FF07F53E4F736FA02460B4645
:10C09000CDE9102300220023E4F796FC08B1012328
:10C0A0002293AC4B0B93079BCDE912A6CDE91E78EA
:10C0B000DDF82CA0DDE9106703F1FF39AB461095E0
:10C0C00006E00022002309F1FF39E4F77DFCE8B91E
:10C0D000A14B002230463946E4F70EFA0F460646D9
:10C0E000E5F7C4FC0446E4F79DF90B4602463946E1
:10C0F0003046E4F749F81AF80430B9F1FF3FD84662
:10C100004D460BF8013B06460F46DAD1304639461C
:10C11000924BDDF848A0139ECDF848800022A94636
:10C12000DDF87C80109D1E9FCDE91001E4F774FCC2
:10C13000002855D1DDE91001884B0022E4F744FCCA
:10C1400008B1E1074CD44B46002B06DB01335B44BE
:10C1500030220BF8012B5B45FBD1ABEB0503B94655
:10C1600012930F9FFFF731BB26F020030693DDE902
:10C1700014349B4604F100430B932D231D9375E764
:10C1800000230793FEF796BC129B169A9A18109BF1
:10C190000B92002B40F3098167263EE70C990A9821
:10C1A00028AA08F0F1FE00287EF4A3AD229D129B80
:10C1B0002A9C5D1B0DF1AC08FFF7D8B9079BEC1862
:10C1C000FAE60A98591C06F029F80546002800F0FE
:10C1D00026810D9039E730238DF88430782329E7C4
:10C1E000129B26930B9B1BF8012CD97B8A425B4642
:10C1F00009D1302003F8010C269B5A1E269213F811
:10C20000012C9142F6D0392A0BBF0B9A0132927A57
:10C21000D2B203F8012CA0E707990B9B0A984C1C9B
:10C2200026A9049123A9039122A9029102215A4629
:10C230000194009104F008FB0546B9462C440F9F79
:10C24000BAE64546884601333244072BCDE9293208
:10C25000C8F80090C8F804607FF7C2AC0C990A983F
:10C2600028AA08F091FE00287EF443ADDDE92932CA
:10C270000DF1AC08B6E4079B002B08BF0123079320
:10C2800047F480730F93159B002BC0F2B180DDF84B
:10C2900050B00D900B931D90FFF77ABA00230D93C9
:10C2A00065E7672619990B78FF2B00F0B280002410
:10C2B000109A204603E001300131FF2B08D0934251
:10C2C00006DAD21A4B78002BF5D10B780134F4E75B
:10C2D0001991109213900F940F9A139B1C99134469
:10C2E0000B9A01FB03230B9323EAE3730693FFF7F7
:10C2F000D7BA22AA0B99584607F05CFA00224FF0F1
:10C300007F53E4F7F9F802460B46CDE910230022EB
:10C310000023E4F759FB08B101232293104B0B9340
:10C32000C1E6109B0B93EEE5002963D130228DF816
:10C3300092200DF19302303302F8013B24ABD31A63
:10C340001A93FFF796BA06F10F02D2B20121FFF756
:10C350004FBA00BF58870308000030400000E03F9C
:10C3600044870308159B384D002BB4BF2D229DF840
:10C370008320364BB8BF8DF8832027F08007FEF767
:10C3800090BD169BD31819440B91662645E60B9970
:10C39000584600220023E4F717FB00287FF406AE7E
:10C3A000079BC3F10103229301E6C3F101031A4481
:10C3B00022EAE2730B9206936726B0E519F0010FAB
:10C3C0003FF462AAFFF75CBA079A09F0010959EA3B
:10C3D000020304D10123069366260B939FE5169B67
:10C3E00001331A4422EAE2730B920693662696E51D
:10C3F0000D90BCE60DF192029DE70E9B9AF801604C
:10C40000924653F8042B0E9342EAE2720792FEF72B
:10C410004FBB00230F9313935EE7079C0DE70C9926
:10C420008B8943F0400213468A81FEF76ABC0223DF
:10C430001A93FFF71EBA0A9A0C2313604FF0FF33CA
:10C440000893FEF765BC00BF3C87030840870308DC
:10C450002DE9F04FADF5317D8A46B1F90C1002AFF0
:10C46000814688047B6209D4DAF8643041F40051D3
:10C4700023F40053AAF80C10CAF86430134613F8DA
:10C48000012BFB637A64002A01F0C7800023C7F800
:10C490003890FB617B63BB613B623B639946824B97
:10C4A00013F8028018F0080840F08180252A61D135
:10C4B000F86B027845464446A2F12503411C552BF2
:10C4C00064D8DFE813F05600630063006300630084
:10C4D000830563006300630063006300D200D20041
:10C4E000D200D200D200D200D200D200D200D200BC
:10C4F0006300630063006300630063006300DD00AA
:10C50000630013052505DD00DD00DD006300630029
:10C5100063006300A904630063001B0563006300FC
:10C5200063000D056300630063006300B2046300F1
:10C5300063002F0563006300630063006300DD0098
:10C54000630015052705DD00DD00DD0064057005CD
:10C55000A90463003905450553051D0580056300E1
:10C5600063000F05A504780563006300B20463004F
:10C57000A504F963DAF80430002B48DDDAF800305E
:10C58000FA6B197812F8012C914235D07B6B43B1CC
:10C590007B6BD3F80080B8F1000F02D04046E6F77D
:10C5A00063F8386B07F52F77BD46BDE8F08FDAF8F2
:10C5B0000420BC6B0FE0DAF800303B491A788A5C43
:10C5C000110703F101030ED5DAF80420013ACAE994
:10C5D000003209F10109002AEDDC5146204608F03D
:10C5E0008FFD0028E7D0FB6B13F8012BFB637A6407
:10C5F000002A7FF454AFC9E70133CAF80030DAF8F3
:10C600000430013B09F10109CAF80430EBE7B86BCB
:10C61000514608F075FD0028B0D03B6B1BB1BAF84D
:10C620000C305A06B2D57B6B002B01F0CA807B6BB5
:10C63000DE88002E00F08D877B6BD3F8008000240D
:10C64000A8F10405A14655F8043F1868E6F70CF870
:10C6500001342B68B442C3F80090F4D14FF0FF339B
:10C660003B63B8F1000F99D19BE715F08F0F8DD187
:10C6700004EB840402EB4404303C427808461BE798
:10C68000F9630426DAF80430002B40F3DC836B06F0
:10C6900040F1E383731E032B01F2EA80DFE813F01D
:10C6A00007025A01A600060001880308B86B05F0CE
:10C6B00023FD0368BB60631EB3F5AE7F40F2BF8508
:10C6C0006FF4AE72A3183B6040F25D14002307F5CF
:10C6D000AC72514645F4F0657A617B60FB601E46A2
:10C6E0003B6193469A4608680278A2F12B0CBCF194
:10C6F0004E0F50D8DFE81CF018034F0018034F000E
:10C700004F007D03740074007400740074007400A2
:10C710007400740074004F004F004F004F004F0032
:10C720004F004F001E037200720072007A03040370
:10C730004F004F00AA024F004F004F004F0062030E
:10C740004F0044034F004F004F003D034F004F0088
:10C750004F00290311034F004F004F004F004F00BF
:10C760004F004F001E037200720072007A03040330
:10C770004F004F00AA024F004F004F004F006203CE
:10C780004F0044034F004F004F003D034F004F0048
:10C790004F0029031103BB6893F800C0944514D1DE
:10C7A000AB0512D525F42075C7F810A00BF8012BA6
:10C7B000013C4A68013A002A09F101094A6040F344
:10C7C0001D8401300860002C8DD1334656468A46C0
:10C7D000002E00F04C8225F4807548E22B05F4D53C
:10C7E00016EB080FF1D125F4C075DFE7631EB3F532
:10C7F000AE7F84BF6FF4AE7204EB020B07F5AC732F
:10C8000098BF4FF0000B4FF000087B611E46C7F841
:10C8100028B05346D7F820B0CA4688BF40F25D140E
:10C82000C14645F458659846D8F800201078A0F124
:10C830002B034D2B63D8DFE813F038036200380375
:10C8400062006200D103FD01FD01FD01FD01FD015A
:10C85000FD01FD013E033E036200620062006200D2
:10C860006200620062004E004E004E004E004E001C
:10C870004E006200620062006200620062006200BC
:10C880006200620062006200620062006200620098
:10C8900062006200460362006200620062006200A1
:10C8A0006200620062004E004E004E004E004E00DC
:10C8B0004E0062006200620062006200620062007C
:10C8C0006200620062006200620062006200620058
:10C8D000620062004603BBF10A0F10DD25F43865E3
:10C8E00006F8010BD8F80430013B002BC8F80430DF
:10C8F00040F391830132C8F80020013C94D14346B3
:10C90000E905C846C7F820B0D1469A4607D57B69E5
:10C910009E4200F2B9857B699E423FF437AE15F026
:10C92000100240F08A833B6A7969B86BFC69327007
:10C93000A047AA0600F177832B0700F153856C0707
:10C9400040F1C186D7F824B05BF8043BC7F824B0A7
:10C9500018806FE3002C08BF4FF0FF3415F001067C
:10C9600000F0FB8315F01003BB6240F0A18529069F
:10C9700040F13B86D7F824B05BF8046B002E3FF4FF
:10C9800005AE8020E5F76AFE804600283FF44BAEF6
:10C990007A6B3060D58893889D4280F00D85106851
:10C9A0007B6B40F825600135DD802023C7F824B07B
:10C9B000C7F810807B61DAF80030A14A1B78D35C9D
:10C9C00013F0080358D19B4605F090FB58453FF4FF
:10C9D00024AEDAE9003213F8011B013ACAE9003249
:10C9E000BB6907F5AC70032B00F80B1007F150057D
:10C9F0000BF1010B02D12B68042B04D0082200217B
:10CA00002846FDF727FC07F5AC72B86B00955B462E
:10CA1000414605F0B3FE421CB8613FF4FEAD00286C
:10CA200040F0A985C8F8000005F052FB002840F04E
:10CA3000B686D944013CBB6A002B40F0728608F1EF
:10CA40000408002E00F06D863B69A8EB03057B69A6
:10CA5000B3EBA50F40F2BA86D7F828B0DAF8043065
:10CA6000002B40F36286DAF80030754A1B78D35CFD
:10CA70001D0701D4002CA7D1BB6A002B7FF4B3ADF6
:10CA8000C8F80030002E00F037813B697A69A8EBC6
:10CA900003018B1001339A4240F22E813068043139
:10CAA00006F090FC002800F02781306024E1002C83
:10CAB00008BF4FF0FF34E80740F1DE8215F01003A5
:10CAC0003B6140F032852906D7F824B040F18385D8
:10CAD0005BF8043BFB60002B3FF458AD8020E5F78A
:10CAE000BDFD054600283FF49EADFB687A6B1860DB
:10CAF000B2F806809388984580F04A841068FB68F5
:10CB00007A6B40F8283008F10103D3802023C7F85E
:10CB100024B0BD607B60C7F82890A146BC690026A0
:10CB200007F5AC7BA84605F0E1FAB0423FF475ADDD
:10CB3000DAE9003213F8011B0BF80610013A032C56
:10CB4000CAE9003206F1010607F1480502D12B6857
:10CB5000042B04D0082200212846FDF77BFB5A460F
:10CB6000B86B00953346414605F008FE421C04466A
:10CB70003FF453AD002840F0F383C8F80000B861DB
:10CB800007F150030822002118467B61FDF762FB84
:10CB90002C49B86BD1F8E010D7E90532B961D7F864
:10CBA00018C007F14001E047012800F0528400223C
:10CBB00007F158039B5C002B00F0A085BB6A032C97
:10CBC0003344BB6200F0498409F1FF393B695BB92A
:10CBD000FB6808F104083BB1BB68A8EB03057B6860
:10CBE000B3EBA50F40F23F84DAF80430002B4FF08E
:10CBF000000640F3BD83B9F1000F94D1D7F8289017
:10CC0000BC6145463B69002B7FF4EDAC2B60FB68B3
:10CC1000002B71D0BB687A68E91A8B1001339A42F5
:10CC20006AD9FC680431206806F0CCFB002863D088
:10CC3000206061E0044B25F4386533F91BB04FE602
:10CC400001880308FC1B00209C870308B8F1000F33
:10CC500040F0FF81BAF1000F40F0EC8205F4E06C87
:10CC6000BCF5E06F00F01B85334656468A46013B13
:10CC7000012B40F2848508F1FF33062B40F2E3825A
:10CC8000EA0513D56B0500F1B3851BF8011C652976
:10CC90000BF1FF3309F1FF3402D0452940F01C832A
:10CCA000B86B5246A1469B4608F0EAF915F010020F
:10CCB0007FF499AC05F4C063B3F5806F8BF8002066
:10CCC00000F0EB83FB68002B40F09D830022796924
:10CCD000B86B07F08DFEEE0702460B46C7E90A2344
:10CCE000D7F824B040F1E1825BF8043B0A460146E4
:10CCF000C3E90012C7F824B03B6B01333B6372E415
:10CD00002B0503D516EB080F3FF46DADB8F1020FFC
:10CD10007FF45BAD4FF0030848E5B8F1070F7FF4EF
:10CD200054AD4FF0080841E52B067FF54EAD25F0D8
:10CD300080053BE52B0503D516EB080F3FF453ADFB
:10CD4000012E7FF442AD022630E505F4186CBCF5E7
:10CD5000807F7FF43AADBAF1010F7FF436AD4FF02A
:10CD6000300C0BF801CB45F40065013C4FF0000A94
:10CD70001CE5B8F1060F7FF428AD4FF0070815E564
:10CD80002B057FF522AD05F4A06CBCF5806F06D0B5
:10CD90006B057FF51AADBAF1000F3FF465AFAB0537
:10CDA00005D43B69C7F804B0AAEB0303FB6025F484
:10CDB000786545F4C0754FF0000AF7E4002E40F0A6
:10CDC0004281BAF1000F05D105F4E06CBCF5E06FCB
:10CDD00000F07484B8F1010F03D0B8F1040F7FF4B0
:10CDE000F4AC08F101085FFA88F8DFE42B05CAD536
:10CDF000F6E4EB057FF5F4AC3B6825F080050AF11D
:10CE0000010A002B3FF4D4AC3B68013B3B60D0E40B
:10CE10002A077FF4BBAB30E42E077FF4B7AB427830
:10CE200045F002050846FFF747BB45F400758E4BF9
:10CE3000FB6110233B62DAF80430F963002B4FF0FA
:10CE400003063FF724ACB86B514608F059F90028A7
:10CE50007FF4E3AB6B063FF51DACDAF800208349A5
:10CE60001378CB5C18077FF515ACD7F838B007E01E
:10CE7000CAF800207D491378CB5C19077FF50AAC0E
:10CE8000DAF80430013B002B09F10109CAF804303B
:10CE900002F10102ECDC5146584608F031F9002855
:10CEA0007FF4BBABDAF80020E4E72B067FF527AD73
:10CEB00025F0800514E56E4B33F91BB0BBF1080F6C
:10CEC0003FF70CAD1BE505F4C063B3F5007F7FF4BD
:10CED00016AD25F4007545F4A0654FF0100BFFE486
:10CEE00045F00105F9630226FFF7CCBB45F00105CB
:10CEF00045F04005F9630026FFF7C4BB45F0010586
:10CF0000594BFB610823F9633B620326FFF7BABB69
:10CF100045F00105574BFB610A23F9633B62032689
:10CF2000FFF7B0BB07F1580006F08EFC45F0400556
:10CF3000F8630126FFF7A6BB2A077FF427AB4278E8
:10CF40006C2A00F0008345F001050846FFF7B4BAEB
:10CF500015F08F037FF41AAB7A6B002A00F021835F
:10CF6000427845F080050846FFF7A6BAEB0600F1C7
:10CF7000B0812E0740F14383D7F824B0F9635BF802
:10CF8000043BC7F824B083F80090FFF72CBB2B07B5
:10CF90007FF4FCAA4278682A00F0CF8245F00405AD
:10CFA0000846FFF789BA334BFB610023F9633B6204
:10CFB0000326FFF767BB2C4BFB610A23F9633B6237
:10CFC0000326FFF75FBB45F4087530E72C437FF479
:10CFD000DDAA427810250846FFF76EBA2B057FF5CB
:10CFE0007FACBBF1000F03D145F400754FF0080B87
:10CFF000690540F14F8125F4B06571E4B86BB96201
:10D0000008F07EF8B96A00287FF4DFAB002C7FF4CB
:10D010006AABFFF7DABBB86B414608F071F800283D
:10D020003FF46BAC6BE4D7F824B05BF8043B1860BA
:10D03000C7F824B03B6B01333B637B69F61AB044FD
:10D04000C144FFF7D0BA022E7FF4C4AE0326FFF727
:10D05000ADBBB8F1030F3FF4C4AEB8F1050F3FF418
:10D06000C0AEFFF7B2BB00BFE94D0308018803085B
:10D070009C8703081D4B0308E80600F1238215F086
:10D080008005D7F824B000F0A1825BF8045BBD6294
:10D09000002D3FF47BAA2020E5F7E0FA06460028A1
:10D0A0003FF4C1AA7A6B28609388D5889D4280F0AE
:10D0B00041811068BB6A40F825307B6BC7F824B00B
:10D0C0000135DD802025DAF8002007F1580B1378B0
:10D0D0001BF80330002B3FF459AAB046C7F8149050
:10D0E000D946AB463546BE6ADAF804000138CAF8BC
:10D0F0000400501CCAF800004146107801F8010BEA
:10D1000026B1A1EB0508D84580F007818846013C8F
:10D110000BD0DAF80410002940F38A81DAF80020F5
:10D12000117819F801100029DED1D7F8149046467D
:10D13000A8465D46B6EB08083FF428AA00233370E2
:10D14000BB6A23B108F101018D4200F2AE823B6B54
:10D150000133C1443B63FFF746BAE80600F1688239
:10D1600015F0800500F00082D7F824B05BF8046B5E
:10D17000BE62002E3FF40AAA2020E5F76FFA0546AA
:10D1800000283FF450AA7A6B30609388D6889E427C
:10D1900080F0AD801068BB6A40F826307B6BC7F822
:10D1A00024B00136DE804FF0200BDAF80030BE49A3
:10D1B0001A788A5C160700F1838122462E462C4697
:10D1C00019461546DAF804204B1C013ACAF8042027
:10D1D000CAF80030A0460B7808F8013BBB6A23B1BF
:10D1E000A8EB06045C4580F0E281013D0CD0DAF842
:10D1F0000420002A444640F31382DAF80010AA4BB8
:10D200000A789A5C1007DDD5A8EB060189444546EB
:10D21000013100232B70BB6A002B3FF46DAD8B45B1
:10D220007FF66AAD18681C4606F0CCF800287FF43B
:10D23000FFAC61E5334656468A46FFF7CCBA002379
:10D240003B60FFF743BAB8F1020F40F2E982B8F150
:10D25000030F3FF415ADA8F104085FFA88F86FEAF0
:10D2600008045346BD62BD6BC2465C44B0461E46D0
:10D270001BF8011D3246284607F002FF5C45F7D136
:10D2800033464646D0469A4609F1FF33BD6AA3EBC2
:10D290000809F5E4BB6A25F4607513B1013BBB6274
:10D2A000013409F10109FFF71DBBAC0700F1A280B1
:10D2B000D7E90A235BF8044BE4F7C2FB002840F0EF
:10D2C000A782D7E90A01E3F7D1FBC7F824B02060B1
:10D2D00012E5F963FFF787B9B86B524607F0D0FE45
:10D2E000A9F102041BF8021CABF10203D8E44FF6CB
:10D2F000F67293423FF69BA908331FFA83F87B6BC3
:10D300004FEA8801186806F05DF800283FF48FA9FD
:10D310007B6BA3F8048018603DE74FEA4B0B28466F
:10D32000594606F04FF8054600283FF47CA9804492
:10D330003060ECE64FF6F67293423FF678A9083378
:10D340001FFA83F87B6B4FEA8801186806F03AF8F9
:10D3500000283FF46CA97B6BA3F804801860A9E651
:10D36000831C40F07682DAF80430002B3FF7DBAB09
:10D37000B86B514607F0C4FE00283FF43CACD7F828
:10D380002890BC614546002E3FF43CACFFF745B900
:10D390004FF6F67293423FF64AA908339EB27B6B72
:10D3A000B100186806F00EF800283FF440A97B6B26
:10D3B0009E801860FFF7A3BB4FF6F67293423FF6CC
:10D3C00036A97A6B08339BB210687B62990005F02E
:10D3D000F9FF00283FF42BA97A6B7B6A93801060D9
:10D3E000FFF7DEBAD7F824B05BF8043BC7F824B0E7
:10D3F00018701FE6D7E90A125BF8043BC3E9001274
:10D40000C7F824B078E4786801460A2301318346DE
:10D41000B86B07F083FBFB68C21A07F2AB239B458E
:10D4200028BF07F2AA2B21495846FDF713F84DE40F
:10D43000B86B514607F064FE00283FF46FAE4646D5
:10D44000A8464645D7F814905D467FF473AEFFF7C3
:10D45000E4B897F84020FFF7ABBB2B68042B7FF4B0
:10D46000B3ABFFF7B3BBB868D9001E4605F0AAFFFF
:10D47000B86000283FF4D7A8FA68730000EB0508ED
:10D4800010607B60FFF7B0BB16F8011CB86B52460A
:10D49000013E07F0F5FDFFF73EBA3B69B342A3EB4F
:10D4A0000602BAD112E400BF01880308948703087A
:10D4B000002607F14403C7E904669846FFF77BBAE4
:10D4C0000121A6E6DAF8003007F1580B1A781BF8AC
:10D4D0000220002A3FF45AA80133CAF80030DAF8D3
:10D4E0000430012C03F1FF33CAF804301AD0BD6BAD
:10D4F00010E0DAF800301A781BF8022001338AB104
:10D50000CAF80030DAF804300136013BB442CAF8F8
:10D51000043007D0002BECDC5146284607F0F0FD24
:10D520000028E6D0B144FFF75EB80023C7E9013315
:10D53000FB6007F14405FFF7EEBA827845F0080575
:10D540000230FEF7B9BF827845F002050230FEF7DF
:10D55000B3BFD3F800804FF0FF333B63B8F1000F47
:10D560007FF41CA8FFF71DB87E6AAB4656F8045B33
:10D57000C7E9096B19E6BB6902333FF46FAAD8F813
:10D58000000004F0A5FD002840F00981BB69032BD1
:10D59000D9447FF44FAA2B68042B7FF44BAAFFF7E2
:10D5A0004ABA82B0CDE9023302AB7B63D8E44FEADA
:10D5B0004B0B3046594605F005FF064600283FF460
:10D5C00032A8BB6A00EB040818600EE65BF8046B37
:10D5D000C7E909B577E53B695BF8045B7B60C7E9A0
:10D5E0000233C7F824B0FFF796BAD7E9096356F8B3
:10D5F000048B7E627B613B611E46FFF7DCB96C07E2
:10D6000040F1A080D7F824B0F9635BF8043BC7F879
:10D6100024B0A3F80090FEF7E6BF3A63FEF7C1BF5F
:10D62000B86B514607F06CFD00283FF4E6ADEBE522
:10D63000DAF800308B491A788A5C11073FF572AF2F
:10D640000133CAF80030DAF80430012C03F1FF335B
:10D65000CAF8043000F0F980BD6B012614E0DAF856
:10D66000003080491A788A5C120703F101033FF504
:10D6700059AFCAF80030DAF804300136013BB44241
:10D68000CAF804303FF44EAF002BE8DC5146284680
:10D6900007F036FD0028E2D0B144FEF7A4BF25F420
:10D6A000F0654FF00108FFF781B818681C4605F0D7
:10D6B00089FE00283FF44BAD206048E525F4F06575
:10D6C0000126FFF773B815F001027FF4ACACA9078F
:10D6D0007FF5A9AC644BF969B86B99423B6A7969EB
:10D6E00000F0AF8007F0E0FA0B46D7F824B05BF803
:10D6F000041BC7F824B0C1E900039BE4D7F82890C5
:10D70000BC614546002E3FF47DAABC6B013E5246EB
:10D710001BF80610204607F0B3FC002EF6D1FFF7E9
:10D7200071BA4FF0000BFFF799B9B86B514607F08B
:10D73000E7FC00283FF497A9BBF1000F7EF46DAF22
:10D74000FFF79AB9E8070FD4AA070DD5D7F824B088
:10D75000F9635BF8043BC7F824B04FEAE972C3F8F9
:10D7600000905A60FEF73FBFD7F824B0F9635BF82A
:10D77000043BC3F80090C7F824B0FEF734BF7C69BF
:10D78000D7F83890A3457EF601AF1BF8011D52462D
:10D79000484607F075FCA345F7D1FEF7F7BEBBF18D
:10D7A000000F3FF469A9BD6B5C46013C07F5AC7303
:10D7B0005246195D284607F063FC002CF5D1FFF7AF
:10D7C0005BB94FF0FF333B63FEF7EBBE3869D9001E
:10D7D00005F0F8FD386100283EF425AF7B69D7F8E5
:10D7E00028B030605B0000EB05087B61FFF736B9BD
:10D7F0007C69D7F83890A3457EF6C8AE1BF8011DAA
:10D800005246484607F03CFCA345F7D1FEF7BEBEA2
:10D810001648C7F824B006F05DF82060FFF76CBA30
:10D820007B69D7F838909B457EF6B0AE1BF8011D9A
:10D830005246484607F024FC7B699B45F6D1FEF72B
:10D84000A5BE07F09FFB0B464FE72646B144FEF707
:10D85000CABED8F80030BB6101337FF491A9BA6920
:10D86000FFF7A6B901880308E94D03082C7F0308D8
:10D87000012C38BF012415F0010300F0978015F04A
:10D8800010037B6140F0D9802A06D7F824B040F11C
:10D89000DB805BF8043BBB62002B3EF477AE80205C
:10D8A000E4F7DCFE064600283EF4BDAEBB6A7A6BA8
:10D8B0001860B2F8068093889845C0F0F5804FF65E
:10D8C000F67293423EF6B3AE08339DB27B6BA9006D
:10D8D000186805F077FD00283EF4A9AE7B6B9D80AB
:10D8E0001860BB6A40F828307B6BC7F824B008F199
:10D8F0000108A3F80680B3464FF02008002504F085
:10D90000F5FBA8423EF489AEDAE9003213F8011BB8
:10D91000013ACAE90032BA6907F5AC70032A4155E9
:10D9200005F1010307F1500502D12A68042A06D047
:10D93000082200212846BB61FCF78CFCBB69B86B50
:10D94000009507F5AC7231463B6104F017FF431CAC
:10D95000B8613EF462AE3B69002840F0B5807A6958
:10D9600002B932609944013C7B6943B9BB6A2BB16F
:10D97000A6EB0B05B8EBA50F40F2D8800436DAF819
:10D980000430002B4FF0000540F3A780002CB6D1E7
:10D99000BB6A2BB1A6EB0B01B8EBA10F00F2D5804F
:10D9A0007B69002B7EF41FAEFFF7A6B9EE0654D4B8
:10D9B0002D066AD57E6A56F8045B002D3EF4E6AD6E
:10D9C0002046E4F74BFE804600283EF42CAE7A6BEE
:10D9D0002860B2F806B093889B4573D34FF6F67271
:10D9E00093423EF624AE7A6B08339BB21068BB625A
:10D9F000990005F0E7FC00283EF419AE7A6BBB6A8B
:10DA0000938010607B6B40F82B500BF1010BA3F857
:10DA100006B04146B86BCDF800A02346012207F0BE
:10DA20008DFB8046002864D084426DD83B6B7E62BB
:10DA30000133C1443B63FEF7D6BD4FF00008C34637
:10DA4000C7F82880464659E77B695BF8046BC7F83E
:10DA500024B098469B46BB6250E71D46DAF8043076
:10DA60009C4223DDDAF80020B86B1A44CAF8002083
:10DA700051461D44E41A07F043FB0028EED0002D68
:10DA80003EF4CBADA944FEF7AEBD7E6AB86B3168FB
:10DA9000CDF800A02346012207F050FB8046002865
:10DAA0003EF4BBAD0436C1E710681AE71B1BCAF889
:10DAB0000430DAF8003025441C44CAF80040A94478
:10DAC000FEF791BD10689DE7BA69023224D1DAF8F9
:10DAD0000420002A1D463FF712AFB86B514607F0ED
:10DAE0000FFB00283FF452AF002D3FF451AFFEF77B
:10DAF00094BD3B6B002B3EF49AADBAF80C305B063C
:10DB00007EF546ADFEF793BD2868414605F05AFC08
:10DB100000288BD0286089E79944BB69032B7FF4E8
:10DB200022AF2B68042B7FF41EAF1DE758464FEA47
:10DB3000C80105F047FC834600283EF474ADBB6A7B
:10DB4000461918604FEA480818E7BC6A206805F0D3
:10DB500039FC00283FF424AF206021E72DE9F84F7D
:10DB60004B6E9C0490462DD59368126843B38B4648
:10DB7000064602F1080959E9025A5FEA9A0715D0E8
:10DB8000043D002401E0A7420ED055F8041F5A4678
:10DB9000304603F07BFF431C04F10104F3D1002362
:10DBA000C8E90133BDE8F88FD8F808302AF0030A35
:10DBB000A3EB0A03C8F8083009F10809002BDAD1F1
:10DBC0000020ECE704F0ECF80023C8E90133BDE8DD
:10DBD000F88F00BF10B4946814B110BCFFF7BEBF3B
:10DBE0002046546010BC70472DE9F04FBDB0CDE920
:10DBF00004301C460191174618B1836B002B00F0CE
:10DC00008682019A536EDE0740F18F81B2F90C10C3
:10DC10008AB2900408D441F4005201994B6E8A8173
:10DC200023F4005392B24B66110740F1F780019B39
:10DC30001B69002B00F0F28002F01A030A2B00F09F
:10DC4000FB8013AB10930023CDE91133CDE90A33E8
:10DC500008930DF14C09099303933B78002B00F0D6
:10DC600051813C4604E014F8013F002B00F02C8168
:10DC7000252BF8D1E51B40F029812378002B00F0FB
:10DC800041814FF0000300258DF83B30671C63781D
:10DC900002954FF0FF3B2B240137A3F120025A2AB3
:10DCA00000F25281DFE812F0980250015001940214
:10DCB0005001500150016A005001500136026B02C0
:10DCC00050014102A6025001A2025B005B005B0012
:10DCD0005B005B005B005B005B005B005001500180
:10DCE00050015001500150015001500150012302D8
:10DCF0008400500150015001500150015001500169
:10DD0000500150015001DD00500150015001070247
:10DD100050015902500150011E055001500150019F
:10DD20005001500150015001500150015001230297
:10DD300086005001500150014F02860080005001C2
:10DD4000450250018102DF006F028000500107028E
:10DD50007E003E0550015001400550017E00A3F1B8
:10DD60003002002117F8013B01EB810102EB410178
:10DD7000A3F13002092AF5D902918EE7DDF814806B
:10DD8000404604F0B9F943680A931846E3F798FD52
:10DD90000B900646404604F0AFF983680993002EC5
:10DDA00040F07B843B7877E73B7845F0200573E7CC
:10DDB00045F01005AC06049E40F16F81073626F051
:10DDC00007063246736852F8086B04929846002B97
:10DDD000C0F22D84BBF1FF3F00F0108556EA080326
:10DDE00025F0800A00F008840A2E78F1000380F004
:10DDF000BD84303601238DF8EF60554600930DF158
:10DE0000EF04DDF800809DF83B30D845B8BFD84618
:10DE1000002B00F0A88008F10108A4E0019D0598FE
:10DE2000294602F0E9FB002840F08885AA8902F023
:10DE30001A030A2B7FF405AF0199B1F90E30002BBC
:10DE4000FFF6FFAE4B6EDE0702D4950540F1568516
:10DE50000199059823463A463DB0BDE8F04F00F0E1
:10DE600093BD45F0100515F0200800F00781049ED1
:10DE7000073626F007063346D6F8048053F8086BB9
:10DE8000049325F4806A00234FF000028DF83B20B4
:10DE9000BBF1FF3F00F0C88156EA08022AF0800576
:10DEA00040F0C181BBF1000F40F0AB84002B40F08B
:10DEB000A8831AF00103009300F0D68330238DF875
:10DEC000EF300DF1EF049CE7E51B1BD0119B129A7C
:10DED00001332A44072BC9E900751292119305DC1E
:10DEE00009F10809039B2B440393C6E6002A00F0BE
:10DEF0007F830199059810AAFFF730FE40B90DF114
:10DF00004C09EFE7129B002B40F009850023119389
:10DF1000019A536ED90740F1A68093895B0600F100
:10DF2000198503983DB0BDE8F08F019BB3F90C1043
:10DF30008D058AB23FF56DAE1D46986D04F0E4F88C
:10DF4000B5F90C108AB264E6002BDBD08DF88C306A
:10DF50004FF001084FF000038DF83B30CDF8008002
:10DF600023AC4FF0000B15F00203069318BF08F125
:10DF7000020815F08403079305D1029BA3EB080662
:10DF8000002E00F36C82DDE91121501C9DF83B60EE
:10DF90008EB10DF13B020131C9F8002007284FF086
:10DFA0000102CDE91101C9F8042000F33B820246C9
:10DFB00009F108090130069BDBB10FAB0231C9F84A
:10DFC000003007284FF00203CDE91101C9F80430F1
:10DFD00040F34082002900F006830199059810AAB9
:10DFE000FFF7BCFD002893D1DDE911210DF14C09AB
:10DFF000501C079B802B00F05881009BABEB030665
:10E00000002E00F3B681009BC9F800401944072890
:10E01000CDE91101C9F8043040F34481002900F032
:10E0200072820199059810AAFFF798FD00287FF4E5
:10E030006FAF12990DF14C09680705D5029BA3EB50
:10E040000804002C00F36982DDE902234245ACBFDD
:10E050009B1843440393002940F0D581002311937A
:10E060000DF14C09F9E5019B9B899A053FF556AFE7
:10E07000019CA06D04F04AF8A3894FE715F0100346
:10E0800040F0238315F0400200F0EB83049A52F82D
:10E09000046B04929846B6B2F3E656F8043B049635
:10E0A000E80600F1ED82690640F1E78243F3C038EB
:10E0B0001EB243468BE6049E56F8044B4FF0000315
:10E0C0008DF83B30002C00F0B183BBF1FF3F00F036
:10E0D0002E835A4600212046E3F762FC002800F018
:10E0E0001284031B009304964FF0000B89E6049EF4
:10E0F0004FF000038DF83B304FF0010856F8043B19
:10E100008DF88C300496CDF8008023AC29E703F01D
:10E11000C1FB76E5049B53F8042B0292002A80F29F
:10E120009F82029A0493524202923B7845F0040582
:10E13000B2E53B786C2B03BF7B7845F020050137B7
:10E1400045F01005A8E53B78682B03BF7B7845F4C4
:10E150000075013745F040059EE545F0100A1AF0BC
:10E16000200800F05582049E073626F00706334645
:10E17000D6F8048053F8086B0493012384E63B78B7
:10E180008DF83B4088E5049B53F8046B04933023DF
:10E190008DF83C3078238DF83D30B94B089345F02D
:10E1A000020A4FF0000802236EE6AE0600F18382F9
:10E1B000EC0600F13383680600F19283A90540F173
:10E1C0002D83049E039A56F8043B04961A7044E586
:10E1D0003B7845F001055FE59DF83B30002B7FF46F
:10E1E000E1AD20238DF83B303B7855E53B7845F099
:10E1F000800551E5394611F8013B2A2B00F0B38325
:10E20000A3F13002092A0F464FF0000B3FF645AD4F
:10E2100017F8013B0BEB8B0B02EB4B0BA3F130021E
:10E22000092AF5D939E5AA46012B3FF4DDAD022BC9
:10E230003CAC12D1089A06F00F033609D35C04F8FF
:10E24000013D46EA08764FEA181856EA0803F2D16B
:10E250003CAB1B1B55460093D3E506F00703F608BD
:10E2600046EA48764FEAD808303356EA0801224693
:10E2700004F8013DF1D11AF0010FE9D0302BE7D0BD
:10E280003023023A04F8013C3CAB9B1A55460093FC
:10E290001446B6E500991394012314911291119339
:10E2A0000DF14C0909F10809C6E6029BA3EB08062B
:10E2B000002E7FF7A2AE102E40F35183DFF8C4A1E9
:10E2C0005346CDE906B4BA46DDF814B0019C2F469A
:10E2D0001D4607E002F1020C09F108090246103E52
:10E2E000102E1EDD501C103110230728CDE911011E
:10E2F000C9F80050C9F80430ECDD10AA002900F07C
:10E300008B80214658460DF14C09FFF727FC002869
:10E310007FF4FEADDDE91121103E102E02F1010C5B
:10E32000E0DCDDE906B42B463D4657469A463144CB
:10E33000BCF1070FCDE911C1C9F800A0C9F804600C
:10E3400040F39581002900F0BB820199059810AA3D
:10E35000FFF704FC00287FF4DBAD009BDDE9112111
:10E36000ABEB0306002E02F101000DF14C097FF723
:10E370004AAE102EDFF80CA131DD5346CDE906453B
:10E38000BA46059C019D4FF0100B1F4607E002F1B5
:10E39000020C09F108090246103E102E19DD501C2E
:10E3A00010310728C9E9007BCDE91101EFDD10AA82
:10E3B00019B3294620460DF14C09FFF7CFFB002881
:10E3C0007FF4A6ADDDE91121103E102E02F1010C03
:10E3D000E5DCDDE906453B46604657469A46314452
:10E3E0000728CDE91101C9F800A0C9F8046000F3BD
:10E3F000E68009F10809013005E64FF0010C0A46F4
:10E400000DF14C09C8E70199059810AAFFF7A6FB82
:10E4100000283FF423AE7BE54FF0010C0A460DF1D6
:10E420004C095CE7002900F0DB800199059810AAEF
:10E43000FFF794FB00287FF46BADDDE911210DF1AE
:10E440004C09501CB7E502210FAB14911393012026
:10E450000DF14C09024609F10809501CC9E5102EBE
:10E4600040F35782DDE911C1DFF81CA0CDE90CB4FF
:10E4700010235446DDF804B0DDF814A062460DE028
:10E4800044870308D0870308C087030802F1020C01
:10E4900009F108090246103E102E1BDD501C1031F8
:10E4A0000728C9E90043CDE91101EFDD10AA21B326
:10E4B000594650460DF14C09FFF750FB00287FF4F8
:10E4C00027ADDDE91121103E102E02F1010C4FF0B5
:10E4D0001003E3DCA246DDF830B00D9C6246314407
:10E4E000072ACDE91121C9F800A0C9F8046000F39A
:10E4F000A78009F10809501C48E50A464FF0010CB5
:10E500000DF14C09C7E76C07119150D5029BA3EBA5
:10E510000804002C4BDD0DF14C09102C40F309824E
:10E52000DFF8ECA2119A059EDDF804B053461025E1
:10E53000BA461F4606E0901C09F108091A46103C2D
:10E54000102C19DD531C1031072BC9E90075CDE9DA
:10E550001131F0DD10AA29B359463046FFF7FEFA13
:10E5600000287FF4D5ACDDE91121103C102C02F11C
:10E5700001000DF14C09E5DC3B4657469A46214423
:10E580000728C9E900A4CDE911017FF75DAD71B19C
:10E590000199059810AAFFF7E1FA00287FF4B8ACBA
:10E5A000129951E501200A460DF14C09C7E7DDE952
:10E5B00002234245ACBF9B18434403934EE5002918
:10E5C0003FF468AE0199059810AAFFF7C7FA002832
:10E5D0007FF49EAC1198129901300DF14C0912E5AF
:10E5E000069B002B77D101200A460DF14C0900E56E
:10E5F00011920DF14C0975E4BBF1000F7FF4F9ABFA
:10E6000055464FF0000BCDF800B03CACFFF7F9BB1E
:10E610001AF010033AD11AF0400200F01381049A64
:10E6200052F8046B04929846B6B201232CE42D23D1
:10E6300076428DF83B3068EB4808AA46012327E470
:10E6400000297DD00199059810AAFFF787FA0028C4
:10E650007FF45EACDDE911210DF14C09501C95E40D
:10E6600004933B78FFF718BB3CACFFF7CABB09F13A
:10E6700008090CF101006246BFE4AA0500F13881E7
:10E680004FEAE3781E464346FFF7A1BB049B53F8CD
:10E69000046B04930123FFF7F7BB099B002B3FF4A6
:10E6A00081AB099B1B78002B3FF47CAB3B7845F496
:10E6B0008065FFF7F1BADDE9031656F8042B0496DE
:10E6C000CB17C2E90013FFF7C8BA049B53F8046BD9
:10E6D0000493FFF7D6BB02210FAB149113930DF1F6
:10E6E0004C09B8E64B4A089215F0200836D0049E33
:10E6F000073626F007063246D6F8048052F8086B33
:10E700000492EA0709D556EA080206D08DF83D3092
:10E71000302345F002058DF83C3025F4806A022351
:10E72000FFF7B2BBAA461AE53B4A0892DCE720464F
:10E730000496E3F7C5F84FF0000B0090FFF761BBBC
:10E740009DF83B20002A00F0C18001200DF13B0222
:10E75000149013920DF14C09014628E415F01002B3
:10E7600042D0049A52F8046B0492CAE70AF4806318
:10E77000CDF800B0CDF81890BB46DDF82490002508
:10E780003CAC1F4609E030464146E2F703FD0A2E45
:10E7900078F100031BD306468846304641460A22DC
:10E7A0000023E2F7F7FC1146303104F8011C0A227D
:10E7B0000023013C0135002FE5D099F80010A94253
:10E7C000E1D1FF2DDFD00A2E78F1000364D23CABFB
:10E7D0001B1BCDF824905F46DDF81890DDF800B0E3
:10E7E00000935546FFF70DBB15F0400147D0049943
:10E7F00051F8046B04919046B6B282E7AA46FFF73F
:10E80000F3BA012BAA467FF412ADFFF7F2BA00BFAC
:10E81000C08703085887030844870308049E039AA7
:10E8200056F8043B1A600496FFF717BABBF1060FBF
:10E83000D84628BF4FF00608504CCDF8008004960B
:10E84000FFF78FBB049B1AF4007814BF53F8046BD6
:10E8500053F8046B04931CBF9046F6B20123FFF7F4
:10E8600013BB049B15F4007814BF53F8046B53F8E2
:10E87000046B04931CBF9046F6B2FFF702BB049AE8
:10E8800015F4007814BF52F8046B52F8046B04922C
:10E890001CBF8846F6B234E70B9B0A99E41A1A4665
:10E8A000204605F0C7F899F801300BB109F10109CC
:10E8B000304641460A2200230025E2F76BFC6AE756
:10E8C00001200A460DF14C09FFF797BB069B002B70
:10E8D0007FF4B9AD0A4601200DF14C09FFF78DBB5D
:10E8E000049E039A56F8043B04961A80FFF7B5B9C4
:10E8F00043F3C0185EB24346FFF769BA886D03F070
:10E9000005FCFFF7A5BACDF800B004968346FFF7E3
:10E9100078BA119A1299DFF868A00132DFE50199FF
:10E92000059810AAFFF71AF900283FF4EFAAFFF79D
:10E93000EFBA1198DFF848A0013020E6019B5B6E2A
:10E94000DB0707D4019B9B899F0503D4019B986D2E
:10E9500003F0DCFB4FF0FF330393FFF7E2BADFF87D
:10E9600024A08446E3E4049A7B780F4652F8041B03
:10E97000049241EAE17BFFF78FB900BF6C8703087F
:10E98000C0870308D0870308F0B51F468B89ADF216
:10E990006C4D23F00203ADF80C304B6E1993CB890C
:10E9A000ADF80E30CB6907934B6A09931AAB00930D
:10E9B00004934FF48063154606460293059316A808
:10E9C00000230C46069303F09BFB2A463B46694610
:10E9D0003046FFF709F9051E07DB6946304602F0AD
:10E9E00025FF002818BF4FF0FF35BDF80C305B063F
:10E9F00003D5A38943F04003A381169803F082FB5B
:10EA000028460DF26C4DF0BD2DE9F04FD5B01C46F7
:10EA1000079191460546099003F06EFB0268179234
:10EA200010460E94E2F74CFF16901DB1AB6B002B15
:10EA300000F02A82079A536EDD0740F13881B2F95F
:10EA40000C2091B28F0409D4079B42F400529A81A2
:10EA500091B21A465B6E23F4005353660E0740F1E1
:10EA6000CB80079B1B69002B00F0C68001F01A03C6
:10EA70000A2B00F0CF8000242BAB4D46CDE9294472
:10EA8000CDE91944CDE91B44129428939846189473
:10EA900000230B940024CDE914342B78002B00F0D4
:10EAA0009D81AA4604E01AF8013F002B00F0C780C0
:10EAB000252BF8D1BAEB050640F0C5809AF8003056
:10EAC000002B00F08B8100234FF0FF329AF8016099
:10EAD0008DF883300A930AF1010A08921F462B240D
:10EAE0004FF020090AF1010AA6F120035A2B00F287
:10EAF000ED80DFE813F0EB02EB00EB00E602EB0049
:10EB0000EB00EB006A00EB00EB005C028002EB0024
:10EB100067028A02EB0085025B005B005B005B0022
:10EB20005B005B005B005B005B00EB00EB00EB005D
:10EB3000EB00EB00EB00EB007A01EB00F801D201F7
:10EB40007A017A017A01EB00EB00EB00EB00E102C5
:10EB5000EB00EB002D02EB00EB00EB000202EB0000
:10EB6000A402EB00EB008307EB00EB00EB00EB00F3
:10EB7000EB00EB00EB00EB007A01EB00F801D401B5
:10EB80007A017A017A01C702D401CD01EB00D402E7
:10EB9000EB006C022F02B502CD01EB0002027E00F9
:10EBA0008007EB00EB006107EB007E00A6F130036D
:10EBB00000221AF8016B02EB820203EB4202A6F17B
:10EBC0003003092BF5D90A928EE7DDF824B05846B8
:10EBD00003F092FA43681B931846E2F771FE1C900B
:10EBE0000646584603F088FA83681993002E40F0D1
:10EBF000CD869AF8006075E7079D0998294601F0CF
:10EC0000FBFC002841F01C83A98901F01A030A2BA0
:10EC10007FF431AF079AB2F90E30002BFFF62BAF1D
:10EC2000536ED80702D4890541F13B8107990998B1
:10EC300023464A4655B0BDE8F04F01F04FBCBAEB51
:10EC4000050600F0CB802A9B33442A93299B01338D
:10EC5000072BC8E90056299305DC08F108080B9B2F
:10EC600033440B932AE70799099828AAFEF7B2FFC5
:10EC700080B90DF1AC08F2E70799099828AAFEF7C8
:10EC8000A9FF002800F09B800D9B1BB10998194635
:10EC900002F080FF079A536ED90740F1EA8093890A
:10ECA0005B0601F1D9820B9855B0BDE8F08F079B48
:10ECB000B3F90C20900591B23FF5C4AE1D46986D96
:10ECC00003F022FAB5F90C2091B2BBE6002E00F059
:10ECD000858000228DF8EC608DF883200123CDE93A
:10ECE0000C32069308920F92139210923BAD17F0DC
:10ECF000020302D006990231069117F0840B07D166
:10ED00000A990698A1EB0009B9F1000F00F370838E
:10ED10002A9C8AB1299A0DF1830101320134C8F885
:10ED20000010072A4FF001012A942992C8F8041014
:10ED300000F3B68308F1080883B1299B21AA0133A7
:10ED40000234C8F80020072B4FF002022A942993BE
:10ED5000C8F8042000F3B28308F10808BBF1800F63
:10ED600000F06982089B0C9AA3EB020BBBF1000F29
:10ED700000F3AA82FB0500F100820C9BC8F8043066
:10ED80001C44299BC8F800500133072B2A9429936F
:10ED900000F3228308F10808780705D50A9B069A34
:10EDA0009D1A002D00F39683DDE90A2306998A4215
:10EDB000ACBF9B185B180B93002C7FF45DAF002356
:10EDC00029930D9B1BB10D99099802F0E3FE0DF1FB
:10EDD000AC0855462B78002B7FF463AE2A9B002BA2
:10EDE00041F0D3810023299354E70E9B073323F08E
:10EDF0000702F2E80234CDE91434DDE9143424F0DA
:10EE000000440E92994618462146B54B4FF0FF320A
:10EE1000E2F716FE002840F0EF84B14B4846214649
:10EE20004FF0FF32E1F7E4FD002840F0E584DDE932
:10EE3000140100220023E1F7D1FD002840F067878C
:10EE40009DF88320A74DA84B27F080070321472E6C
:10EE5000C8BF1D4600230D9306910C9108930F9394
:10EE600013931093002A3FF442AF069B013306939D
:10EE70003DE7079B9B899A053FF512AF079CA06D64
:10EE800003F044F9A3890BE7099802F003FDD1E5EB
:10EE90009AF8006047F0200724E647F01007BA060A
:10EEA0000E9B40F13B84073323F007031A465B684F
:10EEB00052F8084B0E929946002BC0F24C84089BE6
:10EEC000013300F0D88254EA090327F0800B40F0A8
:10EED000D382089B002B40F0D4825F460023089326
:10EEE0000C9354AD1DE10E9B002253F8041B8DF8CA
:10EEF00083208DF8EC100E93F0E60E9C089B54F8DE
:10EF0000045B4FF000098DF88390002D00F093858D
:10EF10005A1C00F051861A4649462846E2F740FD41
:10EF20000D90002801F00E810D9BCDF820905B1B09
:10EF30000C930E9423EAE3739DF883200693CDF897
:10EF40003490CDF83C90CDF84C90CDF8409089E7C6
:10EF500047F0100717F0200900F0D2830E9B07330B
:10EF600023F00703D3F8049053F8084B0E9327F4CB
:10EF7000806B002300228DF88320089A511C00F03A
:10EF8000B88054EA09012BF0800740F0B180002AD4
:10EF900040F0F685002BA1D11BF001030C9300F08B
:10EFA000148430238DF84F310DF24F15B9E00E9BCC
:10EFB00053F8042B0A92002A80F2DA830A9A0E93FD
:10EFC00052420A929AF8006047F004078AE5BD06AB
:10EFD00000F1D184FC0600F1D885780600F1A58601
:10EFE000B90540F1D2850E9B0B9953F8042B0E9373
:10EFF00011705546EEE69AF800608DF8834071E591
:10F000009AF8006047F080076CE5524612F8016BF1
:10F010002A2E01F03F82A6F13003092B924698BFB9
:10F02000002201F2BC801AF8016B02EB820203EBB2
:10F030004202A6F13003092BF5D9089254E547F0B6
:10F04000100B1BF0200900F076830E9B073323F092
:10F050000703D3F8049053F8084B0E93012389E774
:10F060000E9B53F8044B0E93302378268DF8843092
:10F070001E4B189347F0020B8DF885604FF0000986
:10F08000022377E79AF80060682E03BF9AF80160C0
:10F0900047F400770AF1010A47F0400722E59AF8A1
:10F0A00000606C2E03BF9AF8016047F020070AF158
:10F0B000010A47F0100715E59AF8006047F00807C5
:10F0C00010E59AF8006047F001070BE59DF88330E2
:10F0D000002B7FF48EAD9AF800608DF8839001E5E7
:10F0E000FFFFEF7F3487030838870308448703084E
:10F0F000BB46012B00F0C081022B54AD20D1189AE1
:10F1000004F00F032409D35C05F8013D44EA0974B7
:10F110004FEA191954EA0903F2D154AB5B1B5F465D
:10F120000C9308990C989DF8832081424FF00003BE
:10F13000B8BF01460D9306910F931393109391E678
:10F1400004F00703E40844EA49744FEAD90930336C
:10F1500054EA09012A4605F8013DF1D11BF0010FDF
:10F16000DBD0302BD9D03023023A05F8013C54AB28
:10F170009B1A5F460C931546D3E7652E40F3E68055
:10F18000DDE9140100220023E1F71EFC002800F055
:10F19000DC81299BBF4AC8F80020013301340122D9
:10F1A000072B2A942993C8F8042000F3CC8408F193
:10F1B0000808229B129A934280F2D682169B179AD5
:10F1C0001C44C8E90023299B2A940133072B299367
:10F1D00000F3248408F10808129B5D1E002D7FF7C0
:10F1E000DBAD102D299BDFF8B09240F3BD8449467A
:10F1F0002246B946DDF824B0079C10260F4605E0EC
:10F2000008F10808103D102D40F3AA840133103294
:10F21000072BC8E90076CDE92932F1DD28AA21467D
:10F220005846FEF7D7FC00287FF42EADDDE92932E1
:10F230000DF1AC08E6E70A9B069AA3EB020BBBF1C3
:10F24000000F7FF78FADBBF1100F299ADFF84892BE
:10F250002CDD1D9621464E46079CDDF82490102398
:10F2600006E0ABF1100BBBF1100F08F108081ADD36
:10F2700001321031072AC8E90063CDE92921F0DD08
:10F2800028AA214648460DF1AC08FEF7A3FC002849
:10F290007FF4FAACABF1100BBBF1100FDDE92921C3
:10F2A0004FF01003E4DCB1461D9E0C4601325C4475
:10F2B000072ACDE92924C8F80090C8F804B000F363
:10F2C000A08308F108084DE5BBF1100F299ADFF87B
:10F2D000C8912DDD41462046A8464C46079DDDF8E5
:10F2E0002490102306E0ABF1100BBBF1100F01F1DD
:10F2F000080119DD01321030072AC1E90043CDE9C8
:10F300002920F0DD28AA29464846FEF763FC00289C
:10F310007FF4BAACABF1100BBBF1100FDDE9292083
:10F320002BA94FF01003E5DC4546A146884604466C
:10F3300001325C44072ACDE92924C8F80090C8F8B6
:10F3400004B000F3D08108F1080813E5129B012BEB
:10F3500040F38081299EC8F8005001360134012312
:10F36000072E2A942996C8F8043000F37C8308F10C
:10F370000808169B179A01361C44072EC8E900237B
:10F38000CDE9296400F37C8308F10808DDE9140164
:10F3900000220023E1F718FB002840F07881129B3F
:10F3A0000136013B01351C44072EC8F80050299650
:10F3B000C8F804302A9400F35D8108F108081A9B0C
:10F3C000C8F8043001361C44072E24ABCDE929646B
:10F3D000C8F800307FF7DEAC0799099828AAFEF735
:10F3E000F9FB00287FF450AC2A9C0DF1AC08D3E463
:10F3F000B9F1100FDDE929212BDDCDE91D3B1F9669
:10F40000DDF824B04E461024A946079D04E0103EC6
:10F41000102E08F1080817DD0132204B1031072AA1
:10F42000C8E90034CDE92921F1DD28AA294658464A
:10F430000DF1AC08FEF7CEFB00287FF425AC103EA2
:10F44000102EDDE92921E7DCDDE91D3B4D46B14603
:10F450001F9EC8F80490013209EB0104072A0F49E6
:10F46000C8F80010CDE9292400F351839DF88320CA
:10F4700008F108084DE4BB460A2C79F1000380F03E
:10F480000C83303401238DF84F415F460C930DF20D
:10F490004F1546E6147C0308F0870308E08703084D
:10F4A000079909981D9328AAFEF794FB00287FF47A
:10F4B000EBAB2A9C1D9B0DF1AC083DE40799099824
:10F4C00028AAFEF787FB00287FF4DEAB2A9C0DF10B
:10F4D000AC0843E4102D299B21DD099FDDF81C9029
:10F4E000102604E0103D102D08F1080817DD013347
:10F4F000BB4A1034072BC8E90026CDE92934F1DDD9
:10F5000028AA494638460DF1AC08FEF763FB0028EF
:10F510007FF4BAAB103D102DDDE92934E7DC01336F
:10F52000AF4AC8F804502C44072BCDE92934C8F859
:10F5300000207FF739AC0799099828AAFEF74AFB03
:10F5400000287FF4A1AB2A9C2EE42299002940F3E5
:10F550001481DDF84090129B9945A8BF9946B9F1F6
:10F56000000F0BDD299B01334C44072BC8E90059E0
:10F570002A94299300F39A8508F10808109EB9F19E
:10F58000000FA8BFA6EB0906002E00F34683DDF8A6
:10F5900040B07905AB4400F1CE84229B129A93428D
:10F5A00002DBFA0740F1B883169A17991444C8E9A8
:10F5B0000012299A2A940132072A299200F383859E
:10F5C00008F10808129AAE18A6EB0B06D51AAE423F
:10F5D000A8BF2E46002E0DDD299BC8F800B00133D0
:10F5E0003444072BC8F804602A94299300F3F1856A
:10F5F00008F10808002EA8BFAD1B002D7FF7CCAB8B
:10F60000102D299BDFF8DC9140F3AE82494622465B
:10F61000B946DDF824B0079C10260F4605E008F136
:10F620000808103D102D40F39B8201331032072B48
:10F63000C8E90076CDE92932F1DD28AA21465846ED
:10F64000FEF7C8FA00287FF41FABDDE929320DF17F
:10F65000AC08E6E7FE073FF57DAE299EC8F80050EE
:10F66000013601340123072E2A942996C8F8043064
:10F670007FF7A3AE0799099828AAFEF7ABFA0028EE
:10F680007FF402ABDDE929640DF1AC0897E6129B2B
:10F690005D1E002D7FF793AE102DDFF8489140F3EB
:10F6A0007F8222460897099C079F4FF0100B05E0C8
:10F6B00008F10808103D102D40F370820136103219
:10F6C000072EC8E9009BCDE92962F1DD28AA394659
:10F6D0002046FEF77FFA00287FF4D6AADDE92962EA
:10F6E0000DF1AC08E6E70799099828AAFEF772FA27
:10F6F00000287FF4C9AA2A9C0DF1AC08FFF73ABB99
:10F7000017F0100372D117F0400200F0BD820E9A7C
:10F7100052F8044B0E929946A4B228E453F8044BD5
:10F720000E93FB0656D47D0651D544F3C0394B46A3
:10F7300024B2FFF7C1BB1BF0100340F036811BF071
:10F74000400200F092820E9A52F8044B0E929946B3
:10F75000A4B201230EE42D2364428DF8833069EBBB
:10F760004909BB46012308E4F8077FF515AB25E5F9
:10F770009AF800600E93FFF7B5B9299B1A4AC8F8AA
:10F780000020013301340122072B2A942993C8F861
:10F79000042000F3708408F10808002940F01E825C
:10F7A000129A07F0010313433FF4F6AA169B179928
:10F7B000E218C8E90013299B2A920133072B2993E9
:10F7C00000F3618308F1080819E254ADA9E4B80513
:10F7D00000F1B4824FEAE4794B46FFF76DBB00BFFE
:10F7E000E0870308F0870308147C03080E9B53F896
:10F7F000044B0E93FFF7BBBBDDE9140102460B4639
:10F80000E2F71EF9002840F0A085612E00F0508537
:10F81000412E00F09982089B013326F020030693C5
:10F8200000F08F85472B00F07985DDE9141247F44D
:10F8300080730F931346002BC0F2ED850C930023C9
:10F840001D938B460D93069B462B00F04A84452B57
:10F8500000F04F850899019126A9049123A90391ED
:10F8600022A9029102210C9B099800915A4600F0AE
:10F87000EBFF069B472B054640F01C8617F0010F57
:10F88000B9460F9F40F0D984269B5B1B1293069BC1
:10F89000472B00F01883069B462B00F05F84229BC9
:10F8A0001093109B069A013B412A229300F0AA85EF
:10F8B000F2B20021002BB8BF109B8DF89020BABF88
:10F8C000C3F101032D222B22092B8DF8912040F347
:10F8D00063850DF19F04BD4F2246104687FB03212F
:10F8E000DA17C2EBA10202EB8201A3EB4101303136
:10F8F00000F8011C19466329134600F1FF32ECDCC5
:10F900003033D9B2831E9C4202F8011C40F2CE85EE
:10F9100013460DF1920201E013F8011B02F8011BDE
:10F920009C42F9D10DF1A1030DF192021B1A13446F
:10F9300024AA9B1A1A93129B1A9A012B1A440C920E
:10F9400040F372850C9B169A13440C930C9A002377
:10F9500029F4806722EAE27247F480770F930692D7
:10F96000139310931D9B002B40F0DE829DF88320A3
:10F970000893FFF777BA0E9B0B9853F8041B0E936E
:10F98000C217C1E900025546FFF724BA199B002BA4
:10F990003FF42FA9199B1B78002B3FF42AA99AF852
:10F9A000006047F48067FFF79DB80E9B53F8044B47
:10F9B0000E930123FFF7DEBA854B189317F0200949
:10F9C00049D00E9B073323F00703D3F8049053F874
:10F9D000084B0E93F80709D554EA090306D03023E3
:10F9E0008DF8856047F002078DF8843027F4806B2E
:10F9F0000223FFF7BFBABB46FFF723BB754B189333
:10FA0000DCE70799099828AAFEF7E4F800287FF4B4
:10FA10003BA92A9C0DF1AC08FFF7A4B907990998F6
:10FA200028AAFEF7D7F800287FF42EA92A9C0DF10A
:10FA3000AC08FFF7D1BB062B294628BF0623089543
:10FA40000D952A460693644D0E940C930F911391D5
:10FA50001091FFF707BA17F0100369D00E9B53F807
:10FA6000044B0E93B6E70799099828AAFEF7B2F857
:10FA700000287FF409A9DDE929640DF1AC0878E4D8
:10FA80000799099828AAFEF7A5F800287FF4FCA892
:10FA9000DDE929640DF1AC0878E40BF48063002201
:10FAA000CDE90CA80696DDF8648054AF16469A4658
:10FAB0000CE00023204649460A22E1F76BFB0A2CA2
:10FAC00079F100031BD3044689462F4620460A22BB
:10FAD00000234946E1F75EFB30327D1E013607F810
:10FAE000012CBAF1000FE4D098F800309E42E0D12A
:10FAF000FF2EDED00A2C79F1000380F0F480CDF8DF
:10FB000064801296DDE90CA8069EFFF706BB0799F4
:10FB100009981D9328AAFEF75DF800287FF4B4A881
:10FB20009DF883202A9C1D9B0DF1AC08FFF7F1B8CE
:10FB300017F0400200F0B6800E9A52F8044B0E9275
:10FB40009946A4B246E70799099828AAFEF742F811
:10FB500000287FF499A82A9C0DF1AC08FFF729BB77
:10FB600014463A464F46914601332C44072BC8F8B9
:10FB70000090C8F80450CDE929347FF70BA92BE495
:10FB8000012BBB467FF4B8AA7BE40E9B0B9953F87C
:10FB9000042B554611600E93FFF71CB9089F1446BD
:10FBA00001362C44072ECDE92964C8F80090C8F826
:10FBB00004507FF702AC5DE52846CDF820900E9406
:10FBC000E1F77EFE03460C90FFF7B4B96766666600
:10FBD00044870308588703086C870308169B179807
:10FBE000E218C8E90003299B2A920133072B2993C5
:10FBF00000F3498108F108080029C0F2FA8212993D
:10FC0000C8F8005001338C18072BCDE92934C8F807
:10FC100004107FF7BFA8FFF7DFBB102E299BDFF88A
:10FC2000C09252DD484642462146A846B946099C44
:10FC3000079D4FF0100B074603E00832103E102ED0
:10FC40003DDD01331031072BC2E9007BCDE92931BD
:10FC5000F3DD28AA29462046FDF7BCFF00287FF4E3
:10FC600013A8DDE929312BAAE8E70E9B1BF40079E4
:10FC700014BF53F8044B53F8044B0E931CBF91462A
:10FC8000E4B20123FFF776B90E9B17F4007914BF95
:10FC900053F8044B53F8044B0E931CBF9146E4B247
:10FCA000FFF765B90E9B17F4007914BF53F8044BA6
:10FCB00053F8044B0E931CBF9146E4B28AE64546C6
:10FCC00090463A460C464F46914601333444072B42
:10FCD000CDE92934C8F80090C8F8046000F3E68044
:10FCE00008F1080853E41C9B1B99ED1A1A46284694
:10FCF00003F0A0FE98F801300BB108F1010820468E
:10FD000049460A2200230026E1F744FADBE62D22C9
:10FD10008DF88320FFF796B8129AAE18A6EB0B0663
:10FD2000D51AAE42A8BF2E4664E40E9B0B9953F839
:10FD3000042B0E9311805546FFF74CB844F3C019BD
:10FD40004B4664B2FFF7B8B830238DF8843058239F
:10FD50008DF88530089B632B47F0020400F39B82EB
:10FD600000230D933BADDDE9141247F481730F932B
:10FD70001346002B2746C0F220820C9326F0200366
:10FD8000069300238B461D93612E00F0ED82412ED9
:10FD90007FF459AD22AA0C99584603F00BFD0022BE
:10FDA0004FF07F53E0F7A8FB02460B46CDE9102346
:10FDB00000220023E0F708FE08B101232293494BFB
:10FDC0000C93089BCDE912A6CDE91E78DDF830A092
:10FDD000DDE9106703F1FF39AB46109506E000221C
:10FDE000002309F1FF39E0F7EFFDE8B93E4B0022AF
:10FDF00030463946E0F780FB0F460646E1F736FE0F
:10FE00000446E0F70FFB0B46024639463046E0F762
:10FE1000BBF91AF80430B9F1FF3FD8464D460BF84C
:10FE2000013B06460F46DAD1304639462F4BDDF806
:10FE300048A0139ECDF848800022A946DDF87C80BA
:10FE4000109D1E9FCDE91001E0F7E6FD002840F06F
:10FE50003482DDE91001254B0022E0F7B5FD10B139
:10FE6000E10700F12A824B46002B06DB01335B449D
:10FE700030220BF8012B5B45FBD1ABEB0503B946F8
:10FE800012930F9F03E50799099828AAFDF7A2FE90
:10FE900000287EF4F9AEDDE9293222990DF1AC0893
:10FEA000AAE6906D02F032F9FEF7C0BE07990998F4
:10FEB00028AAFDF78FFE00287EF4E6AE2A9C0DF1FD
:10FEC000AC08FFF764BB229B1093DA1C02DB089A94
:10FED00093420DDD023E26F020030693E1E400BFCD
:10FEE000F087030858870308000030400000E03F17
:10FEF000109B129A9342C0F2568119F0010F00F044
:10FF00008782169A13440C9319F4806F03D0109BC8
:10FF1000002B00F350820C9B23EAE37306936726C1
:10FF200000230F9313931DE52D2200238DF88320CA
:10FF30000893FEF79ABF129BCDF830A04246DDF839
:10FF40004C801097EB1808935E46199FDDF870906F
:10FF5000DDF824A0DDF81CB00F9B13952146B8F105
:10FF6000000F2ED0002B6BD1013F08F1FF381B9BF7
:10FF7000C2E90039299B01334944072B2A9129936F
:10FF800062DC0832089B38789B1B8342A8BF03467B
:10FF9000002B1C460ADD2998013019440728C2E9C4
:10FFA00000632A9129905ADC38780832002CACBFC3
:10FFB000051B0546002D15DC06440F9BB8F1000F0C
:10FFC000D0D1002B3CD1DDE91235EB189E421997B8
:10FFD000B346DDF830A0109F90460C4628BF9B46E4
:10FFE000FFF7DBBA102D29981DDD102404E0103D29
:10FFF000102D02F1080216DD0130AC4B103107283C
:020000040803EF
:10000000C2E90034CDE92901F1DD28AA594650465C
:10001000FDF7E0FD00287EF437AE103D102DDDE940
:1000200029012BAAE8DC0130A04B556029440728A0
:10003000CDE9290113602CDC387808320644BCE78E
:100040000F9B013B0F9392E728AA59465046FDF7B4
:10005000C1FD00287EF418AE2A992BAA92E728AA9F
:1000600059465046FDF7B6FD00287EF40DAE3878AF
:100070002A992BAA9AE70799099828AAFDF7AAFDB9
:1000800000287EF401AE22992A9C0DF1AC08FFF7FE
:1000900084BB28AA59465046FDF79CFD00287EF4F3
:1000A000F3AD38782A992BAA064486E70799099870
:1000B00028AAFDF78FFD00287EF4E6AD2A9C0DF1FD
:1000C000AC08FFF75BBA0799099828AAFDF782FDEB
:1000D00000287EF4D9AD229B2A9C0DF1AC08FFF7D5
:1000E00071BA0899019126A9049123A9039122A923
:1000F000029103210C9B099800915A4600F0A4FB41
:100100000378302B054600F09581229B089AB9466A
:1001100013440F9FEC180C99584600220023E0F777
:1001200053FC10B12346FFF7B0BB269BA342BFF49C
:10013000ACAB30215A1C26921970269B9C42F9D8F0
:10014000FFF7A3BB089B9DF883200E9406930C93A6
:1001500008900F9013901090FEF784BE229A109290
:10016000002A40F38181089909F001030B4340F014
:100170005581109B0C93662619F4806F40F01C810A
:100180000C9B23EAE3730693CAE60799099828AA09
:10019000FDF720FD00283EF425AEFEF77BBD0023D1
:1001A0000893FEF7A1BC129B169A9A18109B0C920A
:1001B000002B40F34D816726DEE726F020030693EF
:1001C000DDE914349B4604F100430C932D231D9369
:1001D000DAE50799099828AAFDF7FCFC00287EF4C7
:1001E00053AD229D129B2A9C5D1B0DF1AC08FFF7BD
:1001F00001BA4E421031DFF8B49034DA4146DDF8EE
:1002000024B0A8461024079D03E00831103E102EAC
:1002100027DD01331032072BC1E90094CDE92932E3
:10022000F3DD28AA29465846FDF7D4FC00287EF4C1
:100230002BADDDE929322BA9E8E7089BEC186AE72A
:10024000079B5B6EDD0707D4079B9B899C0503D446
:10025000079B986D01F05AFF4FF0FF330B93FEF7A9
:1002600022BD4546884601333244072BCDE9293269
:10027000C8F80090C8F804607FF7A4AA0799099805
:1002800028AAFDF7A7FC00287EF4FEACDDE92932A0
:100290000DF1AC08B3E40998591C01F0BFFF054605
:1002A000002800F00D810D905DE500BFF087030888
:1002B00030238DF8843078234AE5129B26930C9BDB
:1002C0001BF8012CD97B8A425B4609D1302003F808
:1002D000010C269B5A1E269213F8012C9142F6D04F
:1002E000392A0BBF0C9A0132927AD2B203F8012C50
:1002F000C3E508990C9B09984C1C26A9049123A9D5
:10030000039122A9029102215A460194009100F022
:100310009BFA0546B9462C440F9FFCE6089B002B30
:1003200008BF0123089347F480730F93159B002B9C
:10033000C0F2AE80DDF850B01D900C930D90FFF729
:1003400089BA06230893FFF770BA159B604D002BFE
:10035000B4BF2D229DF883205E4BB8BF8DF883205B
:1003600027F08007FEF772BD22AA0C99584603F0C9
:1003700021FA00224FF07F53E0F7BEF802460B4609
:10038000CDE9102300220023E0F71EFB08B1012372
:100390002293514B0C9314E5002962D130228DF841
:1003A00092200DF19302303302F8013B24ABD31AB3
:1003B0001A93FFF7C0BA672619990B78FF2B7BD0E9
:1003C0000024109A204603E001300131FF2B08D0B1
:1003D000934206DAD21A4B78002BF5D10B78013410
:1003E000F4E71991109213900F940F9A139B1C9994
:1003F00013440C9A01FB03230C9323EAE373069343
:10040000FFF7B0BA06F10F02D2B20121FFF752BADC
:10041000109B0C9378E500230D93D1E6169BD3181F
:1004200019440C916626A7E619F0010F3FF48EAA35
:10043000FFF788BA0C99584600220023E0F7C4FA67
:1004400000287FF462AE089BC3F1010322935DE6AE
:10045000C3F101031A4422EAE2730C920693672661
:100460005EE50DF192029EE7089A09F0010959EA4A
:10047000020304D10123069366260C9350E5169BD4
:1004800001331A4422EAE2730C920693662647E58A
:100490000D9095E60E9B9AF80160924653F8042B56
:1004A0000E9342EAE2720892FEF71CBB02231A93F3
:1004B000FFF741BA089C2DE700230F93139394E7AD
:1004C000079A938943F040039381FEF7E3BB00BF93
:1004D0003C8703084087030844870308F0B51F469C
:1004E0008B89ADF26C4D23F00203ADF80C304B6EEE
:1004F0001993CB89ADF80E30CB6907934B6A0993FA
:100500001AAB009304934FF480631546064602939A
:10051000059316A800230C46069301F0F1FD2A4628
:100520003B4669463046FEF76FFA051E07DB694613
:10053000304601F07BF9002818BF4FF0FF35BDF8B9
:100540000C305B0603D5A38943F04003A3811698C2
:1005500001F0D8FD28460DF26C4DF0BD10B51A4CD7
:10056000002924689AB02ADB009004904FF40270AE
:10057000ADF80C0013D001394FF6FF7002910591D0
:10058000ADF80E0069462046FAF744FA421C01DA3B
:100590008B232360009B00221A701AB010BD4FF607
:1005A000FF7002910591ADF80E0069462046FAF7FA
:1005B00031FA431C01DA8B2323601AB010BD8B2360
:1005C00023604FF0FF30F8E7CC17002038B50C4619
:1005D000084D8446114620461A4600232B60644687
:1005E000F4F7C0FE431C00D038BD2B68002BFBD0B5
:1005F000236038BD4897002038B5334B1B6805464B
:100600000C460BB19A6B12B3B4F90C3018079AB2BE
:1006100025D5216900292DD012F0010007D0002036
:10062000A06060694042A06139B1002038BD9507E3
:1006300058BF6069A0600029F7D1120658BF08466C
:10064000F4D543F04003A3814FF0FF3038BD184686
:1006500001F020F9B4F90C3018079AB2D9D4D106B8
:100660002AD5520714D4216943F00803A3819AB212
:100670000029D1D102F42070B0F5007FCCD0214602
:10068000284601F05BFDB4F90C3021699AB2C3E74A
:10069000216B51B104F14002914204D0284601F08F
:1006A00079FAB4F90C300022226321690022C4E9EE
:1006B000001223F02403D7E7092243F040032A6005
:1006C0004FF0FF30A38138BDCC170020024B13B18F
:1006D000024800F00DB8704700000000B919030887
:1006E00008B5062003F0FAF8012005F0C3FB00BFAF
:1006F000002301461A46184604F03ABE38B5074DA5
:100700000022044608462A6005F06EFB431C00D018
:1007100038BD2B68002BFBD0236038BD48970020E4
:100720002DE9F04F03690C69A34283B0C0F28680C3
:10073000013C01F11405A30000F11408009355F8E1
:10074000243058F8242001338A469A4208EB840169
:10075000814605EB84070191B2FBF3F638D3002301
:10076000AE4640469B465EF8041B02681FFA81FCB9
:1007700006FB0C33090C4FEA134C06FB01CC99B273
:10078000ABEB01011FFA8CF311FA82F1C3EB1242B9
:1007900002EB214289B241EA0241774540F8041B4D
:1007A0004FEA1C434FEA224BDDD2009B58F803303E
:1007B00073B9019B043B984504D307E0984504F1C5
:1007C000FF3403D253F80429002AF7D0C9F81040A7
:1007D0005146484602F0A2FB00282BDB013640467A
:1007E000002355F8041BD0F800C08AB29A1A0B0CEB
:1007F00012FA8CF2C3EB1C4303EB224392B242EA9F
:100800000342AF4240F8042B4FEA2343E9D258F8A1
:10081000242008EB84036AB9043B984504D307E01D
:10082000984504F1FF3403D253F80429002AF7D085
:10083000C9F81040304603B0BDE8F08F002003B087
:10084000BDE8F08F000000002DE9F04F016C99B079
:1008500090469946CDE90489259D044641B1426CF4
:100860004A60012393408B6002F0A2F800232364C6
:10087000B9F1000AB4BF012300232B60764BBCBF43
:100880002AF0004ACDF814A033EA0A0300F0AA8047
:10089000DDE904231046194600220023CDE90A01B0
:1008A000E0F792F8074670B1249A01231360269B63
:1008B000002B00F0E48269481860431E03930398FC
:1008C00019B0BDE8F08F16AB019317AB009320462B
:1008D000DDE90A2302F072FC5FEA1A56054640F091
:1008E0009780DDE916763E4406F23240202840F338
:1008F000B583C0F140000AFA00FA06F2124028FA65
:1009000000F04AEA0000DFF77DFD0123013EA1F17E
:10091000F8710F93524B0022DFF736FC48A3D3E95E
:100920000023DFF7E9FD48A3D3E90023DFF72EFC1E
:10093000804630468946DFF775FD45A3D3E900239D
:10094000DFF7DAFD02460B4640464946DFF71EFC5C
:1009500080468946E1F78AF8002283460023404614
:100960004946E0F73BF8002840F07C82BBF1160FC7
:1009700000F26B823B4B03EBCB03D3E90023DDE9B1
:100980000A01E0F72BF8002872D00023BE1B0E935B
:10099000731E0BF1FF3B069300F15E820023099367
:1009A000BBF1000F6BDA099BCDF81CB0A3EB0B0376
:1009B0000993CBF100030D93229B092B4FF0000B01
:1009C00066D8052B40F34883043B22930026229BE4
:1009D000023B032B00F26886DFE813F05C04590445
:1009E00050043304249A42F20F73CAF3130A1360BB
:1009F0005AEA08031AD1269B002B00F064861A4B92
:100A000003930833269A0398136019B0BDE8F08F5A
:100A1000DDE90A12C2F31303084643F07F510F9732
:100A2000A6F2FF36169F41F4401173E7269B002B78
:100A300040F0EA830D4B039341E700BFAFF3008022
:100A400061436F63A787D23FB3C8608B288AC63FD4
:100A5000FB799F501344D33F0000F07F157C0308BF
:100A60000000F83F608A0308088903080489030826
:100A7000BE1B731E069300F185840E900990069BA1
:100A80005B44CDE9063B00230D93229B092B98D9AB
:100A90000023CDE9223301264FF0FF330C96089353
:100AA000089B129300216164204601F05BFF0390D4
:100AB000002800F00186039B2364089B0E2B00F2A4
:100AC0001381002E00F010810799002940F35C8407
:100AD000AE4B01F00F0203EBC2034FEA2118C90528
:100AE000D3E9006740F11484A94BDDE90A01D3E999
:100AF0000823DFF72BFECDE9100108F00F084FF0B7
:100B0000030AB8F1000F13D0DFF8849218F0010F38
:100B100009D030463946D9E90023DFF7EDFC0AF168
:100B2000010A06460F465FEA680809F10809EDD197
:100B3000DDE9100132463B46DFF708FE8046894674
:100B40000E9B43B1934B002240464946DFF746FFD8
:100B5000002840F030855046DFF764FC42464B46A3
:100B6000DFF7CAFC8C4B0022DFF710FBA1F15073BA
:100B7000CDE910011193089B002B00F09780079B93
:100B80001493089B13930C9B002B00F0A584139ADD
:100B90007E4B8249039E03EBC20353E902230020EC
:100BA000DFF7D4FDDDE91023DFF7EEFACDE9100120
:100BB00049464046E0F75AFF0746DFF733FC024656
:100BC0000B4640464946DFF7DFFA3037DDE91023B0
:100BD00006F8017B80468946DFF700FF002840F0D9
:100BE0002985CDF854B00027DDE910AB1095139D91
:100BF00013942AE00137AF4280F22C85684B5046AF
:100C000059460022DFF778FC654B002282468B466E
:100C100040464946DFF770FC89468046E0F726FFEC
:100C20000446DFF7FFFB02460B4640464946DFF726
:100C3000ABFA303406F8014B52465B468046894693
:100C4000DFF7CCFE002840F0F38442464B46514982
:100C50000020DFF799FA52465B46DFF7BFFE002817
:100C6000C8D0DDE91343109D039A079302E0964232
:100C700000F0C884B24616F8013D392BF7D0013395
:100C8000DBB23370079B01330793C8E15046DFF7AF
:100C9000C9FB42464B46DFF72FFC3F4B0022DFF7F4
:100CA00075FAA1F15073CDE9100111933D4B404607
:100CB00049460022DFF768FADDE910894B464246D3
:100CC00006460F46DFF7A8FE8146002840F0AA84BA
:100CD000DDE91001024601F1004330463946DFF7F5
:100CE0007DFE002840F04583179B002BC0F28C80CE
:100CF000079A0E2A00F38880244B03EBC203D3E942
:100D000000AB239B002B1BDA089B002B18DC40F068
:100D10002E83244B002250465946DFF7EDFB024656
:100D20000B46DDE90A01DFF763FEDDF820904E4651
:100D3000002800F0C782239BDDF80C80DF43C9E266
:100D4000DDE90A7852465B4638464146DFF7FEFC4D
:100D5000E0F78CFE81460990DFF764FB52465B4664
:100D6000DFF7CAFB039E0B46024641463846DFF7D3
:100D70000BFA09F1300306F8013B089B012B00F048
:100D80005C830694012704951C462AE0608A0308C8
:100D9000388A03080000F03F00001C400000E03FDC
:100DA000000024400000144052465B46404649463D
:100DB000DFF7CCFCE0F75AFE0546DFF733FB52467F
:100DC0005B46DFF799FB01370B4602464946404632
:100DD000DFF7DAF905F13003A74206F8013B00F02E
:100DE0002983AC4B0022DFF787FB002200238046DB
:100DF0008946DFF7E9FD0028D6D0049D069C079BB5
:100E000001330793B2460AE10C9A002A3DD0229A98
:100E1000012A40F39C82089B03F1FF380D9B434558
:100E2000C0F26D82A3EB0808089B002BC0F23C8344
:100E3000069A1A440692099A17461A440992012101
:100E4000204601F0B7FE064623E00123BE1B0E93A9
:100E5000731E06937FF5A2ADC6F10103099300232B
:100E600006939DE55846DFF7DDFA42464B46DFF72D
:100E7000ABFD00287FF47AAD0BF1FF3B76E5864BA6
:100E80000393039819B0BDE8F08FDDF83480099F13
:100E90000C9E002F0CDD069900290B4608DD099AEF
:100EA000B942A8BF3B46D21AFF1ACB1A0992069341
:100EB0000D9BDBB10C9B002B00F05D82B8F1000FA5
:100EC0000FDD31464246204601F050FF2A460146DA
:100ED0000646204601F09CFE29460546204601F0C4
:100EE00067FD0D9BB3EB080240F0D882012120463C
:100EF00001F060FEBBF1000F814600F3B480229B3D
:100F0000012B40F386814FF0000A0120BBF1000F56
:100F100040F0B580069A104410F01F0000F0938056
:100F2000C0F12003042B40F3D283099BC0F11C00C5
:100F300003440244099307440692099B002B05DDF4
:100F400029461A46204601F071FF0546069B002BF4
:100F500005DD49461A46204601F068FF81460E9B92
:100F6000002B40F03681089B002B40F31D810C9B29
:100F7000002B40F0A080079B01330793DDF80C8025
:100F8000DDF820A0012707E0294600230A22204699
:100F900001F018FD0137054649462846FFF7C0FB1A
:100FA000574500F1300308F8013BEDDB089A002AB1
:100FB000C8BF9346039AD8BF4FF0010B9344002754
:100FC000294601222046049301F030FF4946054698
:100FD00001F0A4FF002840F3A8811BF8013C039A0C
:100FE0000BF1FF3B04E05A4500F0AA811BF8013DDC
:100FF000392B0BF1010AF6D001338BF8003049464A
:10100000204601F0D5FC56B12FB1B74203D0394686
:10101000204601F0CDFC3146204601F0C9FC2946AE
:10102000204601F0C5FC00238AF80030249B079A73
:101030001A60269B002B3FF442AC0398C3F800A033
:1010400019B0BDE8F08F1C20099B03440993069B4F
:1010500003440744069370E70126B8E4C0F120007A
:1010600008FA00F04FE401465A46204601F07EFEA1
:10107000229B012B814640F3B3814FF0000AD9F83F
:10108000103009EB8303186901F046FDC0F1200020
:1010900040E700BF00002440147C030831460023D1
:1010A0000A22204601F08EFC129B002B064640F3DC
:1010B000E782CDE90783002F00F31A81BAF1000F10
:1010C00040F0D581B046049B039F089903F00102CC
:1010D0007B1E1944229B0C92134309910A934946A3
:1010E0002846FFF71DFB31468346284601F016FFD0
:1010F000424649468246204601F030FFC26801461A
:101100000BF13003002A42D106902846089301F0E3
:1011100005FF06990490204601F04AFC049A089BBA
:101120001AB90A99002900F09B82BAF1000FC0F2A7
:10113000638122994AEA010A0C9951EA0A0100F0F6
:101140005B81002A00F3B481099A3B7007F1010A20
:101150009742D34600F0B281294600230A22204656
:1011600001F030FC4645054631464FF000034FF094
:101170000A02204612D001F025FC41460646002313
:101180000A22204601F01EFC57468046A7E720466B
:10119000049301F00DFC049B0122C6E701F012FC50
:1011A0005746064680469AE7229B022B79DC0C9B29
:1011B000002B80D1079B4946013328460793FFF750
:1011C000AFFADDF80CB000F130030BF8013B00275B
:1011D000F6E64946284601F0A1FE0028BFF6C3AE58
:1011E000294600230A22204601F0ECFB079B03F16D
:1011F000FF380C9B0546002B7FF450AF129B002B51
:1012000040F335820893B9E6AF4B03930333FFF7FE
:10121000F9BBDDE9041200297FF475AEC2F31303B4
:10122000002B7FF470AEA94B1340002B00F0FE8121
:10123000099B01330993069B013306934FF0010A82
:1012400063E601230C93239B079A13441293013303
:10125000012B1F460893B8BF01270021172F616497
:101260007FF722AC012204235B0003F11400B84293
:10127000114602F10102F7D9616415E401230C93D0
:10128000239B002B4CDD129308931F46E5E70023B8
:101290000C93D8E700230C93F2E7129BCDF81C8047
:1012A0000893089B002B7FF446AD49460522204653
:1012B00001F088FB01468146284601F02FFE0028F8
:1012C0007FF739AD0398079F3123804600F8013B33
:1012D000013703904946204601F06AFB7B1CDDF88C
:1012E0000CA00793CDF80C80002E7FF494AE96E608
:1012F00031463A46204601F099FD0646DEE60D9B52
:10130000CDF83480A8EB03039B444FF000088BE535
:10131000DDE90A234FF0020ACDE91023FFF7F1BB04
:10132000012323930893FFF7BBBB03D1049BDB0787
:101330003FF553AEDA461BF8013D302BFAD05EE69E
:10134000079B039A013307933123137057E60F9AD3
:10135000002A00F0268103F23343069ADDF8348038
:101360001A440692099A17461A44099267E54FF003
:1013700000094E46DFE429460D9A204601F0F6FCAE
:101380000546B3E50E9067E500F00F81079A504BD4
:10139000564206F00F0203EBC203D3E90023DDE956
:1013A0000A01DFF7A9F836118046894600F07181FD
:1013B000484F00234FF0020AF20706D5D7E9002371
:1013C000DFF79AF80AF1010A0123761007F10807FE
:1013D000F2D1002B3FF4B4AB80468946FFF7B0BB97
:1013E000049B002B7FF449AEDDE90412C2F3130322
:1013F000002B3FF418AF40E6002A12DD29460122F7
:101400002046049301F012FD4946054601F086FD91
:101410000028049B40F31881392B00F0F9800BF170
:101420003103BA460AF8013B079B0133374607935D
:101430004646E4E50995069C049D02460B46DEF708
:10144000A5FE52465B4680468946DFF7E5FA60B95D
:1014500052465B4640464946DFF7B6FA00283FF45D
:10146000CEAC099BD9077FF5CAAC039A02E4716838
:10147000204601F077FA0746002800F00E81336914
:1014800002339A0006F10C010C30E0F705F83946FA
:101490000122204601F0CAFC804614E62946204677
:1014A00001F064FC054621E5DDE908239F1AC6E446
:1014B000392B00F0AD80BA460133B3E7079A013209
:1014C0003746079246467BE5048903080000F07F13
:1014D000608A0308388A0308DDF84CA0844901EBD0
:1014E000CA01DDE9102351E90201DFF705F8CDE972
:1014F000100149464046E0F7B9FA0646DEF792FF8A
:101500000B46024649464046DEF73EFE039F5346E1
:101510003036012B07F8016B8046894600F0AE801B
:10152000139E039B1E44734B002240464946DEF740
:10153000E3FF89468046E0F799FA8246DEF772FFBC
:101540000AF1300A02460B4640464946DEF71CFEC9
:1015500007F801ABB74280468946E4D1664B0022CA
:10156000DDE91001DEF712FE42464B46DFF736FAA0
:10157000002864D1DDE910235F490020DEF704FE76
:1015800042464B46DFF748FA00283FF4ADABB2467F
:10159000013E1AF8013C302BF9D0149B013307931C
:1015A0003DE5169BC3F13603D7E6DDE90A894FF026
:1015B000020AFFF7C5BA089B002B3FF467AB129BEA
:1015C000002B7FF791AB079A013ACDE913324046E1
:1015D000484B00224946DEF78FFF804689460AF1D4
:1015E0000100DEF71FFF42464B46DEF785FF434B07
:1015F0000022DEF7CBFDA1F15073CDE9100111936C
:10160000FFF7C1BA079B013307933123FFF739BBBB
:10161000079BBB4601330793392337460BF8013B41
:101620004646DCE44FF000094E464BE69A466CE431
:10163000109D139C149B01330793B246EFE4149B57
:10164000039A0793FFF716BB7FF4EBAEDA077FF53B
:10165000E8AEE1E6DDF854B0109D139CFFF744BB03
:10166000392BD5D0BAF1000F3FF7D9AED9E6229B7E
:10167000022B3FF712AECDF81C809BE53E466DE78E
:10168000229B022B3FF709AE129BCDF81C800893DA
:1016900011E54FF0020AFFF753BA194B19483A46C1
:1016A00040F2EA21F8F77EFD0026666431462046C6
:1016B00001F058F9039078B9114B124800224FF409
:1016C000D571F8F76FFD104B0393FFF7F8B83FF4AF
:1016D00034ACC0F13C00B7E4039B236401224FF01B
:1016E000FF33239612930C920893FFF7FDBA00BFC5
:1016F000608A0308000024400000E03F00001C4016
:10170000148903082889030808890308B1F90C2003
:10171000F8B50C461107074642D4636842F40062EC
:10172000002BA28159DDA56A002D54D000233E680C
:101730003B6093B212F4805253D1E16901233846E1
:10174000A847421C63D0A389A56A5B0705D56368D7
:10175000C01A236B0BB1E36BC01AE1690246002388
:101760003846A847411C3ED13B68002B3BD01D2B7F
:1017700001D0162B52D1A3892269226023F4006381
:1017800000216160A381216B3E6021B304F140031D
:10179000994202D0384600F0FDF900202063F8BDE0
:1017A0002669C6B193B2256826609A070CBF6369A3
:1017B0000023AD1BA3600CE0D4F824C0E1692B46E4
:1017C00032463846E047B0F1000CA5EB0C05664404
:1017D00016DD002DF0DC0020F8BDE36B002BA2DC51
:1017E000F9E7206DB1E7B4F90C302269226023F4E7
:1017F0000063A3810022DB046260C4D52065C2E7D8
:10180000A38943F040034FF0FF30A381F8BD3B684C
:10181000002B98D01D2B06D0162B04D0A38943F0A3
:101820004003A381F8BD3E60D5E700BF38B50C4644
:10183000054608B1836BA3B1B4F90C00B8B1636E6F
:10184000DB0701D4810515D528462146FFF75EFF49
:10185000636EDA07054602D4A3899B050ED5284698
:1018600038BD00F017F8B4F90C000028E7D10546A0
:10187000284638BDA06D00F047FCE5E7A06D00F0FC
:1018800045FC284638BD00BF014900F0FDBB00BF44
:10189000815403082DE9F0478246394800F034FCB2
:1018A000DAF83840002C66D1DAF80450354ACAF824
:1018B0003C200323CAE9B843DFF8CC90DFF8CC80A2
:1018C000334F344E04230AF53B72CAF8E82221460E
:1018D000C5E90243C5E90044C5E904446C66082231
:1018E000AC6105F15C00F8F7B5FCC5E90759C5E93D
:1018F0000987EE6205F1580000F002FCDAF80850A2
:10190000254BEB602146C5E90044C5E904446C66FB
:10191000AC60AC61082205F15C00F8F79BFCC5E9FE
:101920000759C5E90987EE6205F1580000F0E8FBA8
:10193000DAF80C50194BEB602146C5E90044C5E9C3
:1019400004446C66AC60AC61082205F15C00F8F7F9
:1019500081FC05F15800C5E90759C5E90A76C5F8C3
:10196000248000F0CDFB0123CAF838300448BDE8DC
:10197000F04700F0CBBBBDE8F047014800F0C6BB24
:101980001097002089180308E9A4020811A502088D
:1019900051A5020871A50208090001001200020009
:1019A000014800F0B1BB00BF0C970020014800F0D7
:1019B000ADBB00BF0C97002038B5084B084D5B1B32
:1019C0009C1007D0043B1D44013C55F8043998474E
:1019D000002CF9D1BDE8384004F054BA408D03081A
:1019E0003C8D03082DE9F04383B007468846144632
:1019F00000F07CFB012803D108F1FF33FE2B37D91F
:101A0000424604F15C0301A9384603F085FC421C00
:101A1000064633D038B39DF804C00DF10509002502
:101A200009E023685A1C226083F800C00135B542E2
:101A300019D219F801CBA368013B002BA360F0DA9F
:101A4000D4F818E0734561462246384602DBBCF103
:101A50000A0FE6D103F008FC431CE7D106463046E6
:101A600003B0BDE8F0834646304603B0BDE8F083DE
:101A70005FFA88FC8DF804C00646CEE7A38930469D
:101A800043F04003A38103B0BDE8F08330B5536E4B
:101A900013F0010FB2F90C30144683B005469AB228
:101AA00001D198051CD5900406D4626E43F400530E
:101AB00042F40052A381626622462846FFF792FF55
:101AC000636EDA07054602D4A3899B0502D5284632
:101AD00003B030BDA06D00F019FB284603B030BD47
:101AE000A06D019100F010FBB4F90C3001999AB28D
:101AF000D9E700BFF8B5244F0C46064600F026FF94
:101B0000BA685568C4F57E630F3325F003052B448E
:101B100023F47F6323F00F03A3F58054B4F5805FB3
:101B200007DB0021304601F07DFEBB682B44984264
:101B300004D0304600F010FF0020F8BD614230466E
:101B400001F070FE01300DD0104ABB682D1B45F02E
:101B500001055D60136830461B1B136000F0FCFE3E
:101B60000120F8BD0021304601F05CFEBA68831AFE
:101B70000F2BDEDD43F001035360054B03491B6867
:101B8000C01A0860D5E700BF681D00201497002028
:101B900070210020002961D0F8B50C46064600F0FF
:101BA000D5FE54F8042C7B4FA4F1080522F0010166
:101BB00005EB010CB868DCF80430604523F0030342
:101BC00000F08B80D207CCF8043032D454F8082CC3
:101BD000AD1A1144AA6807F1080082426AD00CEBE2
:101BE0000304D4F804E0EC68D4601EF0010FA26096
:101BF00000F0978041F001036B60CCF80010B1F564
:101C0000007F35D27A68CB08480901210133814031
:101C10001143796007EBC30257F83310083AC5E95E
:101C2000021247F83350CD603046BDE8F84000F06E
:101C300093BE0CEB03025268D00710D4194407F18D
:101C40000800DCF80830834273D0DCF80C20DA603E
:101C5000936041F001036B606950D0E7704741F039
:101C60000103B1F5007F44F8043CCCF80010C9D35F
:101C7000B1F5206F4FEA512348D28B0903F13900A7
:101C800003F13802C300F818FB580838984259D0BD
:101C90005A6822F003028A4202D99B689842F7D11F
:101CA000D868C5E902308560DD603046BDE8F8409F
:101CB00000F052BE0CEB03025268D20763D40B440F
:101CC000DCE90212CA60916043F001026A603046AA
:101CD000EB50BDE8F84000F03FBE0B44D10707D4FD
:101CE00054F8082CAD1A1344D5E90212CA60916069
:101CF00043F001026A60284ABD6012689A4293D894
:101D0000264B30461968FFF7F5FE8DE7142B0AD9EC
:101D1000542B1FD80B0B03F16F0003F16E02C300AD
:101D2000B1E719448DE703F15C0003F15B02C300E6
:101D3000A9E741F00103C7E90455C5E902006B605A
:101D4000695071E779689210012404FA02F20A439B
:101D50007A60A6E7B3F5AA7F06D8CB0B03F178002B
:101D600003F17702C3008EE740F25452934206D843
:101D70008B0C03F17D0003F17C02C30083E74FF479
:101D80007E737E227FE741F001036B60CCF8001088
:101D90004AE700BF681D00207421002044970020FE
:101DA0009368002B00F081802DE9F04FB1F90C30E1
:101DB0000C461907804683B0174698B223D523698D
:101DC0000BB310F002033D682BD04FF0000ADFF890
:101DD000B4B256465E453346524628BF5B4640463F
:101DE000002E4FD0E169D4F824C0E047002852DD2E
:101DF000BB681B1A8244361ABB60002BEAD1002054
:101E000003B0BDE8F08F21464046FEF7F5FB002801
:101E100040F03481B4F90C303D6898B210F0020300
:101E2000D3D110F0010942D14E463EB38205D4F819
:101E300008B040F18180B3455A4600F2B18010F4F9
:101E4000906F40F0BE8020680192494600F002FD8C
:101E5000A3682168019AA3EB0B030A44B246A3606E
:101E600022600026B868A0EB0A00D144B8600028C0
:101E7000C5D0B4F90C0080B2002ED7D1D5E90096B8
:101E80000835D2E7D5E900A60835A3E72146404644
:101E9000FFF7CCFC80B3B4F90C3043F040034FF0B3
:101EA000FF30A38103B0BDE8F08F002070471E46CD
:101EB000AA46994618461D4656B388B34A46D4E901
:101EC00004132068B24228BF3246884205D9A1686F
:101ED00003EB010B5A4500F3A780934264DCE169F0
:101EE000D4F824C02A464046E047B0F1000BD2DDCA
:101EF000B9EB0B09CAD00120BB68A3EB0B035D440F
:101F0000A6EB0B06BB60002B3FF479AF002ED4D1BB
:101F10000AF1080353E902569A460833002EF9D015
:101F200032460A212846DFF73BFD002800F09D805D
:101F30000130A0EB0509C1E720682369984217D852
:101F40006369B34214D86FF00042B24228BF3246F0
:101F5000E16992FBF3F2D4F824C002FB03F340469C
:101F60004A46E047B0F1000A95DDA6EB0A0679E79C
:101F7000B345DA4628BFB2465246494600F06AFCED
:101F8000A3682268A3EB0A035244A3602260002BDB
:101F9000EBD121464046FFF749FC0028E5D07AE71F
:101FA0002068B34632464FE72946019200F052FCC2
:101FB000019AA3689B1AA360236813442360934685
:101FC00096E723682169A3EB010B636903EB430ADE
:101FD0000AEBDA7A0BF101034FEA6A0A33445345FC
:101FE000524684BF9A46524643052CD51146404678
:101FF00000F014F900283BD05A4621690190DFF720
:102000004BFAA289019B22F4906242F08002A281E5
:1020100003EB0B002361AAEB0B03C4F814A0A3602D
:102020002060B34632460FE729465A4600F012FCBC
:1020300023685B44236021464046FFF7F7FB0028F6
:102040003FF456AF27E7404601F0C8F903460028A1
:10205000DED121694046FFF79DFDB4F90C300C221A
:1020600023F08003C8F8002017E7721C914626E78A
:102070000C22B4F90C30C8F800200EE74FF0FF3006
:10208000BEE600BF00FCFF7F2DE9F8430746884607
:1020900000F538764FF00009D6E90154013D11D41E
:1020A000A389012B05F1FF3508D9B4F90E300133AE
:1020B000214603D03846C04749EA00096B1C04F1A9
:1020C0006804EDD13668002EE6D14846BDE8F883B5
:1020D000002100F001B800BFFF289DBF024BC05C8B
:1020E00000F008000020704701880308014B93F8B6
:1020F00028017047FC1B002000487047EC1C0020A2
:10210000704700BF704700BF704700BF704700BFF7
:1021100038B50C46084D8446114620461A46002321
:102120002B60644603F088FE431C00D038BD2B684A
:10213000002BFBD0236038BD489700202DE9F041EB
:102140008B890C46990796B008D504F14303012208
:10215000C4E90432236016B0BDE8F081B4F90E1072
:102160000029064627DB6A4603F0F0F9002821DB48
:10217000019D05F47045A5F50055B5FA85F54FF4B8
:1021800080686D094FF400674146304600F046F81C
:10219000B4F90C30F0B1204AF26343F08003C4F884
:1021A0001480A3812060206135BB3B43A38116B01E
:1021B000BDE8F081A38913F0800519D04FF04008E5
:1021C0004146304600F02AF80025B4F90C302F467D
:1021D0000028E0D19A05BED423F0030304F14302A2
:1021E00043F002030121C4E90421A3812260B2E784
:1021F0004FF480682F46C7E7B4F90E10304603F05D
:10220000DBFD10B9B4F90C30CFE7A38923F0030349
:1022100043F001031BB2C8E7891803082DE9F04F0A
:1022200001F10B06162E83B0044624D8102900F2C3
:10223000BA8000F08BFB102618220220B54F3A44DA
:10224000A2F1080153688B4200F0BA805A68D9683D
:1022500022F003021A449D68E9608D60516841F0E4
:1022600001012046516003F1080500F075FB284686
:1022700003B0BDE8F08F36F0070600F19480B1425C
:1022800000F2918000F062FBB6F5FC7FC0F09A810D
:10229000730A00F08F80042B00F26F81B30903F101
:1022A000390003F1380CC3009A4F3B44A3F10805F1
:1022B0005B689D4206D10CE0002980F22781DB6833
:1022C0009D4206D05A6822F00302911B0F29F3DDCC
:1022D00060463D69DFF840C265457CD06A6822F0FF
:1022E0000302931B0F2B00F37B81002BC7E904CC67
:1022F00080F26C81B2F5007F80F01A81D308796892
:1023000001334FEA521E012202FA0EF20A4357F835
:1023100033E0C5F808E007EBC3010839E9607A60EB
:1023200047F83350CEF80C50831001219940914268
:1023300057D8114206D120F003004900114200F1A4
:102340000400FAD007EBC0094D468646D5F80C804C
:10235000454508D11DE1002B80F22481D8F80C807E
:10236000454500F01681D8F8042022F00302931BA3
:102370000F2BF0DD2046D8E9025408EB060146F0A9
:102380000106C8F80460EC60A56043F00104C7E9E9
:102390000411C1E902CC4C6048F8023000F0DCFACC
:1023A00008F1080502E00C2323600025284603B04D
:1023B000BDE8F08F4FF4007340204FF03F0C73E7FF
:1023C000D3689A4208BF02307FF440AF3D69DFF81E
:1023D00048C1654582D17A688310012199409142B4
:1023E000A7D9BD686B6823F003094E4503D8A9EB54
:1023F00006030F2B7ADCDFF824B1494BDBF8002011
:102400001B680132334405EB090A00F0338103F500
:1024100080530F3323F47F6828F00F08414620468D
:1024200001F000FA411C024600F0F380824500F200
:10243000EE803C4B196841441960084600F04E811B
:10244000DBF80010019301311BBFA2EB0A0A5044D4
:10245000CBF80020186012F0070B00F01781CBF1C9
:1024600008010A44CBF5805190440831A1EB0801E2
:10247000C1F30B0A51462046009201F0D3F9421CE9
:10248000DDE9002300F04F81801A00EB0A0819688B
:10249000BA6048F001005144BD425060196000F03C
:1024A0002981B9F10F0F40F227816868A9F10C0C5E
:1024B0002CF0070C00F0010040EA0C0068604FF0BF
:1024C000050E05EB0C00BCF10F0FC0E901EE00F2A8
:1024D000328150681546144B1A688A4238BF196019
:1024E000124B1A688A4238BF196094E0AA1943F067
:1024F000010346F001066E602046BA60536000F0AA
:102500002BFA0835284603B0BDE8F08FD9681A4485
:10251000A1E600BF681D0020701D00207021002072
:1025200044970020149700203C97002040970020FB
:10253000B2F5206F4FEA522363D3142B00F2B78019
:1025400003F15C01C9005B3307EB010E7958AEF172
:10255000080E8E4500F091804B6823F003039342F0
:1025600002D989688E45F7D1D1F80CE07A68C5E9BF
:10257000021ECEF80850CD60D6E6142B59D9542B44
:1025800000F29D80330B03F16F0003F16E0CC3006A
:102590008AE60EF1010E1EF0030F05F108057FF427
:1025A000D5AE51E0424445465368D8F80C1043F08C
:1025B0000103536055F8083F2046D9608B6000F056
:1025C000CBF9F3E6F00806F1080237E62A44204684
:1025D000536843F001035360083500F0BDF9E5E6A8
:1025E000A919204646F0010643F001046E60C7E9D0
:1025F0000411C1E902CC4C60AB5000F0ADF90835D4
:10260000D4E6930903F13901C90038339CE7BD4290
:102610005FD0BD68686820F003084645A8EB060354
:1026200002D80F2B3FF762AF204600F095F9002546
:10263000BCE603F15C0003F15B0CC30034E659F81F
:1026400008394B4540F0968010F0030F00F1FF3041
:10265000F5D17B6823EA01037B60490099423FF68C
:10266000C0AE19B9BDE649000EF1040E1942FAD008
:10267000704667E603F11008D0E69A104FF00108A3
:102680007B6808FA02F21A437A6070E702EB0801ED
:102690004942C1F30B0A51462046009201F0C2F8AC
:1026A000431CDDE900237FF4EFAEDA46EFE6542B5E
:1026B00025D8130B03F16F01C9006E3344E7B3F55E
:1026C000AA7F25D8F30B03F1780003F1770CC30040
:1026D000EAE5294B186840441860B1E6CAF30B0CD0
:1026E000BCF1000F7FF4ACAEBD68C84448F00100F7
:1026F0006860F0E61546EEE60123536094E7B3F513
:10270000AA7F23D8D30B03F17801C90077331BE7E5
:1027100040F25452934223D8B30C03F17D0003F1ED
:102720007C0CC300C0E5ABF1080BD844A8EB020851
:102730004FF0000AABE605F1080120460093FFF7D1
:1027400029FABD68009B68681968C4E640F25451D4
:102750008B420BD8930C03F17D01C9007C33F3E667
:102760004FF47E737F204FF07E0C9DE54FF47E7119
:102770007E23E9E67B6870E71497002070B582B08D
:102780000546069C42B10C4E0094D6F8E460B04772
:10279000431C0BD002B070BD074B0094D3F8E4602B
:1027A00011460123054AB047431CF3D100228A2376
:1027B00022602B6002B070BDFC1B00202C7F030840
:1027C00082B049B15AB16BB113780B601278101E08
:1027D00018BF012002B0704701A9002AF3D11046AA
:1027E00002B070476FF00100F4E700BF032A10B594
:1027F00017D940EA010C1CF0030F04460B4623D105
:1028000019462046D1F800E0D0F800C0F44504F1A4
:10281000040403F1040317D1043A032A204619469D
:10282000EED8541EA2B100F1FF3C013901E0C318FB
:102830000CD01CF801EF11F8012F9645A4EB0C0306
:10284000F5D0AEEB020010BD541EECE7184610BDEB
:10285000104610BD88420DD98B1883420AD900EB6F
:10286000020CBAB1624613F801CD02F801CD9942CB
:10287000F9D170470F2A0ED8034602F1FF3C4AB146
:102880000CF1010C013B8C4411F8012B03F8012FD2
:102890006145F9D1704740EA01039B0750D1A2F18D
:1028A000100370B501F1200C23F00F0501F1100E9B
:1028B00000F11004AC441B095EF8105C44F8105C95
:1028C0005EF80C5C44F80C5C5EF8085C44F8085C4C
:1028D0005EF8045C44F8045C0EF1100EE64504F169
:1028E0001004E9D1013312F00C0F01EB031102F0D7
:1028F0000F0400EB031327D0043C24F003064FEA37
:10290000940C1E441C1F8E465EF8045B44F8045F62
:10291000B442F9D10CF1010402F0030203EB840389
:1029200001EB840102F1FF3C4AB10CF1010C013BC7
:102930008C4411F8012B03F8012F6145F9D170BDCA
:1029400002F1FF3C03469BE72246EBE70148FFF715
:10295000DBBB00BF089700200148FFF7D7BB00BFD3
:1029600008970020C36C70B505460C464BB153F870
:10297000240080B1026843F824200023C0E9033317
:1029800070BD2122042102F039FD0346E8640028CD
:10299000EDD1002070BD012101FA04F6721D9200F4
:1029A000284602F02BFD0028F3D0C0E90146E4E7F9
:1029B00031B1C36C4A6853F82200086043F8221012
:1029C000704700BF2DE9F0410D6907460E461C46D1
:1029D00001F1140E0020DEF800108BB202FB03435D
:1029E0004FEA134C090C02FB01CC01309BB203EB04
:1029F0000C4385424EF8043B4FEA1C44EBDC3CB1EF
:102A0000B368AB4207DD06EB850301355C613561D8
:102A10003046BDE8F081716838460131FFF7A2FF0A
:102A20008046A8B13269023206F10C0192000C30E6
:102A3000DEF732FDFB6C726853F82210316043F808
:102A40002260464606EB850301355C613561DFE7B0
:102A5000024B03484246B521F7F7A4FB148903084B
:102A6000B88903082DE9F8430C4628491E46174645
:102A700003F1080281FB0231092E4FEAE273054699
:102A8000C3EB610339DD4FF0010C00214FEA4C0C20
:102A9000634501F10101F9DC2846FFF763FF0146B8
:102AA00068B3089B4361092F4FF00103036112DCF7
:102AB0000A340927BE420BDDF61B264414F8013BFD
:102AC0000A22303B2846FFF77DFFA6420146F5D19A
:102AD0000846BDE8F88304F10909C8463C4418F8E3
:102AE000013B0A22303B2846FFF76CFFA045014618
:102AF000F5D1A7F108044C44DCE70021CCE70A46F5
:102B0000034B0448CE21F7F74DFB00BF398EE33865
:102B100014890308B8890308020C12040346CAB9D1
:102B20000304102013F07F4F04BF1B02083013F082
:102B3000704F04BF1B01043013F0404F04BF9B00D3
:102B40000230002B05DB13F0804F00F1010008BFBD
:102B5000202070470020E5E70368024613F00700D5
:102B600007D0D9071DD498071FD55B081360012033
:102B7000704799B209B91B0C1020D9B209B90830B5
:102B80001B0A190704BF1B090430990704BF9B08DF
:102B90000230D90703D45B0800F1010003D01360B1
:102BA000704700207047202070479B081360022068
:102BB000704700BF38B5C36C04460D464BB158682A
:102BC000B0B102685A6000220123C0E90435C26036
:102BD00038BD2122042102F011FC0346E0640028E4
:102BE000EDD1094B094800224FF4A071F7F7DAFA4A
:102BF0001C220121204602F001FC0028F1D0012214
:102C00000223C0E90123DEE714890308B889030819
:102C10002DE9F04F0E691569AE4285B0884614461D
:102C200005DB2A46234635460C4616469846A368D9
:102C30006168AF19BB42B8BF0131FFF793FE019045
:102C4000002800F08780019B03F1140909EB870A33
:102C5000D14505D24B46002243F8042B9A45FBD8B8
:102C600008F1140808EB860B04F11403D8451A4642
:102C700003EB85055FD22B1B153B23F003030433C5
:102C80001534A54238BF0423CDE902A7AC461F4640
:102C9000924605E0000C29D1C34509F1040948D941
:102CA00058F8040B85B2002DF4D056464C4600234C
:102CB00056F8040B216882B21FFA81FE05FB02EE72
:102CC000000C0A0C734405FB002202EB13429BB27A
:102CD00043EA0243B44544F8043B4FEA1243E7D8C1
:102CE00049F8073058F8040C000CD5D0D9F800305A
:102CF000544619464D4600222688090C00FB061151
:102D00000A449BB243EA024345F8043B54F8046B7F
:102D10002968360C8BB200FB063303EB1243A44543
:102D20004FEA1342E8D8C34549F8073009F10409CE
:102D3000B6D8DDE902A7002F02DC05E0013F03D091
:102D40005AF8043D002BF9D0019B18461F6105B0CD
:102D5000BDE8F08F034B0448019A40F25D11F7F78C
:102D600021FA00BF14890308B889030812F003038D
:102D70002DE9F0411446064632D10D46A41020D06C
:102D8000D6F84880B8F1000F33D0E3074FF00007C2
:102D900007D4641015D0D8F80000A8B18046E30726
:102DA000F7D5424629463046FFF732FFB5B169688C
:102DB000F36C641053F821202A6043F82150054633
:102DC000E9D12846BDE8F081424641463046FFF74A
:102DD0001FFFC8F8000007608046E0E70546D8E717
:102DE000013B0F4A52F823200023FFF7EBFD054675
:102DF000C4E701213046FFF7B5FD804640B101230D
:102E000040F27122C0E904320023B0640360BCE7E1
:102E1000044B054842464FF4A071F7F7C3F900BFD1
:102E2000288B030814890308B88903082DE9F047A3
:102E30000C4690462669A368496806EB6216751C25
:102E40009D4207464FEA621904DD5B009D4201F195
:102E50000101FADC3846FFF785FD8446002851D091
:102E6000B9F1000F00F114000EDD09F105024FEA7F
:102E7000820E03460CEB8202002143F8041B9342AE
:102E8000FBD1AEF114031844216904F1140318F0C6
:102E90001F0803EB81012DD0C8F1200986464FF0B1
:102EA000000A1A6802FA08F242EA0A024EF8042BF3
:102EB00053F8042B994222FA09FAF2D80B1B153B5E
:102EC00023F00303043304F11502914238BF0423B5
:102ED000BAF1000F18BF2E4640F803A0FB6C6268E1
:102EE000CCF8106053F822102160604643F822406D
:102EF000BDE8F087043853F8042B40F8042F9942BA
:102F0000F9D8EBE7034B0448624640F2D911F7F7D2
:102F100049F900BF14890308B88903080B6984467E
:102F20000069C01A15D10CF1140C14310CEB83029A
:102F300010B401EB830301E0944508D252F8044D2C
:102F400053F8041D8C42F7D004D24FF0FF3010BC70
:102F500070477047012010BC704700BF2DE9F84F43
:102F60000F691369FF1A002F0E4690467AD101F1BE
:102F70001405143202EB830205EB830301E09D424A
:102F800073D253F8041D52F8044DA142F7D064D314
:102F90007168FFF7E7FC8146002872D03569D8F8E0
:102FA0001020C76008F1140E06F1140009F1140A8C
:102FB00006F1100C0EEB820200EB8507564600214D
:102FC0005EF8044B5CF804BFA3B211FA8BF1CB1A84
:102FD000210CC1EB1B4101EB23419BB243EA0143AE
:102FE000724546F8043B4FEA2141E9D8A2EB0804B8
:102FF000153C08F11508424524F0030606F10406C5
:1030000038BF0426304424F0030238BF0022874230
:103010005244B24416D95646044654F8043B11FAB9
:1030200083F10A1402EB134289B241EA0243A74238
:1030300046F8043B4FEA2241EFD87A1E101A20F0DE
:103040000302524423B952F8043D013D002BFAD04B
:10305000C9F810504846BDE8F88F33460127464668
:10306000984695E7F9DB002792E70021FFF77AFC05
:10307000814668B101220023C9E904234846BDE81E
:10308000F88F074B07484A464FF41071F7F78AF854
:10309000034B04484A4640F23221F7F783F800BF59
:1030A00014890308B88903080F4B0B40A3F1507330
:1030B000002B02DD0020194670475B42B3F1A07F70
:1030C0004FEA235205DA4FF40023002043FA02F1BD
:1030D0007047143A1E2ADABF4FF0004323FA02F277
:1030E00001220021104670470000F07F2DE9F843CF
:1030F000066900F1140808EB8606A6F1040956F8E3
:10310000047C3846FFF708FDC0F120030A280B6055
:1031100036DDC8451ED2B0F10B0356F8082C26D078
:10312000C3F1200C22FA0CF19F400F43A6F10801D5
:1031300047F07F55884545F440153AD202FA03F02E
:1031400056F80C3C23FA0CF303431C462046294650
:10315000BDE8F883B0F10B0308D007FA03F343F09E
:103160007F55002345F440151C46EFE71A4647F00B
:103170007F5545F44015144620462946BDE8F8839E
:10318000C0F10B0327FA03F2C84542F07F553CBF5C
:1031900056F8082CDA4000F1150328BF002207FA80
:1031A00003F345F4401543EA020420462946BDE8EE
:1031B000F88302FA03F31C46C8E700BF70B501218B
:1031C00082B016461D46FFF7CDFB044600284BD0C3
:1031D0002B46C5F30A55C3F313030DB143F4801313
:1031E000002E019322D068460096FFF7B5FC002818
:1031F00036D0019B0099C0F1200203FA02F20A4383
:10320000C34001936261002B14BF02210121A3611D
:103210002161ADB1069AA5F2334303441360079BC5
:10322000C0F135001860204602B070BD01A8FFF75C
:1032300093FC019B0121C4E904132030002DE9D146
:1032400004EB8102A0F232431069069A1360FFF783
:1032500063FC079BC0EB41112046196002B070BDB2
:10326000DDE900236261CEE7034B0448224640F2C9
:103270000A31F6F797FF00BF14890308B8890308DD
:103280002DE9F04383B00F4669468046FFF72EFFD5
:1032900004460D46384601A9FFF728FFD8F810303C
:1032A0003A690F469A1ADDE90013CB1A03EB421371
:1032B000002B06460BDD05EB03594D4632463B46D7
:1032C00020462946DDF742FA03B0BDE8F083C3EBA0
:1032D000033307EB03510F46F0E700BF01394911F3
:1032E00001F1010C116902F1140303EB81018B421E
:1032F00000EB8C0C16D210B5A0F1040E53F8044B61
:103300004EF8044F9942F9D88B1A153B23F003036A
:1033100004331844844504D9002340F8043B844511
:10332000FBD810BD844505D9002340F8043B8445F3
:10333000FBD87047704700BF03694A11934200F100
:10334000140009DA00EB830302E053F8042DC2B93C
:103350008342FAD80020704710DD11F01F010DD014
:1033600010B450F8224000EB820324FA01F202FA72
:1033700001F18C420BD0012010BC704700EB82039E
:10338000E6E70120704753F8042D002AF3D1834269
:10339000F9D8002010BC704738B50C46084D84465B
:1033A000114620461A4600232B60644602F04CFD6D
:1033B000431C00D038BD2B68002BFBD0236038BDE8
:1033C0004897002010B4044C03460A46206810BCFD
:1033D000194600F003B800BFCC1700202DE9F84FC4
:1033E0001746002900F0988007F10B0580460C462F
:1033F000FFF7ACFA162D5DD810252A46AF425ED8ED
:1034000054F8041C21F003069642A4F1080962DA7C
:10341000BC4BD3F808C009EB0600844500F0978048
:10342000D0F804C02CF0010303445B68DB0768D4C8
:103430002CF0030C06EB0C03934247DACB0710D4B5
:1034400054F8083CA9EB030ADAF8043023F003012E
:103450008C44B444944580F211817318934280F2F5
:10346000E88039464046FEF7D9FE0746E0B154F8F9
:10347000043C23F001034B44A0F10802934200F006
:10348000D280321F242A00F2F580132A00F2AC8089
:1034900003462246116819605168596092689A6023
:1034A00021464046FEF776FB4046FFF755FA384680
:1034B000BDE8F88F25F00705002D2A469EDA0C237B
:1034C000C8F8003000273846BDE8F88F1E46D0E91E
:1034D0000223D3609A60731B0F2B22D8D9F80430D3
:1034E00003F0010333434E44C9F80430736843F0DA
:1034F0000103736040462746FFF72EFA3846BDE8C1
:10350000F88FC907ADD454F8083CA9EB030ADAF8E0
:10351000041021F00301A0E7BDE8F84F1146FEF7C3
:103520007DBED9F8041001F001012943C9F8041047
:1035300009EB05014E4443F001034B60736843F00F
:103540000103083173604046FEF724FBD2E7DCF844
:10355000040020F0030B06EB0B0C05F11000844572
:103560004DDAC9073FF57DAF54F8081CA9EB010AF5
:10357000DAF8041021F003018B44B34458453FF7B7
:103580006CAF5746DAF80C1057F8080F321F242A90
:10359000C160886000F2DB80132A40F2D680216887
:1035A000CAF808106168CAF80C101B2A00F2DF8004
:1035B00008340AF110022168116061685160A16845
:1035C00091600AEB0501ABEB050242F00102996044
:1035D0004A60DAF8043003F001031D434046CAF89C
:1035E0000450FFF7B9F96EE723680360636843602E
:1035F0001B2A68D804F1080200F108034AE709EB26
:1036000005029A60ACEB050343F00103536054F8E4
:10361000043C03F001031D43404644F8045CFFF7FB
:103620009BF927464FE750F8043C23F003031E4460
:1036300051E75746DAF80C1057F8080F321F242AC2
:10364000C16088604CD8132A48D92168CAF808108C
:103650006168CAF80C101B2A56D808340AF1100207
:103660001E462368136063685360A3689360D14665
:103670003C4630E72146FFF7EDF811E7D0E90213A9
:103680005746CB60996057F8081FDAF80C30CB60CA
:10369000321F242A99602DD8132A29D92368CAF801
:1036A00008306368CAF80C301B2A42D808340AF183
:1036B000100322681A6062685A60A2689A606646BF
:1036C000D1463C4607E7A3688360E368C360242AC9
:1036D00026D004F1100200F11003DBE63A46BFE702
:1036E000214638461E46D146FFF7B4F83C46F2E67E
:1036F0003B46DEE7214638466646D146FFF7AAF844
:103700003C46E8E6681D0020A168CAF81010E16890
:10371000CAF81410242A20D010340AF118029FE7A6
:10372000236903616169416104F1180200F1180322
:10373000B0E6A368CAF81030E368CAF81430242A47
:1037400021D010340AF11803B3E73A4633E7214693
:103750003846FFF77FF8164B33E72269CAF818207E
:103760006269CAF81C2018340AF1200278E7A168BF
:10377000CAF81010E168CAF81410242A0DD01034C9
:103780000AF1180217E72369CAF818306369CAF802
:103790001C3018340AF120038BE72269CAF818207C
:1037A0006269CAF81C2018340AF1200203E700BF3E
:1037B000681D0020DFF860C0F8B521F00043002745
:1037C000634504460D461646176022DC844653EADC
:1037D0000C0C1ED0DFF844C001EA0C0C0A46BCF108
:1037E000000F09D10E4B0022DCF786FE6FF0350783
:1037F00004460A4621F0004322F0FF421B1522F442
:10380000E002A3F2FE3342F07F553B4445F400153D
:10381000336020462946F8BDFFFFEF7F0000F07FB0
:103820000000504338B5074D0022044608462A6080
:1038300002F012FB431C00D038BD2B68002BFBD0DC
:10384000236038BD48970020F0B50D785E2D044602
:1038500021D0002201F1010C9646631E04F1FF0104
:1038600003F8012F8B42FBD195B18EF00102E643A4
:1038700062550CF1010E1EF8013C2D2B704610D044
:103880005D2B04D013B11D46F446F1E76046F0BD50
:103890000CF1FF30F0BD01224D7801F1020C96468B
:1038A000DBE79CF801005D28EDD08542EBDC6F1C66
:1038B0000CF1020CE31903F8012BF1188842FADC31
:1038C000431B013B8542A8BF00230EF1020EDD1908
:1038D000D1E700BF004870470000C07F38B5154BE6
:1038E0001F281D6820D8D5F8DC22044662B152F8A2
:1038F00020304BB1012B15D0591C0FD0002542F8B8
:1039000020509847284638BD284600F02BF822461C
:1039100001462846BDE8384000F00EB816232B605B
:10392000012038BD002038BD16232B604FF0FF303A
:1039300038BD00BFCC17002070B50C46084D0346BB
:103940000026204611461C462E6002F06DFA431CEC
:1039500000D070BD2B68002BFBD0236070BD00BF72
:103960004897002002F050BA11F0FF01034644D0FE
:10397000820732D110B5046841EA012E4EEA0E4E9C
:103980008EEA0402A2F1013323EA0203A4F1013218
:1039900022EA0402134313F0803F0FD150F8044F82
:1039A00084EA0E0CA4F10133ACF1013223EA0403E2
:1039B00022EA0C02134313F0803FEFD0037823B9BF
:1039C00036E010F8013F002B32D09942F9D110BDFA
:1039D0008A4211D09A071846CCD0184613F8012B0A
:1039E000002AF5D1104670479907184607D01846A7
:1039F00001330278002AF7D170478207F7D10268B5
:103A0000A2F1013323EA020313F0803F08D150F8FA
:103A1000042FA2F1013323EA020313F0803FF6D012
:103A20000378002BE8D010F8013F002BFBD1704742
:103A3000184610BD30B540EA0104A30701D1032A9E
:103A40000FD8844601F1FF3E07E01EF8011F03F87E
:103A5000011B541EC1B19C4622466346002AF4D184
:103A600030BD0B468446194653F8045BA5F101347A
:103A700024EA050414F0803FE4D1043A032A4CF808
:103A8000045B1946EFD8DDE76244002CE8D003F868
:103A9000011B9342FBD130BD71B1034600EB010C19
:103AA00001E0634506D01A46013311780029F8D1A8
:103AB000101A7047181A7047084670470000000037
:103AC0002DE9F04F1C46984B1B68A1B0002581469C
:103AD0001846884608921C950493DDF7F1FE0021F4
:103AE00083460020CDE90601CDF86C80424617469A
:103AF00012F8013B2D2B2FD8DFE813F0A1002E0088
:103B00002E002E002E002E002E002E002E00AF00C4
:103B1000AF00AF00AF00AF002E002E002E002E0031
:103B20002E002E002E002E002E002E002E002E0025
:103B30002E002E002E002E002E002E00AF002E0094
:103B40002E002E002E002E002E002E002E002E0005
:103B50002E0006042E00FC0300220A92302B7ED099
:103B6000002209922F2B1C4640F233854FF0000AA9
:103B700038465646554612E00130082D1B90C8BF06
:103B80000AEB8A0A0478C6BF03EB4A03A3F1300AA2
:103B9000A2F130062F2C05F10105234670DD06EB5E
:103BA0008602392C03EB4202E6DD04995A46F6F709
:103BB000E3FC0346002835D11B9A11465A441B9258
:103BC00011F80B40002D40F0AC85302C40F064859E
:103BD000C2F10101531801321B921478302CF9D034
:103BE000A4F13102082A00F23883A4F1300E1B9CA4
:103BF00003F1010B002301252746049306EB8606FB
:103C00000EEB46060023621C1B926478A4F130017F
:103C1000092900F2ED8201338E46002940F0B88474
:103C20001B9CF0E70023652C04959B469E4601D023
:103C3000452C32D1002D7CD1099A1A4378D1089BAA
:103C400013B1089BC3F800804FF0000BCDF810B003
:103C50000499584621B0BDE8F08F1B9247E77B7866
:103C600003F0DF03582B00F0748401371B973B7877
:103C7000302BFAD0002B00F0CC800122099271E7A2
:103C800004995A46F6F778FC0346002800F0D680DF
:103C900004954FF0000B5B46DE4600220B92002D90
:103CA00000F09380049A1346002A08BF2B46304642
:103CB0000493DCF7A7FB0B460246CDE906230B9BDA
:103CC000102DA3EB0B032C46A8BF1024092D0E9337
:103CD00013DD164B03EBC40353E91223DCF70CFC92
:103CE000CDE906015046DCF78DFB02460B46DDE9C7
:103CF0000601DCF74BFACDE906010F2D00F3A78092
:103D00000E9B002B00F018840E9B40F39283162B21
:103D100040F3F9840E9AC5F12503934280F20C8595
:103D20000E9B2C1B1C4498E0208D0308608A03081E
:103D30000025DDF86C8008F101021B9298F8014023
:103D40002B2C00F087822D2C00F0218200220E9275
:103D5000A4F13002092A00F21582302C05D11B9AF9
:103D600001321B921478302CFAD0A4F13102082AC7
:103D700093D81B990B914A1C1B92A4F130004C78EC
:103D80002F2C09DC00F034BC01321B929CF801405E
:103D90002F2CA1F1300006DD00EB8001392C944678
:103DA00004EB4101F0DD0B99521A082A40F32084FC
:103DB00044F61F620B920E9A002A3FF470AF0B9AE2
:103DC00052420B92002D7FF46DAF099A134320D11C
:103DD000BEF1000F7FF433AF692C00F03B8400F399
:103DE0004183492C00F036844E2C7FF428AFAC4937
:103DF0001BA801F0F1FE00283FF421AF1B9B1B78AC
:103E0000282B00F06D85A74801F0E8FF8346049158
:103E100003E04FF0000BCDF810B0089A0AB11B9BDD
:103E200013600A9B002B3FF413AF049901F1004388
:103E300004930499584621B0BDE8F08F1B9A04956D
:103E400002EB0B011B9112F80B409B46DEE60E9B2A
:103E50002C1B1C44002C40F30A8314F00F000AD0E2
:103E6000914901EBC001DDE90623D1E90001DCF74E
:103E700043FBCDE9060134F00F0340F08B820023B1
:103E80000993049A00962B4639464846FEF7EAFD08
:103E90001390002800F055830B9BABEB03000E9BA7
:103EA000002BB4BF024600220F9223EAE3730022E4
:103EB000934612939046139C48466168FEF752FD64
:103EC0000746002800F0418122690232920004F185
:103ED0000C010C30DDF7E0FADDE9060104910B4638
:103EE0001EA901911DA90B90024600914846FFF7BB
:103EF00065F91C90002800F0188101214846FEF762
:103F000059FE8046002800F020811D9B002BC0F246
:103F10000F810F9A129D9E18099A1E9C9B1A23448A
:103F2000624A013B9342C4F1360480F2AE80D21A59
:103F30001F2AA4EB020400F31D814FF0010A0023A5
:103F40000AFA02FA0C93099B25443444A6421D4404
:103F50003346A8BF2346AB42A8BF2B46002B02DD49
:103F6000E41AED1AF61A0F9B002B00F3BE80002C0A
:103F700000F3D2800E9B002B00F3DE80002D00F3B7
:103F8000EF80002E08DD414632464846FEF74EFFE0
:103F90008046002800F0D9801C993A464846FEF732
:103FA000DDFF8346002800F0D0800026C368C6608D
:103FB00041461093FEF7B2FFB042C0F2638400F0B6
:103FC000D28341465846FFF75BF900224FF0804309
:103FD00004460D46DCF70CFD00286FD0109B002B2B
:103FE00000F0E180079B1193314B314C0022CDE969
:103FF0000C2335462F4E119A2F4B02EA060A9A459A
:1040000000F0FC80099B93B1BAF1D46F0FD822A3C2
:10401000D3E9002328462146DCF7EAFC002840F0DB
:1040200087810D9B03F1D663A3EB0A030D93049ED6
:104030000B98DDE90C233146CDE90423FFF734F872
:1040400002460B46DDE90401DCF756FA33460B9ACB
:10405000DCF79CF8CDE906010E46099B23B9154B08
:1040600033409A4500F002811C994846FEF7A0FCB7
:1040700039464846FEF79CFC41464846FEF798FC08
:1040800059464846FEF794FC15E700230C934FF081
:10409000010A58E7AFF300800000C0FFFFFFDF41D7
:1040A000408B03082C7F0308608A030802FCFFFF93
:1040B0000000F03F0000F07F0000E07FAE4B2046A4
:1040C00029460022DCF718FA109B024605460C46EA
:1040D000002B64D101F1004314901593079B1193B9
:1040E000DDE91423CDE90C2384E741461A4648460E
:1040F000FEF73CFE804640B301461C9A4846FEF758
:1041000087FD10B310901C994846FEF751FC109B98
:104110001C93002C7FF72EAF1C9922464846FEF7D1
:1041200085FE1C9000287FF425AFBA465E460FE05E
:10413000129A0F9ED51AEFE63946129A4846FEF7B4
:1041400015FE074600287FF419AFBA465E461C9854
:104150002223C9F80030894B04934FF0000BB4E0E0
:1041600039462A464846FEF761FE074600287FF496
:1041700008AFEAE7824A4FF0010AD31A0AFA03F3BA
:104180000C93E0E60022CDF86C800B9287E50122CB
:104190000E9208F102021B9298F80240D8E50B46F5
:1041A000CDE914239AE7DDE90612002940F0AF803B
:1041B000C2F313031192002B40F0AF80714B002229
:1041C00020462946DCF70AFC002840F0AE826A4B04
:1041D000204629460022DCF78FF901F1004305460D
:1041E0000C4618901993DDE91823CDE90C2301E75B
:1041F000652C4FF0010E3FF49CAD19E5A2F154730C
:104200000793DDE90623DDE90C01CDE9060110463F
:104210001946CDE90C23FEF747FF02460B46DDE9C0
:104220000601DCF769F9DDE90C23DBF7AFFF564A3D
:104230000E409642CDE9060176D9049A534B9A4234
:1042400002D10B9B013380D0504A4FF0FF33CDE9B0
:10425000063209E700220E929BE7652C00F0FB80F6
:10426000452C00F0F8804FF0010EAEE528462146BF
:10427000DDF724FCDCF712F90B46024621462846FE
:10428000DBF782FF109C069DC6F3130644EA050C7B
:104290005CEA060304460D4600F0C28032A3D3E96F
:1042A0000023DCF79BFB48B931A3D3E90023204668
:1042B0002946DCF7B1FB00283FF4D6AEDDE9063431
:1042C0001C9804945E46BA469B4601464846FEF753
:1042D0006FFB51464846FEF76BFB41464846FEF7EA
:1042E00067FB13994846FEF763FB31464846FEF7E5
:1042F0005FFB92E501230A937A1C1B927B78002BCB
:104300003FF49DAC174629E400230A93F4E7DDE966
:104310000612012900F0748111921D4B194C0022E4
:10432000CDE90C23002565E601F15476079694E665
:1043300021462846DCF77AFB012838BF0120DCF74C
:1043400061F8109B024605460C46002B40F069813F
:1043500001F1004316901793DDE91623CDE90C23F4
:104360005FE600BFAFF300809535A094FFFFDF3F0D
:1043700035E5AF350000E03F0000E03F0000F07F92
:10438000E2FBFFFF0000F03FFFFF9F7CFFFFEF7F9E
:104390000000F0BFB3F59A7F00F3D380102B4FEAF3
:1043A0002314A54B40F3C682DDE906019846099324
:1043B00000239A4614F0010F0AF1010A4FEA64043F
:1043C00004D0D8E90023DCF797F80123012C08F189
:1043D0000808EFD10BB1CDE90601099B03EBCA0137
:1043E000079BA3F154730793DDE90623D1E900018C
:1043F000DCF782F8914BCDE906010B400A46904963
:104400008B4200F29E80A1F580118B4240F21C820B
:104410008C494FF0FF33CDE906310023099330E595
:1044200083A3D3E90023DCF7D9FA00283FF41CAEBC
:1044300044E71633FFF60BAD0B9BABEB0302824B4D
:1044400003EBC203DDE90601D3E90023DCF77EF9C3
:1044500083460491E1E40022049293464FF0010E5A
:10446000FFF7EABB6E2C3FF4C2ACFFF7E8BB3FF4AA
:1044700006AD644214F00F020AD0734B03EBC20383
:10448000DDE90601D3E90023DCF760F9CDE9060197
:1044900024113FF4F4AC1F2C35DC14F01003DDE9DB
:1044A000060118BF6A23DFF8A48109930023E207FD
:1044B00004D5D8E90023DCF71FF80123641008F1C4
:1044C0000808F4D10BB1CDE90601099B93B1DDE9F0
:1044D0000601C1F30A52C2F16B03002B0ADD1F2B48
:1044E00040F350820020342B069040F356824FF068
:1044F0005C730793DDE9060100220023DCF764FA10
:1045000000283FF4BEAC22234FF0000BC9F8003066
:10451000CDF810B081E41E9B06931D9B03F233423D
:104520001F9B23F4801343EA02530793200742BFE3
:10453000079B43F000430793DDE906349B46049450
:104540006BE43E4A04922223C9F800304FF0000B7E
:1045500063E40A9B01931CAB029400933C4A1DAB9D
:104560001BA9484601F05AF810F0070504463FF42D
:1045700050AC062D40F09380089B0137002B3FF490
:1045800063AB4FF0000B1F60CDF810B0FFF760BBBE
:104590006A1C012B1B9C9B44104615D02B4403F135
:1045A000FF3C03E0460094450DD001322B46082B1A
:1045B000154606EB8600F5D9102ADCBF0AEB8A0AFD
:1045C0004FEA4A0AEFE7981C082D5BDC0546FFF727
:1045D00015BB04995A463846F5F7CEFF002800F07F
:1045E000888000231D4604939A461E46FFF751BB60
:1045F00044F61F629042A8BF10460B90FFF7DBBB4A
:10460000DDE906341194002C7FF487AEBA465E468D
:1046100022234FF0000B1C98C9F80030CDF810B0E1
:1046200053E60B46CDE9162396E600BFAFF30080B4
:104630009535A094FFFFCF3F388A03080000F07F34
:104640000000A07CFFFFEF7F608A0308708B0308E7
:10465000448B0308AD491BA801F0BEFA00283FF4C3
:10466000EEAA1B9BAA49013B1BA81B9301F0B4FABD
:1046700010B91B9B01331B93A64B04934FF0000B07
:10468000FFF7CBBB1028DCBF0AEB8A0A01EB4A0A12
:1046900005460023FFF7B7BA0023FFF7A1BA1C9A1B
:1046A0003AB135211EA8FEF719FE1C994846FEF7BF
:1046B0007FF9013D042D3FF639AF01A353F825F0F2
:1046C00017450308E9460308E3460308D5460308EF
:1046D000174503084FF0FF336FF00045CDE906356D
:1046E00024E78C4B079321E71E9B06931F9B0793A0
:1046F0001CE71B9A13465A441B9213F80B400646BC
:104700008246FFF762BA0E98834901EBC001DDE9EA
:104710000623D1E90001DBF7EFFE83460491FFF7A2
:104720007CBB04958346FFF771BA7C4B7C4C109D93
:104730000022CDE9182356E5774CC5F10F0504EBAF
:10474000C501DDE90623D1E90001DBF7D5FE0E9BAB
:104750005D1B04EBC504D4E90023DBF7CDFE8346E3
:104760000491FFF75ABB109B5E46D446BA46DDE97A
:104770000BB7002B6FD0DDE906456A4BC5F313017B
:1047800099422A463CD0002F00F0A380DDE90623A1
:104790001F421C4621D0109B04995846002B00F064
:1047A000CD80FEF781FC099D02460B467DB1C4F326
:1047B0000A54C4F16B04002C09DD240504F17F5375
:1047C000002203F54013DBF797FE02460B460499DF
:1047D0005846DBF7DBFC83460491099B73B10499CF
:1047E000514B58460022DBF787FE03460B4308BFB8
:1047F00022238346049108BFC9F800301C9864E561
:10480000099B0699002B00F0C580424B2B40B3F169
:10481000D46F00F2BF801B0DC3F16B034FF0FF306C
:1048200000FA03F39942AED1404B9A4200F0D8808F
:10483000384B134003F58013079300230693DDE9FB
:1048400006349B460494C8E702F15473079300238F
:104850000993FFF716BBDDE90612C2F313030B43FE
:10486000144690D1099B002B40F0AF80294B234088
:10487000A3F580136FEA13536FEA035307934FF0C6
:10488000FF33DBE7DDE90612109B0B4358465E461B
:10489000BA46DDF82CB0A0D1C2F313031446002BA6
:1048A0009BD122F000431B0D1B05B3F1D66F94D9A9
:1048B000436913B90369012B8FDD31460122484654
:1048C000FEF7B4FA41460646FEF728FB002884DDD1
:1048D000C8E7DDE906341CEA030F3FF47EAF5AE770
:1048E00013491BA81EAA01F091F905287FF48BAA91
:1048F0001F9B43F0FF4343F4E00307931E9B069383
:10490000DDE906349B460494FFF787BA348B03082D
:10491000388B03080000F07F608A03080000E0BFC6
:104920000000E03FFFFF0F0000005039FFFFEF7F66
:10493000588B030809934FF0000A4EE5FEF7B4FBCD
:10494000099D02460B4695B3C4F30A54C4F16B04A7
:10495000002C09DD240504F17F53109A03F5401360
:10496000DBF7CAFD02460B4604995846DBF70CFC00
:104970000022002383460491DCF726F800283FF448
:104980002EAF45E64FF0FF3202FA03F3069A1A40C3
:104990000692AFE54FF0FF3344E74FF0FF33C2F12B
:1049A0004B0203FA02F202EA01030793A2E504991B
:1049B0005846DBF7E9FB0022002383460491DCF72D
:1049C00003F800283FF41AAF22E6084B2340B3F166
:1049D000D66F3FF74DAFB3F15C7F3FF700AF17E6FF
:1049E00001317FF425AFFFF7B2BB00BF0000F07FBD
:1049F000014BFFF765B800BFFC1B00202DE9F04F0D
:104A0000814645488E4675461EF801CB10F80C408D
:104A100014F00804F7D1BCF12D0FE34654D0BCF1DB
:104A20002B0F08BF9EF800B06FF0004808BF05F1DB
:104A3000020E1BB1102B4FD01F4604E0BBF1300F0C
:104A400055D00A231F460025B8FBF7F6284607FB7A
:104A5000168A07E0864215D329D007FB00C001253E
:104A60001EF801BBABF1300CBCF1090F06D9ABF15C
:104A7000410CBCF1190F08D8ABF1370C63450DDDC3
:104A8000002DE7DA4FF0FF35EAE7ABF1610CBCF13E
:104A9000190F03D8ABF1570C6345F1DC002D0BDB8C
:104AA00004B140420AB195BB1160BDE8F08FE24508
:104AB000D3DA4FF0FF35D3E72223C9F800301AB319
:104AC0000EF1FF314046EFE79EF800B04FF000488E
:104AD00005F1020E0124ACE7BBF1300FACD19EF81A
:104AE000000000F0DF00582807D01F46ABE79EF813
:104AF000003003F0DF03582B0BD110279EF801B0D4
:104B00003B460EF1020E9EE74046BDE8F08F804620
:104B1000D6E708231F4696E701880308012B03D038
:104B2000242B01D8FFF76ABF10B500F0A3FC1623B1
:104B30000360002010BD00BF2DE9F04F85B01F4677
:104B4000584B03908A4600920D462A4615F8014BB1
:104B50001E5D16F00806F8D12D2C76D02B2C05BF43
:104B60002C7802960296951C4FF0FF366FF0004BA2
:104B70002FB1102F70D0B8464FEAE77905E0302CFE
:104B800075D04FF00A08B946474642464B46304674
:104B90005946DCF7FFFA0023019284460A4618467C
:104BA000194611E08A4208BF84453ED000FB09F354
:104BB00008FB0131A0FB080319441EEB000041EB88
:104BC000EE71012315F8014BA4F1300EBEF1090F6F
:104BD00006D9A4F1410EBEF1190F0CD8A4F1370E7D
:104BE000774511DD5C1CEDD0844572EB0103D9D211
:104BF0004FF0FF33E6E7A4F1610EBEF1190F03D8C1
:104C0000A4F1570E7745EDDC5A1C14D0029A12B16C
:104C1000404261EB4101009A22B1002B39D1009B47
:104C2000C3F800A005B0BDE8F08F019B7345BDDA65
:104C30004FF0FF33C6E7039A22231360009B1BB398
:104C400005F1FF3A30465946E9E701232C780293F3
:104C5000951C4FF0004B8BE7302C04D12B7803F0E0
:104C6000DF03582B08D0B8464FF000098DE72B78AA
:104C700003F0DF03582B0FD14FF010086C784FF082
:104C800000090235474680E73046594605B0BDE881
:104C9000F08F06468B46D3E74FF00808B9464746E3
:104CA00073E700BF01880308FFF746BF2DE9F0470F
:104CB00007464B480E46354616F801CB10F80C4017
:104CC00014F00804F7D1BCF12D0FE64658D0BCF122
:104CD0002B0F04BF96F800E0AE1C5BB1102B54D034
:104CE0004FF0FF38B8FBF3F803FB08FA6FEA0A0A43
:104CF000994608E0BEF1300F5AD00A23DFF8E4806D
:104D00004FF0050A99460025284607E0404515D88A
:104D100029D009FB00C0012516F801EBAEF1300CDB
:104D2000BCF1090F06D9AEF1410CBCF1190F08D83E
:104D3000AEF1370C63450DDD002DE7DA4FF0FF359E
:104D4000EAE7AEF1610CBCF1190F03D8AEF1570CD4
:104D50006345F1DC002D0BDB04B140420AB16DB9B3
:104D60001160BDE8F087D445D3DD4FF0FF35D3E7C0
:104D700022233B604FF0FF30002AF2D0711EEFE794
:104D800096F800E00124AE1CA7E7BEF1300F21D158
:104D9000307800F0DF00582816D14FF0100996F84F
:104DA00001E04FF00F0A02366FF070484B46AAE759
:104DB000337803F0DF03582BEFD008234FF0070AB6
:104DC0006FF0604899469EE799466FF070484FF043
:104DD0000F0A98E74FF00F0A6FF07048994692E774
:104DE0000188030899999919FFF760BF2DE9F04FE1
:104DF00085B08A460192614A03901E460D462946B7
:104E000015F8014B135D13F00803F8D12D2C7ED05B
:104E10002B2C03BF2C7802938D1C0293C6B1102E4D
:104E20007AD04FEAE67B32465B464FF0FF304FF0D8
:104E3000FF31DCF7AFF93246074688465B464FF054
:104E4000FF304FF0FF31DCF7A5F9B14694460BE097
:104E5000302C76D04FF00A09DFF82481B3464FF0AA
:104E6000050C4FF099374E4600221046114614E0CB
:104E7000874278EB01021ED3414508BFB84235D0C6
:104E800000FB0BF209FB0121A0FB090211441818D9
:104E900041EBE371012215F8014BA4F13003092B1A
:104EA00005D9A4F14103192B08D8A4F137039E4278
:104EB0000CDD002ADCDA4FF0FF32ECE7A4F16103ED
:104EC000192B03D8A4F157039E42F2DC002A12DB0F
:104ED000029B13B1404261EB4101019B1BB19AB9A6
:104EE000019BC3F800A005B0BDE8F08F6345C7DDA6
:104EF0004FF0FF32CFE7039A22231360019B4FF05C
:104F0000FF300146002BEED005F1FF3AE8E7012320
:104F10002C7802938D1C81E7302C25D12B7803F05F
:104F2000DF03582B1DD14FF010096C784FF00F0C98
:104F300002354FF0FF376FF070484FF0000B4E46D0
:104F400092E72B7803F0DF03582BECD04FF00809E1
:104F5000B3464FF0070C4FF0FF376FF060484E46F6
:104F600082E74FF0000B5EE74FF00F0C4FF0FF377A
:104F70006FF07048B1464FF0000B75E701880308E9
:104F800099999919FFF732BF2DE9F04F936883B0D3
:104F90009146002B6DD017688D6880460C460868D6
:104FA000083743E0A38913F4906F2ED0D4E9041599
:104FB000A0EB010A05EB450505EBD5750AEB0600EC
:104FC0006D100130A8422A4684BF05462A465B057B
:104FD00036D511464046FDF721F900283AD0524611
:104FE00021690190DCF758FAA289019B22F49062B2
:104FF00042F08002A281A5EB0A0203EB0A00656180
:10500000A260236120603546B24659465246FDF7FC
:1050100021FCD9F80830A16820684D1B50449E1B24
:10502000A5602060C9F808601EB3083757E902B6CA
:10503000002EFAD0B542AA46B4D93546B246E4E7C6
:105040004046FEF7CBF903460028D4D121694046FB
:10505000FCF7A0FD0C23C8F80030A389002243F020
:1050600040034FF0FF30A381C9E9012203B0BDE83E
:10507000F08F0020C9F8040003B0BDE8F08F00BF36
:1050800038B54B1C1AD093891446126B23F02003B9
:10509000A381CDB2AAB16268636B9A4209DA236830
:1050A0005A1E226003F8015C63680133636028467E
:1050B00038BD214600F09CF80028F0D04FF0FF35B5
:1050C000F5E7236922682BB1934203D212F8013C21
:1050D000AB420FD06168E1632346A26304F1400153
:1050E00003226263216303F8425F0122C4E90032B4
:1050F000284638BD6368013A0133C4E90023D6E786
:1051000010B50C46096B69B104F14003994201D016
:10511000FCF740FDE36B63600020206313B1A36BD9
:10512000236010BDA3892169002243F02003C4E954
:105130000012A3814FF0FF3010BD00BF2DE9F04FEA
:1051400085B0CDE9023202FB03F30E9C0193A3B3B9
:10515000D4F804A0019B53458B4646D9A046019D37
:1051600058F8401B0746002652465846DCF794F98B
:105170002368226B5344A946C4E9003611463846D9
:10518000D344A5EB0A05E2B1424501D0FCF702FD8C
:10519000E36B26636360A3B1A16B2160AB429A46C7
:1051A000E2D3029B01932A465846DCF775F9D4E90D
:1051B0000032521B2B44C4E90032019805B0BDE80F
:1051C000F08F019B22695344A3EB090A039BBAFBAE
:1051D000F3F30193A389019843F02003A3810023F3
:1051E000C4E9002305B0BDE8F08F21681D46D8E76B
:1051F00001F140032DE9F0410C46096B994214D0AE
:10520000666B77003A46FEF7E9F8054640B300EBD7
:105210000608014632464046DCF73EF9C4E90C5721
:10522000C4F800800020BDE8F0814FF48061FCF7F5
:10523000F5FFA8B194F842304FF48062C4E90C0243
:1052400080F8FF3394F8413080F8FE3394F8402022
:1052500080F8FD2300F2FD3323600020BDE8F081DB
:105260004FF0FF30DFE700BFF8B50D4614460646A5
:1052700010B1836B002B43D0B4F90C20A369A36059
:10528000170790B21BD52369CBB1EDB281042F462D
:1052900022D522686169D31A994229DD0133A168B8
:1052A0000139A160511C2160157062699A422AD0AF
:1052B000A389DB0701D50A2D25D03846F8BD214644
:1052C0003046FBF799F920BBB4F90C20236990B262
:1052D000EDB281042F46DCD442F40052A281626E0A
:1052E000616922F4005262662268D31A9942D5DCC1
:1052F00021463046FCF79AFA58B922680123CEE7D6
:10530000FCF7C8FAB8E721463046FCF78FFA0028C8
:10531000D3D04FF0FF37D0E770B5054684B01C46B8
:1053200039B10B4ED6F8E060B047431C09D004B049
:1053300070BD0A460649D1F8E06001A9B047431C98
:10534000F5D100228A2322602B6004B070BD00BF1B
:10535000FC1B002049B1FF2A02D80A7001207047C7
:105360008A2303604FF0FF3070470846704700BF44
:105370002DE9F047DFF87CA00646DAF800009846F1
:105380000F469146FCF7C0FE1B4B1B68D3F8484103
:1053900024B365681F2D26DC5EB96B1C0235DAF874
:1053A0000000636044F82570FCF7B0FE0020BDE803
:1053B000F08704EB85010123C1F88890D4F8882197
:1053C000AB401A43022EC4F88821C1F80881E4D109
:1053D000D4F88C211343C4F88C31DEE703F5A674AE
:1053E000C3F84841D5E7DAF80000FCF78FFE4FF02C
:1053F000FF30DCE7F81B00203087030838B5A1FB3D
:1054000002148CBBFCF70AFF0546E0B150F8042CEF
:1054100022F00302043A242A17D8132A1AD91B2A85
:10542000C0E900441DD9242A14BF00F1100200F184
:1054300018024FF00003C0E9024404BF0461446154
:10544000C2E900339360284638BD2146F4F702FFD5
:10545000284638BD02460023C2E90033936028463F
:1054600038BD00F10802F6E700F004F80C2300252F
:105470000360E8E7014B1868704700BFCC170020B5
:1054800070B500294BD006460C4610B1836B002B3B
:1054900048D0636ED80734D5B4F90C30002B3ED019
:1054A00021463046FCF732F9E36A054633B1E1693B
:1054B000304698470028B8BF4FF0FF35A3891A0639
:1054C0003BD4216B41B104F14003994202D03046F4
:1054D000FCF760FB00232363616C21B13046FCF7CD
:1054E00059FB00236364FCF75BFA636E0022DB0761
:1054F000A28127D5A06DFCF705FEFCF757FA2846D8
:1055000070BDA3899905CBD4A06DFCF7FDFDB4F95E
:105510000C30002BC4D1656E15F0010508D00025B4
:10552000284670BDFCF7B6F9636ED807B4D4E8E737
:10553000A06DFCF7EBFD284670BD21693046FCF7F5
:1055400029FBBEE7A06DFCF7E1FDD3E770B50C4683
:10555000084D03460026204611461C462E6000F0EA
:105560004BFC431C00D070BD2B68002BFBD023608C
:1055700070BD00BF489700202DE9F0410469B4EBED
:10558000611F2FDD00F1140E4E1111F01F0C0EEBF8
:1055900084050EEB86032BD05EF8262004339D4253
:1055A00022FA0CF1CCF1200818D977461A6802FAD1
:1055B00008F20A4347F8042B53F8041B9D4221FAD2
:1055C0000CF1F3D8A41BA300053B9B0801330EEBA1
:1055D00083044EF82310C9B1043417E041617446C6
:1055E0000029F9D10023036100234361BDE8F08164
:1055F0009D4288BF00F11002F4D953F8041B42F811
:10560000041F9D42F9D8A41B0EEB8404A4EB0E03E7
:105610009B1074450361E7D0BDE8F0812DE9F04FA0
:10562000A84C8BB0246805902046894602920793C7
:105630000394DCF745F921460144D9F8003011F80C
:1056400001BC99783029024640F0DA816FF0010000
:10565000C01A033300EB030A1C4613F8011B302960
:10566000F8D0DFF8648218F80130002B00F0F080E9
:105670002378002718F803303D4626462BB116F84C
:10568000013F18F80330002BF9D1039901923046FD
:10569000F4F772FF019A0090002800F09180002D2D
:1056A00040F091803378009503F0DF03502B3546AE
:1056B00000F09380C9F80060002F40F0AB802B1BF6
:1056C000013B072B394604DD5B10072B01F101017B
:1056D000FADC05980492FDF745F9049A0190002838
:1056E00000F06782019BAC4203F11406069680F03D
:1056F000DC810027C2F10103B946049310E0202F9A
:1057000000F091803946043715F8013C18F8033051
:10571000554603F00F038B40A54249EA030916D909
:1057200015F8013C5B4505F1FF3AE8D1049B534471
:10573000A342E4D31846039909920893F4F71CFF97
:10574000DDE908320028DAD11D46A542E8D846F83E
:10575000049B069BF61A019BB6101E614846FDF796
:10576000DBF9029B76011C68301AA04200F3AE8080
:10577000C0F226810027029B009A9B689342C0F2E8
:1057800089810299009A4B6893427EDD9D1AAC4252
:1057900000F3BC80CA68022A00F0BC81032A00F032
:1057A000B481012A00F0988105980199FDF700F96C
:1057B0005025149A0023284613600BB0BDE8F08FE3
:1057C000002D00F00B81AD1BAB000093337803F08C
:1057D000DF03502B35467FF46DAF6B782B2B00F039
:1057E000ED802D2B6AD06E1C002018F803104B1E84
:1057F000182B61D8737818F803301039013623BBA1
:1058000000B14942009BC9F800600B440093002F8F
:105810003FF455AFBAF1000F14BF00250625284606
:105820000BB0BDE8F08F002146F8049B04278946A1
:105830006AE701EB810103EB4103A3F1100116F8C4
:10584000013F18F80330002BDAD0192BF1DDD7E730
:10585000039900922046F4F78FFE009A002873D136
:10586000A15C18F80130A518002B6FD030292C4608
:1058700005D114F8013F302BFBD018F80330B3FAF0
:1058800083F77F094FF0010AF7E6012557B1029B24
:10589000DB68022B62D0032B64D0012B00F08580E3
:1058A00045F01005149B019A1A60079B009A1A6034
:1058B00028460BB0BDE8F08F2E46FBE60120AB7802
:1058C000AE1C92E7208D0308208C0308019D061B67
:1058D00031462846FDF730FD074678B1721E531158
:1058E0000699012751F8231002F01F0307FA03F36A
:1058F0000B4203D0BA4200F3E2800227009B0198DA
:10590000334431460093FFF737FE34E76E1E002F15
:1059100040F0C980002E40F0CC807311069A0198A7
:1059200052F8232006F01F06012303FA06F616425A
:10593000294618BF47F00207FFF71EFE029B5B686F
:105940000093641B0225A1E72178254601F0DF01C1
:10595000502900F0BD80C9F800505BE7159BC3F1EA
:1059600001031593159B002B9AD0019BDDF818902D
:105970001E6900214B464FEA860809EB860003E0CA
:10598000984243F8041C3FD91F4653F8042BB2F148
:10599000FF3FF5D00132022D3A6000F0C08014F0D4
:1059A0001F0440F0E08021257CE7BA077FF578AF3F
:1059B000069B1B681F43FB07D7D471E700207EE7D7
:1059C000DDE90031221A9B1A05980093FDF72EFAA3
:1059D00003461433019006930027CCE6B35C18F815
:1059E0000310B018064600293FF45EAE16F8013FDA
:1059F00018F803100029F9D1801B8100009153E6AB
:105A00009C1C4FF0000A2CE6019B9B689E4280F292
:105A10008D803346019901EB830201330B61022D26
:105A20004FF0010151617AD09E42B8DA002B40F369
:105A3000A780019A09EB8303516902F118008342A0
:105A40004FEA510140F2AF804C46026841EAC27110
:105A500044F8041B50F8041B83424FEA5101F4D868
:105A6000019A9B1A193B9B08013349F8231009EB53
:105A70008303002940F09B800199A3EB0902921057
:105A80004B450A617FD0029B009A9B68013293428A
:105A9000009288DA01990598FCF78AFF149A00238E
:105AA0001360A325BBE6012737E7069E4FF00009E8
:105AB0004DE601983146FDF73FFC07462DE7B11E44
:105AC0002846FDF739FC00283FF417AF032715E7F8
:105AD00000230093012780E6AC427FF465AE012CE1
:105AE00008D00198611EFDF727FC00283FF45CAE4A
:105AF000029B5B6807990B60019B069901221A6162
:105B00000A60149A6225136089E6159A002A3FF408
:105B10004BAEEFE7159A002A7FF446AEEAE7029B08
:105B20001B68013BA34232D02225BBE6019B0598AE
:105B300059680131FCF716FF074600283FD0DDF811
:105B40000490D9F81030494602339A000C310C30D9
:105B5000DBF7A2FC49460598FCF72AFF07F1140978
:105B60003B69019756E7C844C4F1200458F8040C77
:105B7000FCF7D2FFA042BFF616AF019B1B6955E7A9
:105B8000019A00231361019A002353617BE763119B
:105B900004F01F0459F823200123A34013420CBF33
:105BA000222521257EE6C9F800104B4669B1043351
:105BB00062E7074B0748019ADE21F4F7F3FA044B3A
:105BC00004483A468421F4F7EDFA019B1961DAE7BB
:105BD00014890308988B030810B4046809E014F8CA
:105BE000013FA3F1410CBCF1190F98BF2033934240
:105BF00008D111F8012B002AF1D1013404600120F1
:105C000010BC7047002010BC704700BF2DE9F04F5A
:105C1000096885B04B1111F01F01029002EB83035C
:105C2000039140F08E801D1F0193029B01991C6817
:105C3000002341F8043C61780134002900F097808A
:105C4000DFF87091A846AC469A461E460EE0202921
:105C500000F28B80B24506DAC44501D2072B5BDD2A
:105C6000624551D3082314F8011FA1B119F80100AE
:105C70000028ECD00133082B06F101063ADCDCF8F1
:105C80000010090100F00F000843CCF8000014F8E0
:105C9000011F0029EAD1002E69D0E04501D9072B68
:105CA00073DD624551D2111F634653F8040B41F86E
:105CB000040F9D42F9D2A5EB0C0323F00303691CEA
:105CC00004330CF1010C614538BF04231344002157
:105CD00043F8041B9D42FBD2019B53F8043C2BB9B3
:105CE000AA4248D055F8043D002BF9D0052005B054
:105CF000BDE8F08F6245B6D200234CF8043C19464B
:105D0000ACF1040C0123BDE70023ACF104084CF80E
:105D1000043CB246C446A6E7C3F108018900DCF89A
:105D20000030C1F1200E60468B46416801FA0EF743
:105D30003B43036021FA0BF340F8043F4045F4D3A2
:105D40008EE7191D01911D466FE7039B002BC3D001
:105D5000039B0198C3F120014FF0FF33CB4050F873
:105D6000041C0B4040F8043CB9E7292909D0042061
:105D700005B0BDE8F08F012305202B6005B0BDE81C
:105D8000F08F029901340C6085E7C3F108039B0092
:105D9000DCF80010C3F120076446666806FA07F0D5
:105DA0000143216026FA03F144F8041FA045F4D80A
:105DB00077E700BF208C030838B5074D0022044662
:105DC00008462A6000F028F8431C00D038BD2B6834
:105DD000002BFBD0236038BD4897002001490020EC
:105DE000704700BF0000F87F024B58221A604FF046
:105DF000FF30704748970020024B58221A604FF03E
:105E0000FF30704748970020024B58221A604FF02D
:105E1000FF30704748970020024B58221A6000203C
:105E2000704700BF48970020024B58221A604FF07D
:105E3000FF30704748970020024B58221A604FF0FD
:105E4000FF30704748970020024B58221A604FF0ED
:105E5000FF30704748970020044A05491368002B1B
:105E600008BF0B4618441060184670474C97002036
:105E700050970020FEE700BFF8B500BFF8BC08BC93
:105E80009E467047F8B500BFF8BC08BC9E467047F8
:105E900000000000000000000102030406070809DA
:105EA00000000000010203043F000000706F7765EE
:105EB00072000000646973007475726E0000000067
:105EC000757064617461000052656164790000005E
:105ED000436C656172000000436C656172460000AE
:105EE000636F6E6E656374007267620056657273ED
:105EF000696F6E0053797374656D5F526561647983
:105F00000D000000506172616D6574657220436C14
:105F10006561722121210000506172616D657465B7
:105F20007220436C6561722046616C6721212100FB
:105F30002D680000796F752063616E207573652090
:105F40005B6F6E2F6F66665D206374726C206C658C
:105F5000640D000075700000646F776E0000000033
:105F60006175746F00000000737472696E6776610A
:105F70006C75656175746F0D0A0000006F6E00002E
:105F80006F666600636F6C6F72000000636F6C6F0A
:105F9000722025780000000064697320636F6C6FC5
:105FA000722030782578202564200D0A000000003A
:105FB0004F4B0000776964650000000077696465F5
:105FC00025640000776964653A25640D0A000000C5
:105FD0006865696768740000686569676874256446
:105FE000000000006865696768743A25640D0A005E
:105FF0006866770068667725640000006866773A0F
:1060000025640D0A00000000686277006862772549
:10601000640000006862773A25640D0A0000000001
:106020006873770068737725640000006873773AB7
:106030002564200D0A0000007666770076667725D5
:10604000640000007666773A25640D0A00000000BF
:106050007662770076627725640000007662773A90
:1060600025640D0A000000007673770076737725AB
:10607000640000007673773A25640D0A0000000082
:106080006170700069617000636F6E66696700001F
:10609000626F6F7400000000626F6F742E62696E31
:1060A00000000000303A2F42494E2F2573000000B7
:1060B000435839303000000025733A6F70656E2008
:1060C00025642073697A652025640D0A0D0A000095
:1060D00025733A726561642025642073697A6520AE
:1060E00025640D0A0D0A0000313A2F2573000000C7
:1060F000313A000025730000665F756E6C696E6B47
:10610000206F6B210D000000665F756E6C696E6B11
:1061100020657272210D0000665F6D6B6673206FE3
:106120006B210D00665F6D6B667320657272210DC9
:1061300000000000746869732069732068656C70E2
:1061400065727E0D000000002573200D0A0000001E
:106150004941503A25730D0A00000000426F6F74E8
:106160003A25730D0A000000222A3A3C3E3F7C7F0C
:10617000000000002B2C3B3D5B5D0000222A2B2CF5
:106180002E3A3B3C3D3E3F5B5D7C7F00EBFE904DFD
:1061900053444F53352E30004E4F204E414D452035
:1061A0002020204641543332202020004E4F204EE4
:1061B000414D452020202046415420202020200011
:1061C000435839303000000025733A6368616E65CA
:1061D0006C206F75742121210D0A00000A4F75741F
:1061E000206368616E656C004358393030000000F0
:1061F00025733A4672616D6520526174652069733A
:10620000202564204670730D0A0000004358393081
:106210003000000025733A7374617475206973202F
:1062200030782578200D0A0025733A4C6F67696332
:106230003020536563746F7220496E6465782069FD
:10624000733A30782578200D0A00000025733A5201
:106250006F6F7420536563746F7220496E64657844
:106260002053746172742069733A20307825782045
:106270000D0A000025733A4C6F676963302053653F
:1062800063746F722052656164204572726F72216F
:1062900020536563746F72496E6465783A3078256F
:1062A0007820200D0A00000025733A5068793020CC
:1062B000536563746F722052656164204572726F1A
:1062C00072210D0A0000000025733A70696374752D
:1062D00072652025642073697A652069733A2564A4
:1062E00078202564200D0A00737472696E677068E7
:1062F0006F746F4C4F41444625642E626D70200DC3
:106300000A00000025733A496D6167654164647253
:106310002069733A2030782578202C307825780D44
:106320000A00000025733A496D6167654164647233
:106330002069733A203078257820A3AC307825780E
:106340000D0A000075735263764275666665725079
:106350006F73203C204D425F5345525F5044555F60
:1063600053495A455F4D4158000000004D422F6D82
:106370006F646275732F61736369692F6D626173F6
:106380006369692E6300000065536E645374617421
:1063900065203D3D2053544154455F54585F494466
:1063A0004C450000655263765374617465203D3D31
:1063B0002053544154455F52585F49444C450000B6
:1063C0002820655263765374617465203D3D2053E7
:1063D000544154455F52585F5243562029207C7CDB
:1063E000202820655263765374617465203D3D20FA
:1063F00053544154455F52585F574149545F454F8C
:10640000462029003000000075634E4269747320F5
:106410003C3D2038000000004D422F6D6F646275D6
:10642000732F66756E6374696F6E732F6D6275740A
:10643000696C732E63000000757352637642756653
:10644000666572506F73203C204D425F5345525F2A
:106450005044555F53495A455F4D41580000000074
:106460004D422F6D6F646275732F7274752F6D625C
:106470007274752E6300000065536E64537461740A
:1064800065203D3D2053544154455F54585F494475
:106490004C450000655263765374617465203D3D40
:1064A0002053544154455F52585F49444C450000C5
:1064B0002820655263765374617465203D3D2053F6
:1064C000544154455F52585F494E49542029207C1D
:1064D0007C202820655263765374617465203D3DAD
:1064E0002053544154455F52585F5243562029204F
:1064F0007C7C202820655263765374617465203D4E
:106500003D2053544154455F52585F4552524F52BB
:1065100020290000436C65617220666C61670D0084
:10652000436C656172207061726D657465720D00F7
:10653000706F7765726F6E200D0A00006368656387
:106540006B746573746E756D2564200D0A00000010
:10655000706F7765726F6666200D0A006375746DE3
:106560006F64652564200D0A00000000435839302F
:106570003000000025733A506F7765724F66660DE4
:106580000A000000737472696E67636F6465257337
:1065900020200D0A00000000737472696E676C633E
:1065A00064257320200D0A00737472696E67696335
:1065B000257320200D0A0000616C61726D73746197
:1065C000747573256420200D0A00000073747269CD
:1065D0006E67706F6A256420200D0A0025733A46A5
:1065E0005047412056657273696F6E3A25730D0AE4
:1065F0000000000025733A55500D0A00737472694B
:106600006E6776616C75656B65797570200D0A0033
:1066100025733A444F574E0D0A0000007374726997
:106620006E6776616C75656B6579646F776E200D4A
:106630000A000000737472696E6776616C7565702C
:106640006F7765726F6666200D0A000025733A50F9
:106650006F7765724F6E0D0A0000000073747269E7
:106660006E6776616C7565706F7765726F6E200D01
:106670000A00000025733A4F54500D0A0000000034
:1066800025732025782578000A4F7574206368618A
:106690006E656C00435839303000000025733A5065
:1066A000636C6B206F7574206F662072616E676516
:1066B0002121210D0A0000005553424469736B00EB
:1066C0005344436172640000535049466C617368DF
:1066D00000000000435839303000000025733A258F
:1066E00073204641544653204C696E6B4472697660
:1066F0006572206572726F720D0A000025733A256B
:1067000073204641544653204C696E6B447269763F
:106710006572204F4B2C44726976652070617468F5
:106720002069732025730D0A0000000025733A25A7
:1067300073204641544653206D6F756E740D0A00E8
:1067400025733A2573204641544653206D6F756E6C
:1067500074204572726F720D0A00000025733A258D
:1067600073204641544653206D6F756E74204F4B15
:106770002C466174667320696E697420646F6E655F
:106780000D0A000025733A257320464154465320D4
:106790006765742073697A65204572726F720D0A9D
:1067A0000000000025733A257320464154465320CB
:1067B00020746F74616C2073697A65206973202579
:1067C000642C667265652073697A6520697320257B
:1067D000642E0D0A0000000025733A4641544653CA
:1067E000206F70656E204572726F723A25640D0AD3
:1067F0000000000025733A4641544653206F7065EF
:106800006E2066696C655B25735D206F6B210D0AD8
:106810000000000025733A52656164204572726F72
:10682000723A25640D0A000025733A0D0A5265611B
:1068300064204572726F723A25640D0A00000000F0
:1068400025733A0D0A526561646564206461746160
:10685000206C656E3A25640D0A00000025733A52DB
:106860006561642064617461206F7665720D0A0051
:1068700025733A0D0A426567696E2057726974651F
:106880002066696C652E2E2E0D0A000025733A577E
:10689000726974652064617461206C656E3A256468
:1068A0000D0A000025733A577269746520457272AB
:1068B0006F723A25640D0A0025733A577269746540
:1068C000642064617461206C656E3A25640D0A0071
:1068D00025733A57726974652064617461206F761C
:1068E00065722E0D0A000000536F66745F44726972
:1068F00076652F6273702E630000000043583930B4
:106900003000000025733A5B25734025732C256405
:106910005D6461746120746F2077726974652069A9
:1069200073206F7574206F662074686520757365B9
:106930007220666C617368210D0A00000D0A77727F
:1069400069746520666C617368206572726F2121BD
:1069500021210D000D0A466C61736820577269741D
:1069600065696E6720204572726F21212100000049
:106970000D0A2045726173657220466C6173682050
:106980004572726F21210000577269746520646539
:1069900066756C742076616C75650D00636C696159
:1069A000622066696E69736821210D0043414C497C
:1069B000425F434845434B5F4D494E0D0000000088
:1069C00043414C49425F5448524541445F476574D6
:1069D0004D696E0D0000000043414C49425F544830
:1069E000524541445F4765744D61780D00000000D9
:1069F0000D0A25732C777269746520737461727443
:106A0000206572726F722C30782530325800000089
:106A10002F257300435839303000000025733A6643
:106A2000696C654E616D652025730D0A0D0A0000C5
:106A300025643A42494E2F25730A00002573000051
:106A4000303A2F42494E000066696C6561646425E6
:106A5000730D0A00494E413232305F496E6974202D
:106A60000D000000616C61726D76616C756531209E
:106A70000D0A0000564343313A766F6C74616765C6
:106A8000207472616E7366696E69746521202020BE
:106A90000D000000616C61726D76616C756532206D
:106AA0000D0A0000564343313A63757272656E7485
:106AB000207472616E7366696E6974652120200DA1
:106AC00000000000616C61726D76616C7565332049
:106AD0000D0A00006261636B6C696768743A206339
:106AE000757272656E74207472616E7366696E6918
:106AF000746521200D000000616C61726D76616C1F
:106B0000756534200D0A00002020200D00000000D3
:106B1000616C61726D76616C756535200D0A0000DF
:106B2000564343323A766F6C7461676520747261C4
:106B30006E7366696E6974652120202020200D0027
:106B4000616C61726D76616C756536200D0A0000AE
:106B5000564343323A63757272656E742074726183
:106B60006E7366696E69746521202020200D000017
:106B7000616C61726D76616C756537200D0A00007D
:106B8000564343333A766F6C746167652074726163
:106B90006E7366696E69746521202020200D0000E7
:106BA000616C61726D76616C756538200D0A00004C
:106BB000564343333A63757272656E742074726122
:106BC0006E7366696E69746521202020200D0000B7
:106BD000616C61726D76616C756539200D0A00001B
:106BE000564343343A766F6C746167652074726102
:106BF0006E7366696E69746521202020200D000087
:106C0000616C61726D76616C75653130200D0A00C2
:106C1000564343343A63757272656E7420747261C0
:106C20006E7366696E69746521202020200D000056
:106C3000616C61726D76616C75653131200D0A0091
:106C4000564343353A766F6C7461676520747261A0
:106C50006E7366696E69746521202020200D000026
:106C6000616C61726D76616C75653132200D0A0060
:106C7000564343353A63757272656E74207472615F
:106C80006E7366696E69746521202020200D0000F6
:106C9000616C61726D76616C75653133200D0A002F
:106CA000564343363A766F6C74616765207472613F
:106CB0006E7366696E69746521202020200D0000C6
:106CC000616C61726D76616C75653134200D0A00FE
:106CD000564343363A63757272656E7420747261FE
:106CE0006E7366696E69746521202020200D000096
:106CF000616C61726D76616C75653135200D0A00CD
:106D00005653503A766F6C74616765207472616E89
:106D10007366696E6974652120202020200D0000B3
:106D2000616C61726D76616C75653136200D0A009B
:106D30005653503A63757272656E74207472616E48
:106D40007366696E697465212020200D00000000C3
:106D5000616C61726D76616C75653137200D0A006A
:106D600056534E3A766F6C74616765207472616E2B
:106D70007366696E6974652120202020200D000053
:106D8000616C61726D76616C75653138200D0A0039
:106D900056534E3A63757272656E74207472616EEA
:106DA0007366696E69746521202020200D00000043
:106DB000616C61726D76616C75653139200D0A0008
:106DC0006261636B6C696768743A20766F6C74619A
:106DD0006765207472616E7366696E6974652120DF
:106DE0002020200D00000000636865636B6F6E65F6
:106DF0002564200D0A000000636865636B666F758B
:106E0000722564200D0A0000636865636B6F6E6510
:106E1000632564200D0A0000636865636B666F7507
:106E200072632564200D0A00636865636B74776F75
:106E30002564200D0A000000636865636B74776F3A
:106E4000632564200D0A0000636865636B666976DC
:106E5000652564200D0A0000636865636B666976CA
:106E600065632564200D0A00636865636B626C636B
:106E70002564200D0A000000636865636B74687206
:106E800065652564200D0A00636865636B73697826
:106E90002564200D0A000000636865636B626C2541
:106EA00064200D0A00000000636865636B76736EF2
:106EB000632564200D0A0000636865636B76736E5A
:106EC0002564200D0A000000636865636B767370AB
:106ED0002564200D0A000000636865636B7673709B
:106EE000632564200D0A0D0A0000000063686563D5
:106EF0006B736978632564200D0A0000636865631D
:106F00006B7468726565632564200D0A00000000DB
:106F1000616C61726D76616C75653A2578200D0A39
:106F20000000000057616974696E6720666F722007
:106F30007468652066696C6520746F2062652073D3
:106F4000656E74202E2E2E20287072657373202794
:106F5000612720746F2061626F7274290A0D00002E
:106F60000A0A0D2050726F6772616D6D696E67203D
:106F7000436F6D706C6574656420537563636573EE
:106F80007366756C6C79210A0D2D2D2D2D2D2D2DEF
:106F90002D2D2D2D2D2D2D2D2D2D2D2D2D2D2D2D21
:106FA0002D2D2D2D2D2D2D2D2D0D0A204E616D6594
:106FB0003A2000000A0D2053697A653A200000004B
:106FC0002042797465730D0A000000002D2D2D2DCF
:106FD0002D2D2D2D2D2D2D2D2D2D2D2D2D2D2D0A04
:106FE000000000000A0A0D54686520696D6167653C
:106FF0002073697A65206973206869676865722003
:107000007468616E2074686520616C6C6F7765646C
:10701000207370616365206D656D6F7279210A0D53
:10702000000000000A0A0D566572696669636174A2
:10703000696F6E206661696C6564210A0D0000004D
:107040000D0A0A41626F727465642062792075735B
:1070500065722E0A0D0000000A0D4661696C6564B8
:1070600020746F2072656365697665207468652099
:1070700066696C65210A0D00202020202020202038
:10708000202000000A0A0D53656C65637420526568
:1070900063656976652046696C650A0D000000002D
:1070A00055706C6F61646564466C617368496D61AD
:1070B00067652E62696E00000A0D4572726F72205C
:1070C0004F63637572726564207768696C652054DC
:1070D00072616E736D697474696E672046696C6560
:1070E0000A0D00000A0D46696C652075706C6F61B1
:1070F000646564207375636365737366756C6C791E
:10710000200A0D000D0A3D3D3D3D3D3D3D3D3D3DCF
:107110003D3D3D3D3D3D3D3D3D3D3D3D3D3D3D3D9F
:107120003D3D3D3D3D3D3D3D3D3D3D3D3D3D3D3D8F
:107130003D3D3D3D3D3D3D3D3D3D3D3D3D3D3D3D7F
:107140003D3D3D3D3D3D3D3D3D3D3D3D0000000063
:107150000D0A3D202020202020202020202020203B
:107160002028432920434F50595249474854203240
:107170003031312053544D6963726F656C656374AF
:10718000726F6E6963732020202020202020202031
:10719000202020202020203D000000000D0A3D205E
:1071A00020202020202020202020202020202020DF
:1071B00020202020202020202020202020202020CF
:1071C00020202020202020202020202020202020BF
:1071D00020202020202020202020202020202020AF
:1071E0002020203D000000000D0A3D202053544D7A
:1071F00033324634787820496E2D4170706C696363
:107200006174696F6E2050726F6772616D6D696E27
:1072100067204170706C69636174696F6E2020280B
:1072200056657273696F6E20312E302E3029203DE5
:10723000000000000D0A3D202020202020202020DA
:10724000202020202020202020202020202020203E
:10725000202020202020202020204279204D43443F
:10726000204170706C69636174696F6E2054656150
:107270006D202020202020202020203D0000000024
:107280000D0A0D0A000000000D0A3D3D3D3D3D3D4B
:107290003D3D3D3D3D3D3D3D3D3D3D3D204D6169DB
:1072A0006E204D656E75203D3D3D3D3D3D3D3D3D76
:1072B0003D3D3D3D3D3D3D3D3D3D3D3D3D3D3D3DFE
:1072C0003D3D3D0D0A0A00002020446F776E6C6F33
:1072D000616420496D61676520546F207468652082
:1072E00053544D33324634787820496E7465726E4B
:1072F000616C20466C617368202D2D2D2D2D2D2D58
:1073000020310D0A0A000000202055706C6F616466
:1073100020496D6167652046726F6D207468652035
:1073200053544D33324634787820496E7465726E0A
:10733000616C20466C617368202D2D2D2D2D2D2D17
:1073400020320D0A0A00000020204578656375741C
:107350006520546865204E65772050726F677261B2
:107360006D202D2D2D2D2D2D2D2D2D2D2D2D2D2D1A
:107370002D2D2D2D2D2D2D2D2D2D2D2D2D2D2D2D3D
:1073800020330D0A0A000000202044697361626CFA
:1073900065207468652077726974652070726F74F7
:1073A000656374696F6E202D2D2D2D2D2D2D2D2DA6
:1073B0002D2D2D2D2D2D2D2D2D2D2D2D2D2D2D2DFD
:1073C00020340D0A0A0000003D3D3D3D3D3D3D3D60
:1073D0003D3D3D3D3D3D3D3D3D3D3D3D3D3D3D3DDD
:1073E0003D3D3D3D3D3D3D3D3D3D3D3D3D3D3D3DCD
:1073F0003D3D3D3D3D3D3D3D3D3D3D3D3D3D3D3DBD
:107400003D3D0D0A0A000000496E76616C696420FA
:107410004E756D6265722021203D3D3E20546865A9
:10742000206E756D6265722073686F756C64206282
:10743000652065697468657220312C2032206F7276
:1074400020330D00496E76616C6964204E756D6263
:1074500065722021203D3D3E20546865206E756D8B
:107460006265722073686F756C642062652065695F
:107470007468657220312C20322C2033206F7220EA
:10748000340D00006F6E0D0055AA8877000101FFD2
:10749000007788AA550000006F66660D00000000A6
:1074A00055AA8877000102FF007788AA55000000DE
:1074B00075700D0055AA8877000103FF007788AA30
:1074C00055000000646F776E0D00000055AA8877A4
:1074D000000104FF007788AA5500000073686F77E9
:1074E00020310D0055AA8877000200FF007788AA96
:1074F0005500000073686F7720320D0055AA887719
:10750000000201FF007788AA5500000073686F77BA
:1075100020330D0055AA8877000202FF007788AA61
:107520005500000073686F7720340D0055AA8877E6
:10753000000203FF007788AA5500000073686F7788
:1075400020350D0055AA8877000204FF007788AA2D
:107550005500000073686F7720360D0055AA8877B4
:10756000000205FF007788AA5500000073686F7756
:1075700020370D0055AA8877000206FF007788AAF9
:107580005500000073686F7720380D0055AA887782
:10759000000207FF007788AA5500000073686F7724
:1075A00020390D0055AA8877000208FF007788AAC5
:1075B0005500000073686F772031300D0000000027
:1075C00055AA8877000209FF007788AA55000000B5
:1075D00073686F772031310D0000000055AA88775D
:1075E00000020AFF007788AA5500000073686F77D1
:1075F0002031320D0000000055AA887700020BFFF1
:10760000007788AA55000000435839303000000048
:1076100025733A0D0A2074686520636172642069DD
:1076200073206C6F636B6564210D0A0025733A0D3E
:107630000A204361726420696E666F726D617469BD
:107640006F6E3A0D0A00000025733A0D0A232320BD
:10765000436172642076657273696F6E20342E7890
:10766000782023230D0A000025733A0D0A232320D6
:10767000436172642076657273696F6E20332E30B9
:10768000782023230D0A000025733A0D0A232320B6
:10769000436172642076657273696F6E20322E309A
:1076A000302023230D0A000025733A0D0A232320DE
:1076B000436172642076657273696F6E20312E317A
:1076C000302023230D0A000025733A0D0A232320BE
:1076D000436172642076657273696F6E20312E305B
:1076E000782023230D0A000025733A0D0A23232056
:1076F0005344534320636172642023230D0A000026
:1077000025733A0D0A2323205344484320636172B2
:10771000642023230D0A000025733A0D0A23232039
:107720005344584320636172642023230D0A0000F0
:1077300025733A0D0A232320446576696365207317
:10774000697A652069732025644B422023230D0A42
:107750000000000025733A0D0A232320426C6F635A
:107760006B2073697A652069732025644220232386
:107770000D0A000025733A0D0A232320426C6F6323
:107780006B20636F756E742069732025642023233A
:107790000D0A000025733A0D0A23232050617274EC
:1077A00069616C20626C6F636B7320666F7220720C
:1077B00065616420616C6C6F7765642023230D0A1A
:1077C0000000000025733A0D0A23232050617274D3
:1077D00069616C20626C6F636B7320666F722077D7
:1077E0007269746520616C6C6F7765642023230D6A
:1077F0000A00000025733A0D0A23232043617264B6
:10780000436F6D6D616E64436C6173736573206962
:10781000733A2025782023230D0A000025733A0DA2
:107820000A232320426C6F636B206F706572617452
:10783000696F6E20737570706F7274656420232396
:107840000D0A000025733A0D0A2323204572617347
:107850006520737570706F727465642023230D0A40
:107860000000000025733A0D0A2323205772697423
:10787000652070726F74656374696F6E20737570C4
:10788000706F727465642023230D0A0025733A0D0E
:107890000A2323204C6F636B20756E6C6F636B2023
:1078A000737570706F727465642023230D0A000075
:1078B00025733A0D0A2323204170706C696361744B
:1078C000696F6E2073706563696669632073757094
:1078D000706F727465642023230D0A0025733A0DBE
:1078E0000A232320492F4F206D6F64652073757024
:1078F000706F727465642023230D0A0025733A0D9E
:107900000A2323205377697463682066756E637455
:10791000696F6E20737570706F72746564202323B5
:107920000D0A000025733A0D0A2043617264206934
:107930006E69742073756363657373210D0A0D0A94
:107940000000000025733A0D0A204361726420692B
:107950006E6974206661696C6564210D0A0D0A0008
:1079600025733A0D0A0D0A20436172642074657311
:10797000743A0D0A0000000025733A0D0A20426C8B
:107980006F636B207772697465206661696C210D85
:107990000A00000025733A0D0A20426C6F636B20C9
:1079A00077726974652073756363657373210D0A5B
:1079B0000000000025733A0D0A20426C6F636B20B3
:1079C00072656164206661696C210D0A0000000027
:1079D00025733A0D0A20426C6F636B2072656164F7
:1079E0002073756363657373210D0A0025733A0D67
:1079F0000A0D0A0025733A202533642025336420BC
:107A000025336420253364200D0A000025733A0DC8
:107A10000A204C6F636B206661696C6564210D0AF6
:107A20000000000025733A0D0A2054686520636148
:107A30007264206973206C6F636B6564210D0A00AA
:107A400025733A0D0A204572617365206661696C81
:107A50006564210D0A00000025733A0D0A20457265
:107A60006173652073756363657373210D0A00008C
:107A700025733A0D0A20556E6C6F636B2066616941
:107A80006C6564210D0A000025733A0D0A205468C4
:107A900065206361726420697320756E6C6F636B1F
:107AA0006564210D0A00000025733A0D0A204D750A
:107AB0006C7469706C6520626C6F636B207772699F
:107AC0007465206661696C210D0A000025733A0D0A
:107AD0000A204D756C7469706C6520626C6F636B05
:107AE0002077726974652073756363657373210D04
:107AF0000A00000025733A0D0A204D756C746970F8
:107B00006C6520626C6F636B2072656164206661D6
:107B1000696C210D0A00000025733A0D0A204D758D
:107B20006C7469706C6520626C6F636B2072656148
:107B3000642073756363657373210D0A0000000090
:107B400020000000200000002000000000080000CD
:107B500000800C0000F00000400000000064000005
:107B600080070000737472696E6770686F746F309D
:107B70007825303678200D0A000000007374726991
:107B80006E6770686F746F426C61636B576967688A
:107B900074200D0A00000000737472696E677068CB
:107BA0006F746F43726F737354616C6B200D0A00B6
:107BB000737472696E6770686F746F424D5025649C
:107BC000200D0A00737472696E6770686F746F4776
:107BD00072616469656E74436F6C200D0A00000069
:107BE000737472696E6770686F746F4772616469ED
:107BF000656E74526F77200D0A0000004D6F64753A
:107C00006C652F7373645F323833322E630000006B
:107C1000435839303000000025733A5B2573402506
:107C2000732C25645D6661696C0A0D0A0000000012
:107C300025733A307842312C3078253038580A0D87
:107C40000A00000025733A307842322C3078253013
:107C500038580A0D0A00000025733A307842332C58
:107C60003078253038580A0D0A00000025733A3064
:107C70007842342C3078253038580A0D0A0000003C
:107C800025733A307842352C3078253038580A0D33
:107C90000A00000025733A307842362C30782530BF
:107CA00038580A0D0A00000025733A307842372C04
:107CB0003078253038580A0D0A00000025733A3014
:107CC0007842382C3078253038580A0D0A000000E8
:107CD00025733A307842392C3078253038580A0DDF
:107CE0000A00000025733A307842412C3078253064
:107CF00038580A0D0A00000025733A307842422CA9
:107D00003078253038580A0D0A00000025733A30C3
:107D10007843362C3078253038580A0D0A00000098
:107D200025733A307843372C3078253038580A0D8F
:107D30000A00000025733A307843392C307825301A
:107D400038580A0D0A00000025733A307843412C58
:107D50003078253038580A0D0A00000025733A3073
:107D60007843422C3078253038580A0D0A0000003C
:107D700025733A307843432C3078253038580A0D33
:107D80000A00000025733A307844362C30782530CC
:107D900038580A0D0A00000025733A307844452C03
:107DA0003078253038580A0D0A00000025733A3023
:107DB0007844462C3078253038580A0D0A000000E7
:107DC00025733A73746172740D0A000025733A4D7D
:107DD000495049204350485920446574656374658F
:107DE000640A0D0A0000000025733A4D49504920ED
:107DF000445048592044657465637465640A0D0AEB
:107E00000000000025733A2D2D2D2D2D2D307842A8
:107E100037203D20746D705F686925780D0A0D0A62
:107E2000000000006272696467655F7370695F7269
:107E3000656164006272696467655F7370695F772A
:107E4000726974650000000025733A4C454420694E
:107E50006E6974207375636365737366756C6C0DFE
:107E60000A00000025733A466C61736820696E69E8
:107E700074207375636365737366756C6C0D0A00AB
:107E800025733A466C61736820696E6974204641B7
:107E9000494C2121210D0A000D0A232323232323EA
:107EA00023232323232323232323232323232323A2
:107EB0002323232323232323232323557365722082
:107EC0005374617274232323232323232323232323
:107ED0002323232323232323232323232323232372
:107EE00023232323232323232323230D0000000004
:107EF000636865636B746573746E756D2564200DBE
:107F00000A00000025733A534443617264203A2505
:107F100064200D0A0D0A000025733A535049466C3F
:107F2000617368203A2564200D0A0D0A00000000E4
:107F3000313A000025733A6F70656E202564200D7C
:107F40000A0D0A00313A2F74657374312E747874F7
:107F50000000000025733A6F70656E202564207361
:107F6000697A652025640D0A0D0A00002573202515
:107F70006400000025733A777269746520256420D7
:107F80006C656E2025640D0A0D0A000025733A7297
:107F9000656164202573206C656E20256420726500
:107FA000732025640D0A0D0A0000000025733A2590
:107FB000730D0A0068656C6C6F20776F7264000047
:107FC00001030507090E10121416181C1E000000EC
:107FD000610062006300640065006600670068007D
:107FE00069006A006B006C006D006E006F0070002D
:107FF00071007200730074007500760077007800DD
:1080000079007A00A100A200A300A500AC00AF0097
:10801000E000E100E200E300E400E500E600E70044
:10802000E800E900EA00EB00EC00ED00EE00EF00F4
:10803000F000F100F200F300F400F500F600F800A3
:10804000F900FA00FB00FC00FD00FE00FF0001014A
:1080500003010501070109010B010D010F011101C8
:1080600013011501170119011B011D011F01210138
:1080700023012501270129012B012D012F013101A8
:108080003301350137013A013C013E014001420113
:108090004401460148014B014D014F01510153017B
:1080A0005501570159015B015D015F0161016301E8
:1080B0006501670169016B016D016F017101730158
:1080C000750177017A017C017E019201B103B2034F
:1080D000B303B403B503B603B703B803B903BA03D4
:1080E000BB03BC03BD03BE03BF03C003C103C30383
:1080F000C403C503C603C703C803C903CA033004C6
:1081000031043204330434043504360437043804AB
:1081100039043A043B043C043D043E043F0440045B
:10812000410442044304440445044604470448040B
:1081300049044A044B044C044D044E044F045104BA
:108140005204530454045504560457045804590463
:108150005A045B045C045E045F0470217121722187
:1081600073217421752176217721782179217A2153
:108170007B217C217D217E217F2141FF42FF43FF26
:1081800044FF45FF46FF47FF48FF49FF4AFF4BFFBB
:108190004CFF4DFF4EFF4FFF50FF51FF52FF53FF6B
:1081A00054FF55FF56FF57FF58FF59FF5AFF000075
:1081B000410042004300440045004600470048009B
:1081C00049004A004B004C004D004E004F0050004B
:1081D00051005200530054005500560057005800FB
:1081E00059005A002100E0FFE1FFE5FFE2FFE3FF55
:1081F000C000C100C200C300C400C500C600C70063
:10820000C800C900CA00CB00CC00CD00CE00CF0012
:10821000D000D100D200D300D400D500D600D800C1
:10822000D900DA00DB00DC00DD00DE0078010001AF
:1082300002010401060108010A010C010E011001EE
:1082400012011401160118011A011C011E0120015E
:1082500022012401260128012A012C012E013001CE
:1082600032013401360139013B013D013F01410139
:108270004301450147014A014C014E0150015201A1
:108280005401560158015A015C015E01600162010E
:108290006401660168016A016C016E01700172017E
:1082A0007401760179017B017D01910191039203B3
:1082B00093039403950396039703980399039A03F2
:1082C0009B039C039D039E039F03A003A103A303A1
:1082D000A403A503A603A703A803A903AA031004E4
:1082E00011041204130414041504160417041804CA
:1082F00019041A041B041C041D041E041F0420047A
:108300002104220423042404250426042704280429
:1083100029042A042B042C042D042E042F04010408
:108320000204030404040504060407040804090401
:108330000A040B040C040E040F0460216121622165
:1083400063216421652166216721682169216A21F1
:108350006B216C216D216E216F2121FF22FF23FFF4
:1083600024FF25FF26FF27FF28FF29FF2AFF2BFFD9
:108370002CFF2DFF2EFF2FFF30FF31FF32FF33FF89
:1083800034FF35FF36FF37FF38FF39FF3AFF000073
:1083900000040002000180004000200010000800DE
:1083A00004000200000000000080004000200010D7
:1083B0000008004000200010000800040002000037
:1083C000654D42415343494952656365697665008D
:1083D000784D424153434949526563656976654624
:1083E000534D0000784D4241534349495472616EE8
:1083F000736D697446534D00784D4241534349496A
:1084000054696D65725431534578706972656400C2
:1084100070727675634D4242494E32434841520074
:10842000784D425574696C536574426974730000E9
:10843000654D42525455526563656976650000008A
:10844000784D425254555265636569766546534D81
:1084500000000000784D425254555472616E736DA5
:10846000697446534D000000784D4252545554698A
:108470006D6572543335457870697265640000002B
:108480007772697465546F466C61736833320000AB
:1084900065726173655F666C61736800434849503B
:1084A0005F4949435F537461727400004348495007
:1084B0005F4949435F5374617274416761696E003B
:1084C00080888A82989A0000296F0208996F0208B2
:1084D00009700208877002080D710208656F0208B2
:1084E000D56F020841700208BF700208A971020826
:1084F00000C1814001C0804101C0804100C1814074
:1085000001C0804100C1814000C1814001C0804163
:1085100001C0804100C1814000C1814001C0804153
:1085200000C1814001C0804101C0804100C1814043
:1085300001C0804100C1814000C1814001C0804133
:1085400000C1814001C0804101C0804100C1814023
:1085500000C1814001C0804101C0804100C1814013
:1085600001C0804100C1814000C1814001C0804103
:1085700001C0804100C1814000C1814001C08041F3
:1085800000C1814001C0804101C0804100C18140E3
:1085900000C1814001C0804101C0804100C18140D3
:1085A00001C0804100C1814000C1814001C08041C3
:1085B00000C1814001C0804101C0804100C18140B3
:1085C00001C0804100C1814000C1814001C08041A3
:1085D00001C0804100C1814000C1814001C0804193
:1085E00000C1814001C0804101C0804100C1814083
:1085F00000C0C101C30302C2C60607C705C5C40443
:10860000CC0C0DCD0FCFCE0E0ACACB0BC90908C8B2
:10861000D81819D91BDBDA1A1EDEDF1FDD1D1CDCA2
:1086200014D4D515D71716D6D21213D311D1D01012
:10863000F03031F133F3F23236F6F737F53534F402
:108640003CFCFD3DFF3F3EFEFA3A3BFB39F9F83872
:1086500028E8E929EB2B2AEAEE2E2FEF2DEDEC2C62
:10866000E42425E527E7E62622E2E323E12120E0D2
:10867000A06061A163A3A26266A6A767A56564A4C2
:108680006CACAD6DAF6F6EAEAA6A6BAB69A9A86832
:1086900078B8B979BB7B7ABABE7E7FBF7DBDBC7C22
:1086A000B47475B577B7B67672B2B373B17170B092
:1086B0005090915193535292965657975595945482
:1086C0009C5C5D9D5F9F9E5E5A9A9B5B99595898F2
:1086D000884849894B8B8A4A4E8E8F4F8D4D4C8CE2
:1086E0004484854587474686824243834181804052
:1086F0002C2066756E6374696F6E3A20000000006E
:10870000617373657274696F6E202225732220660F
:1087100061696C65643A2066696C65202225732264
:108720002C206C696E65202564257325730A000072
:10873000D0170020494E4600696E66004E414E003B
:108740006E616E003031323334353637383961621C
:1087500063646566000000003031323334353637EB
:10876000383941424344454600000000286E756C8C
:108770006C290000202020202020202020202020E4
:108780002020202030303030303030303030303029
:108790003030303065256C64000000000A000100B4
:1087A000020003000400050006000700080009009D
:1087B0000A000B000C000D000E000F00100000005E
:1087C00020202020202020202020202020202020A9
:1087D0003030303030303030303030303030303099
:1087E0002020202020202020202020202020202089
:1087F0003030303030303030303030303030303079
:108800000020202020202020202028282828282060
:108810002020202020202020202020202020202058
:1088200020881010101010101010101010101010C0
:1088300010040404040404040404041010101010B0
:10884000101041414141414101010101010101017A
:1088500001010101010101010101010110101010CC
:10886000101042424242424202020202020202024C
:1088700002020202020202020202020210101010A0
:1088800020000000000000000000000000000000C8
:1088900000000000000000000000000000000000D8
:1088A00000000000000000000000000000000000C8
:1088B00000000000000000000000000000000000B8
:1088C00000000000000000000000000000000000A8
:1088D0000000000000000000000000000000000098
:1088E0000000000000000000000000000000000088
:1088F0000000000000000000000000000000000078
:10890000000000004E614E00496E66696E69747920
:108910000000000042616C6C6F63207375636365D7
:1089200065646564000000002F6D6E742F776F72B0
:108930006B73706163652F776F726B7370616365C2
:108940002F4743432D31302D706970656C696E651A
:108950002F6A656E6B696E732D4743432D31302D41
:10896000706970656C696E652D3333385F323032F3
:1089700031313031385F313633343531363230339E
:108980002F7372632F6E65776C69622F6E65776CDB
:1089900069622F6C6962632F7374646C69622F64FF
:1089A000746F612E6300000043000000504F534974
:1089B000580000002E0000002F6D6E742F776F722C
:1089C0006B73706163652F776F726B737061636532
:1089D0002F4743432D31302D706970656C696E658A
:1089E0002F6A656E6B696E732D4743432D31302DB1
:1089F000706970656C696E652D3333385F32303263
:108A000031313031385F313633343531363230330D
:108A10002F7372632F6E65776C69622F6E65776C4A
:108A200069622F6C6962632F7374646C69622F6D65
:108A3000707265632E6300000080E03779C34143A4
:108A4000176E05B5B5B89346F5F93FE9034F384DB4
:108A5000321D30F94877825A3CBF737FDD4F157560
:108A6000000000000000F03F000000000000244073
:108A700000000000000059400000000000408F404E
:108A8000000000000088C34000000000006AF840B9
:108A90000000000080842E4100000000D0126341DD
:108AA0000000000084D797410000000065CDCD4153
:108AB000000000205FA00242000000E87648374234
:108AC000000000A2941A6D42000040E59C30A242D2
:108AD0000000901EC4BCD64200003426F56B0C4347
:108AE0000080E03779C3414300A0D88557347643EE
:108AF00000C84E676DC1AB43003D9160E458E1434F
:108B0000408CB5781DAF154450EFE2D6E41A4B44C3
:108B100092D54D06CFF08044F64AE1C7022DB54408
:108B2000B49DD9794378EA4405000000190000009B
:108B30007D0000006E660000696E697479000000B7
:108B4000616E000035000000CEFBFFFFCB0300008C
:108B5000010000000000000034000000CEFBFFFF19
:108B6000CB03000001000000000000000000000036
:108B7000BC89D897B2D29C3C33A7A8D523F64939F3
:108B80003DA7F444FD0FA5329D978CCF08BA5B2515
:108B9000436FAC64280668112F6D6E742F776F7267
:108BA0006B73706163652F776F726B737061636550
:108BB0002F4743432D31302D706970656C696E65A8
:108BC0002F6A656E6B696E732D4743432D31302DCF
:108BD000706970656C696E652D3333385F32303281
:108BE00031313031385F313633343531363230332C
:108BF0002F7372632F6E65776C69622F6E65776C69
:108C000069622F6C6962632F7374646C69622F6789
:108C100064746F612D6765746865782E6300000069
:108C20000000000000000000000000000000000044
:108C30000000000000000000000000000000000034
:108C40000000000000000000000000000000000024
:108C50001011121314151617181900000000000047
:108C6000001A1B1C1D1E1F00000000000000000059
:108C700000000000000000000000000000000000F4
:108C8000001A1B1C1D1E1F00000000000000000039
:108C900000000000000000000000000000000000D4
:108CA00000000000000000000000000000000000C4
:108CB00000000000000000000000000000000000B4
:108CC00000000000000000000000000000000000A4
:108CD0000000000000000000000000000000000094
:108CE0000000000000000000000000000000000084
:108CF0000000000000000000000000000000000074
:108D00000000000000000000000000000000000063
:108D10000000000000000000000000000000000053
:0C8D2000B48903082C7F03087821002090
:088D2C009884FD7F01000000A6
:088D3400CD06030865010108EA
:048D3C0041010108E8
:108D4000851B01082D1B0108B0210020B02900203F
:108D50000000000000000000000000000000000013
:108D6000000000004A585F372E395F435048595F72
:108D7000313038303139323000000000000000005E
:108D8000004E540000000000000000000000000041
:108D90000000000000000000000000000000323071
:108DA000323430383239000000000000000000008A
:108DB000000000000000000000000001000063004F
:108DC00003010101000238048007100012000E00A8
:108DD0000C000B0001003A0700009E0700003C0059
:108DE000E40C0000480D00002C01E40C0000480DCC
:108DF00000002C01E40C0000480D00002C01E40CE4
:108E00000000480D00002C01E40C0000480D00009B
:108E10002C01A81600000C1700001400A816000072
:108E20000C170000140000000000409C00006400CB
:108E30000A00000032002000320020003200200032
:108E400032002000320020003200200032002000DA
:108E500032002000F4010B000100030064006400F4
:108E600064006400640000000000000000000000D6
:108E700000000000000000000000000000000000F2
:108E800000000000000000000000000000000000E2
:108E900000000000000000000000000000000000D2
:108EA00000000000000000000000000000000000C2
:108EB00000000000000000000000000000000000B2
:108EC00000000000000000000000000000000000A2
:108ED0000000000000000000000000000000000092
:108EE0000000000000000000000000000000000082
:108EF0000000000000000000000000000000000072
:108F00000000000000000000000000000000000061
:108F10000000000000000000000000000000000051
:108F20000000000000000000000000000000000041
:108F30000000000000000000000000000000000031
:108F40000000000000000000000000000000000021
:108F500000000000000000000000000024000020CD
:108F6000000E2707583930302D54455354424F587E
:108F70005F4961702056312E300000000000000073
:108F800000000000A85E0308614F0108AC5E030802
:108F900061490108B45E0308B9490108B85E0308D5
:108FA000D1480108C05E0308894C0108C85E030867
:108FB000114A0108D05E03088D480108D85E0308F5
:108FC000AD480108E05E030865480108E85E030853
:108FD000394A0108EC5E0308AD4F010802000000A9
:108FE000110000005DE301080400000077E20108C1
:108FF0000300000045E001081000000093DF0108B5
:109000000600000029DF01081700000023E1010825
:1090100001000000B9DB010805000000B7DC010811
:109020000F0000005DDD0108020000002BDE0108DA
:109030000000000000000000000000000000000030
:109040000000000000000000000000000000000020
:109050000000000000000000000000000000000010
:10906000A44300200404000001010000282800009F
:1090700002000000070000000100000004040000DE
:109080000101000022220000020000000700000091
:1090900039C2F52804040000010100001D1D000074
:1090A00002000000070000000100000004040000AE
:1090B0000101000019190000020000000700000073
:1090C0000100000004040000010100001617020066
:1090D000020000000700000001000000040400007E
:1090E000010100001414000002000000070000004D
:1090F000010000000404000000000100121302003F
:109100000300000006000000E809D7230303000065
:10911000000001000C0D020002000000070000002A
:109120000000000004040000000001000F10020015
:109130000200000007000000F6285C0F0404000095
:10914000000001000E0F02000200000007000000F6
:10915000F6285C0F04040000000001000D0E020060
:109160000200000007000000F6285C0F0404000065
:10917000000001000C0D02000200000007000000CA
:10918000F6285C0F04040000000001000C0C000035
:109190000200000007000000F6285C0F0404000035
:1091A000000001000B0C020002000000070000009C
:1091B000F6285C0F04040000000001000B0B000007
:1091C0000200000007000000F6285C0F0404000005
:1091D000000001000A0A0000020000000700000071
:1091E000F6285C0F04040000000001000A0A0000D9
:1091F0000200000007000000F6285C0F04040000D5
:1092000000000100090A020002000000070000003F
:10921000F6285C0F040400000000010009090000AA
:109220000200000007000000F6285C0F04040000A4
:109230000000010008090200020000000700000011
:10924000F6285C0F0404000000000100080800007C
:109250000200000007000000F6285C0F0404000074
:1092600000000100080800000200000007000000E4
:10927000F6285C0F0404000000000100070802004B
:109280000200000007000000F6285C0F0404000044
:1092900000000100070802000200000007000000B3
:1092A000F6285C0F0404000000000100070700001E
:1092B0000200000007000000F6285C0F0404000014
:1092C0000000010007070000020000000700000086
:1092D000F6285C0F040400000000010006070200ED
:1092E0000200000007000000F6285C0F04040000E4
:1092F0000000010006070200020000000700000055
:10930000F6285C0F040400000000010006070200BC
:109310000200000007000000F6285C0F04040000B3
:109320000000010006060000020000000700000027
:10933000F6285C0F0404000000000100060600008F
:109340000200000007000000F6285C0F0404000083
:1093500000000100060600000200000007000000F7
:10936000E809D7A325250000020302000A0A00002D
:1093700002000000070000000000000013130000BE
:1093800002030200050500000200000007000000C3
:109390000000000027270000020302000A0A000064
:1093A0000200000007000000000000001010000094
:1093B0000203020004040000020000000700000095
:1093C000000000003D3E0200050500000708020005
:1093D000020000000700000000000000151500005A
:1093E0000203020005050000020000000700000063
:1093F00000000000404102000505000007080200CF
:109400000200000007000000000000001616000027
:109410000203020005050000020000000700000032
:109420000000000012120000020302000404000009
:1094300002000000070000000000000017170000F5
:109440000203020005050000020000000700000002
:109450000000000046470200050500000708020062
:1094600002000000070000000000000018180000C3
:1094700002030200050500000200000007000000D2
:1094800000000000494A020005050000070802002C
:1094900002000000070000000000000003030000BD
:1094A00000000100030300000200000007000000AC
:1094B0000000000046470200050500000708020002
:1094C0000200000007000000000000001A1A00005F
:1094D0000203020005050000020000000700000072
:1094E000000000004F5000000505000007080200C2
:1094F0000200000007000000000000001B1B00002D
:109500000203020005050000020000000700000041
:109510000000000016160000020302000404000010
:109520000200000007000000000000001C1C0000FA
:109530000203020005050000020000000700000011
:109540000000000055560200050500000708020053
:109550000200000007000000000000001D1D0000C8
:1095600002030200050500000200000007000000E1
:10957000000000005859020005050000070802001D
:1095800002000000070000000000000003030000CC
:1095900000000100020302000200000007000000BA
:1095A000000000001E1F020002030200050500006B
:1095B0000200000007000000000000001F1F000064
:1095C0000203020005050000020000000700000081
:1095D000000000001F200200020302000505000039
:1095E0000200000007000000000000001010000052
:1095F0000203020002030200020000000700000054
:109600000000000006070200010100000203020042
:1096100002000000070000000000000021210000FF
:109620000203020005050000020000000700000020
:1096300000000000212202000203020005050000D4
:1096400002000000070000000000000011110000EF
:1096500002030200020302000200000007000000F3
:1096600000000000222302000203020005050000A2
:1096700002000000070000000000000003040200D8
:1096800000000100020302000200000007000000C9
:109690000000000023240200020302000505000070
:1096A000020000000700000000000000121200008D
:1096B0000203020002030200020000000700000093
:1096C000000000002425020002030200050500003E
:1096D0000200000007000000000000002525000037
:1096E0000203020005050000020000000700000060
:1096F0000000000004050200000001000203020057
:10970000020000000700000000000000131300002A
:109710000203020002030200020000000700000032
:1097200000000000262702000203020005050000D9
:1097300002000000070000000000000027270000D2
:1097400002030200050500000200000007000000FF
:1097500000000000272802000203020005050000A7
:1097600002000000070000000000000010100000D0
:1097700002030200020200000200000007000000D5
:109780000000000028290200020302000505000075
:10979000020000000700000000000000292900006E
:1097A000020302000505000002000000070000009F
:1097B00000000000292A0200020302000505000043
:1097C0000200000007000000000000001515000066
:1097D0000203020002030200020000000700000072
:1097E000000000002B2B0000020302000505000012
:1097F0000200000007000000000000002B2C020007
:10980000020302000505000002000000070000003E
:10981000000000001616000002030200020302000E
:109820000200000007000000000000002C2D0200D4
:10983000020302000505000002000000070000000E
:1098400000000000121200000203020002020000E9
:109850000200000007000000000000002D2E0200A2
:1098600002030200050500000200000007000000DE
:1098700000000000171700000203020002030200AC
:109880000200000007000000000000002E2F020070
:1098900002030200050500000200000007000000AE
:1098A000000000002F2F0000020302000505000049
:1098B0000200000007000000000000001313000079
:1098C0000203020002020000020000000700000084
:1098D000000000001818000002030200020302004A
:1098E000020000000700000000000000303102000C
:1098F000020302000505000002000000070000004E
:1099000000000000313100000203020005050000E4
:1099100002000000070000000000000031320200D9
:10992000020302000505000002000000070000001D
:10993000000000000303000000000100010202001B
:1099400002000000070000000000000032330200A7
:1099500002030200050500000200000007000000ED
:109960000000000033330000020302000505000080
:109970000200000007000000000000003334020075
:1099800002030200050500000200000007000000BD
:10999000000000001A1A0000020302000203020085
:1099A0000200000007000000000000001515000084
:1099B0000203020002020000020000000700000093
:1099C000000000003535000002030200050500001C
:1099D0000200000007000000000000003536020011
:1099E000020302000505000002000000070000005D
:1099F000000000001B1B0000020302000203020023
:109A000002000000070000000000000036370200DE
:109A1000020302000505000002000000070000002C
:109A200000000000161600000203020002020000FF
:109A300002000000070000000000000037380200AC
:109A400002030200050500000200000007000000FC
:109A5000000000001C1C00000203020002030200C0
:109A6000020000000700000000000000383902007A
:109A700002030200050500000200000007000000CC
:109A80000000000039390000020302000505000053
:109A9000020000000700000000000000171700008F
:109AA00002030200020200000200000007000000A2
:109AB000000000001D1D000002030200020302005E
:109AC0000200000007000000000000003A3B020016
:109AD000020302000505000002000000070000006C
:109AE000000000003B3B00000203020005050000EF
:109AF0000200000007000000000000003B3C0200E4
:109B0000020302000505000002000000070000003B
:109B10000000000012120000020302000102020015
:109B20000200000007000000000000001212000008
:109B30000203020001020200020000000700000010
:109B4000000000003C3D0200050500000203020089
:109B50000200000007000000000000001E1F0200BD
:109B600002030200020302000200000007000000DE
:109B7000000000003D3E0200050500000203020057
:109B80000200000007000000000000001F1F00008E
:109B900002030200020302000200000007000000AE
:109BA000000000000708020001010000010202009D
:109BB0000200000007000000000000001F2002005B
:109BC000020302000203020002000000070000007E
:109BD000000000003F4002000505000002030200F3
:109BE000020000000700000000000000202000002C
:109BF000020302000203020002000000070000004E
:109C000000000000404102000505000002030200C0
:109C10000200000007000000000000001A1A000007
:109C20000203020002020000020000000700000020
:109C3000000000004142020005050000020302008E
:109C40000200000007000000000000004242000087
:109C500002030200050500000200000007000000EA
:109C6000000000004243020002030200050500005C
:109C70000200000007000000000000004343000055
:109C800002030200050500000200000007000000BA
:109C900000000000797A02000505000004050200BA
:109CA0000200000007000000000000004444000023
:109CB000020302000505000002000000070000008A
:109CC00000000000444502000203020005050000F8
:109CD00002000000070000000000000045450000F1
:109CE000020302000505000002000000070000005A
:109CF00000000000454602000203020005050000C6
:109D000002000000070000000000000038380000DA
:109D1000020302000404000002000000070000002B
:109D20000000000046470200020302000505000093
:109D3000020000000700000000000000474700008C
:109D400002030200050500000200000007000000F9
:109D50000000000047480200020302000505000061
:109D6000020000000700000000000000484800005A
:109D700002030200050500000200000007000000C9
:109D8000000000000E0F02000000010005050000A9
:109D90000200000007000000000000004949000028
:109DA0000203020005050000020000000700000099
:109DB00000000000494A02000203020005050000FD
:109DC0000200000007000000000000004A4A0000F6
:109DD0000203020005050000020000000700000069
:109DE000000000004A4B02000203020005050000CB
:109DF0000200000007000000000000000A0B020043
:109E0000000001000304020002000000070000003F
:109E1000000000004B4C0200020302000505000098
:109E20000200000007000000000000004C4C000091
:109E30000203020005050000020000000700000008
:109E4000000000004C4D0200020302000505000066
:109E50000200000007000000000000004D4D00005F
:109E600002030200050500000200000007000000D8
:109E700000000000101002000000010005050000B5
:109E8000020000000700000000000000272700007B
:109E900002030200020302000200000007000000AB
:109EA000000000004E4F0200020302000505000002
:109EB0000200000007000000000000004F4F0000FB
:109EC0000203020005050000020000000700000078
:109ED000000000004F5002000203020005050000D0
:109EE00002000000070000000000000038380000F9
:109EF0000203020003040200020000000700000049
:109F0000000000005051020005050000020302009D
:109F100002000000070000000000000028290200E5
:109F2000020302000203020002000000070000001A
:109F3000000000005152020005050000020302006B
:109F400002000000070000000000000029290000B6
:109F500002030200020302000200000007000000EA
:109F6000000000004242000002030200040400005E
:109F7000020000000700000000000000202A02008C
:109F800002030200020302000200000007000000BA
:109F90000000000053540200050500000203020007
:109FA0000200000007000000000000002A2A000054
:109FB000020302000203020002000000070000008A
:109FC00000000000545502000505000002030200D5
:109FD00002000000070000000000000044440000F0
:109FE0000203020004040000020000000700000059
:109FF00000000000555602000505000002030200A3
:10A000000200000007000000000000002B2B0000F1
:10A010000203020002030200020000000700000029
:10A020000000000056570200050500000203020070
:10A030000200000007000000000000002B2C0200BE
:10A0400002030200020302000200000007000000F9
:10A0500000000000181902000101000003040200C2
:10A0600002000000070000000000000000000000E7
:10A0700000000000000000000000000000000000E0
:10A0800000000000000000000000000000000000D0
:10A0900000000000000000000000000000000000C0
:10A0A00000000000000000000000000000000000B0
:10A0B00000000000000000000000000000000000A0
:10A0C0000000000000000000000000000000000090
:10A0D0000000000000000000000000000000000080
:10A0E0000000000000000000000000000000000070
:10A0F0000000000000000000000000000000000060
:10A10000000000000000000000000000000000004F
:10A11000000000000000000000000000000000003F
:10A12000000000000000000000000000000000002F
:10A13000000000000000000000000000000000001F
:10A14000000000000000000000000000000000000F
:10A1500000000000000000000000000000000000FF
:10A1600000000000000000000000000000000000EF
:10A1700000000000000000000000000000000000DF
:10A1800000000000000000000000000000000000CF
:10A1900000000000000000000000000000000000BF
:10A1A00000000000000000000000000000000000AF
:10A1B000000000000000000000000000000000009F
:10A1C000000000000000000000000000000000008F
:10A1D000000000000000000000000000000000007F
:10A1E000000000000000000000000000000000006F
:10A1F000000000000000000000000000000000005F
:10A20000000000000000000000000000000000004E
:10A21000000000000000000000000000000000003E
:10A22000000000000000000000000000000000002E
:10A23000000000000000000000000000000000001E
:10A24000000000000000000000000000000000000E
:10A2500000000000000000000000000000000000FE
:10A2600000000000000000000000000000000000EE
:10A2700000000000000000000000000000000000DE
:10A2800000000000000000000000000000000000CE
:10A2900000000000000000000000000000000000BE
:10A2A00000000000000000000000000000000000AE
:10A2B000000000000000000000000000000000009E
:10A2C000000000000000000000000000000000008E
:10A2D000000000000000000000000000000000007E
:10A2E000000000000000000000000000000000006E
:10A2F000000000000000000000000000000000005E
:10A30000000000000000000000000000000000004D
:10A31000000000000000000000000000000000003D
:10A3200000000000B8660308C0660308C86603089A
:10A330007D250208C925020855260208FD260208C7
:10A340006927020811280208D1280208CD2902082D
:10A350007D2A02082D2B0208412B0208552B0208EA
:10A36000692B02087D2B0208952B020800000000D3
:10A3700000000000000000000000000000000000DD
:10A3800000000000000000000000000000000000CD
:10A3900000000000000000000000000001000000BC
:10A3A000313A2F6170702E62696E0000000000006B
:10A3B000000000000000000000000000000000009D
:10A3C00055AA887700010100007788AA550000008F
:10A3D0007559020855AA887700010200007788AAFB
:10A3E00055000000D959020855AA887700010300DA
:10A3F000007788AA55000000415A020855AA8877BC
:10A4000000010400007788AA55000000A95A02083C
:10A4100055AA887700020000007788AA550000003E
:10A42000115B020855AA887700020100007788AA0C
:10A4300055000000755B020855AA887700020200EB
:10A44000007788AA55000000D95B020855AA8877D2
:10A4500000020300007788AA550000003D5C020856
:10A4600055AA887700020400007788AA55000000EA
:10A47000A15C020855AA887700020500007788AA27
:10A4800055000000055D020855AA88770002060005
:10A49000007788AA55000000695D020855AA8877F0
:10A4A00000020700007788AA55000000CD5D020871
:10A4B00055AA887700020800007788AA5500000096
:10A4C000315E020855AA887700020900007788AA41
:10A4D00055000000955E020855AA887700020A0020
:10A4E000007788AA55000000F95E020855AA88770F
:10A4F00000020B00007788AA550000005D5F02088B
:10A5000001000000010000001D000000D017002025
:10A5100000000000BC1A0020241B00208C1B00201F
:10A52000000000000000000000000000000000002B
:10A53000000000000000000000000000000000001B
:10A54000000000000000000000000000000000000B
:10A5500000000000000000000000000000000000FB
:10A5600000000000000000000000000000000000EB
:10A5700000000000000000000000000000000000DB
:10A5800000000000000000000000000000000000CB
:10A5900000000000000000000000000000000000BB
:10A5A00000000000000000000000000000000000AB
:10A5B000000000000000000001000000000000009A
:10A5C0000E33CDAB34126DE6ECDE05000B0000005F
:10A5D000000000000000000000000000000000007B
:10A5E000000000000000000000000000000000006B
:10A5F000000000000000000000000000000000005B
:10A60000000000000000000000000000000000004A
:10A61000000000000000000000000000000000003A
:10A62000000000000000000000000000000000002A
:10A63000000000000000000000000000000000001A
:10A64000000000000000000000000000000000000A
:10A6500000000000000000000000000000000000FA
:10A6600000000000000000000000000000000000EA
:10A6700000000000000000000000000000000000DA
:10A6800000000000000000000000000000000000CA
:10A6900000000000000000000000000000000000BA
:10A6A00000000000000000000000000000000000AA
:10A6B000000000000000000000000000000000009A
:10A6C000000000000000000000000000000000008A
:10A6D000000000000000000000000000000000007A
:10A6E000000000000000000000000000000000006A
:10A6F000000000000000000000000000000000005A
:10A700000000000000000000000000000000000049
:10A710000000000000000000000000000000000039
:10A720000000000000000000000000000000000029
:10A730000000000000000000000000000000000019
:10A740000000000000000000000000000000000009
:10A7500000000000000000000000000000000000F9
:10A7600000000000000000000000000000000000E9
:10A7700000000000000000000000000000000000D9
:10A7800000000000000000000000000000000000C9
:10A7900000000000000000000000000000000000B9
:10A7A00000000000000000000000000000000000A9
:10A7B0000000000000000000000000000000000099
:10A7C0000000000000000000000000000000000089
:10A7D0000000000000000000000000000000000079
:10A7E0000000000000000000000000000000000069
:10A7F0000000000000000000000000000000000059
:10A800000000000000000000000000000000000048
:10A810000000000000000000000000000000000038
:10A820000000000000000000000000000000000028
:10A830000000000000000000000000000000000018
:10A840000000000000000000000000000000000008
:10A8500000000000000000000000000000000000F8
:10A8600000000000000000000000000000000000E8
:10A8700000000000000000000000000000000000D8
:10A8800000000000000000000000000000000000C8
:10A8900000000000000000000000000000000000B8
:10A8A00000000000000000000000000000000000A8
:10A8B0000000000000000000000000000000000098
:10A8C0000000000000000000000000000000000088
:10A8D0000000000000000000000000000000000078
:10A8E0000000000000000000000000000000000068
:10A8F0000000000000000000000000000000000058
:10A900000000000000000000000000000000000047
:10A910000000000000000000000000000000000037
:10A920000000000000000000000000000000000027
:10A930000000000000000000049700204300000019
:10A940000000000000000000000000000000000007
:10A9500000000000000000000000000043000000B4
:10A9600000000000000000000000000000000000E7
:10A970000000000000000000000000004300000094
:10A9800000000000000000000000000000000000C7
:10A990000000000000000000000000004300000074
:10A9A00000000000000000000000000000000000A7
:10A9B0000000000000000000000000004300000054
:10A9C0000000000000000000000000000000000087
:10A9D0000000000000000000000000004300000034
:10A9E0000000000000000000000000000000000067
:10A9F0000000000000000000000000004300000014
:10AA00000000000000000000000000000000000046
:10AA10000000000000000000000000005553030883
:10AA2000C12703080000000000880308B489030858
:10AA30002C7F03082C7F03082C7F03082C7F03083E
:10AA40002C7F03082C7F03082C7F03082C7F03082E
:10AA50002C7F0308FFFFFFFFFFFFFFFFFFFFFFFF4C
:10AA6000FFFF00000100415343494900000000007E
:10AA700000000000000000000000000000000000D6
:10AA8000000000000000415343494900000000005D
:10AA900000000000000000000000000000000000B6
:10AAA00000000000000000000000000000000000A6
:10AAB000681D0020681D0020701D0020701D0020F2
:10AAC000781D0020781D0020801D0020801D0020A2
:10AAD000881D0020881D0020901D0020901D002052
:10AAE000981D0020981D0020A01D0020A01D002002
:10AAF000A81D0020A81D0020B01D0020B01D0020B2
:10AB0000B81D0020B81D0020C01D0020C01D002061
:10AB1000C81D0020C81D0020D01D0020D01D002011
:10AB2000D81D0020D81D0020E01D0020E01D0020C1
:10AB3000E81D0020E81D0020F01D0020F01D002071
:10AB4000F81D0020F81D0020001E0020001E00201F
:10AB5000081E0020081E0020101E0020101E0020CD
:10AB6000181E0020181E0020201E0020201E00207D
:10AB7000281E0020281E0020301E0020301E00202D
:10AB8000381E0020381E0020401E0020401E0020DD
:10AB9000481E0020481E0020501E0020501E00208D
:10ABA000581E0020581E0020601E0020601E00203D
:10ABB000681E0020681E0020701E0020701E0020ED
:10ABC000781E0020781E0020801E0020801E00209D
:10ABD000881E0020881E0020901E0020901E00204D
:10ABE000981E0020981E0020A01E0020A01E0020FD
:10ABF000A81E0020A81E0020B01E0020B01E0020AD
:10AC0000B81E0020B81E0020C01E0020C01E00205C
:10AC1000C81E0020C81E0020D01E0020D01E00200C
:10AC2000D81E0020D81E0020E01E0020E01E0020BC
:10AC3000E81E0020E81E0020F01E0020F01E00206C
:10AC4000F81E0020F81E0020001F0020001F00201A
:10AC5000081F0020081F0020101F0020101F0020C8
:10AC6000181F0020181F0020201F0020201F002078
:10AC7000281F0020281F0020301F0020301F002028
:10AC8000381F0020381F0020401F0020401F0020D8
:10AC9000481F0020481F0020501F0020501F002088
:10ACA000581F0020581F0020601F0020601F002038
:10ACB000681F0020681F0020701F0020701F0020E8
:10ACC000781F0020781F0020801F0020801F002098
:10ACD000881F0020881F0020901F0020901F002048
:10ACE000981F0020981F0020A01F0020A01F0020F8
:10ACF000A81F0020A81F0020B01F0020B01F0020A8
:10AD0000B81F0020B81F0020C01F0020C01F002057
:10AD1000C81F0020C81F0020D01F0020D01F002007
:10AD2000D81F0020D81F0020E01F0020E01F0020B7
:10AD3000E81F0020E81F0020F01F0020F01F002067
:10AD4000F81F0020F81F0020002000200020002015
:10AD500008200020082000201020002010200020C3
:10AD60001820002018200020202000202020002073
:10AD70002820002028200020302000203020002023
:10AD800038200020382000204020002040200020D3
:10AD90004820002048200020502000205020002083
:10ADA0005820002058200020602000206020002033
:10ADB00068200020682000207020002070200020E3
:10ADC0007820002078200020802000208020002093
:10ADD0008820002088200020902000209020002043
:10ADE0009820002098200020A0200020A0200020F3
:10ADF000A8200020A8200020B0200020B0200020A3
:10AE0000B8200020B8200020C0200020C020002052
:10AE1000C8200020C8200020D0200020D020002002
:10AE2000D8200020D8200020E0200020E0200020B2
:10AE3000E8200020E8200020F0200020F020002062
:10AE4000F8200020F8200020002100200021002010
:10AE500008210020082100201021002010210020BE
:10AE6000182100201821002020210020202100206E
:10AE7000282100202821002030210020302100201E
:10AE800038210020382100204021002040210020CE
:10AE9000482100204821002050210020502100207E
:10AEA000582100205821002060210020602100202E
:0CAEB000FFFFFFFF00000200FF00000099
:04000005080259296B
:00000001FF
