ARM GAS  C:\Users\ADMINI~1\AppData\Local\Temp\ccEmAkiv.s 			page 1


   1              		.cpu cortex-m4
   2              		.arch armv7e-m
   3              		.fpu softvfp
   4              		.eabi_attribute 20, 1
   5              		.eabi_attribute 21, 1
   6              		.eabi_attribute 23, 3
   7              		.eabi_attribute 24, 1
   8              		.eabi_attribute 25, 1
   9              		.eabi_attribute 26, 1
  10              		.eabi_attribute 30, 1
  11              		.eabi_attribute 34, 1
  12              		.eabi_attribute 18, 4
  13              		.file	"lcd_cfg.c"
  14              		.text
  15              	.Ltext0:
  16              		.cfi_sections	.debug_frame
  17              		.section	.text.fun1,"ax",%progbits
  18              		.align	1
  19              		.global	fun1
  20              		.syntax unified
  21              		.thumb
  22              		.thumb_func
  24              	fun1:
  25              	.LFB119:
  26              		.file 1 "Module/lcd_cfg.c"
   1:Module/lcd_cfg.c **** #include "pport_spi.h"
   2:Module/lcd_cfg.c **** #include "user_config.h"
   3:Module/lcd_cfg.c **** #include "GPU_Cfg.h"
   4:Module/lcd_cfg.c **** #include "mipi_Cfg.h"
   5:Module/lcd_cfg.c **** #include "lcd_cfg.h"
   6:Module/lcd_cfg.c **** 
   7:Module/lcd_cfg.c **** /*
   8:Module/lcd_cfg.c **** void Initial_LCM_CODE(void){
   9:Module/lcd_cfg.c **** 
  10:Module/lcd_cfg.c ****     SPI_WriteCmd(0xB7);
  11:Module/lcd_cfg.c **** 	SPI_WriteData(0x50);//10=TX_CLK 30=PCLK
  12:Module/lcd_cfg.c **** 	SPI_WriteData(0x02);
  13:Module/lcd_cfg.c **** 	SPI_WriteCmd(0xBD);
  14:Module/lcd_cfg.c **** 	SPI_WriteData(0x00);
  15:Module/lcd_cfg.c **** 	SPI_WriteData(0x00);
  16:Module/lcd_cfg.c **** 
  17:Module/lcd_cfg.c **** SSD2828_WritePackageSize(1);
  18:Module/lcd_cfg.c **** SPI_WriteData(0x11);
  19:Module/lcd_cfg.c **** bsp_DelayMS(200);
  20:Module/lcd_cfg.c **** SSD2828_WritePackageSize(1);
  21:Module/lcd_cfg.c **** SPI_WriteData(0x29);
  22:Module/lcd_cfg.c **** bsp_DelayMS(100);
  23:Module/lcd_cfg.c **** 
  24:Module/lcd_cfg.c **** }
  25:Module/lcd_cfg.c **** 
  26:Module/lcd_cfg.c **** */
  27:Module/lcd_cfg.c **** void fun1(void)
  28:Module/lcd_cfg.c **** {
  27              		.loc 1 28 1 view -0
  28              		.cfi_startproc
  29              		@ args = 0, pretend = 0, frame = 0
  30              		@ frame_needed = 0, uses_anonymous_args = 0
ARM GAS  C:\Users\ADMINI~1\AppData\Local\Temp\ccEmAkiv.s 			page 2


  31 0000 08B5     		push	{r3, lr}
  32              	.LCFI0:
  33              		.cfi_def_cfa_offset 8
  34              		.cfi_offset 3, -8
  35              		.cfi_offset 14, -4
  29:Module/lcd_cfg.c **** SSD2828_WritePackageSize(2);
  36              		.loc 1 29 1 view .LVU1
  37 0002 0220     		movs	r0, #2
  38 0004 FFF7FEFF 		bl	SSD2828_WritePackageSize
  39              	.LVL0:
  30:Module/lcd_cfg.c **** SPI_WriteData(0x41);
  40              		.loc 1 30 1 view .LVU2
  41 0008 4120     		movs	r0, #65
  42 000a FFF7FEFF 		bl	SPI_WriteData
  43              	.LVL1:
  31:Module/lcd_cfg.c **** SPI_WriteData(0x5A);
  44              		.loc 1 31 1 view .LVU3
  45 000e 5A20     		movs	r0, #90
  46 0010 FFF7FEFF 		bl	SPI_WriteData
  47              	.LVL2:
  32:Module/lcd_cfg.c **** 
  33:Module/lcd_cfg.c **** 
  34:Module/lcd_cfg.c **** 
  35:Module/lcd_cfg.c **** //SSD2828_WritePackageSize(2);
  36:Module/lcd_cfg.c **** //SPI_WriteData(0x4C);
  37:Module/lcd_cfg.c **** //SPI_WriteData(0x03);
  38:Module/lcd_cfg.c **** 
  39:Module/lcd_cfg.c **** 
  40:Module/lcd_cfg.c **** 
  41:Module/lcd_cfg.c **** SSD2828_WritePackageSize(3);
  48              		.loc 1 41 1 view .LVU4
  49 0014 0320     		movs	r0, #3
  50 0016 FFF7FEFF 		bl	SSD2828_WritePackageSize
  51              	.LVL3:
  42:Module/lcd_cfg.c **** SPI_WriteData(0x41);
  52              		.loc 1 42 1 view .LVU5
  53 001a 4120     		movs	r0, #65
  54 001c FFF7FEFF 		bl	SPI_WriteData
  55              	.LVL4:
  43:Module/lcd_cfg.c **** SPI_WriteData(0x5A);
  56              		.loc 1 43 1 view .LVU6
  57 0020 5A20     		movs	r0, #90
  58 0022 FFF7FEFF 		bl	SPI_WriteData
  59              	.LVL5:
  44:Module/lcd_cfg.c **** SPI_WriteData(0x03);
  60              		.loc 1 44 1 view .LVU7
  61 0026 0320     		movs	r0, #3
  62 0028 FFF7FEFF 		bl	SPI_WriteData
  63              	.LVL6:
  45:Module/lcd_cfg.c **** 
  46:Module/lcd_cfg.c **** SSD2828_WritePackageSize(2);
  64              		.loc 1 46 1 view .LVU8
  65 002c 0220     		movs	r0, #2
  66 002e FFF7FEFF 		bl	SSD2828_WritePackageSize
  67              	.LVL7:
  47:Module/lcd_cfg.c **** SPI_WriteData(0x80);
  68              		.loc 1 47 1 view .LVU9
ARM GAS  C:\Users\ADMINI~1\AppData\Local\Temp\ccEmAkiv.s 			page 3


  69 0032 8020     		movs	r0, #128
  70 0034 FFF7FEFF 		bl	SPI_WriteData
  71              	.LVL8:
  48:Module/lcd_cfg.c **** SPI_WriteData(0x70);
  72              		.loc 1 48 1 view .LVU10
  73 0038 7020     		movs	r0, #112
  74 003a FFF7FEFF 		bl	SPI_WriteData
  75              	.LVL9:
  49:Module/lcd_cfg.c **** 
  50:Module/lcd_cfg.c **** 
  51:Module/lcd_cfg.c **** 
  52:Module/lcd_cfg.c **** SSD2828_WritePackageSize(3);
  76              		.loc 1 52 1 view .LVU11
  77 003e 0320     		movs	r0, #3
  78 0040 FFF7FEFF 		bl	SSD2828_WritePackageSize
  79              	.LVL10:
  53:Module/lcd_cfg.c **** SPI_WriteData(0x41);
  80              		.loc 1 53 1 view .LVU12
  81 0044 4120     		movs	r0, #65
  82 0046 FFF7FEFF 		bl	SPI_WriteData
  83              	.LVL11:
  54:Module/lcd_cfg.c **** SPI_WriteData(0x5A);
  84              		.loc 1 54 1 view .LVU13
  85 004a 5A20     		movs	r0, #90
  86 004c FFF7FEFF 		bl	SPI_WriteData
  87              	.LVL12:
  55:Module/lcd_cfg.c **** SPI_WriteData(0x2F);
  88              		.loc 1 55 1 view .LVU14
  89 0050 2F20     		movs	r0, #47
  90 0052 FFF7FEFF 		bl	SPI_WriteData
  91              	.LVL13:
  56:Module/lcd_cfg.c **** 
  57:Module/lcd_cfg.c **** SSD2828_WritePackageSize(2);
  92              		.loc 1 57 1 view .LVU15
  93 0056 0220     		movs	r0, #2
  94 0058 FFF7FEFF 		bl	SSD2828_WritePackageSize
  95              	.LVL14:
  58:Module/lcd_cfg.c **** SPI_WriteData(0x28);
  96              		.loc 1 58 1 view .LVU16
  97 005c 2820     		movs	r0, #40
  98 005e FFF7FEFF 		bl	SPI_WriteData
  99              	.LVL15:
  59:Module/lcd_cfg.c **** SPI_WriteData(0x00);
 100              		.loc 1 59 1 view .LVU17
 101 0062 0020     		movs	r0, #0
 102 0064 FFF7FEFF 		bl	SPI_WriteData
 103              	.LVL16:
  60:Module/lcd_cfg.c **** 
  61:Module/lcd_cfg.c **** SSD2828_WritePackageSize(2);
 104              		.loc 1 61 1 view .LVU18
 105 0068 0220     		movs	r0, #2
 106 006a FFF7FEFF 		bl	SSD2828_WritePackageSize
 107              	.LVL17:
  62:Module/lcd_cfg.c **** SPI_WriteData(0x10);
 108              		.loc 1 62 1 view .LVU19
 109 006e 1020     		movs	r0, #16
 110 0070 FFF7FEFF 		bl	SPI_WriteData
ARM GAS  C:\Users\ADMINI~1\AppData\Local\Temp\ccEmAkiv.s 			page 4


 111              	.LVL18:
  63:Module/lcd_cfg.c **** SPI_WriteData(0x00);
 112              		.loc 1 63 1 view .LVU20
 113 0074 0020     		movs	r0, #0
 114 0076 FFF7FEFF 		bl	SPI_WriteData
 115              	.LVL19:
  64:Module/lcd_cfg.c **** 
  65:Module/lcd_cfg.c **** bsp_DelayMS(100);
 116              		.loc 1 65 1 view .LVU21
 117 007a 6420     		movs	r0, #100
 118 007c FFF7FEFF 		bl	bsp_DelayMS
 119              	.LVL20:
  66:Module/lcd_cfg.c **** 
  67:Module/lcd_cfg.c **** 
  68:Module/lcd_cfg.c **** 
  69:Module/lcd_cfg.c **** SSD2828_WritePackageSize(3);
 120              		.loc 1 69 1 view .LVU22
 121 0080 0320     		movs	r0, #3
 122 0082 FFF7FEFF 		bl	SSD2828_WritePackageSize
 123              	.LVL21:
  70:Module/lcd_cfg.c **** SPI_WriteData(0x41);
 124              		.loc 1 70 1 view .LVU23
 125 0086 4120     		movs	r0, #65
 126 0088 FFF7FEFF 		bl	SPI_WriteData
 127              	.LVL22:
  71:Module/lcd_cfg.c **** SPI_WriteData(0x5A);
 128              		.loc 1 71 1 view .LVU24
 129 008c 5A20     		movs	r0, #90
 130 008e FFF7FEFF 		bl	SPI_WriteData
 131              	.LVL23:
  72:Module/lcd_cfg.c **** SPI_WriteData(0x08);
 132              		.loc 1 72 1 view .LVU25
 133 0092 0820     		movs	r0, #8
 134 0094 FFF7FEFF 		bl	SPI_WriteData
 135              	.LVL24:
  73:Module/lcd_cfg.c **** 
  74:Module/lcd_cfg.c **** SSD2828_WritePackageSize(5);
 136              		.loc 1 74 1 view .LVU26
 137 0098 0520     		movs	r0, #5
 138 009a FFF7FEFF 		bl	SSD2828_WritePackageSize
 139              	.LVL25:
  75:Module/lcd_cfg.c **** SPI_WriteData(0x80);
 140              		.loc 1 75 1 view .LVU27
 141 009e 8020     		movs	r0, #128
 142 00a0 FFF7FEFF 		bl	SPI_WriteData
 143              	.LVL26:
  76:Module/lcd_cfg.c **** SPI_WriteData(0x82);
 144              		.loc 1 76 1 view .LVU28
 145 00a4 8220     		movs	r0, #130
 146 00a6 FFF7FEFF 		bl	SPI_WriteData
 147              	.LVL27:
  77:Module/lcd_cfg.c **** SPI_WriteData(0x00);
 148              		.loc 1 77 1 view .LVU29
 149 00aa 0020     		movs	r0, #0
 150 00ac FFF7FEFF 		bl	SPI_WriteData
 151              	.LVL28:
  78:Module/lcd_cfg.c **** SPI_WriteData(0x82);
ARM GAS  C:\Users\ADMINI~1\AppData\Local\Temp\ccEmAkiv.s 			page 5


 152              		.loc 1 78 1 view .LVU30
 153 00b0 8220     		movs	r0, #130
 154 00b2 FFF7FEFF 		bl	SPI_WriteData
 155              	.LVL29:
  79:Module/lcd_cfg.c **** SPI_WriteData(0x00);
 156              		.loc 1 79 1 view .LVU31
 157 00b6 0020     		movs	r0, #0
 158 00b8 FFF7FEFF 		bl	SPI_WriteData
 159              	.LVL30:
  80:Module/lcd_cfg.c **** 
  81:Module/lcd_cfg.c **** 
  82:Module/lcd_cfg.c **** SSD2828_WritePackageSize(3);
 160              		.loc 1 82 1 view .LVU32
 161 00bc 0320     		movs	r0, #3
 162 00be FFF7FEFF 		bl	SSD2828_WritePackageSize
 163              	.LVL31:
  83:Module/lcd_cfg.c **** SPI_WriteData(0x41);
 164              		.loc 1 83 1 view .LVU33
 165 00c2 4120     		movs	r0, #65
 166 00c4 FFF7FEFF 		bl	SPI_WriteData
 167              	.LVL32:
  84:Module/lcd_cfg.c **** SPI_WriteData(0x5A);
 168              		.loc 1 84 1 view .LVU34
 169 00c8 5A20     		movs	r0, #90
 170 00ca FFF7FEFF 		bl	SPI_WriteData
 171              	.LVL33:
  85:Module/lcd_cfg.c **** SPI_WriteData(0x09);
 172              		.loc 1 85 1 view .LVU35
 173 00ce 0920     		movs	r0, #9
 174 00d0 FFF7FEFF 		bl	SPI_WriteData
 175              	.LVL34:
  86:Module/lcd_cfg.c **** 
  87:Module/lcd_cfg.c **** SSD2828_WritePackageSize(17);
 176              		.loc 1 87 1 view .LVU36
 177 00d4 1120     		movs	r0, #17
 178 00d6 FFF7FEFF 		bl	SSD2828_WritePackageSize
 179              	.LVL35:
  88:Module/lcd_cfg.c **** SPI_WriteData(0x80);
 180              		.loc 1 88 1 view .LVU37
 181 00da 8020     		movs	r0, #128
 182 00dc FFF7FEFF 		bl	SPI_WriteData
 183              	.LVL36:
  89:Module/lcd_cfg.c **** SPI_WriteData(0x1A);
 184              		.loc 1 89 1 view .LVU38
 185 00e0 1A20     		movs	r0, #26
 186 00e2 FFF7FEFF 		bl	SPI_WriteData
 187              	.LVL37:
  90:Module/lcd_cfg.c **** SPI_WriteData(0x01);
 188              		.loc 1 90 1 view .LVU39
 189 00e6 0120     		movs	r0, #1
 190 00e8 FFF7FEFF 		bl	SPI_WriteData
 191              	.LVL38:
  91:Module/lcd_cfg.c **** SPI_WriteData(0xAB);
 192              		.loc 1 91 1 view .LVU40
 193 00ec AB20     		movs	r0, #171
 194 00ee FFF7FEFF 		bl	SPI_WriteData
 195              	.LVL39:
ARM GAS  C:\Users\ADMINI~1\AppData\Local\Temp\ccEmAkiv.s 			page 6


  92:Module/lcd_cfg.c **** SPI_WriteData(0x95);
 196              		.loc 1 92 1 view .LVU41
 197 00f2 9520     		movs	r0, #149
 198 00f4 FFF7FEFF 		bl	SPI_WriteData
 199              	.LVL40:
  93:Module/lcd_cfg.c **** SPI_WriteData(0xA5);
 200              		.loc 1 93 1 view .LVU42
 201 00f8 A520     		movs	r0, #165
 202 00fa FFF7FEFF 		bl	SPI_WriteData
 203              	.LVL41:
  94:Module/lcd_cfg.c **** SPI_WriteData(0x97);
 204              		.loc 1 94 1 view .LVU43
 205 00fe 9720     		movs	r0, #151
 206 0100 FFF7FEFF 		bl	SPI_WriteData
 207              	.LVL42:
  95:Module/lcd_cfg.c **** SPI_WriteData(0x59);
 208              		.loc 1 95 1 view .LVU44
 209 0104 5920     		movs	r0, #89
 210 0106 FFF7FEFF 		bl	SPI_WriteData
 211              	.LVL43:
  96:Module/lcd_cfg.c **** SPI_WriteData(0x2A);
 212              		.loc 1 96 1 view .LVU45
 213 010a 2A20     		movs	r0, #42
 214 010c FFF7FEFF 		bl	SPI_WriteData
 215              	.LVL44:
  97:Module/lcd_cfg.c **** SPI_WriteData(0xB1);
 216              		.loc 1 97 1 view .LVU46
 217 0110 B120     		movs	r0, #177
 218 0112 FFF7FEFF 		bl	SPI_WriteData
 219              	.LVL45:
  98:Module/lcd_cfg.c **** SPI_WriteData(0x06);
 220              		.loc 1 98 1 view .LVU47
 221 0116 0620     		movs	r0, #6
 222 0118 FFF7FEFF 		bl	SPI_WriteData
 223              	.LVL46:
  99:Module/lcd_cfg.c **** SPI_WriteData(0x00);
 224              		.loc 1 99 1 view .LVU48
 225 011c 0020     		movs	r0, #0
 226 011e FFF7FEFF 		bl	SPI_WriteData
 227              	.LVL47:
 100:Module/lcd_cfg.c **** SPI_WriteData(0x00);
 228              		.loc 1 100 1 view .LVU49
 229 0122 0020     		movs	r0, #0
 230 0124 FFF7FEFF 		bl	SPI_WriteData
 231              	.LVL48:
 101:Module/lcd_cfg.c **** SPI_WriteData(0x80);
 232              		.loc 1 101 1 view .LVU50
 233 0128 8020     		movs	r0, #128
 234 012a FFF7FEFF 		bl	SPI_WriteData
 235              	.LVL49:
 102:Module/lcd_cfg.c **** SPI_WriteData(0x5F);
 236              		.loc 1 102 1 view .LVU51
 237 012e 5F20     		movs	r0, #95
 238 0130 FFF7FEFF 		bl	SPI_WriteData
 239              	.LVL50:
 103:Module/lcd_cfg.c **** SPI_WriteData(0x82);
 240              		.loc 1 103 1 view .LVU52
ARM GAS  C:\Users\ADMINI~1\AppData\Local\Temp\ccEmAkiv.s 			page 7


 241 0134 8220     		movs	r0, #130
 242 0136 FFF7FEFF 		bl	SPI_WriteData
 243              	.LVL51:
 104:Module/lcd_cfg.c **** SPI_WriteData(0x10);
 244              		.loc 1 104 1 view .LVU53
 245 013a 1020     		movs	r0, #16
 246 013c FFF7FEFF 		bl	SPI_WriteData
 247              	.LVL52:
 105:Module/lcd_cfg.c **** 
 106:Module/lcd_cfg.c **** SSD2828_WritePackageSize(17);
 248              		.loc 1 106 1 view .LVU54
 249 0140 1120     		movs	r0, #17
 250 0142 FFF7FEFF 		bl	SSD2828_WritePackageSize
 251              	.LVL53:
 107:Module/lcd_cfg.c **** SPI_WriteData(0x90);
 252              		.loc 1 107 1 view .LVU55
 253 0146 9020     		movs	r0, #144
 254 0148 FFF7FEFF 		bl	SPI_WriteData
 255              	.LVL54:
 108:Module/lcd_cfg.c **** SPI_WriteData(0x42);
 256              		.loc 1 108 1 view .LVU56
 257 014c 4220     		movs	r0, #66
 258 014e FFF7FEFF 		bl	SPI_WriteData
 259              	.LVL55:
 109:Module/lcd_cfg.c **** SPI_WriteData(0x44);
 260              		.loc 1 109 1 view .LVU57
 261 0152 4420     		movs	r0, #68
 262 0154 FFF7FEFF 		bl	SPI_WriteData
 263              	.LVL56:
 110:Module/lcd_cfg.c **** SPI_WriteData(0x84);
 264              		.loc 1 110 1 view .LVU58
 265 0158 8420     		movs	r0, #132
 266 015a FFF7FEFF 		bl	SPI_WriteData
 267              	.LVL57:
 111:Module/lcd_cfg.c **** SPI_WriteData(0x14);
 268              		.loc 1 111 1 view .LVU59
 269 015e 1420     		movs	r0, #20
 270 0160 FFF7FEFF 		bl	SPI_WriteData
 271              	.LVL58:
 112:Module/lcd_cfg.c **** SPI_WriteData(0xC6);
 272              		.loc 1 112 1 view .LVU60
 273 0164 C620     		movs	r0, #198
 274 0166 FFF7FEFF 		bl	SPI_WriteData
 275              	.LVL59:
 113:Module/lcd_cfg.c **** SPI_WriteData(0x13);
 276              		.loc 1 113 1 view .LVU61
 277 016a 1320     		movs	r0, #19
 278 016c FFF7FEFF 		bl	SPI_WriteData
 279              	.LVL60:
 114:Module/lcd_cfg.c **** SPI_WriteData(0x99);
 280              		.loc 1 114 1 view .LVU62
 281 0170 9920     		movs	r0, #153
 282 0172 FFF7FEFF 		bl	SPI_WriteData
 283              	.LVL61:
 115:Module/lcd_cfg.c **** SPI_WriteData(0x19);
 284              		.loc 1 115 1 view .LVU63
 285 0176 1920     		movs	r0, #25
ARM GAS  C:\Users\ADMINI~1\AppData\Local\Temp\ccEmAkiv.s 			page 8


 286 0178 FFF7FEFF 		bl	SPI_WriteData
 287              	.LVL62:
 116:Module/lcd_cfg.c **** SPI_WriteData(0xC0);
 288              		.loc 1 116 1 view .LVU64
 289 017c C020     		movs	r0, #192
 290 017e FFF7FEFF 		bl	SPI_WriteData
 291              	.LVL63:
 117:Module/lcd_cfg.c **** SPI_WriteData(0x4B);
 292              		.loc 1 117 1 view .LVU65
 293 0182 4B20     		movs	r0, #75
 294 0184 FFF7FEFF 		bl	SPI_WriteData
 295              	.LVL64:
 118:Module/lcd_cfg.c **** SPI_WriteData(0x1C);
 296              		.loc 1 118 1 view .LVU66
 297 0188 1C20     		movs	r0, #28
 298 018a FFF7FEFF 		bl	SPI_WriteData
 299              	.LVL65:
 119:Module/lcd_cfg.c **** SPI_WriteData(0xD6);
 300              		.loc 1 119 1 view .LVU67
 301 018e D620     		movs	r0, #214
 302 0190 FFF7FEFF 		bl	SPI_WriteData
 303              	.LVL66:
 120:Module/lcd_cfg.c **** SPI_WriteData(0x07);
 304              		.loc 1 120 1 view .LVU68
 305 0194 0720     		movs	r0, #7
 306 0196 FFF7FEFF 		bl	SPI_WriteData
 307              	.LVL67:
 121:Module/lcd_cfg.c **** SPI_WriteData(0x20);
 308              		.loc 1 121 1 view .LVU69
 309 019a 2020     		movs	r0, #32
 310 019c FFF7FEFF 		bl	SPI_WriteData
 311              	.LVL68:
 122:Module/lcd_cfg.c **** SPI_WriteData(0x27);
 312              		.loc 1 122 1 view .LVU70
 313 01a0 2720     		movs	r0, #39
 314 01a2 FFF7FEFF 		bl	SPI_WriteData
 315              	.LVL69:
 123:Module/lcd_cfg.c **** SPI_WriteData(0x00);
 316              		.loc 1 123 1 view .LVU71
 317 01a6 0020     		movs	r0, #0
 318 01a8 FFF7FEFF 		bl	SPI_WriteData
 319              	.LVL70:
 124:Module/lcd_cfg.c **** 
 125:Module/lcd_cfg.c **** SSD2828_WritePackageSize(17);
 320              		.loc 1 125 1 view .LVU72
 321 01ac 1120     		movs	r0, #17
 322 01ae FFF7FEFF 		bl	SSD2828_WritePackageSize
 323              	.LVL71:
 126:Module/lcd_cfg.c **** SPI_WriteData(0xA0);
 324              		.loc 1 126 1 view .LVU73
 325 01b2 A020     		movs	r0, #160
 326 01b4 FFF7FEFF 		bl	SPI_WriteData
 327              	.LVL72:
 127:Module/lcd_cfg.c **** SPI_WriteData(0x80);
 328              		.loc 1 127 1 view .LVU74
 329 01b8 8020     		movs	r0, #128
 330 01ba FFF7FEFF 		bl	SPI_WriteData
ARM GAS  C:\Users\ADMINI~1\AppData\Local\Temp\ccEmAkiv.s 			page 9


 331              	.LVL73:
 128:Module/lcd_cfg.c **** SPI_WriteData(0x90);
 332              		.loc 1 128 1 view .LVU75
 333 01be 9020     		movs	r0, #144
 334 01c0 FFF7FEFF 		bl	SPI_WriteData
 335              	.LVL74:
 129:Module/lcd_cfg.c **** SPI_WriteData(0x20);
 336              		.loc 1 129 1 view .LVU76
 337 01c4 2020     		movs	r0, #32
 338 01c6 FFF7FEFF 		bl	SPI_WriteData
 339              	.LVL75:
 130:Module/lcd_cfg.c **** SPI_WriteData(0xAA);
 340              		.loc 1 130 1 view .LVU77
 341 01ca AA20     		movs	r0, #170
 342 01cc FFF7FEFF 		bl	SPI_WriteData
 343              	.LVL76:
 131:Module/lcd_cfg.c **** SPI_WriteData(0x00);
 344              		.loc 1 131 1 view .LVU78
 345 01d0 0020     		movs	r0, #0
 346 01d2 FFF7FEFF 		bl	SPI_WriteData
 347              	.LVL77:
 132:Module/lcd_cfg.c **** SPI_WriteData(0x04);
 348              		.loc 1 132 1 view .LVU79
 349 01d6 0420     		movs	r0, #4
 350 01d8 FFF7FEFF 		bl	SPI_WriteData
 351              	.LVL78:
 133:Module/lcd_cfg.c **** SPI_WriteData(0x55);
 352              		.loc 1 133 1 view .LVU80
 353 01dc 5520     		movs	r0, #85
 354 01de FFF7FEFF 		bl	SPI_WriteData
 355              	.LVL79:
 134:Module/lcd_cfg.c **** SPI_WriteData(0x55);
 356              		.loc 1 134 1 view .LVU81
 357 01e2 5520     		movs	r0, #85
 358 01e4 FFF7FEFF 		bl	SPI_WriteData
 359              	.LVL80:
 135:Module/lcd_cfg.c **** SPI_WriteData(0x05);
 360              		.loc 1 135 1 view .LVU82
 361 01e8 0520     		movs	r0, #5
 362 01ea FFF7FEFF 		bl	SPI_WriteData
 363              	.LVL81:
 136:Module/lcd_cfg.c **** SPI_WriteData(0x00);
 364              		.loc 1 136 1 view .LVU83
 365 01ee 0020     		movs	r0, #0
 366 01f0 FFF7FEFF 		bl	SPI_WriteData
 367              	.LVL82:
 137:Module/lcd_cfg.c **** SPI_WriteData(0x1F);
 368              		.loc 1 137 1 view .LVU84
 369 01f4 1F20     		movs	r0, #31
 370 01f6 FFF7FEFF 		bl	SPI_WriteData
 371              	.LVL83:
 138:Module/lcd_cfg.c **** SPI_WriteData(0x15);
 372              		.loc 1 138 1 view .LVU85
 373 01fa 1520     		movs	r0, #21
 374 01fc FFF7FEFF 		bl	SPI_WriteData
 375              	.LVL84:
 139:Module/lcd_cfg.c **** SPI_WriteData(0x42);
ARM GAS  C:\Users\ADMINI~1\AppData\Local\Temp\ccEmAkiv.s 			page 10


 376              		.loc 1 139 1 view .LVU86
 377 0200 4220     		movs	r0, #66
 378 0202 FFF7FEFF 		bl	SPI_WriteData
 379              	.LVL85:
 140:Module/lcd_cfg.c **** SPI_WriteData(0x00);
 380              		.loc 1 140 1 view .LVU87
 381 0206 0020     		movs	r0, #0
 382 0208 FFF7FEFF 		bl	SPI_WriteData
 383              	.LVL86:
 141:Module/lcd_cfg.c **** SPI_WriteData(0xFE);
 384              		.loc 1 141 1 view .LVU88
 385 020c FE20     		movs	r0, #254
 386 020e FFF7FEFF 		bl	SPI_WriteData
 387              	.LVL87:
 142:Module/lcd_cfg.c **** SPI_WriteData(0xFF);
 388              		.loc 1 142 1 view .LVU89
 389 0212 FF20     		movs	r0, #255
 390 0214 FFF7FEFF 		bl	SPI_WriteData
 391              	.LVL88:
 143:Module/lcd_cfg.c **** 
 144:Module/lcd_cfg.c **** SSD2828_WritePackageSize(17);
 392              		.loc 1 144 1 view .LVU90
 393 0218 1120     		movs	r0, #17
 394 021a FFF7FEFF 		bl	SSD2828_WritePackageSize
 395              	.LVL89:
 145:Module/lcd_cfg.c **** SPI_WriteData(0xB0);
 396              		.loc 1 145 1 view .LVU91
 397 021e B020     		movs	r0, #176
 398 0220 FFF7FEFF 		bl	SPI_WriteData
 399              	.LVL90:
 146:Module/lcd_cfg.c **** SPI_WriteData(0x03);
 400              		.loc 1 146 1 view .LVU92
 401 0224 0320     		movs	r0, #3
 402 0226 FFF7FEFF 		bl	SPI_WriteData
 403              	.LVL91:
 147:Module/lcd_cfg.c **** SPI_WriteData(0xE9);
 404              		.loc 1 147 1 view .LVU93
 405 022a E920     		movs	r0, #233
 406 022c FFF7FEFF 		bl	SPI_WriteData
 407              	.LVL92:
 148:Module/lcd_cfg.c **** SPI_WriteData(0xD9);
 408              		.loc 1 148 1 view .LVU94
 409 0230 D920     		movs	r0, #217
 410 0232 FFF7FEFF 		bl	SPI_WriteData
 411              	.LVL93:
 149:Module/lcd_cfg.c **** SPI_WriteData(0x00);
 412              		.loc 1 149 1 view .LVU95
 413 0236 0020     		movs	r0, #0
 414 0238 FFF7FEFF 		bl	SPI_WriteData
 415              	.LVL94:
 150:Module/lcd_cfg.c **** SPI_WriteData(0x16);
 416              		.loc 1 150 1 view .LVU96
 417 023c 1620     		movs	r0, #22
 418 023e FFF7FEFF 		bl	SPI_WriteData
 419              	.LVL95:
 151:Module/lcd_cfg.c **** SPI_WriteData(0x01);
 420              		.loc 1 151 1 view .LVU97
ARM GAS  C:\Users\ADMINI~1\AppData\Local\Temp\ccEmAkiv.s 			page 11


 421 0242 0120     		movs	r0, #1
 422 0244 FFF7FEFF 		bl	SPI_WriteData
 423              	.LVL96:
 152:Module/lcd_cfg.c **** SPI_WriteData(0x16);
 424              		.loc 1 152 1 view .LVU98
 425 0248 1620     		movs	r0, #22
 426 024a FFF7FEFF 		bl	SPI_WriteData
 427              	.LVL97:
 153:Module/lcd_cfg.c **** SPI_WriteData(0x01);
 428              		.loc 1 153 1 view .LVU99
 429 024e 0120     		movs	r0, #1
 430 0250 FFF7FEFF 		bl	SPI_WriteData
 431              	.LVL98:
 154:Module/lcd_cfg.c **** SPI_WriteData(0x00);
 432              		.loc 1 154 1 view .LVU100
 433 0254 0020     		movs	r0, #0
 434 0256 FFF7FEFF 		bl	SPI_WriteData
 435              	.LVL99:
 155:Module/lcd_cfg.c **** SPI_WriteData(0x00);
 436              		.loc 1 155 1 view .LVU101
 437 025a 0020     		movs	r0, #0
 438 025c FFF7FEFF 		bl	SPI_WriteData
 439              	.LVL100:
 156:Module/lcd_cfg.c **** SPI_WriteData(0x00);
 440              		.loc 1 156 1 view .LVU102
 441 0260 0020     		movs	r0, #0
 442 0262 FFF7FEFF 		bl	SPI_WriteData
 443              	.LVL101:
 157:Module/lcd_cfg.c **** SPI_WriteData(0x41);
 444              		.loc 1 157 1 view .LVU103
 445 0266 4120     		movs	r0, #65
 446 0268 FFF7FEFF 		bl	SPI_WriteData
 447              	.LVL102:
 158:Module/lcd_cfg.c **** SPI_WriteData(0x25);
 448              		.loc 1 158 1 view .LVU104
 449 026c 2520     		movs	r0, #37
 450 026e FFF7FEFF 		bl	SPI_WriteData
 451              	.LVL103:
 159:Module/lcd_cfg.c **** SPI_WriteData(0x00);
 452              		.loc 1 159 1 view .LVU105
 453 0272 0020     		movs	r0, #0
 454 0274 FFF7FEFF 		bl	SPI_WriteData
 455              	.LVL104:
 160:Module/lcd_cfg.c **** SPI_WriteData(0x4A);
 456              		.loc 1 160 1 view .LVU106
 457 0278 4A20     		movs	r0, #74
 458 027a FFF7FEFF 		bl	SPI_WriteData
 459              	.LVL105:
 161:Module/lcd_cfg.c **** SPI_WriteData(0x00);
 460              		.loc 1 161 1 view .LVU107
 461 027e 0020     		movs	r0, #0
 462 0280 FFF7FEFF 		bl	SPI_WriteData
 463              	.LVL106:
 162:Module/lcd_cfg.c **** 
 163:Module/lcd_cfg.c **** SSD2828_WritePackageSize(17);
 464              		.loc 1 163 1 view .LVU108
 465 0284 1120     		movs	r0, #17
ARM GAS  C:\Users\ADMINI~1\AppData\Local\Temp\ccEmAkiv.s 			page 12


 466 0286 FFF7FEFF 		bl	SSD2828_WritePackageSize
 467              	.LVL107:
 164:Module/lcd_cfg.c **** SPI_WriteData(0xC0);
 468              		.loc 1 164 1 view .LVU109
 469 028a C020     		movs	r0, #192
 470 028c FFF7FEFF 		bl	SPI_WriteData
 471              	.LVL108:
 165:Module/lcd_cfg.c **** SPI_WriteData(0x00);
 472              		.loc 1 165 1 view .LVU110
 473 0290 0020     		movs	r0, #0
 474 0292 FFF7FEFF 		bl	SPI_WriteData
 475              	.LVL109:
 166:Module/lcd_cfg.c **** SPI_WriteData(0x00);
 476              		.loc 1 166 1 view .LVU111
 477 0296 0020     		movs	r0, #0
 478 0298 FFF7FEFF 		bl	SPI_WriteData
 479              	.LVL110:
 167:Module/lcd_cfg.c **** SPI_WriteData(0x00);
 480              		.loc 1 167 1 view .LVU112
 481 029c 0020     		movs	r0, #0
 482 029e FFF7FEFF 		bl	SPI_WriteData
 483              	.LVL111:
 168:Module/lcd_cfg.c **** SPI_WriteData(0x00);
 484              		.loc 1 168 1 view .LVU113
 485 02a2 0020     		movs	r0, #0
 486 02a4 FFF7FEFF 		bl	SPI_WriteData
 487              	.LVL112:
 169:Module/lcd_cfg.c **** SPI_WriteData(0x00);
 488              		.loc 1 169 1 view .LVU114
 489 02a8 0020     		movs	r0, #0
 490 02aa FFF7FEFF 		bl	SPI_WriteData
 491              	.LVL113:
 170:Module/lcd_cfg.c **** SPI_WriteData(0x00);
 492              		.loc 1 170 1 view .LVU115
 493 02ae 0020     		movs	r0, #0
 494 02b0 FFF7FEFF 		bl	SPI_WriteData
 495              	.LVL114:
 171:Module/lcd_cfg.c **** SPI_WriteData(0x00);
 496              		.loc 1 171 1 view .LVU116
 497 02b4 0020     		movs	r0, #0
 498 02b6 FFF7FEFF 		bl	SPI_WriteData
 499              	.LVL115:
 172:Module/lcd_cfg.c **** SPI_WriteData(0x00);
 500              		.loc 1 172 1 view .LVU117
 501 02ba 0020     		movs	r0, #0
 502 02bc FFF7FEFF 		bl	SPI_WriteData
 503              	.LVL116:
 173:Module/lcd_cfg.c **** SPI_WriteData(0x10);
 504              		.loc 1 173 1 view .LVU118
 505 02c0 1020     		movs	r0, #16
 506 02c2 FFF7FEFF 		bl	SPI_WriteData
 507              	.LVL117:
 174:Module/lcd_cfg.c **** SPI_WriteData(0x04);
 508              		.loc 1 174 1 view .LVU119
 509 02c6 0420     		movs	r0, #4
 510 02c8 FFF7FEFF 		bl	SPI_WriteData
 511              	.LVL118:
ARM GAS  C:\Users\ADMINI~1\AppData\Local\Temp\ccEmAkiv.s 			page 13


 175:Module/lcd_cfg.c **** SPI_WriteData(0x02);
 512              		.loc 1 175 1 view .LVU120
 513 02cc 0220     		movs	r0, #2
 514 02ce FFF7FEFF 		bl	SPI_WriteData
 515              	.LVL119:
 176:Module/lcd_cfg.c **** SPI_WriteData(0x00);
 516              		.loc 1 176 1 view .LVU121
 517 02d2 0020     		movs	r0, #0
 518 02d4 FFF7FEFF 		bl	SPI_WriteData
 519              	.LVL120:
 177:Module/lcd_cfg.c **** SPI_WriteData(0x07);
 520              		.loc 1 177 1 view .LVU122
 521 02d8 0720     		movs	r0, #7
 522 02da FFF7FEFF 		bl	SPI_WriteData
 523              	.LVL121:
 178:Module/lcd_cfg.c **** SPI_WriteData(0x00);
 524              		.loc 1 178 1 view .LVU123
 525 02de 0020     		movs	r0, #0
 526 02e0 FFF7FEFF 		bl	SPI_WriteData
 527              	.LVL122:
 179:Module/lcd_cfg.c **** SPI_WriteData(0x08);
 528              		.loc 1 179 1 view .LVU124
 529 02e4 0820     		movs	r0, #8
 530 02e6 FFF7FEFF 		bl	SPI_WriteData
 531              	.LVL123:
 180:Module/lcd_cfg.c **** SPI_WriteData(0x18);
 532              		.loc 1 180 1 view .LVU125
 533 02ea 1820     		movs	r0, #24
 534 02ec FFF7FEFF 		bl	SPI_WriteData
 535              	.LVL124:
 181:Module/lcd_cfg.c **** 
 182:Module/lcd_cfg.c **** SSD2828_WritePackageSize(3);
 536              		.loc 1 182 1 view .LVU126
 537 02f0 0320     		movs	r0, #3
 538 02f2 FFF7FEFF 		bl	SSD2828_WritePackageSize
 539              	.LVL125:
 183:Module/lcd_cfg.c **** SPI_WriteData(0xD0);
 540              		.loc 1 183 1 view .LVU127
 541 02f6 D020     		movs	r0, #208
 542 02f8 FFF7FEFF 		bl	SPI_WriteData
 543              	.LVL126:
 184:Module/lcd_cfg.c **** SPI_WriteData(0x00);
 544              		.loc 1 184 1 view .LVU128
 545 02fc 0020     		movs	r0, #0
 546 02fe FFF7FEFF 		bl	SPI_WriteData
 547              	.LVL127:
 185:Module/lcd_cfg.c **** SPI_WriteData(0x00);
 548              		.loc 1 185 1 view .LVU129
 549 0302 0020     		movs	r0, #0
 550 0304 FFF7FEFF 		bl	SPI_WriteData
 551              	.LVL128:
 186:Module/lcd_cfg.c **** 
 187:Module/lcd_cfg.c **** SSD2828_WritePackageSize(3);
 552              		.loc 1 187 1 view .LVU130
 553 0308 0320     		movs	r0, #3
 554 030a FFF7FEFF 		bl	SSD2828_WritePackageSize
 555              	.LVL129:
ARM GAS  C:\Users\ADMINI~1\AppData\Local\Temp\ccEmAkiv.s 			page 14


 188:Module/lcd_cfg.c **** SPI_WriteData(0x41);
 556              		.loc 1 188 1 view .LVU131
 557 030e 4120     		movs	r0, #65
 558 0310 FFF7FEFF 		bl	SPI_WriteData
 559              	.LVL130:
 189:Module/lcd_cfg.c **** SPI_WriteData(0x5A);
 560              		.loc 1 189 1 view .LVU132
 561 0314 5A20     		movs	r0, #90
 562 0316 FFF7FEFF 		bl	SPI_WriteData
 563              	.LVL131:
 190:Module/lcd_cfg.c **** SPI_WriteData(0x0A);
 564              		.loc 1 190 1 view .LVU133
 565 031a 0A20     		movs	r0, #10
 566 031c FFF7FEFF 		bl	SPI_WriteData
 567              	.LVL132:
 191:Module/lcd_cfg.c **** 
 192:Module/lcd_cfg.c **** SSD2828_WritePackageSize(17);
 568              		.loc 1 192 1 view .LVU134
 569 0320 1120     		movs	r0, #17
 570 0322 FFF7FEFF 		bl	SSD2828_WritePackageSize
 571              	.LVL133:
 193:Module/lcd_cfg.c **** SPI_WriteData(0x80);
 572              		.loc 1 193 1 view .LVU135
 573 0326 8020     		movs	r0, #128
 574 0328 FFF7FEFF 		bl	SPI_WriteData
 575              	.LVL134:
 194:Module/lcd_cfg.c **** SPI_WriteData(0x7D);
 576              		.loc 1 194 1 view .LVU136
 577 032c 7D20     		movs	r0, #125
 578 032e FFF7FEFF 		bl	SPI_WriteData
 579              	.LVL135:
 195:Module/lcd_cfg.c **** SPI_WriteData(0x7D);
 580              		.loc 1 195 1 view .LVU137
 581 0332 7D20     		movs	r0, #125
 582 0334 FFF7FEFF 		bl	SPI_WriteData
 583              	.LVL136:
 196:Module/lcd_cfg.c **** SPI_WriteData(0xD4);
 584              		.loc 1 196 1 view .LVU138
 585 0338 D420     		movs	r0, #212
 586 033a FFF7FEFF 		bl	SPI_WriteData
 587              	.LVL137:
 197:Module/lcd_cfg.c **** SPI_WriteData(0x30);
 588              		.loc 1 197 1 view .LVU139
 589 033e 3020     		movs	r0, #48
 590 0340 FFF7FEFF 		bl	SPI_WriteData
 591              	.LVL138:
 198:Module/lcd_cfg.c **** SPI_WriteData(0x40);
 592              		.loc 1 198 1 view .LVU140
 593 0344 4020     		movs	r0, #64
 594 0346 FFF7FEFF 		bl	SPI_WriteData
 595              	.LVL139:
 199:Module/lcd_cfg.c **** SPI_WriteData(0x2B);
 596              		.loc 1 199 1 view .LVU141
 597 034a 2B20     		movs	r0, #43
 598 034c FFF7FEFF 		bl	SPI_WriteData
 599              	.LVL140:
 200:Module/lcd_cfg.c **** SPI_WriteData(0x3A);
ARM GAS  C:\Users\ADMINI~1\AppData\Local\Temp\ccEmAkiv.s 			page 15


 600              		.loc 1 200 1 view .LVU142
 601 0350 3A20     		movs	r0, #58
 602 0352 FFF7FEFF 		bl	SPI_WriteData
 603              	.LVL141:
 201:Module/lcd_cfg.c **** SPI_WriteData(0x42);
 604              		.loc 1 201 1 view .LVU143
 605 0356 4220     		movs	r0, #66
 606 0358 FFF7FEFF 		bl	SPI_WriteData
 607              	.LVL142:
 202:Module/lcd_cfg.c **** SPI_WriteData(0x4B);
 608              		.loc 1 202 1 view .LVU144
 609 035c 4B20     		movs	r0, #75
 610 035e FFF7FEFF 		bl	SPI_WriteData
 611              	.LVL143:
 203:Module/lcd_cfg.c **** SPI_WriteData(0x59);
 612              		.loc 1 203 1 view .LVU145
 613 0362 5920     		movs	r0, #89
 614 0364 FFF7FEFF 		bl	SPI_WriteData
 615              	.LVL144:
 204:Module/lcd_cfg.c **** SPI_WriteData(0x65);
 616              		.loc 1 204 1 view .LVU146
 617 0368 6520     		movs	r0, #101
 618 036a FFF7FEFF 		bl	SPI_WriteData
 619              	.LVL145:
 205:Module/lcd_cfg.c **** SPI_WriteData(0x66);
 620              		.loc 1 205 1 view .LVU147
 621 036e 6620     		movs	r0, #102
 622 0370 FFF7FEFF 		bl	SPI_WriteData
 623              	.LVL146:
 206:Module/lcd_cfg.c **** SPI_WriteData(0x73);
 624              		.loc 1 206 1 view .LVU148
 625 0374 7320     		movs	r0, #115
 626 0376 FFF7FEFF 		bl	SPI_WriteData
 627              	.LVL147:
 207:Module/lcd_cfg.c **** SPI_WriteData(0x74);
 628              		.loc 1 207 1 view .LVU149
 629 037a 7420     		movs	r0, #116
 630 037c FFF7FEFF 		bl	SPI_WriteData
 631              	.LVL148:
 208:Module/lcd_cfg.c **** SPI_WriteData(0x86);
 632              		.loc 1 208 1 view .LVU150
 633 0380 8620     		movs	r0, #134
 634 0382 FFF7FEFF 		bl	SPI_WriteData
 635              	.LVL149:
 209:Module/lcd_cfg.c **** SPI_WriteData(0x80);
 636              		.loc 1 209 1 view .LVU151
 637 0386 8020     		movs	r0, #128
 638 0388 FFF7FEFF 		bl	SPI_WriteData
 639              	.LVL150:
 210:Module/lcd_cfg.c **** 
 211:Module/lcd_cfg.c **** SSD2828_WritePackageSize(17);
 640              		.loc 1 211 1 view .LVU152
 641 038c 1120     		movs	r0, #17
 642 038e FFF7FEFF 		bl	SSD2828_WritePackageSize
 643              	.LVL151:
 212:Module/lcd_cfg.c **** SPI_WriteData(0x90);
 644              		.loc 1 212 1 view .LVU153
ARM GAS  C:\Users\ADMINI~1\AppData\Local\Temp\ccEmAkiv.s 			page 16


 645 0392 9020     		movs	r0, #144
 646 0394 FFF7FEFF 		bl	SPI_WriteData
 647              	.LVL152:
 213:Module/lcd_cfg.c **** SPI_WriteData(0x6F);
 648              		.loc 1 213 1 view .LVU154
 649 0398 6F20     		movs	r0, #111
 650 039a FFF7FEFF 		bl	SPI_WriteData
 651              	.LVL153:
 214:Module/lcd_cfg.c **** SPI_WriteData(0x71);
 652              		.loc 1 214 1 view .LVU155
 653 039e 7120     		movs	r0, #113
 654 03a0 FFF7FEFF 		bl	SPI_WriteData
 655              	.LVL154:
 215:Module/lcd_cfg.c **** SPI_WriteData(0x67);
 656              		.loc 1 215 1 view .LVU156
 657 03a4 6720     		movs	r0, #103
 658 03a6 FFF7FEFF 		bl	SPI_WriteData
 659              	.LVL155:
 216:Module/lcd_cfg.c **** SPI_WriteData(0x60);
 660              		.loc 1 216 1 view .LVU157
 661 03aa 6020     		movs	r0, #96
 662 03ac FFF7FEFF 		bl	SPI_WriteData
 663              	.LVL156:
 217:Module/lcd_cfg.c **** SPI_WriteData(0x56);
 664              		.loc 1 217 1 view .LVU158
 665 03b0 5620     		movs	r0, #86
 666 03b2 FFF7FEFF 		bl	SPI_WriteData
 667              	.LVL157:
 218:Module/lcd_cfg.c **** SPI_WriteData(0x46);
 668              		.loc 1 218 1 view .LVU159
 669 03b6 4620     		movs	r0, #70
 670 03b8 FFF7FEFF 		bl	SPI_WriteData
 671              	.LVL158:
 219:Module/lcd_cfg.c **** SPI_WriteData(0x3A);
 672              		.loc 1 219 1 view .LVU160
 673 03bc 3A20     		movs	r0, #58
 674 03be FFF7FEFF 		bl	SPI_WriteData
 675              	.LVL159:
 220:Module/lcd_cfg.c **** SPI_WriteData(0x31);
 676              		.loc 1 220 1 view .LVU161
 677 03c2 3120     		movs	r0, #49
 678 03c4 FFF7FEFF 		bl	SPI_WriteData
 679              	.LVL160:
 221:Module/lcd_cfg.c **** SPI_WriteData(0x20);
 680              		.loc 1 221 1 view .LVU162
 681 03c8 2020     		movs	r0, #32
 682 03ca FFF7FEFF 		bl	SPI_WriteData
 683              	.LVL161:
 222:Module/lcd_cfg.c **** SPI_WriteData(0x0E);
 684              		.loc 1 222 1 view .LVU163
 685 03ce 0E20     		movs	r0, #14
 686 03d0 FFF7FEFF 		bl	SPI_WriteData
 687              	.LVL162:
 223:Module/lcd_cfg.c **** SPI_WriteData(0x0A);
 688              		.loc 1 223 1 view .LVU164
 689 03d4 0A20     		movs	r0, #10
 690 03d6 FFF7FEFF 		bl	SPI_WriteData
ARM GAS  C:\Users\ADMINI~1\AppData\Local\Temp\ccEmAkiv.s 			page 17


 691              	.LVL163:
 224:Module/lcd_cfg.c **** SPI_WriteData(0x30);
 692              		.loc 1 224 1 view .LVU165
 693 03da 3020     		movs	r0, #48
 694 03dc FFF7FEFF 		bl	SPI_WriteData
 695              	.LVL164:
 225:Module/lcd_cfg.c **** SPI_WriteData(0x40);
 696              		.loc 1 225 1 view .LVU166
 697 03e0 4020     		movs	r0, #64
 698 03e2 FFF7FEFF 		bl	SPI_WriteData
 699              	.LVL165:
 226:Module/lcd_cfg.c **** SPI_WriteData(0x2B);
 700              		.loc 1 226 1 view .LVU167
 701 03e6 2B20     		movs	r0, #43
 702 03e8 FFF7FEFF 		bl	SPI_WriteData
 703              	.LVL166:
 227:Module/lcd_cfg.c **** SPI_WriteData(0x3A);
 704              		.loc 1 227 1 view .LVU168
 705 03ec 3A20     		movs	r0, #58
 706 03ee FFF7FEFF 		bl	SPI_WriteData
 707              	.LVL167:
 228:Module/lcd_cfg.c **** SPI_WriteData(0x42);
 708              		.loc 1 228 1 view .LVU169
 709 03f2 4220     		movs	r0, #66
 710 03f4 FFF7FEFF 		bl	SPI_WriteData
 711              	.LVL168:
 229:Module/lcd_cfg.c **** 
 230:Module/lcd_cfg.c **** SSD2828_WritePackageSize(17);
 712              		.loc 1 230 1 view .LVU170
 713 03f8 1120     		movs	r0, #17
 714 03fa FFF7FEFF 		bl	SSD2828_WritePackageSize
 715              	.LVL169:
 231:Module/lcd_cfg.c **** SPI_WriteData(0xA0);
 716              		.loc 1 231 1 view .LVU171
 717 03fe A020     		movs	r0, #160
 718 0400 FFF7FEFF 		bl	SPI_WriteData
 719              	.LVL170:
 232:Module/lcd_cfg.c **** SPI_WriteData(0x4B);
 720              		.loc 1 232 1 view .LVU172
 721 0404 4B20     		movs	r0, #75
 722 0406 FFF7FEFF 		bl	SPI_WriteData
 723              	.LVL171:
 233:Module/lcd_cfg.c **** SPI_WriteData(0x59);
 724              		.loc 1 233 1 view .LVU173
 725 040a 5920     		movs	r0, #89
 726 040c FFF7FEFF 		bl	SPI_WriteData
 727              	.LVL172:
 234:Module/lcd_cfg.c **** SPI_WriteData(0x65);
 728              		.loc 1 234 1 view .LVU174
 729 0410 6520     		movs	r0, #101
 730 0412 FFF7FEFF 		bl	SPI_WriteData
 731              	.LVL173:
 235:Module/lcd_cfg.c **** SPI_WriteData(0x66);
 732              		.loc 1 235 1 view .LVU175
 733 0416 6620     		movs	r0, #102
 734 0418 FFF7FEFF 		bl	SPI_WriteData
 735              	.LVL174:
ARM GAS  C:\Users\ADMINI~1\AppData\Local\Temp\ccEmAkiv.s 			page 18


 236:Module/lcd_cfg.c **** SPI_WriteData(0x73);
 736              		.loc 1 236 1 view .LVU176
 737 041c 7320     		movs	r0, #115
 738 041e FFF7FEFF 		bl	SPI_WriteData
 739              	.LVL175:
 237:Module/lcd_cfg.c **** SPI_WriteData(0x74);
 740              		.loc 1 237 1 view .LVU177
 741 0422 7420     		movs	r0, #116
 742 0424 FFF7FEFF 		bl	SPI_WriteData
 743              	.LVL176:
 238:Module/lcd_cfg.c **** SPI_WriteData(0x86);
 744              		.loc 1 238 1 view .LVU178
 745 0428 8620     		movs	r0, #134
 746 042a FFF7FEFF 		bl	SPI_WriteData
 747              	.LVL177:
 239:Module/lcd_cfg.c **** SPI_WriteData(0x80);
 748              		.loc 1 239 1 view .LVU179
 749 042e 8020     		movs	r0, #128
 750 0430 FFF7FEFF 		bl	SPI_WriteData
 751              	.LVL178:
 240:Module/lcd_cfg.c **** SPI_WriteData(0x6F);
 752              		.loc 1 240 1 view .LVU180
 753 0434 6F20     		movs	r0, #111
 754 0436 FFF7FEFF 		bl	SPI_WriteData
 755              	.LVL179:
 241:Module/lcd_cfg.c **** SPI_WriteData(0x71);
 756              		.loc 1 241 1 view .LVU181
 757 043a 7120     		movs	r0, #113
 758 043c FFF7FEFF 		bl	SPI_WriteData
 759              	.LVL180:
 242:Module/lcd_cfg.c **** SPI_WriteData(0x67);
 760              		.loc 1 242 1 view .LVU182
 761 0440 6720     		movs	r0, #103
 762 0442 FFF7FEFF 		bl	SPI_WriteData
 763              	.LVL181:
 243:Module/lcd_cfg.c **** SPI_WriteData(0x60);
 764              		.loc 1 243 1 view .LVU183
 765 0446 6020     		movs	r0, #96
 766 0448 FFF7FEFF 		bl	SPI_WriteData
 767              	.LVL182:
 244:Module/lcd_cfg.c **** SPI_WriteData(0x56);
 768              		.loc 1 244 1 view .LVU184
 769 044c 5620     		movs	r0, #86
 770 044e FFF7FEFF 		bl	SPI_WriteData
 771              	.LVL183:
 245:Module/lcd_cfg.c **** SPI_WriteData(0x46);
 772              		.loc 1 245 1 view .LVU185
 773 0452 4620     		movs	r0, #70
 774 0454 FFF7FEFF 		bl	SPI_WriteData
 775              	.LVL184:
 246:Module/lcd_cfg.c **** SPI_WriteData(0x3A);
 776              		.loc 1 246 1 view .LVU186
 777 0458 3A20     		movs	r0, #58
 778 045a FFF7FEFF 		bl	SPI_WriteData
 779              	.LVL185:
 247:Module/lcd_cfg.c **** SPI_WriteData(0x31);
 780              		.loc 1 247 1 view .LVU187
ARM GAS  C:\Users\ADMINI~1\AppData\Local\Temp\ccEmAkiv.s 			page 19


 781 045e 3120     		movs	r0, #49
 782 0460 FFF7FEFF 		bl	SPI_WriteData
 783              	.LVL186:
 248:Module/lcd_cfg.c **** 
 249:Module/lcd_cfg.c **** SSD2828_WritePackageSize(4);
 784              		.loc 1 249 1 view .LVU188
 785 0464 0420     		movs	r0, #4
 786 0466 FFF7FEFF 		bl	SSD2828_WritePackageSize
 787              	.LVL187:
 250:Module/lcd_cfg.c **** SPI_WriteData(0xB0);
 788              		.loc 1 250 1 view .LVU189
 789 046a B020     		movs	r0, #176
 790 046c FFF7FEFF 		bl	SPI_WriteData
 791              	.LVL188:
 251:Module/lcd_cfg.c **** SPI_WriteData(0x20);
 792              		.loc 1 251 1 view .LVU190
 793 0470 2020     		movs	r0, #32
 794 0472 FFF7FEFF 		bl	SPI_WriteData
 795              	.LVL189:
 252:Module/lcd_cfg.c **** SPI_WriteData(0x0E);
 796              		.loc 1 252 1 view .LVU191
 797 0476 0E20     		movs	r0, #14
 798 0478 FFF7FEFF 		bl	SPI_WriteData
 799              	.LVL190:
 253:Module/lcd_cfg.c **** SPI_WriteData(0x0A);
 800              		.loc 1 253 1 view .LVU192
 801 047c 0A20     		movs	r0, #10
 802 047e FFF7FEFF 		bl	SPI_WriteData
 803              	.LVL191:
 254:Module/lcd_cfg.c **** 
 255:Module/lcd_cfg.c **** //Blank11
 256:Module/lcd_cfg.c **** SSD2828_WritePackageSize(3);
 804              		.loc 1 256 1 view .LVU193
 805 0482 0320     		movs	r0, #3
 806 0484 FFF7FEFF 		bl	SSD2828_WritePackageSize
 807              	.LVL192:
 257:Module/lcd_cfg.c **** SPI_WriteData(0x41);
 808              		.loc 1 257 1 view .LVU194
 809 0488 4120     		movs	r0, #65
 810 048a FFF7FEFF 		bl	SPI_WriteData
 811              	.LVL193:
 258:Module/lcd_cfg.c **** SPI_WriteData(0x5A);
 812              		.loc 1 258 1 view .LVU195
 813 048e 5A20     		movs	r0, #90
 814 0490 FFF7FEFF 		bl	SPI_WriteData
 815              	.LVL194:
 259:Module/lcd_cfg.c **** SPI_WriteData(0x0B);
 816              		.loc 1 259 1 view .LVU196
 817 0494 0B20     		movs	r0, #11
 818 0496 FFF7FEFF 		bl	SPI_WriteData
 819              	.LVL195:
 260:Module/lcd_cfg.c **** 
 261:Module/lcd_cfg.c **** SSD2828_WritePackageSize(17);
 820              		.loc 1 261 1 view .LVU197
 821 049a 1120     		movs	r0, #17
 822 049c FFF7FEFF 		bl	SSD2828_WritePackageSize
 823              	.LVL196:
ARM GAS  C:\Users\ADMINI~1\AppData\Local\Temp\ccEmAkiv.s 			page 20


 262:Module/lcd_cfg.c **** SPI_WriteData(0x80);
 824              		.loc 1 262 1 view .LVU198
 825 04a0 8020     		movs	r0, #128
 826 04a2 FFF7FEFF 		bl	SPI_WriteData
 827              	.LVL197:
 263:Module/lcd_cfg.c **** SPI_WriteData(0x00);
 828              		.loc 1 263 1 view .LVU199
 829 04a6 0020     		movs	r0, #0
 830 04a8 FFF7FEFF 		bl	SPI_WriteData
 831              	.LVL198:
 264:Module/lcd_cfg.c **** SPI_WriteData(0x00);
 832              		.loc 1 264 1 view .LVU200
 833 04ac 0020     		movs	r0, #0
 834 04ae FFF7FEFF 		bl	SPI_WriteData
 835              	.LVL199:
 265:Module/lcd_cfg.c **** SPI_WriteData(0x50);
 836              		.loc 1 265 1 view .LVU201
 837 04b2 5020     		movs	r0, #80
 838 04b4 FFF7FEFF 		bl	SPI_WriteData
 839              	.LVL200:
 266:Module/lcd_cfg.c **** SPI_WriteData(0xB5);
 840              		.loc 1 266 1 view .LVU202
 841 04b8 B520     		movs	r0, #181
 842 04ba FFF7FEFF 		bl	SPI_WriteData
 843              	.LVL201:
 267:Module/lcd_cfg.c **** SPI_WriteData(0xC5);
 844              		.loc 1 267 1 view .LVU203
 845 04be C520     		movs	r0, #197
 846 04c0 FFF7FEFF 		bl	SPI_WriteData
 847              	.LVL202:
 268:Module/lcd_cfg.c **** SPI_WriteData(0xAC);
 848              		.loc 1 268 1 view .LVU204
 849 04c4 AC20     		movs	r0, #172
 850 04c6 FFF7FEFF 		bl	SPI_WriteData
 851              	.LVL203:
 269:Module/lcd_cfg.c **** SPI_WriteData(0x00);
 852              		.loc 1 269 1 view .LVU205
 853 04ca 0020     		movs	r0, #0
 854 04cc FFF7FEFF 		bl	SPI_WriteData
 855              	.LVL204:
 270:Module/lcd_cfg.c **** SPI_WriteData(0x00);
 856              		.loc 1 270 1 view .LVU206
 857 04d0 0020     		movs	r0, #0
 858 04d2 FFF7FEFF 		bl	SPI_WriteData
 859              	.LVL205:
 271:Module/lcd_cfg.c **** SPI_WriteData(0xA0);
 860              		.loc 1 271 1 view .LVU207
 861 04d6 A020     		movs	r0, #160
 862 04d8 FFF7FEFF 		bl	SPI_WriteData
 863              	.LVL206:
 272:Module/lcd_cfg.c **** SPI_WriteData(0x6A);
 864              		.loc 1 272 1 view .LVU208
 865 04dc 6A20     		movs	r0, #106
 866 04de FFF7FEFF 		bl	SPI_WriteData
 867              	.LVL207:
 273:Module/lcd_cfg.c **** SPI_WriteData(0x8B);
 868              		.loc 1 273 1 view .LVU209
ARM GAS  C:\Users\ADMINI~1\AppData\Local\Temp\ccEmAkiv.s 			page 21


 869 04e2 8B20     		movs	r0, #139
 870 04e4 FFF7FEFF 		bl	SPI_WriteData
 871              	.LVL208:
 274:Module/lcd_cfg.c **** SPI_WriteData(0xA9);
 872              		.loc 1 274 1 view .LVU210
 873 04e8 A920     		movs	r0, #169
 874 04ea FFF7FEFF 		bl	SPI_WriteData
 875              	.LVL209:
 275:Module/lcd_cfg.c **** SPI_WriteData(0xAE);
 876              		.loc 1 275 1 view .LVU211
 877 04ee AE20     		movs	r0, #174
 878 04f0 FFF7FEFF 		bl	SPI_WriteData
 879              	.LVL210:
 276:Module/lcd_cfg.c **** SPI_WriteData(0x22);
 880              		.loc 1 276 1 view .LVU212
 881 04f4 2220     		movs	r0, #34
 882 04f6 FFF7FEFF 		bl	SPI_WriteData
 883              	.LVL211:
 277:Module/lcd_cfg.c **** SPI_WriteData(0x02);
 884              		.loc 1 277 1 view .LVU213
 885 04fa 0220     		movs	r0, #2
 886 04fc FFF7FEFF 		bl	SPI_WriteData
 887              	.LVL212:
 278:Module/lcd_cfg.c **** SPI_WriteData(0x00);
 888              		.loc 1 278 1 view .LVU214
 889 0500 0020     		movs	r0, #0
 890 0502 FFF7FEFF 		bl	SPI_WriteData
 891              	.LVL213:
 279:Module/lcd_cfg.c **** 
 280:Module/lcd_cfg.c **** SSD2828_WritePackageSize(17);
 892              		.loc 1 280 1 view .LVU215
 893 0506 1120     		movs	r0, #17
 894 0508 FFF7FEFF 		bl	SSD2828_WritePackageSize
 895              	.LVL214:
 281:Module/lcd_cfg.c **** SPI_WriteData(0x90);
 896              		.loc 1 281 1 view .LVU216
 897 050c 9020     		movs	r0, #144
 898 050e FFF7FEFF 		bl	SPI_WriteData
 899              	.LVL215:
 282:Module/lcd_cfg.c **** SPI_WriteData(0xEF);
 900              		.loc 1 282 1 view .LVU217
 901 0512 EF20     		movs	r0, #239
 902 0514 FFF7FEFF 		bl	SPI_WriteData
 903              	.LVL216:
 283:Module/lcd_cfg.c **** SPI_WriteData(0xD8);
 904              		.loc 1 283 1 view .LVU218
 905 0518 D820     		movs	r0, #216
 906 051a FFF7FEFF 		bl	SPI_WriteData
 907              	.LVL217:
 284:Module/lcd_cfg.c **** SPI_WriteData(0xB8);
 908              		.loc 1 284 1 view .LVU219
 909 051e B820     		movs	r0, #184
 910 0520 FFF7FEFF 		bl	SPI_WriteData
 911              	.LVL218:
 285:Module/lcd_cfg.c **** SPI_WriteData(0xF7);
 912              		.loc 1 285 1 view .LVU220
 913 0524 F720     		movs	r0, #247
ARM GAS  C:\Users\ADMINI~1\AppData\Local\Temp\ccEmAkiv.s 			page 22


 914 0526 FFF7FEFF 		bl	SPI_WriteData
 915              	.LVL219:
 286:Module/lcd_cfg.c **** SPI_WriteData(0x25);
 916              		.loc 1 286 1 view .LVU221
 917 052a 2520     		movs	r0, #37
 918 052c FFF7FEFF 		bl	SPI_WriteData
 919              	.LVL220:
 287:Module/lcd_cfg.c **** SPI_WriteData(0x70);
 920              		.loc 1 287 1 view .LVU222
 921 0530 7020     		movs	r0, #112
 922 0532 FFF7FEFF 		bl	SPI_WriteData
 923              	.LVL221:
 288:Module/lcd_cfg.c **** SPI_WriteData(0xE0);
 924              		.loc 1 288 1 view .LVU223
 925 0536 E020     		movs	r0, #224
 926 0538 FFF7FEFF 		bl	SPI_WriteData
 927              	.LVL222:
 289:Module/lcd_cfg.c **** SPI_WriteData(0x08);
 928              		.loc 1 289 1 view .LVU224
 929 053c 0820     		movs	r0, #8
 930 053e FFF7FEFF 		bl	SPI_WriteData
 931              	.LVL223:
 290:Module/lcd_cfg.c **** SPI_WriteData(0x11);
 932              		.loc 1 290 1 view .LVU225
 933 0542 1120     		movs	r0, #17
 934 0544 FFF7FEFF 		bl	SPI_WriteData
 935              	.LVL224:
 291:Module/lcd_cfg.c **** SPI_WriteData(0x02);
 936              		.loc 1 291 1 view .LVU226
 937 0548 0220     		movs	r0, #2
 938 054a FFF7FEFF 		bl	SPI_WriteData
 939              	.LVL225:
 292:Module/lcd_cfg.c **** SPI_WriteData(0x40);
 940              		.loc 1 292 1 view .LVU227
 941 054e 4020     		movs	r0, #64
 942 0550 FFF7FEFF 		bl	SPI_WriteData
 943              	.LVL226:
 293:Module/lcd_cfg.c **** SPI_WriteData(0x13);
 944              		.loc 1 293 1 view .LVU228
 945 0554 1320     		movs	r0, #19
 946 0556 FFF7FEFF 		bl	SPI_WriteData
 947              	.LVL227:
 294:Module/lcd_cfg.c **** SPI_WriteData(0x4F);
 948              		.loc 1 294 1 view .LVU229
 949 055a 4F20     		movs	r0, #79
 950 055c FFF7FEFF 		bl	SPI_WriteData
 951              	.LVL228:
 295:Module/lcd_cfg.c **** SPI_WriteData(0x4D);
 952              		.loc 1 295 1 view .LVU230
 953 0560 4D20     		movs	r0, #77
 954 0562 FFF7FEFF 		bl	SPI_WriteData
 955              	.LVL229:
 296:Module/lcd_cfg.c **** SPI_WriteData(0x3C);
 956              		.loc 1 296 1 view .LVU231
 957 0566 3C20     		movs	r0, #60
 958 0568 FFF7FEFF 		bl	SPI_WriteData
 959              	.LVL230:
ARM GAS  C:\Users\ADMINI~1\AppData\Local\Temp\ccEmAkiv.s 			page 23


 297:Module/lcd_cfg.c **** SPI_WriteData(0x35);
 960              		.loc 1 297 1 view .LVU232
 961 056c 3520     		movs	r0, #53
 962 056e FFF7FEFF 		bl	SPI_WriteData
 963              	.LVL231:
 298:Module/lcd_cfg.c **** 
 299:Module/lcd_cfg.c **** SSD2828_WritePackageSize(9);
 964              		.loc 1 299 1 view .LVU233
 965 0572 0920     		movs	r0, #9
 966 0574 FFF7FEFF 		bl	SSD2828_WritePackageSize
 967              	.LVL232:
 300:Module/lcd_cfg.c **** SPI_WriteData(0xA0);
 968              		.loc 1 300 1 view .LVU234
 969 0578 A020     		movs	r0, #160
 970 057a FFF7FEFF 		bl	SPI_WriteData
 971              	.LVL233:
 301:Module/lcd_cfg.c **** SPI_WriteData(0xF1);
 972              		.loc 1 301 1 view .LVU235
 973 057e F120     		movs	r0, #241
 974 0580 FFF7FEFF 		bl	SPI_WriteData
 975              	.LVL234:
 302:Module/lcd_cfg.c **** SPI_WriteData(0xA4);
 976              		.loc 1 302 1 view .LVU236
 977 0584 A420     		movs	r0, #164
 978 0586 FFF7FEFF 		bl	SPI_WriteData
 979              	.LVL235:
 303:Module/lcd_cfg.c **** SPI_WriteData(0x06);
 980              		.loc 1 303 1 view .LVU237
 981 058a 0620     		movs	r0, #6
 982 058c FFF7FEFF 		bl	SPI_WriteData
 983              	.LVL236:
 304:Module/lcd_cfg.c **** SPI_WriteData(0xFF);
 984              		.loc 1 304 1 view .LVU238
 985 0590 FF20     		movs	r0, #255
 986 0592 FFF7FEFF 		bl	SPI_WriteData
 987              	.LVL237:
 305:Module/lcd_cfg.c **** SPI_WriteData(0xFF);
 988              		.loc 1 305 1 view .LVU239
 989 0596 FF20     		movs	r0, #255
 990 0598 FFF7FEFF 		bl	SPI_WriteData
 991              	.LVL238:
 306:Module/lcd_cfg.c **** SPI_WriteData(0x00);
 992              		.loc 1 306 1 view .LVU240
 993 059c 0020     		movs	r0, #0
 994 059e FFF7FEFF 		bl	SPI_WriteData
 995              	.LVL239:
 307:Module/lcd_cfg.c **** SPI_WriteData(0x03);
 996              		.loc 1 307 1 view .LVU241
 997 05a2 0320     		movs	r0, #3
 998 05a4 FFF7FEFF 		bl	SPI_WriteData
 999              	.LVL240:
 308:Module/lcd_cfg.c **** SPI_WriteData(0x00);
 1000              		.loc 1 308 1 view .LVU242
 1001 05a8 0020     		movs	r0, #0
 1002 05aa FFF7FEFF 		bl	SPI_WriteData
 1003              	.LVL241:
 309:Module/lcd_cfg.c **** 
ARM GAS  C:\Users\ADMINI~1\AppData\Local\Temp\ccEmAkiv.s 			page 24


 310:Module/lcd_cfg.c **** //Blank12
 311:Module/lcd_cfg.c **** SSD2828_WritePackageSize(3);
 1004              		.loc 1 311 1 view .LVU243
 1005 05ae 0320     		movs	r0, #3
 1006 05b0 FFF7FEFF 		bl	SSD2828_WritePackageSize
 1007              	.LVL242:
 312:Module/lcd_cfg.c **** SPI_WriteData(0x41);
 1008              		.loc 1 312 1 view .LVU244
 1009 05b4 4120     		movs	r0, #65
 1010 05b6 FFF7FEFF 		bl	SPI_WriteData
 1011              	.LVL243:
 313:Module/lcd_cfg.c **** SPI_WriteData(0x5A);
 1012              		.loc 1 313 1 view .LVU245
 1013 05ba 5A20     		movs	r0, #90
 1014 05bc FFF7FEFF 		bl	SPI_WriteData
 1015              	.LVL244:
 314:Module/lcd_cfg.c **** SPI_WriteData(0x0C);
 1016              		.loc 1 314 1 view .LVU246
 1017 05c0 0C20     		movs	r0, #12
 1018 05c2 FFF7FEFF 		bl	SPI_WriteData
 1019              	.LVL245:
 315:Module/lcd_cfg.c **** 
 316:Module/lcd_cfg.c **** SSD2828_WritePackageSize(17);
 1020              		.loc 1 316 1 view .LVU247
 1021 05c6 1120     		movs	r0, #17
 1022 05c8 FFF7FEFF 		bl	SSD2828_WritePackageSize
 1023              	.LVL246:
 317:Module/lcd_cfg.c **** SPI_WriteData(0x80);
 1024              		.loc 1 317 1 view .LVU248
 1025 05cc 8020     		movs	r0, #128
 1026 05ce FFF7FEFF 		bl	SPI_WriteData
 1027              	.LVL247:
 318:Module/lcd_cfg.c **** SPI_WriteData(0xFA);
 1028              		.loc 1 318 1 view .LVU249
 1029 05d2 FA20     		movs	r0, #250
 1030 05d4 FFF7FEFF 		bl	SPI_WriteData
 1031              	.LVL248:
 319:Module/lcd_cfg.c **** SPI_WriteData(0x68);
 1032              		.loc 1 319 1 view .LVU250
 1033 05d8 6820     		movs	r0, #104
 1034 05da FFF7FEFF 		bl	SPI_WriteData
 1035              	.LVL249:
 320:Module/lcd_cfg.c **** SPI_WriteData(0xD0);
 1036              		.loc 1 320 1 view .LVU251
 1037 05de D020     		movs	r0, #208
 1038 05e0 FFF7FEFF 		bl	SPI_WriteData
 1039              	.LVL250:
 321:Module/lcd_cfg.c **** SPI_WriteData(0x82);
 1040              		.loc 1 321 1 view .LVU252
 1041 05e4 8220     		movs	r0, #130
 1042 05e6 FFF7FEFF 		bl	SPI_WriteData
 1043              	.LVL251:
 322:Module/lcd_cfg.c **** SPI_WriteData(0x43);
 1044              		.loc 1 322 1 view .LVU253
 1045 05ea 4320     		movs	r0, #67
 1046 05ec FFF7FEFF 		bl	SPI_WriteData
 1047              	.LVL252:
ARM GAS  C:\Users\ADMINI~1\AppData\Local\Temp\ccEmAkiv.s 			page 25


 323:Module/lcd_cfg.c **** SPI_WriteData(0xF2);
 1048              		.loc 1 323 1 view .LVU254
 1049 05f0 F220     		movs	r0, #242
 1050 05f2 FFF7FEFF 		bl	SPI_WriteData
 1051              	.LVL253:
 324:Module/lcd_cfg.c **** SPI_WriteData(0xB0);
 1052              		.loc 1 324 1 view .LVU255
 1053 05f6 B020     		movs	r0, #176
 1054 05f8 FFF7FEFF 		bl	SPI_WriteData
 1055              	.LVL254:
 325:Module/lcd_cfg.c **** SPI_WriteData(0x08);
 1056              		.loc 1 325 1 view .LVU256
 1057 05fc 0820     		movs	r0, #8
 1058 05fe FFF7FEFF 		bl	SPI_WriteData
 1059              	.LVL255:
 326:Module/lcd_cfg.c **** SPI_WriteData(0x00);
 1060              		.loc 1 326 1 view .LVU257
 1061 0602 0020     		movs	r0, #0
 1062 0604 FFF7FEFF 		bl	SPI_WriteData
 1063              	.LVL256:
 327:Module/lcd_cfg.c **** SPI_WriteData(0x00);
 1064              		.loc 1 327 1 view .LVU258
 1065 0608 0020     		movs	r0, #0
 1066 060a FFF7FEFF 		bl	SPI_WriteData
 1067              	.LVL257:
 328:Module/lcd_cfg.c **** SPI_WriteData(0x56);
 1068              		.loc 1 328 1 view .LVU259
 1069 060e 5620     		movs	r0, #86
 1070 0610 FFF7FEFF 		bl	SPI_WriteData
 1071              	.LVL258:
 329:Module/lcd_cfg.c **** SPI_WriteData(0x01);
 1072              		.loc 1 329 1 view .LVU260
 1073 0614 0120     		movs	r0, #1
 1074 0616 FFF7FEFF 		bl	SPI_WriteData
 1075              	.LVL259:
 330:Module/lcd_cfg.c **** SPI_WriteData(0x00);
 1076              		.loc 1 330 1 view .LVU261
 1077 061a 0020     		movs	r0, #0
 1078 061c FFF7FEFF 		bl	SPI_WriteData
 1079              	.LVL260:
 331:Module/lcd_cfg.c **** SPI_WriteData(0x55);
 1080              		.loc 1 331 1 view .LVU262
 1081 0620 5520     		movs	r0, #85
 1082 0622 FFF7FEFF 		bl	SPI_WriteData
 1083              	.LVL261:
 332:Module/lcd_cfg.c **** SPI_WriteData(0x61);
 1084              		.loc 1 332 1 view .LVU263
 1085 0626 6120     		movs	r0, #97
 1086 0628 FFF7FEFF 		bl	SPI_WriteData
 1087              	.LVL262:
 333:Module/lcd_cfg.c **** SPI_WriteData(0x15);
 1088              		.loc 1 333 1 view .LVU264
 1089 062c 1520     		movs	r0, #21
 1090 062e FFF7FEFF 		bl	SPI_WriteData
 1091              	.LVL263:
 334:Module/lcd_cfg.c **** 
 335:Module/lcd_cfg.c **** SSD2828_WritePackageSize(17);
ARM GAS  C:\Users\ADMINI~1\AppData\Local\Temp\ccEmAkiv.s 			page 26


 1092              		.loc 1 335 1 view .LVU265
 1093 0632 1120     		movs	r0, #17
 1094 0634 FFF7FEFF 		bl	SSD2828_WritePackageSize
 1095              	.LVL264:
 336:Module/lcd_cfg.c **** SPI_WriteData(0x90);
 1096              		.loc 1 336 1 view .LVU266
 1097 0638 9020     		movs	r0, #144
 1098 063a FFF7FEFF 		bl	SPI_WriteData
 1099              	.LVL265:
 337:Module/lcd_cfg.c **** SPI_WriteData(0x55);
 1100              		.loc 1 337 1 view .LVU267
 1101 063e 5520     		movs	r0, #85
 1102 0640 FFF7FEFF 		bl	SPI_WriteData
 1103              	.LVL266:
 338:Module/lcd_cfg.c **** SPI_WriteData(0x51);
 1104              		.loc 1 338 1 view .LVU268
 1105 0644 5120     		movs	r0, #81
 1106 0646 FFF7FEFF 		bl	SPI_WriteData
 1107              	.LVL267:
 339:Module/lcd_cfg.c **** SPI_WriteData(0x15);
 1108              		.loc 1 339 1 view .LVU269
 1109 064a 1520     		movs	r0, #21
 1110 064c FFF7FEFF 		bl	SPI_WriteData
 1111              	.LVL268:
 340:Module/lcd_cfg.c **** SPI_WriteData(0x56);
 1112              		.loc 1 340 1 view .LVU270
 1113 0650 5620     		movs	r0, #86
 1114 0652 FFF7FEFF 		bl	SPI_WriteData
 1115              	.LVL269:
 341:Module/lcd_cfg.c **** SPI_WriteData(0x01);
 1116              		.loc 1 341 1 view .LVU271
 1117 0656 0120     		movs	r0, #1
 1118 0658 FFF7FEFF 		bl	SPI_WriteData
 1119              	.LVL270:
 342:Module/lcd_cfg.c **** SPI_WriteData(0x00);
 1120              		.loc 1 342 1 view .LVU272
 1121 065c 0020     		movs	r0, #0
 1122 065e FFF7FEFF 		bl	SPI_WriteData
 1123              	.LVL271:
 343:Module/lcd_cfg.c **** SPI_WriteData(0x56);
 1124              		.loc 1 343 1 view .LVU273
 1125 0662 5620     		movs	r0, #86
 1126 0664 FFF7FEFF 		bl	SPI_WriteData
 1127              	.LVL272:
 344:Module/lcd_cfg.c **** SPI_WriteData(0x01);
 1128              		.loc 1 344 1 view .LVU274
 1129 0668 0120     		movs	r0, #1
 1130 066a FFF7FEFF 		bl	SPI_WriteData
 1131              	.LVL273:
 345:Module/lcd_cfg.c **** SPI_WriteData(0x00);
 1132              		.loc 1 345 1 view .LVU275
 1133 066e 0020     		movs	r0, #0
 1134 0670 FFF7FEFF 		bl	SPI_WriteData
 1135              	.LVL274:
 346:Module/lcd_cfg.c **** SPI_WriteData(0x55);
 1136              		.loc 1 346 1 view .LVU276
 1137 0674 5520     		movs	r0, #85
ARM GAS  C:\Users\ADMINI~1\AppData\Local\Temp\ccEmAkiv.s 			page 27


 1138 0676 FFF7FEFF 		bl	SPI_WriteData
 1139              	.LVL275:
 347:Module/lcd_cfg.c **** SPI_WriteData(0x61);
 1140              		.loc 1 347 1 view .LVU277
 1141 067a 6120     		movs	r0, #97
 1142 067c FFF7FEFF 		bl	SPI_WriteData
 1143              	.LVL276:
 348:Module/lcd_cfg.c **** SPI_WriteData(0x15);
 1144              		.loc 1 348 1 view .LVU278
 1145 0680 1520     		movs	r0, #21
 1146 0682 FFF7FEFF 		bl	SPI_WriteData
 1147              	.LVL277:
 349:Module/lcd_cfg.c **** SPI_WriteData(0x55);
 1148              		.loc 1 349 1 view .LVU279
 1149 0686 5520     		movs	r0, #85
 1150 0688 FFF7FEFF 		bl	SPI_WriteData
 1151              	.LVL278:
 350:Module/lcd_cfg.c **** SPI_WriteData(0x51);
 1152              		.loc 1 350 1 view .LVU280
 1153 068c 5120     		movs	r0, #81
 1154 068e FFF7FEFF 		bl	SPI_WriteData
 1155              	.LVL279:
 351:Module/lcd_cfg.c **** SPI_WriteData(0x15);
 1156              		.loc 1 351 1 view .LVU281
 1157 0692 1520     		movs	r0, #21
 1158 0694 FFF7FEFF 		bl	SPI_WriteData
 1159              	.LVL280:
 352:Module/lcd_cfg.c **** SPI_WriteData(0x56);
 1160              		.loc 1 352 1 view .LVU282
 1161 0698 5620     		movs	r0, #86
 1162 069a FFF7FEFF 		bl	SPI_WriteData
 1163              	.LVL281:
 353:Module/lcd_cfg.c **** 
 354:Module/lcd_cfg.c **** SSD2828_WritePackageSize(17);
 1164              		.loc 1 354 1 view .LVU283
 1165 069e 1120     		movs	r0, #17
 1166 06a0 FFF7FEFF 		bl	SSD2828_WritePackageSize
 1167              	.LVL282:
 355:Module/lcd_cfg.c **** SPI_WriteData(0xA0);
 1168              		.loc 1 355 1 view .LVU284
 1169 06a4 A020     		movs	r0, #160
 1170 06a6 FFF7FEFF 		bl	SPI_WriteData
 1171              	.LVL283:
 356:Module/lcd_cfg.c **** SPI_WriteData(0xB1);
 1172              		.loc 1 356 1 view .LVU285
 1173 06aa B120     		movs	r0, #177
 1174 06ac FFF7FEFF 		bl	SPI_WriteData
 1175              	.LVL284:
 357:Module/lcd_cfg.c **** SPI_WriteData(0x84);
 1176              		.loc 1 357 1 view .LVU286
 1177 06b0 8420     		movs	r0, #132
 1178 06b2 FFF7FEFF 		bl	SPI_WriteData
 1179              	.LVL285:
 358:Module/lcd_cfg.c **** SPI_WriteData(0x01);
 1180              		.loc 1 358 1 view .LVU287
 1181 06b6 0120     		movs	r0, #1
 1182 06b8 FFF7FEFF 		bl	SPI_WriteData
ARM GAS  C:\Users\ADMINI~1\AppData\Local\Temp\ccEmAkiv.s 			page 28


 1183              	.LVL286:
 359:Module/lcd_cfg.c **** SPI_WriteData(0x00);
 1184              		.loc 1 359 1 view .LVU288
 1185 06bc 0020     		movs	r0, #0
 1186 06be FFF7FEFF 		bl	SPI_WriteData
 1187              	.LVL287:
 360:Module/lcd_cfg.c **** SPI_WriteData(0x00);
 1188              		.loc 1 360 1 view .LVU289
 1189 06c2 0020     		movs	r0, #0
 1190 06c4 FFF7FEFF 		bl	SPI_WriteData
 1191              	.LVL288:
 361:Module/lcd_cfg.c **** SPI_WriteData(0x00);
 1192              		.loc 1 361 1 view .LVU290
 1193 06c8 0020     		movs	r0, #0
 1194 06ca FFF7FEFF 		bl	SPI_WriteData
 1195              	.LVL289:
 362:Module/lcd_cfg.c **** SPI_WriteData(0x00);
 1196              		.loc 1 362 1 view .LVU291
 1197 06ce 0020     		movs	r0, #0
 1198 06d0 FFF7FEFF 		bl	SPI_WriteData
 1199              	.LVL290:
 363:Module/lcd_cfg.c **** SPI_WriteData(0x00);
 1200              		.loc 1 363 1 view .LVU292
 1201 06d4 0020     		movs	r0, #0
 1202 06d6 FFF7FEFF 		bl	SPI_WriteData
 1203              	.LVL291:
 364:Module/lcd_cfg.c **** SPI_WriteData(0x00);
 1204              		.loc 1 364 1 view .LVU293
 1205 06da 0020     		movs	r0, #0
 1206 06dc FFF7FEFF 		bl	SPI_WriteData
 1207              	.LVL292:
 365:Module/lcd_cfg.c **** SPI_WriteData(0x40);
 1208              		.loc 1 365 1 view .LVU294
 1209 06e0 4020     		movs	r0, #64
 1210 06e2 FFF7FEFF 		bl	SPI_WriteData
 1211              	.LVL293:
 366:Module/lcd_cfg.c **** SPI_WriteData(0x94);
 1212              		.loc 1 366 1 view .LVU295
 1213 06e6 9420     		movs	r0, #148
 1214 06e8 FFF7FEFF 		bl	SPI_WriteData
 1215              	.LVL294:
 367:Module/lcd_cfg.c **** SPI_WriteData(0x02);
 1216              		.loc 1 367 1 view .LVU296
 1217 06ec 0220     		movs	r0, #2
 1218 06ee FFF7FEFF 		bl	SPI_WriteData
 1219              	.LVL295:
 368:Module/lcd_cfg.c **** SPI_WriteData(0x00);
 1220              		.loc 1 368 1 view .LVU297
 1221 06f2 0020     		movs	r0, #0
 1222 06f4 FFF7FEFF 		bl	SPI_WriteData
 1223              	.LVL296:
 369:Module/lcd_cfg.c **** SPI_WriteData(0x00);
 1224              		.loc 1 369 1 view .LVU298
 1225 06f8 0020     		movs	r0, #0
 1226 06fa FFF7FEFF 		bl	SPI_WriteData
 1227              	.LVL297:
 370:Module/lcd_cfg.c **** SPI_WriteData(0x00);
ARM GAS  C:\Users\ADMINI~1\AppData\Local\Temp\ccEmAkiv.s 			page 29


 1228              		.loc 1 370 1 view .LVU299
 1229 06fe 0020     		movs	r0, #0
 1230 0700 FFF7FEFF 		bl	SPI_WriteData
 1231              	.LVL298:
 371:Module/lcd_cfg.c **** SPI_WriteData(0x30);
 1232              		.loc 1 371 1 view .LVU300
 1233 0704 3020     		movs	r0, #48
 1234 0706 FFF7FEFF 		bl	SPI_WriteData
 1235              	.LVL299:
 372:Module/lcd_cfg.c **** 
 373:Module/lcd_cfg.c **** SSD2828_WritePackageSize(17);
 1236              		.loc 1 373 1 view .LVU301
 1237 070a 1120     		movs	r0, #17
 1238 070c FFF7FEFF 		bl	SSD2828_WritePackageSize
 1239              	.LVL300:
 374:Module/lcd_cfg.c **** SPI_WriteData(0xB0);
 1240              		.loc 1 374 1 view .LVU302
 1241 0710 B020     		movs	r0, #176
 1242 0712 FFF7FEFF 		bl	SPI_WriteData
 1243              	.LVL301:
 375:Module/lcd_cfg.c **** SPI_WriteData(0x28);
 1244              		.loc 1 375 1 view .LVU303
 1245 0716 2820     		movs	r0, #40
 1246 0718 FFF7FEFF 		bl	SPI_WriteData
 1247              	.LVL302:
 376:Module/lcd_cfg.c **** SPI_WriteData(0x15);
 1248              		.loc 1 376 1 view .LVU304
 1249 071c 1520     		movs	r0, #21
 1250 071e FFF7FEFF 		bl	SPI_WriteData
 1251              	.LVL303:
 377:Module/lcd_cfg.c **** SPI_WriteData(0x80);
 1252              		.loc 1 377 1 view .LVU305
 1253 0722 8020     		movs	r0, #128
 1254 0724 FFF7FEFF 		bl	SPI_WriteData
 1255              	.LVL304:
 378:Module/lcd_cfg.c **** SPI_WriteData(0x04);
 1256              		.loc 1 378 1 view .LVU306
 1257 0728 0420     		movs	r0, #4
 1258 072a FFF7FEFF 		bl	SPI_WriteData
 1259              	.LVL305:
 379:Module/lcd_cfg.c **** SPI_WriteData(0x00);
 1260              		.loc 1 379 1 view .LVU307
 1261 072e 0020     		movs	r0, #0
 1262 0730 FFF7FEFF 		bl	SPI_WriteData
 1263              	.LVL306:
 380:Module/lcd_cfg.c **** SPI_WriteData(0x18);
 1264              		.loc 1 380 1 view .LVU308
 1265 0734 1820     		movs	r0, #24
 1266 0736 FFF7FEFF 		bl	SPI_WriteData
 1267              	.LVL307:
 381:Module/lcd_cfg.c **** SPI_WriteData(0x00);
 1268              		.loc 1 381 1 view .LVU309
 1269 073a 0020     		movs	r0, #0
 1270 073c FFF7FEFF 		bl	SPI_WriteData
 1271              	.LVL308:
 382:Module/lcd_cfg.c **** SPI_WriteData(0x00);
 1272              		.loc 1 382 1 view .LVU310
ARM GAS  C:\Users\ADMINI~1\AppData\Local\Temp\ccEmAkiv.s 			page 30


 1273 0740 0020     		movs	r0, #0
 1274 0742 FFF7FEFF 		bl	SPI_WriteData
 1275              	.LVL309:
 383:Module/lcd_cfg.c **** SPI_WriteData(0x00);
 1276              		.loc 1 383 1 view .LVU311
 1277 0746 0020     		movs	r0, #0
 1278 0748 FFF7FEFF 		bl	SPI_WriteData
 1279              	.LVL310:
 384:Module/lcd_cfg.c **** SPI_WriteData(0x30);
 1280              		.loc 1 384 1 view .LVU312
 1281 074c 3020     		movs	r0, #48
 1282 074e FFF7FEFF 		bl	SPI_WriteData
 1283              	.LVL311:
 385:Module/lcd_cfg.c **** SPI_WriteData(0x0A);
 1284              		.loc 1 385 1 view .LVU313
 1285 0752 0A20     		movs	r0, #10
 1286 0754 FFF7FEFF 		bl	SPI_WriteData
 1287              	.LVL312:
 386:Module/lcd_cfg.c **** SPI_WriteData(0x00);
 1288              		.loc 1 386 1 view .LVU314
 1289 0758 0020     		movs	r0, #0
 1290 075a FFF7FEFF 		bl	SPI_WriteData
 1291              	.LVL313:
 387:Module/lcd_cfg.c **** SPI_WriteData(0x00);
 1292              		.loc 1 387 1 view .LVU315
 1293 075e 0020     		movs	r0, #0
 1294 0760 FFF7FEFF 		bl	SPI_WriteData
 1295              	.LVL314:
 388:Module/lcd_cfg.c **** SPI_WriteData(0x00);
 1296              		.loc 1 388 1 view .LVU316
 1297 0764 0020     		movs	r0, #0
 1298 0766 FFF7FEFF 		bl	SPI_WriteData
 1299              	.LVL315:
 389:Module/lcd_cfg.c **** SPI_WriteData(0x00);
 1300              		.loc 1 389 1 view .LVU317
 1301 076a 0020     		movs	r0, #0
 1302 076c FFF7FEFF 		bl	SPI_WriteData
 1303              	.LVL316:
 390:Module/lcd_cfg.c **** SPI_WriteData(0x00);
 1304              		.loc 1 390 1 view .LVU318
 1305 0770 0020     		movs	r0, #0
 1306 0772 FFF7FEFF 		bl	SPI_WriteData
 1307              	.LVL317:
 391:Module/lcd_cfg.c **** 
 392:Module/lcd_cfg.c **** SSD2828_WritePackageSize(8);
 1308              		.loc 1 392 1 view .LVU319
 1309 0776 0820     		movs	r0, #8
 1310 0778 FFF7FEFF 		bl	SSD2828_WritePackageSize
 1311              	.LVL318:
 393:Module/lcd_cfg.c **** SPI_WriteData(0xC0);
 1312              		.loc 1 393 1 view .LVU320
 1313 077c C020     		movs	r0, #192
 1314 077e FFF7FEFF 		bl	SPI_WriteData
 1315              	.LVL319:
 394:Module/lcd_cfg.c **** SPI_WriteData(0x00);
 1316              		.loc 1 394 1 view .LVU321
 1317 0782 0020     		movs	r0, #0
ARM GAS  C:\Users\ADMINI~1\AppData\Local\Temp\ccEmAkiv.s 			page 31


 1318 0784 FFF7FEFF 		bl	SPI_WriteData
 1319              	.LVL320:
 395:Module/lcd_cfg.c **** SPI_WriteData(0x01);
 1320              		.loc 1 395 1 view .LVU322
 1321 0788 0120     		movs	r0, #1
 1322 078a FFF7FEFF 		bl	SPI_WriteData
 1323              	.LVL321:
 396:Module/lcd_cfg.c **** SPI_WriteData(0x05);
 1324              		.loc 1 396 1 view .LVU323
 1325 078e 0520     		movs	r0, #5
 1326 0790 FFF7FEFF 		bl	SPI_WriteData
 1327              	.LVL322:
 397:Module/lcd_cfg.c **** SPI_WriteData(0xC2);
 1328              		.loc 1 397 1 view .LVU324
 1329 0794 C220     		movs	r0, #194
 1330 0796 FFF7FEFF 		bl	SPI_WriteData
 1331              	.LVL323:
 398:Module/lcd_cfg.c **** SPI_WriteData(0xB0);
 1332              		.loc 1 398 1 view .LVU325
 1333 079a B020     		movs	r0, #176
 1334 079c FFF7FEFF 		bl	SPI_WriteData
 1335              	.LVL324:
 399:Module/lcd_cfg.c **** SPI_WriteData(0x00);
 1336              		.loc 1 399 1 view .LVU326
 1337 07a0 0020     		movs	r0, #0
 1338 07a2 FFF7FEFF 		bl	SPI_WriteData
 1339              	.LVL325:
 400:Module/lcd_cfg.c **** SPI_WriteData(0x00);
 1340              		.loc 1 400 1 view .LVU327
 1341 07a6 0020     		movs	r0, #0
 1342 07a8 FFF7FEFF 		bl	SPI_WriteData
 1343              	.LVL326:
 401:Module/lcd_cfg.c **** 
 402:Module/lcd_cfg.c **** //Blank13
 403:Module/lcd_cfg.c **** SSD2828_WritePackageSize(3);
 1344              		.loc 1 403 1 view .LVU328
 1345 07ac 0320     		movs	r0, #3
 1346 07ae FFF7FEFF 		bl	SSD2828_WritePackageSize
 1347              	.LVL327:
 404:Module/lcd_cfg.c **** SPI_WriteData(0x41);
 1348              		.loc 1 404 1 view .LVU329
 1349 07b2 4120     		movs	r0, #65
 1350 07b4 FFF7FEFF 		bl	SPI_WriteData
 1351              	.LVL328:
 405:Module/lcd_cfg.c **** SPI_WriteData(0x5A);
 1352              		.loc 1 405 1 view .LVU330
 1353 07b8 5A20     		movs	r0, #90
 1354 07ba FFF7FEFF 		bl	SPI_WriteData
 1355              	.LVL329:
 406:Module/lcd_cfg.c **** SPI_WriteData(0x0D);
 1356              		.loc 1 406 1 view .LVU331
 1357 07be 0D20     		movs	r0, #13
 1358 07c0 FFF7FEFF 		bl	SPI_WriteData
 1359              	.LVL330:
 407:Module/lcd_cfg.c **** 
 408:Module/lcd_cfg.c **** SSD2828_WritePackageSize(17);
 1360              		.loc 1 408 1 view .LVU332
ARM GAS  C:\Users\ADMINI~1\AppData\Local\Temp\ccEmAkiv.s 			page 32


 1361 07c4 1120     		movs	r0, #17
 1362 07c6 FFF7FEFF 		bl	SSD2828_WritePackageSize
 1363              	.LVL331:
 409:Module/lcd_cfg.c **** SPI_WriteData(0x80);
 1364              		.loc 1 409 1 view .LVU333
 1365 07ca 8020     		movs	r0, #128
 1366 07cc FFF7FEFF 		bl	SPI_WriteData
 1367              	.LVL332:
 410:Module/lcd_cfg.c **** SPI_WriteData(0x08);
 1368              		.loc 1 410 1 view .LVU334
 1369 07d0 0820     		movs	r0, #8
 1370 07d2 FFF7FEFF 		bl	SPI_WriteData
 1371              	.LVL333:
 411:Module/lcd_cfg.c **** SPI_WriteData(0x00);
 1372              		.loc 1 411 1 view .LVU335
 1373 07d6 0020     		movs	r0, #0
 1374 07d8 FFF7FEFF 		bl	SPI_WriteData
 1375              	.LVL334:
 412:Module/lcd_cfg.c **** SPI_WriteData(0x00);
 1376              		.loc 1 412 1 view .LVU336
 1377 07dc 0020     		movs	r0, #0
 1378 07de FFF7FEFF 		bl	SPI_WriteData
 1379              	.LVL335:
 413:Module/lcd_cfg.c **** SPI_WriteData(0x28);
 1380              		.loc 1 413 1 view .LVU337
 1381 07e2 2820     		movs	r0, #40
 1382 07e4 FFF7FEFF 		bl	SPI_WriteData
 1383              	.LVL336:
 414:Module/lcd_cfg.c **** SPI_WriteData(0x02);
 1384              		.loc 1 414 1 view .LVU338
 1385 07e8 0220     		movs	r0, #2
 1386 07ea FFF7FEFF 		bl	SPI_WriteData
 1387              	.LVL337:
 415:Module/lcd_cfg.c **** SPI_WriteData(0x00);
 1388              		.loc 1 415 1 view .LVU339
 1389 07ee 0020     		movs	r0, #0
 1390 07f0 FFF7FEFF 		bl	SPI_WriteData
 1391              	.LVL338:
 416:Module/lcd_cfg.c **** SPI_WriteData(0x04);
 1392              		.loc 1 416 1 view .LVU340
 1393 07f4 0420     		movs	r0, #4
 1394 07f6 FFF7FEFF 		bl	SPI_WriteData
 1395              	.LVL339:
 417:Module/lcd_cfg.c **** SPI_WriteData(0x12);
 1396              		.loc 1 417 1 view .LVU341
 1397 07fa 1220     		movs	r0, #18
 1398 07fc FFF7FEFF 		bl	SPI_WriteData
 1399              	.LVL340:
 418:Module/lcd_cfg.c **** SPI_WriteData(0x00);
 1400              		.loc 1 418 1 view .LVU342
 1401 0800 0020     		movs	r0, #0
 1402 0802 FFF7FEFF 		bl	SPI_WriteData
 1403              	.LVL341:
 419:Module/lcd_cfg.c **** SPI_WriteData(0x08);
 1404              		.loc 1 419 1 view .LVU343
 1405 0806 0820     		movs	r0, #8
 1406 0808 FFF7FEFF 		bl	SPI_WriteData
ARM GAS  C:\Users\ADMINI~1\AppData\Local\Temp\ccEmAkiv.s 			page 33


 1407              	.LVL342:
 420:Module/lcd_cfg.c **** SPI_WriteData(0x02);
 1408              		.loc 1 420 1 view .LVU344
 1409 080c 0220     		movs	r0, #2
 1410 080e FFF7FEFF 		bl	SPI_WriteData
 1411              	.LVL343:
 421:Module/lcd_cfg.c **** SPI_WriteData(0x77);
 1412              		.loc 1 421 1 view .LVU345
 1413 0812 7720     		movs	r0, #119
 1414 0814 FFF7FEFF 		bl	SPI_WriteData
 1415              	.LVL344:
 422:Module/lcd_cfg.c **** SPI_WriteData(0x02);
 1416              		.loc 1 422 1 view .LVU346
 1417 0818 0220     		movs	r0, #2
 1418 081a FFF7FEFF 		bl	SPI_WriteData
 1419              	.LVL345:
 423:Module/lcd_cfg.c **** SPI_WriteData(0x4A);
 1420              		.loc 1 423 1 view .LVU347
 1421 081e 4A20     		movs	r0, #74
 1422 0820 FFF7FEFF 		bl	SPI_WriteData
 1423              	.LVL346:
 424:Module/lcd_cfg.c **** SPI_WriteData(0x10);
 1424              		.loc 1 424 1 view .LVU348
 1425 0824 1020     		movs	r0, #16
 1426 0826 FFF7FEFF 		bl	SPI_WriteData
 1427              	.LVL347:
 425:Module/lcd_cfg.c **** SPI_WriteData(0xF0);
 1428              		.loc 1 425 1 view .LVU349
 1429 082a F020     		movs	r0, #240
 1430 082c FFF7FEFF 		bl	SPI_WriteData
 1431              	.LVL348:
 426:Module/lcd_cfg.c **** 
 427:Module/lcd_cfg.c **** SSD2828_WritePackageSize(7);
 1432              		.loc 1 427 1 view .LVU350
 1433 0830 0720     		movs	r0, #7
 1434 0832 FFF7FEFF 		bl	SSD2828_WritePackageSize
 1435              	.LVL349:
 428:Module/lcd_cfg.c **** SPI_WriteData(0x90);
 1436              		.loc 1 428 1 view .LVU351
 1437 0836 9020     		movs	r0, #144
 1438 0838 FFF7FEFF 		bl	SPI_WriteData
 1439              	.LVL350:
 429:Module/lcd_cfg.c **** SPI_WriteData(0x00);
 1440              		.loc 1 429 1 view .LVU352
 1441 083c 0020     		movs	r0, #0
 1442 083e FFF7FEFF 		bl	SPI_WriteData
 1443              	.LVL351:
 430:Module/lcd_cfg.c **** SPI_WriteData(0x02);
 1444              		.loc 1 430 1 view .LVU353
 1445 0842 0220     		movs	r0, #2
 1446 0844 FFF7FEFF 		bl	SPI_WriteData
 1447              	.LVL352:
 431:Module/lcd_cfg.c **** SPI_WriteData(0x58);
 1448              		.loc 1 431 1 view .LVU354
 1449 0848 5820     		movs	r0, #88
 1450 084a FFF7FEFF 		bl	SPI_WriteData
 1451              	.LVL353:
ARM GAS  C:\Users\ADMINI~1\AppData\Local\Temp\ccEmAkiv.s 			page 34


 432:Module/lcd_cfg.c **** SPI_WriteData(0x16);
 1452              		.loc 1 432 1 view .LVU355
 1453 084e 1620     		movs	r0, #22
 1454 0850 FFF7FEFF 		bl	SPI_WriteData
 1455              	.LVL354:
 433:Module/lcd_cfg.c **** SPI_WriteData(0x04);
 1456              		.loc 1 433 1 view .LVU356
 1457 0854 0420     		movs	r0, #4
 1458 0856 FFF7FEFF 		bl	SPI_WriteData
 1459              	.LVL355:
 434:Module/lcd_cfg.c **** SPI_WriteData(0xA1);
 1460              		.loc 1 434 1 view .LVU357
 1461 085a A120     		movs	r0, #161
 1462 085c FFF7FEFF 		bl	SPI_WriteData
 1463              	.LVL356:
 435:Module/lcd_cfg.c **** 
 436:Module/lcd_cfg.c **** //Blank14
 437:Module/lcd_cfg.c **** SSD2828_WritePackageSize(3);
 1464              		.loc 1 437 1 view .LVU358
 1465 0860 0320     		movs	r0, #3
 1466 0862 FFF7FEFF 		bl	SSD2828_WritePackageSize
 1467              	.LVL357:
 438:Module/lcd_cfg.c **** SPI_WriteData(0x41);
 1468              		.loc 1 438 1 view .LVU359
 1469 0866 4120     		movs	r0, #65
 1470 0868 FFF7FEFF 		bl	SPI_WriteData
 1471              	.LVL358:
 439:Module/lcd_cfg.c **** SPI_WriteData(0x5A);
 1472              		.loc 1 439 1 view .LVU360
 1473 086c 5A20     		movs	r0, #90
 1474 086e FFF7FEFF 		bl	SPI_WriteData
 1475              	.LVL359:
 440:Module/lcd_cfg.c **** SPI_WriteData(0x0E);
 1476              		.loc 1 440 1 view .LVU361
 1477 0872 0E20     		movs	r0, #14
 1478 0874 FFF7FEFF 		bl	SPI_WriteData
 1479              	.LVL360:
 441:Module/lcd_cfg.c **** 
 442:Module/lcd_cfg.c **** SSD2828_WritePackageSize(17);
 1480              		.loc 1 442 1 view .LVU362
 1481 0878 1120     		movs	r0, #17
 1482 087a FFF7FEFF 		bl	SSD2828_WritePackageSize
 1483              	.LVL361:
 443:Module/lcd_cfg.c **** SPI_WriteData(0x80);
 1484              		.loc 1 443 1 view .LVU363
 1485 087e 8020     		movs	r0, #128
 1486 0880 FFF7FEFF 		bl	SPI_WriteData
 1487              	.LVL362:
 444:Module/lcd_cfg.c **** SPI_WriteData(0xFF);
 1488              		.loc 1 444 1 view .LVU364
 1489 0884 FF20     		movs	r0, #255
 1490 0886 FFF7FEFF 		bl	SPI_WriteData
 1491              	.LVL363:
 445:Module/lcd_cfg.c **** SPI_WriteData(0x81);
 1492              		.loc 1 445 1 view .LVU365
 1493 088a 8120     		movs	r0, #129
 1494 088c FFF7FEFF 		bl	SPI_WriteData
ARM GAS  C:\Users\ADMINI~1\AppData\Local\Temp\ccEmAkiv.s 			page 35


 1495              	.LVL364:
 446:Module/lcd_cfg.c **** SPI_WriteData(0x68);
 1496              		.loc 1 446 1 view .LVU366
 1497 0890 6820     		movs	r0, #104
 1498 0892 FFF7FEFF 		bl	SPI_WriteData
 1499              	.LVL365:
 447:Module/lcd_cfg.c **** SPI_WriteData(0x6C);
 1500              		.loc 1 447 1 view .LVU367
 1501 0896 6C20     		movs	r0, #108
 1502 0898 FFF7FEFF 		bl	SPI_WriteData
 1503              	.LVL366:
 448:Module/lcd_cfg.c **** SPI_WriteData(0x22);
 1504              		.loc 1 448 1 view .LVU368
 1505 089c 2220     		movs	r0, #34
 1506 089e FFF7FEFF 		bl	SPI_WriteData
 1507              	.LVL367:
 449:Module/lcd_cfg.c **** SPI_WriteData(0xFD);
 1508              		.loc 1 449 1 view .LVU369
 1509 08a2 FD20     		movs	r0, #253
 1510 08a4 FFF7FEFF 		bl	SPI_WriteData
 1511              	.LVL368:
 450:Module/lcd_cfg.c **** SPI_WriteData(0x22);
 1512              		.loc 1 450 1 view .LVU370
 1513 08a8 2220     		movs	r0, #34
 1514 08aa FFF7FEFF 		bl	SPI_WriteData
 1515              	.LVL369:
 451:Module/lcd_cfg.c **** SPI_WriteData(0x00);
 1516              		.loc 1 451 1 view .LVU371
 1517 08ae 0020     		movs	r0, #0
 1518 08b0 FFF7FEFF 		bl	SPI_WriteData
 1519              	.LVL370:
 452:Module/lcd_cfg.c **** SPI_WriteData(0x55);
 1520              		.loc 1 452 1 view .LVU372
 1521 08b4 5520     		movs	r0, #85
 1522 08b6 FFF7FEFF 		bl	SPI_WriteData
 1523              	.LVL371:
 453:Module/lcd_cfg.c **** SPI_WriteData(0x55);
 1524              		.loc 1 453 1 view .LVU373
 1525 08ba 5520     		movs	r0, #85
 1526 08bc FFF7FEFF 		bl	SPI_WriteData
 1527              	.LVL372:
 454:Module/lcd_cfg.c **** SPI_WriteData(0x55);
 1528              		.loc 1 454 1 view .LVU374
 1529 08c0 5520     		movs	r0, #85
 1530 08c2 FFF7FEFF 		bl	SPI_WriteData
 1531              	.LVL373:
 455:Module/lcd_cfg.c **** SPI_WriteData(0x55);
 1532              		.loc 1 455 1 view .LVU375
 1533 08c6 5520     		movs	r0, #85
 1534 08c8 FFF7FEFF 		bl	SPI_WriteData
 1535              	.LVL374:
 456:Module/lcd_cfg.c **** SPI_WriteData(0x05);
 1536              		.loc 1 456 1 view .LVU376
 1537 08cc 0520     		movs	r0, #5
 1538 08ce FFF7FEFF 		bl	SPI_WriteData
 1539              	.LVL375:
 457:Module/lcd_cfg.c **** SPI_WriteData(0x5A);
ARM GAS  C:\Users\ADMINI~1\AppData\Local\Temp\ccEmAkiv.s 			page 36


 1540              		.loc 1 457 1 view .LVU377
 1541 08d2 5A20     		movs	r0, #90
 1542 08d4 FFF7FEFF 		bl	SPI_WriteData
 1543              	.LVL376:
 458:Module/lcd_cfg.c **** SPI_WriteData(0x5A);
 1544              		.loc 1 458 1 view .LVU378
 1545 08d8 5A20     		movs	r0, #90
 1546 08da FFF7FEFF 		bl	SPI_WriteData
 1547              	.LVL377:
 459:Module/lcd_cfg.c **** SPI_WriteData(0x80);
 1548              		.loc 1 459 1 view .LVU379
 1549 08de 8020     		movs	r0, #128
 1550 08e0 FFF7FEFF 		bl	SPI_WriteData
 1551              	.LVL378:
 460:Module/lcd_cfg.c **** 
 461:Module/lcd_cfg.c **** SSD2828_WritePackageSize(7);
 1552              		.loc 1 461 1 view .LVU380
 1553 08e4 0720     		movs	r0, #7
 1554 08e6 FFF7FEFF 		bl	SSD2828_WritePackageSize
 1555              	.LVL379:
 462:Module/lcd_cfg.c **** SPI_WriteData(0x90);
 1556              		.loc 1 462 1 view .LVU381
 1557 08ea 9020     		movs	r0, #144
 1558 08ec FFF7FEFF 		bl	SPI_WriteData
 1559              	.LVL380:
 463:Module/lcd_cfg.c **** SPI_WriteData(0x01);
 1560              		.loc 1 463 1 view .LVU382
 1561 08f0 0120     		movs	r0, #1
 1562 08f2 FFF7FEFF 		bl	SPI_WriteData
 1563              	.LVL381:
 464:Module/lcd_cfg.c **** SPI_WriteData(0x00);
 1564              		.loc 1 464 1 view .LVU383
 1565 08f6 0020     		movs	r0, #0
 1566 08f8 FFF7FEFF 		bl	SPI_WriteData
 1567              	.LVL382:
 465:Module/lcd_cfg.c **** SPI_WriteData(0x00);
 1568              		.loc 1 465 1 view .LVU384
 1569 08fc 0020     		movs	r0, #0
 1570 08fe FFF7FEFF 		bl	SPI_WriteData
 1571              	.LVL383:
 466:Module/lcd_cfg.c **** SPI_WriteData(0x60);
 1572              		.loc 1 466 1 view .LVU385
 1573 0902 6020     		movs	r0, #96
 1574 0904 FFF7FEFF 		bl	SPI_WriteData
 1575              	.LVL384:
 467:Module/lcd_cfg.c **** SPI_WriteData(0x01);
 1576              		.loc 1 467 1 view .LVU386
 1577 0908 0120     		movs	r0, #1
 1578 090a FFF7FEFF 		bl	SPI_WriteData
 1579              	.LVL385:
 468:Module/lcd_cfg.c **** SPI_WriteData(0x00);
 1580              		.loc 1 468 1 view .LVU387
 1581 090e 0020     		movs	r0, #0
 1582 0910 FFF7FEFF 		bl	SPI_WriteData
 1583              	.LVL386:
 469:Module/lcd_cfg.c **** 
 470:Module/lcd_cfg.c **** //Blank15
ARM GAS  C:\Users\ADMINI~1\AppData\Local\Temp\ccEmAkiv.s 			page 37


 471:Module/lcd_cfg.c **** SSD2828_WritePackageSize(3);
 1584              		.loc 1 471 1 view .LVU388
 1585 0914 0320     		movs	r0, #3
 1586 0916 FFF7FEFF 		bl	SSD2828_WritePackageSize
 1587              	.LVL387:
 472:Module/lcd_cfg.c **** SPI_WriteData(0x41);
 1588              		.loc 1 472 1 view .LVU389
 1589 091a 4120     		movs	r0, #65
 1590 091c FFF7FEFF 		bl	SPI_WriteData
 1591              	.LVL388:
 473:Module/lcd_cfg.c **** SPI_WriteData(0x5A);
 1592              		.loc 1 473 1 view .LVU390
 1593 0920 5A20     		movs	r0, #90
 1594 0922 FFF7FEFF 		bl	SPI_WriteData
 1595              	.LVL389:
 474:Module/lcd_cfg.c **** SPI_WriteData(0x0F);
 1596              		.loc 1 474 1 view .LVU391
 1597 0926 0F20     		movs	r0, #15
 1598 0928 FFF7FEFF 		bl	SPI_WriteData
 1599              	.LVL390:
 475:Module/lcd_cfg.c **** 
 476:Module/lcd_cfg.c **** SSD2828_WritePackageSize(17);
 1600              		.loc 1 476 1 view .LVU392
 1601 092c 1120     		movs	r0, #17
 1602 092e FFF7FEFF 		bl	SSD2828_WritePackageSize
 1603              	.LVL391:
 477:Module/lcd_cfg.c **** SPI_WriteData(0x80);
 1604              		.loc 1 477 1 view .LVU393
 1605 0932 8020     		movs	r0, #128
 1606 0934 FFF7FEFF 		bl	SPI_WriteData
 1607              	.LVL392:
 478:Module/lcd_cfg.c **** SPI_WriteData(0x11);
 1608              		.loc 1 478 1 view .LVU394
 1609 0938 1120     		movs	r0, #17
 1610 093a FFF7FEFF 		bl	SPI_WriteData
 1611              	.LVL393:
 479:Module/lcd_cfg.c **** SPI_WriteData(0x35);
 1612              		.loc 1 479 1 view .LVU395
 1613 093e 3520     		movs	r0, #53
 1614 0940 FFF7FEFF 		bl	SPI_WriteData
 1615              	.LVL394:
 480:Module/lcd_cfg.c **** SPI_WriteData(0x81);
 1616              		.loc 1 480 1 view .LVU396
 1617 0944 8120     		movs	r0, #129
 1618 0946 FFF7FEFF 		bl	SPI_WriteData
 1619              	.LVL395:
 481:Module/lcd_cfg.c **** SPI_WriteData(0x29);
 1620              		.loc 1 481 1 view .LVU397
 1621 094a 2920     		movs	r0, #41
 1622 094c FFF7FEFF 		bl	SPI_WriteData
 1623              	.LVL396:
 482:Module/lcd_cfg.c **** SPI_WriteData(0x0A);
 1624              		.loc 1 482 1 view .LVU398
 1625 0950 0A20     		movs	r0, #10
 1626 0952 FFF7FEFF 		bl	SPI_WriteData
 1627              	.LVL397:
 483:Module/lcd_cfg.c **** SPI_WriteData(0x04);
ARM GAS  C:\Users\ADMINI~1\AppData\Local\Temp\ccEmAkiv.s 			page 38


 1628              		.loc 1 483 1 view .LVU399
 1629 0956 0420     		movs	r0, #4
 1630 0958 FFF7FEFF 		bl	SPI_WriteData
 1631              	.LVL398:
 484:Module/lcd_cfg.c **** SPI_WriteData(0x30);
 1632              		.loc 1 484 1 view .LVU400
 1633 095c 3020     		movs	r0, #48
 1634 095e FFF7FEFF 		bl	SPI_WriteData
 1635              	.LVL399:
 485:Module/lcd_cfg.c **** SPI_WriteData(0x45);
 1636              		.loc 1 485 1 view .LVU401
 1637 0962 4520     		movs	r0, #69
 1638 0964 FFF7FEFF 		bl	SPI_WriteData
 1639              	.LVL400:
 486:Module/lcd_cfg.c **** SPI_WriteData(0x01);
 1640              		.loc 1 486 1 view .LVU402
 1641 0968 0120     		movs	r0, #1
 1642 096a FFF7FEFF 		bl	SPI_WriteData
 1643              	.LVL401:
 487:Module/lcd_cfg.c **** SPI_WriteData(0x01);
 1644              		.loc 1 487 1 view .LVU403
 1645 096e 0120     		movs	r0, #1
 1646 0970 FFF7FEFF 		bl	SPI_WriteData
 1647              	.LVL402:
 488:Module/lcd_cfg.c **** SPI_WriteData(0x20);
 1648              		.loc 1 488 1 view .LVU404
 1649 0974 2020     		movs	r0, #32
 1650 0976 FFF7FEFF 		bl	SPI_WriteData
 1651              	.LVL403:
 489:Module/lcd_cfg.c **** SPI_WriteData(0x04);
 1652              		.loc 1 489 1 view .LVU405
 1653 097a 0420     		movs	r0, #4
 1654 097c FFF7FEFF 		bl	SPI_WriteData
 1655              	.LVL404:
 490:Module/lcd_cfg.c **** SPI_WriteData(0x2C);
 1656              		.loc 1 490 1 view .LVU406
 1657 0980 2C20     		movs	r0, #44
 1658 0982 FFF7FEFF 		bl	SPI_WriteData
 1659              	.LVL405:
 491:Module/lcd_cfg.c **** SPI_WriteData(0x00);
 1660              		.loc 1 491 1 view .LVU407
 1661 0986 0020     		movs	r0, #0
 1662 0988 FFF7FEFF 		bl	SPI_WriteData
 1663              	.LVL406:
 492:Module/lcd_cfg.c **** SPI_WriteData(0x04);
 1664              		.loc 1 492 1 view .LVU408
 1665 098c 0420     		movs	r0, #4
 1666 098e FFF7FEFF 		bl	SPI_WriteData
 1667              	.LVL407:
 493:Module/lcd_cfg.c **** SPI_WriteData(0x44);
 1668              		.loc 1 493 1 view .LVU409
 1669 0992 4420     		movs	r0, #68
 1670 0994 FFF7FEFF 		bl	SPI_WriteData
 1671              	.LVL408:
 494:Module/lcd_cfg.c **** 
 495:Module/lcd_cfg.c **** SSD2828_WritePackageSize(17);
 1672              		.loc 1 495 1 view .LVU410
ARM GAS  C:\Users\ADMINI~1\AppData\Local\Temp\ccEmAkiv.s 			page 39


 1673 0998 1120     		movs	r0, #17
 1674 099a FFF7FEFF 		bl	SSD2828_WritePackageSize
 1675              	.LVL409:
 496:Module/lcd_cfg.c **** SPI_WriteData(0x90);
 1676              		.loc 1 496 1 view .LVU411
 1677 099e 9020     		movs	r0, #144
 1678 09a0 FFF7FEFF 		bl	SPI_WriteData
 1679              	.LVL410:
 497:Module/lcd_cfg.c **** SPI_WriteData(0x37);
 1680              		.loc 1 497 1 view .LVU412
 1681 09a4 3720     		movs	r0, #55
 1682 09a6 FFF7FEFF 		bl	SPI_WriteData
 1683              	.LVL411:
 498:Module/lcd_cfg.c **** SPI_WriteData(0xA4);
 1684              		.loc 1 498 1 view .LVU413
 1685 09aa A420     		movs	r0, #164
 1686 09ac FFF7FEFF 		bl	SPI_WriteData
 1687              	.LVL412:
 499:Module/lcd_cfg.c **** SPI_WriteData(0x10);
 1688              		.loc 1 499 1 view .LVU414
 1689 09b0 1020     		movs	r0, #16
 1690 09b2 FFF7FEFF 		bl	SPI_WriteData
 1691              	.LVL413:
 500:Module/lcd_cfg.c **** SPI_WriteData(0x80);
 1692              		.loc 1 500 1 view .LVU415
 1693 09b6 8020     		movs	r0, #128
 1694 09b8 FFF7FEFF 		bl	SPI_WriteData
 1695              	.LVL414:
 501:Module/lcd_cfg.c **** SPI_WriteData(0x06);
 1696              		.loc 1 501 1 view .LVU416
 1697 09bc 0620     		movs	r0, #6
 1698 09be FFF7FEFF 		bl	SPI_WriteData
 1699              	.LVL415:
 502:Module/lcd_cfg.c **** SPI_WriteData(0x14);
 1700              		.loc 1 502 1 view .LVU417
 1701 09c2 1420     		movs	r0, #20
 1702 09c4 FFF7FEFF 		bl	SPI_WriteData
 1703              	.LVL416:
 503:Module/lcd_cfg.c **** SPI_WriteData(0x18);
 1704              		.loc 1 503 1 view .LVU418
 1705 09c8 1820     		movs	r0, #24
 1706 09ca FFF7FEFF 		bl	SPI_WriteData
 1707              	.LVL417:
 504:Module/lcd_cfg.c **** SPI_WriteData(0xA0);
 1708              		.loc 1 504 1 view .LVU419
 1709 09ce A020     		movs	r0, #160
 1710 09d0 FFF7FEFF 		bl	SPI_WriteData
 1711              	.LVL418:
 505:Module/lcd_cfg.c **** SPI_WriteData(0x05);
 1712              		.loc 1 505 1 view .LVU420
 1713 09d4 0520     		movs	r0, #5
 1714 09d6 FFF7FEFF 		bl	SPI_WriteData
 1715              	.LVL419:
 506:Module/lcd_cfg.c **** SPI_WriteData(0x5A);
 1716              		.loc 1 506 1 view .LVU421
 1717 09da 5A20     		movs	r0, #90
 1718 09dc FFF7FEFF 		bl	SPI_WriteData
ARM GAS  C:\Users\ADMINI~1\AppData\Local\Temp\ccEmAkiv.s 			page 40


 1719              	.LVL420:
 507:Module/lcd_cfg.c **** SPI_WriteData(0x10);
 1720              		.loc 1 507 1 view .LVU422
 1721 09e0 1020     		movs	r0, #16
 1722 09e2 FFF7FEFF 		bl	SPI_WriteData
 1723              	.LVL421:
 508:Module/lcd_cfg.c **** SPI_WriteData(0x00);
 1724              		.loc 1 508 1 view .LVU423
 1725 09e6 0020     		movs	r0, #0
 1726 09e8 FFF7FEFF 		bl	SPI_WriteData
 1727              	.LVL422:
 509:Module/lcd_cfg.c **** SPI_WriteData(0x00);
 1728              		.loc 1 509 1 view .LVU424
 1729 09ec 0020     		movs	r0, #0
 1730 09ee FFF7FEFF 		bl	SPI_WriteData
 1731              	.LVL423:
 510:Module/lcd_cfg.c **** SPI_WriteData(0x10);
 1732              		.loc 1 510 1 view .LVU425
 1733 09f2 1020     		movs	r0, #16
 1734 09f4 FFF7FEFF 		bl	SPI_WriteData
 1735              	.LVL424:
 511:Module/lcd_cfg.c **** SPI_WriteData(0x84);
 1736              		.loc 1 511 1 view .LVU426
 1737 09f8 8420     		movs	r0, #132
 1738 09fa FFF7FEFF 		bl	SPI_WriteData
 1739              	.LVL425:
 512:Module/lcd_cfg.c **** SPI_WriteData(0x10);
 1740              		.loc 1 512 1 view .LVU427
 1741 09fe 1020     		movs	r0, #16
 1742 0a00 FFF7FEFF 		bl	SPI_WriteData
 1743              	.LVL426:
 513:Module/lcd_cfg.c **** 
 514:Module/lcd_cfg.c **** SSD2828_WritePackageSize(17);
 1744              		.loc 1 514 1 view .LVU428
 1745 0a04 1120     		movs	r0, #17
 1746 0a06 FFF7FEFF 		bl	SSD2828_WritePackageSize
 1747              	.LVL427:
 515:Module/lcd_cfg.c **** SPI_WriteData(0xA0);
 1748              		.loc 1 515 1 view .LVU429
 1749 0a0a A020     		movs	r0, #160
 1750 0a0c FFF7FEFF 		bl	SPI_WriteData
 1751              	.LVL428:
 516:Module/lcd_cfg.c **** SPI_WriteData(0x32);
 1752              		.loc 1 516 1 view .LVU430
 1753 0a10 3220     		movs	r0, #50
 1754 0a12 FFF7FEFF 		bl	SPI_WriteData
 1755              	.LVL429:
 517:Module/lcd_cfg.c **** SPI_WriteData(0x24);
 1756              		.loc 1 517 1 view .LVU431
 1757 0a16 2420     		movs	r0, #36
 1758 0a18 FFF7FEFF 		bl	SPI_WriteData
 1759              	.LVL430:
 518:Module/lcd_cfg.c **** SPI_WriteData(0x43);
 1760              		.loc 1 518 1 view .LVU432
 1761 0a1c 4320     		movs	r0, #67
 1762 0a1e FFF7FEFF 		bl	SPI_WriteData
 1763              	.LVL431:
ARM GAS  C:\Users\ADMINI~1\AppData\Local\Temp\ccEmAkiv.s 			page 41


 519:Module/lcd_cfg.c **** SPI_WriteData(0xB3);
 1764              		.loc 1 519 1 view .LVU433
 1765 0a22 B320     		movs	r0, #179
 1766 0a24 FFF7FEFF 		bl	SPI_WriteData
 1767              	.LVL432:
 520:Module/lcd_cfg.c **** SPI_WriteData(0x6E);
 1768              		.loc 1 520 1 view .LVU434
 1769 0a28 6E20     		movs	r0, #110
 1770 0a2a FFF7FEFF 		bl	SPI_WriteData
 1771              	.LVL433:
 521:Module/lcd_cfg.c **** SPI_WriteData(0xC0);
 1772              		.loc 1 521 1 view .LVU435
 1773 0a2e C020     		movs	r0, #192
 1774 0a30 FFF7FEFF 		bl	SPI_WriteData
 1775              	.LVL434:
 522:Module/lcd_cfg.c **** SPI_WriteData(0x4A);
 1776              		.loc 1 522 1 view .LVU436
 1777 0a34 4A20     		movs	r0, #74
 1778 0a36 FFF7FEFF 		bl	SPI_WriteData
 1779              	.LVL435:
 523:Module/lcd_cfg.c **** SPI_WriteData(0x0B);
 1780              		.loc 1 523 1 view .LVU437
 1781 0a3a 0B20     		movs	r0, #11
 1782 0a3c FFF7FEFF 		bl	SPI_WriteData
 1783              	.LVL436:
 524:Module/lcd_cfg.c **** SPI_WriteData(0x5A);
 1784              		.loc 1 524 1 view .LVU438
 1785 0a40 5A20     		movs	r0, #90
 1786 0a42 FFF7FEFF 		bl	SPI_WriteData
 1787              	.LVL437:
 525:Module/lcd_cfg.c **** SPI_WriteData(0x71);
 1788              		.loc 1 525 1 view .LVU439
 1789 0a46 7120     		movs	r0, #113
 1790 0a48 FFF7FEFF 		bl	SPI_WriteData
 1791              	.LVL438:
 526:Module/lcd_cfg.c **** SPI_WriteData(0x22);
 1792              		.loc 1 526 1 view .LVU440
 1793 0a4c 2220     		movs	r0, #34
 1794 0a4e FFF7FEFF 		bl	SPI_WriteData
 1795              	.LVL439:
 527:Module/lcd_cfg.c **** SPI_WriteData(0x80);
 1796              		.loc 1 527 1 view .LVU441
 1797 0a52 8020     		movs	r0, #128
 1798 0a54 FFF7FEFF 		bl	SPI_WriteData
 1799              	.LVL440:
 528:Module/lcd_cfg.c **** SPI_WriteData(0x19);
 1800              		.loc 1 528 1 view .LVU442
 1801 0a58 1920     		movs	r0, #25
 1802 0a5a FFF7FEFF 		bl	SPI_WriteData
 1803              	.LVL441:
 529:Module/lcd_cfg.c **** SPI_WriteData(0x4A);
 1804              		.loc 1 529 1 view .LVU443
 1805 0a5e 4A20     		movs	r0, #74
 1806 0a60 FFF7FEFF 		bl	SPI_WriteData
 1807              	.LVL442:
 530:Module/lcd_cfg.c **** SPI_WriteData(0x00);
 1808              		.loc 1 530 1 view .LVU444
ARM GAS  C:\Users\ADMINI~1\AppData\Local\Temp\ccEmAkiv.s 			page 42


 1809 0a64 0020     		movs	r0, #0
 1810 0a66 FFF7FEFF 		bl	SPI_WriteData
 1811              	.LVL443:
 531:Module/lcd_cfg.c **** SPI_WriteData(0x20);
 1812              		.loc 1 531 1 view .LVU445
 1813 0a6a 2020     		movs	r0, #32
 1814 0a6c FFF7FEFF 		bl	SPI_WriteData
 1815              	.LVL444:
 532:Module/lcd_cfg.c **** 
 533:Module/lcd_cfg.c **** SSD2828_WritePackageSize(17);
 1816              		.loc 1 533 1 view .LVU446
 1817 0a70 1120     		movs	r0, #17
 1818 0a72 FFF7FEFF 		bl	SSD2828_WritePackageSize
 1819              	.LVL445:
 534:Module/lcd_cfg.c **** SPI_WriteData(0xB0);
 1820              		.loc 1 534 1 view .LVU447
 1821 0a76 B020     		movs	r0, #176
 1822 0a78 FFF7FEFF 		bl	SPI_WriteData
 1823              	.LVL446:
 535:Module/lcd_cfg.c **** SPI_WriteData(0x27);
 1824              		.loc 1 535 1 view .LVU448
 1825 0a7c 2720     		movs	r0, #39
 1826 0a7e FFF7FEFF 		bl	SPI_WriteData
 1827              	.LVL447:
 536:Module/lcd_cfg.c **** SPI_WriteData(0x9E);
 1828              		.loc 1 536 1 view .LVU449
 1829 0a82 9E20     		movs	r0, #158
 1830 0a84 FFF7FEFF 		bl	SPI_WriteData
 1831              	.LVL448:
 537:Module/lcd_cfg.c **** SPI_WriteData(0x01);
 1832              		.loc 1 537 1 view .LVU450
 1833 0a88 0120     		movs	r0, #1
 1834 0a8a FFF7FEFF 		bl	SPI_WriteData
 1835              	.LVL449:
 538:Module/lcd_cfg.c **** SPI_WriteData(0xC0);
 1836              		.loc 1 538 1 view .LVU451
 1837 0a8e C020     		movs	r0, #192
 1838 0a90 FFF7FEFF 		bl	SPI_WriteData
 1839              	.LVL450:
 539:Module/lcd_cfg.c **** SPI_WriteData(0x19);
 1840              		.loc 1 539 1 view .LVU452
 1841 0a94 1920     		movs	r0, #25
 1842 0a96 FFF7FEFF 		bl	SPI_WriteData
 1843              	.LVL451:
 540:Module/lcd_cfg.c **** SPI_WriteData(0x7A);
 1844              		.loc 1 540 1 view .LVU453
 1845 0a9a 7A20     		movs	r0, #122
 1846 0a9c FFF7FEFF 		bl	SPI_WriteData
 1847              	.LVL452:
 541:Module/lcd_cfg.c **** SPI_WriteData(0x21);
 1848              		.loc 1 541 1 view .LVU454
 1849 0aa0 2120     		movs	r0, #33
 1850 0aa2 FFF7FEFF 		bl	SPI_WriteData
 1851              	.LVL453:
 542:Module/lcd_cfg.c **** SPI_WriteData(0x14);
 1852              		.loc 1 542 1 view .LVU455
 1853 0aa6 1420     		movs	r0, #20
ARM GAS  C:\Users\ADMINI~1\AppData\Local\Temp\ccEmAkiv.s 			page 43


 1854 0aa8 FFF7FEFF 		bl	SPI_WriteData
 1855              	.LVL454:
 543:Module/lcd_cfg.c **** SPI_WriteData(0x00);
 1856              		.loc 1 543 1 view .LVU456
 1857 0aac 0020     		movs	r0, #0
 1858 0aae FFF7FEFF 		bl	SPI_WriteData
 1859              	.LVL455:
 544:Module/lcd_cfg.c **** SPI_WriteData(0x40);
 1860              		.loc 1 544 1 view .LVU457
 1861 0ab2 4020     		movs	r0, #64
 1862 0ab4 FFF7FEFF 		bl	SPI_WriteData
 1863              	.LVL456:
 545:Module/lcd_cfg.c **** SPI_WriteData(0x30);
 1864              		.loc 1 545 1 view .LVU458
 1865 0ab8 3020     		movs	r0, #48
 1866 0aba FFF7FEFF 		bl	SPI_WriteData
 1867              	.LVL457:
 546:Module/lcd_cfg.c **** SPI_WriteData(0xE0);
 1868              		.loc 1 546 1 view .LVU459
 1869 0abe E020     		movs	r0, #224
 1870 0ac0 FFF7FEFF 		bl	SPI_WriteData
 1871              	.LVL458:
 547:Module/lcd_cfg.c **** SPI_WriteData(0x00);
 1872              		.loc 1 547 1 view .LVU460
 1873 0ac4 0020     		movs	r0, #0
 1874 0ac6 FFF7FEFF 		bl	SPI_WriteData
 1875              	.LVL459:
 548:Module/lcd_cfg.c **** SPI_WriteData(0x2D);
 1876              		.loc 1 548 1 view .LVU461
 1877 0aca 2D20     		movs	r0, #45
 1878 0acc FFF7FEFF 		bl	SPI_WriteData
 1879              	.LVL460:
 549:Module/lcd_cfg.c **** SPI_WriteData(0xD0);
 1880              		.loc 1 549 1 view .LVU462
 1881 0ad0 D020     		movs	r0, #208
 1882 0ad2 FFF7FEFF 		bl	SPI_WriteData
 1883              	.LVL461:
 550:Module/lcd_cfg.c **** SPI_WriteData(0x82);
 1884              		.loc 1 550 1 view .LVU463
 1885 0ad6 8220     		movs	r0, #130
 1886 0ad8 FFF7FEFF 		bl	SPI_WriteData
 1887              	.LVL462:
 551:Module/lcd_cfg.c **** 
 552:Module/lcd_cfg.c **** SSD2828_WritePackageSize(17);
 1888              		.loc 1 552 1 view .LVU464
 1889 0adc 1120     		movs	r0, #17
 1890 0ade FFF7FEFF 		bl	SSD2828_WritePackageSize
 1891              	.LVL463:
 553:Module/lcd_cfg.c **** SPI_WriteData(0xC0);
 1892              		.loc 1 553 1 view .LVU465
 1893 0ae2 C020     		movs	r0, #192
 1894 0ae4 FFF7FEFF 		bl	SPI_WriteData
 1895              	.LVL464:
 554:Module/lcd_cfg.c **** SPI_WriteData(0x00);
 1896              		.loc 1 554 1 view .LVU466
 1897 0ae8 0020     		movs	r0, #0
 1898 0aea FFF7FEFF 		bl	SPI_WriteData
ARM GAS  C:\Users\ADMINI~1\AppData\Local\Temp\ccEmAkiv.s 			page 44


 1899              	.LVL465:
 555:Module/lcd_cfg.c **** SPI_WriteData(0x00);
 1900              		.loc 1 555 1 view .LVU467
 1901 0aee 0020     		movs	r0, #0
 1902 0af0 FFF7FEFF 		bl	SPI_WriteData
 1903              	.LVL466:
 556:Module/lcd_cfg.c **** SPI_WriteData(0x60);
 1904              		.loc 1 556 1 view .LVU468
 1905 0af4 6020     		movs	r0, #96
 1906 0af6 FFF7FEFF 		bl	SPI_WriteData
 1907              	.LVL467:
 557:Module/lcd_cfg.c **** SPI_WriteData(0x18);
 1908              		.loc 1 557 1 view .LVU469
 1909 0afa 1820     		movs	r0, #24
 1910 0afc FFF7FEFF 		bl	SPI_WriteData
 1911              	.LVL468:
 558:Module/lcd_cfg.c **** SPI_WriteData(0x63);
 1912              		.loc 1 558 1 view .LVU470
 1913 0b00 6320     		movs	r0, #99
 1914 0b02 FFF7FEFF 		bl	SPI_WriteData
 1915              	.LVL469:
 559:Module/lcd_cfg.c **** SPI_WriteData(0xD0);
 1916              		.loc 1 559 1 view .LVU471
 1917 0b06 D020     		movs	r0, #208
 1918 0b08 FFF7FEFF 		bl	SPI_WriteData
 1919              	.LVL470:
 560:Module/lcd_cfg.c **** SPI_WriteData(0xA0);
 1920              		.loc 1 560 1 view .LVU472
 1921 0b0c A020     		movs	r0, #160
 1922 0b0e FFF7FEFF 		bl	SPI_WriteData
 1923              	.LVL471:
 561:Module/lcd_cfg.c **** SPI_WriteData(0x0D);
 1924              		.loc 1 561 1 view .LVU473
 1925 0b12 0D20     		movs	r0, #13
 1926 0b14 FFF7FEFF 		bl	SPI_WriteData
 1927              	.LVL472:
 562:Module/lcd_cfg.c **** SPI_WriteData(0x9A);
 1928              		.loc 1 562 1 view .LVU474
 1929 0b18 9A20     		movs	r0, #154
 1930 0b1a FFF7FEFF 		bl	SPI_WriteData
 1931              	.LVL473:
 563:Module/lcd_cfg.c **** SPI_WriteData(0x21);
 1932              		.loc 1 563 1 view .LVU475
 1933 0b1e 2120     		movs	r0, #33
 1934 0b20 FFF7FEFF 		bl	SPI_WriteData
 1935              	.LVL474:
 564:Module/lcd_cfg.c **** SPI_WriteData(0x02);
 1936              		.loc 1 564 1 view .LVU476
 1937 0b24 0220     		movs	r0, #2
 1938 0b26 FFF7FEFF 		bl	SPI_WriteData
 1939              	.LVL475:
 565:Module/lcd_cfg.c **** SPI_WriteData(0x10);
 1940              		.loc 1 565 1 view .LVU477
 1941 0b2a 1020     		movs	r0, #16
 1942 0b2c FFF7FEFF 		bl	SPI_WriteData
 1943              	.LVL476:
 566:Module/lcd_cfg.c **** SPI_WriteData(0x62);
ARM GAS  C:\Users\ADMINI~1\AppData\Local\Temp\ccEmAkiv.s 			page 45


 1944              		.loc 1 566 1 view .LVU478
 1945 0b30 6220     		movs	r0, #98
 1946 0b32 FFF7FEFF 		bl	SPI_WriteData
 1947              	.LVL477:
 567:Module/lcd_cfg.c **** SPI_WriteData(0x84);
 1948              		.loc 1 567 1 view .LVU479
 1949 0b36 8420     		movs	r0, #132
 1950 0b38 FFF7FEFF 		bl	SPI_WriteData
 1951              	.LVL478:
 568:Module/lcd_cfg.c **** SPI_WriteData(0x28);
 1952              		.loc 1 568 1 view .LVU480
 1953 0b3c 2820     		movs	r0, #40
 1954 0b3e FFF7FEFF 		bl	SPI_WriteData
 1955              	.LVL479:
 569:Module/lcd_cfg.c **** SPI_WriteData(0x03);
 1956              		.loc 1 569 1 view .LVU481
 1957 0b42 0320     		movs	r0, #3
 1958 0b44 FFF7FEFF 		bl	SPI_WriteData
 1959              	.LVL480:
 570:Module/lcd_cfg.c **** 
 571:Module/lcd_cfg.c **** SSD2828_WritePackageSize(17);
 1960              		.loc 1 571 1 view .LVU482
 1961 0b48 1120     		movs	r0, #17
 1962 0b4a FFF7FEFF 		bl	SSD2828_WritePackageSize
 1963              	.LVL481:
 572:Module/lcd_cfg.c **** SPI_WriteData(0xD0);
 1964              		.loc 1 572 1 view .LVU483
 1965 0b4e D020     		movs	r0, #208
 1966 0b50 FFF7FEFF 		bl	SPI_WriteData
 1967              	.LVL482:
 573:Module/lcd_cfg.c **** SPI_WriteData(0x8A);
 1968              		.loc 1 573 1 view .LVU484
 1969 0b54 8A20     		movs	r0, #138
 1970 0b56 FFF7FEFF 		bl	SPI_WriteData
 1971              	.LVL483:
 574:Module/lcd_cfg.c **** SPI_WriteData(0x88);
 1972              		.loc 1 574 1 view .LVU485
 1973 0b5a 8820     		movs	r0, #136
 1974 0b5c FFF7FEFF 		bl	SPI_WriteData
 1975              	.LVL484:
 575:Module/lcd_cfg.c **** SPI_WriteData(0x88);
 1976              		.loc 1 575 1 view .LVU486
 1977 0b60 8820     		movs	r0, #136
 1978 0b62 FFF7FEFF 		bl	SPI_WriteData
 1979              	.LVL485:
 576:Module/lcd_cfg.c **** SPI_WriteData(0x48);
 1980              		.loc 1 576 1 view .LVU487
 1981 0b66 4820     		movs	r0, #72
 1982 0b68 FFF7FEFF 		bl	SPI_WriteData
 1983              	.LVL486:
 577:Module/lcd_cfg.c **** SPI_WriteData(0x92);
 1984              		.loc 1 577 1 view .LVU488
 1985 0b6c 9220     		movs	r0, #146
 1986 0b6e FFF7FEFF 		bl	SPI_WriteData
 1987              	.LVL487:
 578:Module/lcd_cfg.c **** SPI_WriteData(0x09);
 1988              		.loc 1 578 1 view .LVU489
ARM GAS  C:\Users\ADMINI~1\AppData\Local\Temp\ccEmAkiv.s 			page 46


 1989 0b72 0920     		movs	r0, #9
 1990 0b74 FFF7FEFF 		bl	SPI_WriteData
 1991              	.LVL488:
 579:Module/lcd_cfg.c **** SPI_WriteData(0x0F);
 1992              		.loc 1 579 1 view .LVU490
 1993 0b78 0F20     		movs	r0, #15
 1994 0b7a FFF7FEFF 		bl	SPI_WriteData
 1995              	.LVL489:
 580:Module/lcd_cfg.c **** SPI_WriteData(0x15);
 1996              		.loc 1 580 1 view .LVU491
 1997 0b7e 1520     		movs	r0, #21
 1998 0b80 FFF7FEFF 		bl	SPI_WriteData
 1999              	.LVL490:
 581:Module/lcd_cfg.c **** SPI_WriteData(0x1E);
 2000              		.loc 1 581 1 view .LVU492
 2001 0b84 1E20     		movs	r0, #30
 2002 0b86 FFF7FEFF 		bl	SPI_WriteData
 2003              	.LVL491:
 582:Module/lcd_cfg.c **** SPI_WriteData(0xE0);
 2004              		.loc 1 582 1 view .LVU493
 2005 0b8a E020     		movs	r0, #224
 2006 0b8c FFF7FEFF 		bl	SPI_WriteData
 2007              	.LVL492:
 583:Module/lcd_cfg.c **** SPI_WriteData(0x31);
 2008              		.loc 1 583 1 view .LVU494
 2009 0b90 3120     		movs	r0, #49
 2010 0b92 FFF7FEFF 		bl	SPI_WriteData
 2011              	.LVL493:
 584:Module/lcd_cfg.c **** SPI_WriteData(0x06);
 2012              		.loc 1 584 1 view .LVU495
 2013 0b96 0620     		movs	r0, #6
 2014 0b98 FFF7FEFF 		bl	SPI_WriteData
 2015              	.LVL494:
 585:Module/lcd_cfg.c **** SPI_WriteData(0x04);
 2016              		.loc 1 585 1 view .LVU496
 2017 0b9c 0420     		movs	r0, #4
 2018 0b9e FFF7FEFF 		bl	SPI_WriteData
 2019              	.LVL495:
 586:Module/lcd_cfg.c **** SPI_WriteData(0x02);
 2020              		.loc 1 586 1 view .LVU497
 2021 0ba2 0220     		movs	r0, #2
 2022 0ba4 FFF7FEFF 		bl	SPI_WriteData
 2023              	.LVL496:
 587:Module/lcd_cfg.c **** SPI_WriteData(0x14);
 2024              		.loc 1 587 1 view .LVU498
 2025 0ba8 1420     		movs	r0, #20
 2026 0baa FFF7FEFF 		bl	SPI_WriteData
 2027              	.LVL497:
 588:Module/lcd_cfg.c **** SPI_WriteData(0x04);
 2028              		.loc 1 588 1 view .LVU499
 2029 0bae 0420     		movs	r0, #4
 2030 0bb0 FFF7FEFF 		bl	SPI_WriteData
 2031              	.LVL498:
 589:Module/lcd_cfg.c **** 
 590:Module/lcd_cfg.c **** SSD2828_WritePackageSize(17);
 2032              		.loc 1 590 1 view .LVU500
 2033 0bb4 1120     		movs	r0, #17
ARM GAS  C:\Users\ADMINI~1\AppData\Local\Temp\ccEmAkiv.s 			page 47


 2034 0bb6 FFF7FEFF 		bl	SSD2828_WritePackageSize
 2035              	.LVL499:
 591:Module/lcd_cfg.c **** SPI_WriteData(0xE0);
 2036              		.loc 1 591 1 view .LVU501
 2037 0bba E020     		movs	r0, #224
 2038 0bbc FFF7FEFF 		bl	SPI_WriteData
 2039              	.LVL500:
 592:Module/lcd_cfg.c **** SPI_WriteData(0x10);
 2040              		.loc 1 592 1 view .LVU502
 2041 0bc0 1020     		movs	r0, #16
 2042 0bc2 FFF7FEFF 		bl	SPI_WriteData
 2043              	.LVL501:
 593:Module/lcd_cfg.c **** SPI_WriteData(0x22);
 2044              		.loc 1 593 1 view .LVU503
 2045 0bc6 2220     		movs	r0, #34
 2046 0bc8 FFF7FEFF 		bl	SPI_WriteData
 2047              	.LVL502:
 594:Module/lcd_cfg.c **** SPI_WriteData(0x22);
 2048              		.loc 1 594 1 view .LVU504
 2049 0bcc 2220     		movs	r0, #34
 2050 0bce FFF7FEFF 		bl	SPI_WriteData
 2051              	.LVL503:
 595:Module/lcd_cfg.c **** SPI_WriteData(0xFD);
 2052              		.loc 1 595 1 view .LVU505
 2053 0bd2 FD20     		movs	r0, #253
 2054 0bd4 FFF7FEFF 		bl	SPI_WriteData
 2055              	.LVL504:
 596:Module/lcd_cfg.c **** SPI_WriteData(0x84);
 2056              		.loc 1 596 1 view .LVU506
 2057 0bd8 8420     		movs	r0, #132
 2058 0bda FFF7FEFF 		bl	SPI_WriteData
 2059              	.LVL505:
 597:Module/lcd_cfg.c **** SPI_WriteData(0xC9);
 2060              		.loc 1 597 1 view .LVU507
 2061 0bde C920     		movs	r0, #201
 2062 0be0 FFF7FEFF 		bl	SPI_WriteData
 2063              	.LVL506:
 598:Module/lcd_cfg.c **** SPI_WriteData(0xC1);
 2064              		.loc 1 598 1 view .LVU508
 2065 0be4 C120     		movs	r0, #193
 2066 0be6 FFF7FEFF 		bl	SPI_WriteData
 2067              	.LVL507:
 599:Module/lcd_cfg.c **** SPI_WriteData(0x24);
 2068              		.loc 1 599 1 view .LVU509
 2069 0bea 2420     		movs	r0, #36
 2070 0bec FFF7FEFF 		bl	SPI_WriteData
 2071              	.LVL508:
 600:Module/lcd_cfg.c **** SPI_WriteData(0x30);
 2072              		.loc 1 600 1 view .LVU510
 2073 0bf0 3020     		movs	r0, #48
 2074 0bf2 FFF7FEFF 		bl	SPI_WriteData
 2075              	.LVL509:
 601:Module/lcd_cfg.c **** SPI_WriteData(0xA1);
 2076              		.loc 1 601 1 view .LVU511
 2077 0bf6 A120     		movs	r0, #161
 2078 0bf8 FFF7FEFF 		bl	SPI_WriteData
 2079              	.LVL510:
ARM GAS  C:\Users\ADMINI~1\AppData\Local\Temp\ccEmAkiv.s 			page 48


 602:Module/lcd_cfg.c **** SPI_WriteData(0x32);
 2080              		.loc 1 602 1 view .LVU512
 2081 0bfc 3220     		movs	r0, #50
 2082 0bfe FFF7FEFF 		bl	SPI_WriteData
 2083              	.LVL511:
 603:Module/lcd_cfg.c **** SPI_WriteData(0xBE);
 2084              		.loc 1 603 1 view .LVU513
 2085 0c02 BE20     		movs	r0, #190
 2086 0c04 FFF7FEFF 		bl	SPI_WriteData
 2087              	.LVL512:
 604:Module/lcd_cfg.c **** SPI_WriteData(0x64);
 2088              		.loc 1 604 1 view .LVU514
 2089 0c08 6420     		movs	r0, #100
 2090 0c0a FFF7FEFF 		bl	SPI_WriteData
 2091              	.LVL513:
 605:Module/lcd_cfg.c **** SPI_WriteData(0x40);
 2092              		.loc 1 605 1 view .LVU515
 2093 0c0e 4020     		movs	r0, #64
 2094 0c10 FFF7FEFF 		bl	SPI_WriteData
 2095              	.LVL514:
 606:Module/lcd_cfg.c **** SPI_WriteData(0x41);
 2096              		.loc 1 606 1 view .LVU516
 2097 0c14 4120     		movs	r0, #65
 2098 0c16 FFF7FEFF 		bl	SPI_WriteData
 2099              	.LVL515:
 607:Module/lcd_cfg.c **** SPI_WriteData(0x00);
 2100              		.loc 1 607 1 view .LVU517
 2101 0c1a 0020     		movs	r0, #0
 2102 0c1c FFF7FEFF 		bl	SPI_WriteData
 2103              	.LVL516:
 608:Module/lcd_cfg.c **** 
 609:Module/lcd_cfg.c **** SSD2828_WritePackageSize(16);
 2104              		.loc 1 609 1 view .LVU518
 2105 0c20 1020     		movs	r0, #16
 2106 0c22 FFF7FEFF 		bl	SSD2828_WritePackageSize
 2107              	.LVL517:
 610:Module/lcd_cfg.c **** SPI_WriteData(0xF0);
 2108              		.loc 1 610 1 view .LVU519
 2109 0c26 F020     		movs	r0, #240
 2110 0c28 FFF7FEFF 		bl	SPI_WriteData
 2111              	.LVL518:
 611:Module/lcd_cfg.c **** SPI_WriteData(0x00);
 2112              		.loc 1 611 1 view .LVU520
 2113 0c2c 0020     		movs	r0, #0
 2114 0c2e FFF7FEFF 		bl	SPI_WriteData
 2115              	.LVL519:
 612:Module/lcd_cfg.c **** SPI_WriteData(0x20);
 2116              		.loc 1 612 1 view .LVU521
 2117 0c32 2020     		movs	r0, #32
 2118 0c34 FFF7FEFF 		bl	SPI_WriteData
 2119              	.LVL520:
 613:Module/lcd_cfg.c **** SPI_WriteData(0x1F);
 2120              		.loc 1 613 1 view .LVU522
 2121 0c38 1F20     		movs	r0, #31
 2122 0c3a FFF7FEFF 		bl	SPI_WriteData
 2123              	.LVL521:
 614:Module/lcd_cfg.c **** SPI_WriteData(0x04);
ARM GAS  C:\Users\ADMINI~1\AppData\Local\Temp\ccEmAkiv.s 			page 49


 2124              		.loc 1 614 1 view .LVU523
 2125 0c3e 0420     		movs	r0, #4
 2126 0c40 FFF7FEFF 		bl	SPI_WriteData
 2127              	.LVL522:
 615:Module/lcd_cfg.c **** SPI_WriteData(0xF5);
 2128              		.loc 1 615 1 view .LVU524
 2129 0c44 F520     		movs	r0, #245
 2130 0c46 FFF7FEFF 		bl	SPI_WriteData
 2131              	.LVL523:
 616:Module/lcd_cfg.c **** SPI_WriteData(0xFF);
 2132              		.loc 1 616 1 view .LVU525
 2133 0c4a FF20     		movs	r0, #255
 2134 0c4c FFF7FEFF 		bl	SPI_WriteData
 2135              	.LVL524:
 617:Module/lcd_cfg.c **** SPI_WriteData(0xFF);
 2136              		.loc 1 617 1 view .LVU526
 2137 0c50 FF20     		movs	r0, #255
 2138 0c52 FFF7FEFF 		bl	SPI_WriteData
 2139              	.LVL525:
 618:Module/lcd_cfg.c **** SPI_WriteData(0x3F);
 2140              		.loc 1 618 1 view .LVU527
 2141 0c56 3F20     		movs	r0, #63
 2142 0c58 FFF7FEFF 		bl	SPI_WriteData
 2143              	.LVL526:
 619:Module/lcd_cfg.c **** SPI_WriteData(0x00);
 2144              		.loc 1 619 1 view .LVU528
 2145 0c5c 0020     		movs	r0, #0
 2146 0c5e FFF7FEFF 		bl	SPI_WriteData
 2147              	.LVL527:
 620:Module/lcd_cfg.c **** SPI_WriteData(0x00);
 2148              		.loc 1 620 1 view .LVU529
 2149 0c62 0020     		movs	r0, #0
 2150 0c64 FFF7FEFF 		bl	SPI_WriteData
 2151              	.LVL528:
 621:Module/lcd_cfg.c **** SPI_WriteData(0x15);
 2152              		.loc 1 621 1 view .LVU530
 2153 0c68 1520     		movs	r0, #21
 2154 0c6a FFF7FEFF 		bl	SPI_WriteData
 2155              	.LVL529:
 622:Module/lcd_cfg.c **** SPI_WriteData(0x40);
 2156              		.loc 1 622 1 view .LVU531
 2157 0c6e 4020     		movs	r0, #64
 2158 0c70 FFF7FEFF 		bl	SPI_WriteData
 2159              	.LVL530:
 623:Module/lcd_cfg.c **** SPI_WriteData(0x14);
 2160              		.loc 1 623 1 view .LVU532
 2161 0c74 1420     		movs	r0, #20
 2162 0c76 FFF7FEFF 		bl	SPI_WriteData
 2163              	.LVL531:
 624:Module/lcd_cfg.c **** SPI_WriteData(0x00);
 2164              		.loc 1 624 1 view .LVU533
 2165 0c7a 0020     		movs	r0, #0
 2166 0c7c FFF7FEFF 		bl	SPI_WriteData
 2167              	.LVL532:
 625:Module/lcd_cfg.c **** SPI_WriteData(0x00);
 2168              		.loc 1 625 1 view .LVU534
 2169 0c80 0020     		movs	r0, #0
ARM GAS  C:\Users\ADMINI~1\AppData\Local\Temp\ccEmAkiv.s 			page 50


 2170 0c82 FFF7FEFF 		bl	SPI_WriteData
 2171              	.LVL533:
 626:Module/lcd_cfg.c **** 
 627:Module/lcd_cfg.c **** //Blank16
 628:Module/lcd_cfg.c **** SSD2828_WritePackageSize(3);
 2172              		.loc 1 628 1 view .LVU535
 2173 0c86 0320     		movs	r0, #3
 2174 0c88 FFF7FEFF 		bl	SSD2828_WritePackageSize
 2175              	.LVL534:
 629:Module/lcd_cfg.c **** SPI_WriteData(0x41);
 2176              		.loc 1 629 1 view .LVU536
 2177 0c8c 4120     		movs	r0, #65
 2178 0c8e FFF7FEFF 		bl	SPI_WriteData
 2179              	.LVL535:
 630:Module/lcd_cfg.c **** SPI_WriteData(0x5A);
 2180              		.loc 1 630 1 view .LVU537
 2181 0c92 5A20     		movs	r0, #90
 2182 0c94 FFF7FEFF 		bl	SPI_WriteData
 2183              	.LVL536:
 631:Module/lcd_cfg.c **** SPI_WriteData(0x10);
 2184              		.loc 1 631 1 view .LVU538
 2185 0c98 1020     		movs	r0, #16
 2186 0c9a FFF7FEFF 		bl	SPI_WriteData
 2187              	.LVL537:
 632:Module/lcd_cfg.c **** 
 633:Module/lcd_cfg.c **** SSD2828_WritePackageSize(17);
 2188              		.loc 1 633 1 view .LVU539
 2189 0c9e 1120     		movs	r0, #17
 2190 0ca0 FFF7FEFF 		bl	SSD2828_WritePackageSize
 2191              	.LVL538:
 634:Module/lcd_cfg.c **** SPI_WriteData(0x80);
 2192              		.loc 1 634 1 view .LVU540
 2193 0ca4 8020     		movs	r0, #128
 2194 0ca6 FFF7FEFF 		bl	SPI_WriteData
 2195              	.LVL539:
 635:Module/lcd_cfg.c **** SPI_WriteData(0x00);
 2196              		.loc 1 635 1 view .LVU541
 2197 0caa 0020     		movs	r0, #0
 2198 0cac FFF7FEFF 		bl	SPI_WriteData
 2199              	.LVL540:
 636:Module/lcd_cfg.c **** SPI_WriteData(0x00);
 2200              		.loc 1 636 1 view .LVU542
 2201 0cb0 0020     		movs	r0, #0
 2202 0cb2 FFF7FEFF 		bl	SPI_WriteData
 2203              	.LVL541:
 637:Module/lcd_cfg.c **** SPI_WriteData(0x03);
 2204              		.loc 1 637 1 view .LVU543
 2205 0cb6 0320     		movs	r0, #3
 2206 0cb8 FFF7FEFF 		bl	SPI_WriteData
 2207              	.LVL542:
 638:Module/lcd_cfg.c **** SPI_WriteData(0xE7);
 2208              		.loc 1 638 1 view .LVU544
 2209 0cbc E720     		movs	r0, #231
 2210 0cbe FFF7FEFF 		bl	SPI_WriteData
 2211              	.LVL543:
 639:Module/lcd_cfg.c **** SPI_WriteData(0x8F);
 2212              		.loc 1 639 1 view .LVU545
ARM GAS  C:\Users\ADMINI~1\AppData\Local\Temp\ccEmAkiv.s 			page 51


 2213 0cc2 8F20     		movs	r0, #143
 2214 0cc4 FFF7FEFF 		bl	SPI_WriteData
 2215              	.LVL544:
 640:Module/lcd_cfg.c **** SPI_WriteData(0x0B);
 2216              		.loc 1 640 1 view .LVU546
 2217 0cc8 0B20     		movs	r0, #11
 2218 0cca FFF7FEFF 		bl	SPI_WriteData
 2219              	.LVL545:
 641:Module/lcd_cfg.c **** SPI_WriteData(0x00);
 2220              		.loc 1 641 1 view .LVU547
 2221 0cce 0020     		movs	r0, #0
 2222 0cd0 FFF7FEFF 		bl	SPI_WriteData
 2223              	.LVL546:
 642:Module/lcd_cfg.c **** SPI_WriteData(0x3C);
 2224              		.loc 1 642 1 view .LVU548
 2225 0cd4 3C20     		movs	r0, #60
 2226 0cd6 FFF7FEFF 		bl	SPI_WriteData
 2227              	.LVL547:
 643:Module/lcd_cfg.c **** SPI_WriteData(0x80);
 2228              		.loc 1 643 1 view .LVU549
 2229 0cda 8020     		movs	r0, #128
 2230 0cdc FFF7FEFF 		bl	SPI_WriteData
 2231              	.LVL548:
 644:Module/lcd_cfg.c **** SPI_WriteData(0x01);
 2232              		.loc 1 644 1 view .LVU550
 2233 0ce0 0120     		movs	r0, #1
 2234 0ce2 FFF7FEFF 		bl	SPI_WriteData
 2235              	.LVL549:
 645:Module/lcd_cfg.c **** SPI_WriteData(0x6A);
 2236              		.loc 1 645 1 view .LVU551
 2237 0ce6 6A20     		movs	r0, #106
 2238 0ce8 FFF7FEFF 		bl	SPI_WriteData
 2239              	.LVL550:
 646:Module/lcd_cfg.c **** SPI_WriteData(0x0C);
 2240              		.loc 1 646 1 view .LVU552
 2241 0cec 0C20     		movs	r0, #12
 2242 0cee FFF7FEFF 		bl	SPI_WriteData
 2243              	.LVL551:
 647:Module/lcd_cfg.c **** SPI_WriteData(0x18);
 2244              		.loc 1 647 1 view .LVU553
 2245 0cf2 1820     		movs	r0, #24
 2246 0cf4 FFF7FEFF 		bl	SPI_WriteData
 2247              	.LVL552:
 648:Module/lcd_cfg.c **** SPI_WriteData(0xC4);
 2248              		.loc 1 648 1 view .LVU554
 2249 0cf8 C420     		movs	r0, #196
 2250 0cfa FFF7FEFF 		bl	SPI_WriteData
 2251              	.LVL553:
 649:Module/lcd_cfg.c **** SPI_WriteData(0x20);
 2252              		.loc 1 649 1 view .LVU555
 2253 0cfe 2020     		movs	r0, #32
 2254 0d00 FFF7FEFF 		bl	SPI_WriteData
 2255              	.LVL554:
 650:Module/lcd_cfg.c **** SPI_WriteData(0xC5);
 2256              		.loc 1 650 1 view .LVU556
 2257 0d04 C520     		movs	r0, #197
 2258 0d06 FFF7FEFF 		bl	SPI_WriteData
ARM GAS  C:\Users\ADMINI~1\AppData\Local\Temp\ccEmAkiv.s 			page 52


 2259              	.LVL555:
 651:Module/lcd_cfg.c **** 
 652:Module/lcd_cfg.c **** SSD2828_WritePackageSize(17);
 2260              		.loc 1 652 1 view .LVU557
 2261 0d0a 1120     		movs	r0, #17
 2262 0d0c FFF7FEFF 		bl	SSD2828_WritePackageSize
 2263              	.LVL556:
 653:Module/lcd_cfg.c **** SPI_WriteData(0x90);
 2264              		.loc 1 653 1 view .LVU558
 2265 0d10 9020     		movs	r0, #144
 2266 0d12 FFF7FEFF 		bl	SPI_WriteData
 2267              	.LVL557:
 654:Module/lcd_cfg.c **** SPI_WriteData(0x1C);
 2268              		.loc 1 654 1 view .LVU559
 2269 0d16 1C20     		movs	r0, #28
 2270 0d18 FFF7FEFF 		bl	SPI_WriteData
 2271              	.LVL558:
 655:Module/lcd_cfg.c **** SPI_WriteData(0x94);
 2272              		.loc 1 655 1 view .LVU560
 2273 0d1c 9420     		movs	r0, #148
 2274 0d1e FFF7FEFF 		bl	SPI_WriteData
 2275              	.LVL559:
 656:Module/lcd_cfg.c **** SPI_WriteData(0xD4);
 2276              		.loc 1 656 1 view .LVU561
 2277 0d22 D420     		movs	r0, #212
 2278 0d24 FFF7FEFF 		bl	SPI_WriteData
 2279              	.LVL560:
 657:Module/lcd_cfg.c **** SPI_WriteData(0x62);
 2280              		.loc 1 657 1 view .LVU562
 2281 0d28 6220     		movs	r0, #98
 2282 0d2a FFF7FEFF 		bl	SPI_WriteData
 2283              	.LVL561:
 658:Module/lcd_cfg.c **** SPI_WriteData(0xCD);
 2284              		.loc 1 658 1 view .LVU563
 2285 0d2e CD20     		movs	r0, #205
 2286 0d30 FFF7FEFF 		bl	SPI_WriteData
 2287              	.LVL562:
 659:Module/lcd_cfg.c **** SPI_WriteData(0x3D);
 2288              		.loc 1 659 1 view .LVU564
 2289 0d34 3D20     		movs	r0, #61
 2290 0d36 FFF7FEFF 		bl	SPI_WriteData
 2291              	.LVL563:
 660:Module/lcd_cfg.c **** SPI_WriteData(0xF8);
 2292              		.loc 1 660 1 view .LVU565
 2293 0d3a F820     		movs	r0, #248
 2294 0d3c FFF7FEFF 		bl	SPI_WriteData
 2295              	.LVL564:
 661:Module/lcd_cfg.c **** SPI_WriteData(0x03);
 2296              		.loc 1 661 1 view .LVU566
 2297 0d40 0320     		movs	r0, #3
 2298 0d42 FFF7FEFF 		bl	SPI_WriteData
 2299              	.LVL565:
 662:Module/lcd_cfg.c **** SPI_WriteData(0x3F);
 2300              		.loc 1 662 1 view .LVU567
 2301 0d46 3F20     		movs	r0, #63
 2302 0d48 FFF7FEFF 		bl	SPI_WriteData
 2303              	.LVL566:
ARM GAS  C:\Users\ADMINI~1\AppData\Local\Temp\ccEmAkiv.s 			page 53


 663:Module/lcd_cfg.c **** SPI_WriteData(0xF0);
 2304              		.loc 1 663 1 view .LVU568
 2305 0d4c F020     		movs	r0, #240
 2306 0d4e FFF7FEFF 		bl	SPI_WriteData
 2307              	.LVL567:
 664:Module/lcd_cfg.c **** SPI_WriteData(0x03);
 2308              		.loc 1 664 1 view .LVU569
 2309 0d52 0320     		movs	r0, #3
 2310 0d54 FFF7FEFF 		bl	SPI_WriteData
 2311              	.LVL568:
 665:Module/lcd_cfg.c **** SPI_WriteData(0x3F);
 2312              		.loc 1 665 1 view .LVU570
 2313 0d58 3F20     		movs	r0, #63
 2314 0d5a FFF7FEFF 		bl	SPI_WriteData
 2315              	.LVL569:
 666:Module/lcd_cfg.c **** SPI_WriteData(0x00);
 2316              		.loc 1 666 1 view .LVU571
 2317 0d5e 0020     		movs	r0, #0
 2318 0d60 FFF7FEFF 		bl	SPI_WriteData
 2319              	.LVL570:
 667:Module/lcd_cfg.c **** SPI_WriteData(0xFF);
 2320              		.loc 1 667 1 view .LVU572
 2321 0d64 FF20     		movs	r0, #255
 2322 0d66 FFF7FEFF 		bl	SPI_WriteData
 2323              	.LVL571:
 668:Module/lcd_cfg.c **** SPI_WriteData(0xFF);
 2324              		.loc 1 668 1 view .LVU573
 2325 0d6a FF20     		movs	r0, #255
 2326 0d6c FFF7FEFF 		bl	SPI_WriteData
 2327              	.LVL572:
 669:Module/lcd_cfg.c **** SPI_WriteData(0xFF);
 2328              		.loc 1 669 1 view .LVU574
 2329 0d70 FF20     		movs	r0, #255
 2330 0d72 FFF7FEFF 		bl	SPI_WriteData
 2331              	.LVL573:
 670:Module/lcd_cfg.c **** 
 671:Module/lcd_cfg.c **** SSD2828_WritePackageSize(3);
 2332              		.loc 1 671 1 view .LVU575
 2333 0d76 0320     		movs	r0, #3
 2334 0d78 FFF7FEFF 		bl	SSD2828_WritePackageSize
 2335              	.LVL574:
 672:Module/lcd_cfg.c **** SPI_WriteData(0xA0);
 2336              		.loc 1 672 1 view .LVU576
 2337 0d7c A020     		movs	r0, #160
 2338 0d7e FFF7FEFF 		bl	SPI_WriteData
 2339              	.LVL575:
 673:Module/lcd_cfg.c **** SPI_WriteData(0x81);
 2340              		.loc 1 673 1 view .LVU577
 2341 0d82 8120     		movs	r0, #129
 2342 0d84 FFF7FEFF 		bl	SPI_WriteData
 2343              	.LVL576:
 674:Module/lcd_cfg.c **** SPI_WriteData(0x00);
 2344              		.loc 1 674 1 view .LVU578
 2345 0d88 0020     		movs	r0, #0
 2346 0d8a FFF7FEFF 		bl	SPI_WriteData
 2347              	.LVL577:
 675:Module/lcd_cfg.c **** 
ARM GAS  C:\Users\ADMINI~1\AppData\Local\Temp\ccEmAkiv.s 			page 54


 676:Module/lcd_cfg.c **** //Blank17
 677:Module/lcd_cfg.c **** SSD2828_WritePackageSize(3);
 2348              		.loc 1 677 1 view .LVU579
 2349 0d8e 0320     		movs	r0, #3
 2350 0d90 FFF7FEFF 		bl	SSD2828_WritePackageSize
 2351              	.LVL578:
 678:Module/lcd_cfg.c **** SPI_WriteData(0x41);
 2352              		.loc 1 678 1 view .LVU580
 2353 0d94 4120     		movs	r0, #65
 2354 0d96 FFF7FEFF 		bl	SPI_WriteData
 2355              	.LVL579:
 679:Module/lcd_cfg.c **** SPI_WriteData(0x5A);
 2356              		.loc 1 679 1 view .LVU581
 2357 0d9a 5A20     		movs	r0, #90
 2358 0d9c FFF7FEFF 		bl	SPI_WriteData
 2359              	.LVL580:
 680:Module/lcd_cfg.c **** SPI_WriteData(0x11);
 2360              		.loc 1 680 1 view .LVU582
 2361 0da0 1120     		movs	r0, #17
 2362 0da2 FFF7FEFF 		bl	SPI_WriteData
 2363              	.LVL581:
 681:Module/lcd_cfg.c **** 
 682:Module/lcd_cfg.c **** SSD2828_WritePackageSize(8);
 2364              		.loc 1 682 1 view .LVU583
 2365 0da6 0820     		movs	r0, #8
 2366 0da8 FFF7FEFF 		bl	SSD2828_WritePackageSize
 2367              	.LVL582:
 683:Module/lcd_cfg.c **** SPI_WriteData(0x80);
 2368              		.loc 1 683 1 view .LVU584
 2369 0dac 8020     		movs	r0, #128
 2370 0dae FFF7FEFF 		bl	SPI_WriteData
 2371              	.LVL583:
 684:Module/lcd_cfg.c **** SPI_WriteData(0x00);
 2372              		.loc 1 684 1 view .LVU585
 2373 0db2 0020     		movs	r0, #0
 2374 0db4 FFF7FEFF 		bl	SPI_WriteData
 2375              	.LVL584:
 685:Module/lcd_cfg.c **** SPI_WriteData(0x00);
 2376              		.loc 1 685 1 view .LVU586
 2377 0db8 0020     		movs	r0, #0
 2378 0dba FFF7FEFF 		bl	SPI_WriteData
 2379              	.LVL585:
 686:Module/lcd_cfg.c **** SPI_WriteData(0x00);
 2380              		.loc 1 686 1 view .LVU587
 2381 0dbe 0020     		movs	r0, #0
 2382 0dc0 FFF7FEFF 		bl	SPI_WriteData
 2383              	.LVL586:
 687:Module/lcd_cfg.c **** SPI_WriteData(0x00);
 2384              		.loc 1 687 1 view .LVU588
 2385 0dc4 0020     		movs	r0, #0
 2386 0dc6 FFF7FEFF 		bl	SPI_WriteData
 2387              	.LVL587:
 688:Module/lcd_cfg.c **** SPI_WriteData(0x00);
 2388              		.loc 1 688 1 view .LVU589
 2389 0dca 0020     		movs	r0, #0
 2390 0dcc FFF7FEFF 		bl	SPI_WriteData
 2391              	.LVL588:
ARM GAS  C:\Users\ADMINI~1\AppData\Local\Temp\ccEmAkiv.s 			page 55


 689:Module/lcd_cfg.c **** SPI_WriteData(0x00);
 2392              		.loc 1 689 1 view .LVU590
 2393 0dd0 0020     		movs	r0, #0
 2394 0dd2 FFF7FEFF 		bl	SPI_WriteData
 2395              	.LVL589:
 690:Module/lcd_cfg.c **** SPI_WriteData(0x00);
 2396              		.loc 1 690 1 view .LVU591
 2397 0dd6 0020     		movs	r0, #0
 2398 0dd8 FFF7FEFF 		bl	SPI_WriteData
 2399              	.LVL590:
 691:Module/lcd_cfg.c **** 
 692:Module/lcd_cfg.c **** //Blank18
 693:Module/lcd_cfg.c **** SSD2828_WritePackageSize(3);
 2400              		.loc 1 693 1 view .LVU592
 2401 0ddc 0320     		movs	r0, #3
 2402 0dde FFF7FEFF 		bl	SSD2828_WritePackageSize
 2403              	.LVL591:
 694:Module/lcd_cfg.c **** SPI_WriteData(0x41);
 2404              		.loc 1 694 1 view .LVU593
 2405 0de2 4120     		movs	r0, #65
 2406 0de4 FFF7FEFF 		bl	SPI_WriteData
 2407              	.LVL592:
 695:Module/lcd_cfg.c **** SPI_WriteData(0x5A);
 2408              		.loc 1 695 1 view .LVU594
 2409 0de8 5A20     		movs	r0, #90
 2410 0dea FFF7FEFF 		bl	SPI_WriteData
 2411              	.LVL593:
 696:Module/lcd_cfg.c **** SPI_WriteData(0x12);
 2412              		.loc 1 696 1 view .LVU595
 2413 0dee 1220     		movs	r0, #18
 2414 0df0 FFF7FEFF 		bl	SPI_WriteData
 2415              	.LVL594:
 697:Module/lcd_cfg.c **** 
 698:Module/lcd_cfg.c **** SSD2828_WritePackageSize(17);
 2416              		.loc 1 698 1 view .LVU596
 2417 0df4 1120     		movs	r0, #17
 2418 0df6 FFF7FEFF 		bl	SSD2828_WritePackageSize
 2419              	.LVL595:
 699:Module/lcd_cfg.c **** SPI_WriteData(0x80);
 2420              		.loc 1 699 1 view .LVU597
 2421 0dfa 8020     		movs	r0, #128
 2422 0dfc FFF7FEFF 		bl	SPI_WriteData
 2423              	.LVL596:
 700:Module/lcd_cfg.c **** SPI_WriteData(0x00);
 2424              		.loc 1 700 1 view .LVU598
 2425 0e00 0020     		movs	r0, #0
 2426 0e02 FFF7FEFF 		bl	SPI_WriteData
 2427              	.LVL597:
 701:Module/lcd_cfg.c **** SPI_WriteData(0x00);
 2428              		.loc 1 701 1 view .LVU599
 2429 0e06 0020     		movs	r0, #0
 2430 0e08 FFF7FEFF 		bl	SPI_WriteData
 2431              	.LVL598:
 702:Module/lcd_cfg.c **** SPI_WriteData(0x00);
 2432              		.loc 1 702 1 view .LVU600
 2433 0e0c 0020     		movs	r0, #0
 2434 0e0e FFF7FEFF 		bl	SPI_WriteData
ARM GAS  C:\Users\ADMINI~1\AppData\Local\Temp\ccEmAkiv.s 			page 56


 2435              	.LVL599:
 703:Module/lcd_cfg.c **** SPI_WriteData(0x00);
 2436              		.loc 1 703 1 view .LVU601
 2437 0e12 0020     		movs	r0, #0
 2438 0e14 FFF7FEFF 		bl	SPI_WriteData
 2439              	.LVL600:
 704:Module/lcd_cfg.c **** SPI_WriteData(0x00);
 2440              		.loc 1 704 1 view .LVU602
 2441 0e18 0020     		movs	r0, #0
 2442 0e1a FFF7FEFF 		bl	SPI_WriteData
 2443              	.LVL601:
 705:Module/lcd_cfg.c **** SPI_WriteData(0x00);
 2444              		.loc 1 705 1 view .LVU603
 2445 0e1e 0020     		movs	r0, #0
 2446 0e20 FFF7FEFF 		bl	SPI_WriteData
 2447              	.LVL602:
 706:Module/lcd_cfg.c **** SPI_WriteData(0x00);
 2448              		.loc 1 706 1 view .LVU604
 2449 0e24 0020     		movs	r0, #0
 2450 0e26 FFF7FEFF 		bl	SPI_WriteData
 2451              	.LVL603:
 707:Module/lcd_cfg.c **** SPI_WriteData(0x00);
 2452              		.loc 1 707 1 view .LVU605
 2453 0e2a 0020     		movs	r0, #0
 2454 0e2c FFF7FEFF 		bl	SPI_WriteData
 2455              	.LVL604:
 708:Module/lcd_cfg.c **** SPI_WriteData(0x00);
 2456              		.loc 1 708 1 view .LVU606
 2457 0e30 0020     		movs	r0, #0
 2458 0e32 FFF7FEFF 		bl	SPI_WriteData
 2459              	.LVL605:
 709:Module/lcd_cfg.c **** SPI_WriteData(0x00);
 2460              		.loc 1 709 1 view .LVU607
 2461 0e36 0020     		movs	r0, #0
 2462 0e38 FFF7FEFF 		bl	SPI_WriteData
 2463              	.LVL606:
 710:Module/lcd_cfg.c **** SPI_WriteData(0x00);
 2464              		.loc 1 710 1 view .LVU608
 2465 0e3c 0020     		movs	r0, #0
 2466 0e3e FFF7FEFF 		bl	SPI_WriteData
 2467              	.LVL607:
 711:Module/lcd_cfg.c **** SPI_WriteData(0x00);
 2468              		.loc 1 711 1 view .LVU609
 2469 0e42 0020     		movs	r0, #0
 2470 0e44 FFF7FEFF 		bl	SPI_WriteData
 2471              	.LVL608:
 712:Module/lcd_cfg.c **** SPI_WriteData(0x00);
 2472              		.loc 1 712 1 view .LVU610
 2473 0e48 0020     		movs	r0, #0
 2474 0e4a FFF7FEFF 		bl	SPI_WriteData
 2475              	.LVL609:
 713:Module/lcd_cfg.c **** SPI_WriteData(0x00);
 2476              		.loc 1 713 1 view .LVU611
 2477 0e4e 0020     		movs	r0, #0
 2478 0e50 FFF7FEFF 		bl	SPI_WriteData
 2479              	.LVL610:
 714:Module/lcd_cfg.c **** SPI_WriteData(0x00);
ARM GAS  C:\Users\ADMINI~1\AppData\Local\Temp\ccEmAkiv.s 			page 57


 2480              		.loc 1 714 1 view .LVU612
 2481 0e54 0020     		movs	r0, #0
 2482 0e56 FFF7FEFF 		bl	SPI_WriteData
 2483              	.LVL611:
 715:Module/lcd_cfg.c **** SPI_WriteData(0x00);
 2484              		.loc 1 715 1 view .LVU613
 2485 0e5a 0020     		movs	r0, #0
 2486 0e5c FFF7FEFF 		bl	SPI_WriteData
 2487              	.LVL612:
 716:Module/lcd_cfg.c **** 
 717:Module/lcd_cfg.c **** SSD2828_WritePackageSize(17);
 2488              		.loc 1 717 1 view .LVU614
 2489 0e60 1120     		movs	r0, #17
 2490 0e62 FFF7FEFF 		bl	SSD2828_WritePackageSize
 2491              	.LVL613:
 718:Module/lcd_cfg.c **** SPI_WriteData(0x90);
 2492              		.loc 1 718 1 view .LVU615
 2493 0e66 9020     		movs	r0, #144
 2494 0e68 FFF7FEFF 		bl	SPI_WriteData
 2495              	.LVL614:
 719:Module/lcd_cfg.c **** SPI_WriteData(0x00);
 2496              		.loc 1 719 1 view .LVU616
 2497 0e6c 0020     		movs	r0, #0
 2498 0e6e FFF7FEFF 		bl	SPI_WriteData
 2499              	.LVL615:
 720:Module/lcd_cfg.c **** SPI_WriteData(0x10);
 2500              		.loc 1 720 1 view .LVU617
 2501 0e72 1020     		movs	r0, #16
 2502 0e74 FFF7FEFF 		bl	SPI_WriteData
 2503              	.LVL616:
 721:Module/lcd_cfg.c **** SPI_WriteData(0x00);
 2504              		.loc 1 721 1 view .LVU618
 2505 0e78 0020     		movs	r0, #0
 2506 0e7a FFF7FEFF 		bl	SPI_WriteData
 2507              	.LVL617:
 722:Module/lcd_cfg.c **** SPI_WriteData(0x00);
 2508              		.loc 1 722 1 view .LVU619
 2509 0e7e 0020     		movs	r0, #0
 2510 0e80 FFF7FEFF 		bl	SPI_WriteData
 2511              	.LVL618:
 723:Module/lcd_cfg.c **** SPI_WriteData(0x00);
 2512              		.loc 1 723 1 view .LVU620
 2513 0e84 0020     		movs	r0, #0
 2514 0e86 FFF7FEFF 		bl	SPI_WriteData
 2515              	.LVL619:
 724:Module/lcd_cfg.c **** SPI_WriteData(0x00);
 2516              		.loc 1 724 1 view .LVU621
 2517 0e8a 0020     		movs	r0, #0
 2518 0e8c FFF7FEFF 		bl	SPI_WriteData
 2519              	.LVL620:
 725:Module/lcd_cfg.c **** SPI_WriteData(0x00);
 2520              		.loc 1 725 1 view .LVU622
 2521 0e90 0020     		movs	r0, #0
 2522 0e92 FFF7FEFF 		bl	SPI_WriteData
 2523              	.LVL621:
 726:Module/lcd_cfg.c **** SPI_WriteData(0x00);
 2524              		.loc 1 726 1 view .LVU623
ARM GAS  C:\Users\ADMINI~1\AppData\Local\Temp\ccEmAkiv.s 			page 58


 2525 0e96 0020     		movs	r0, #0
 2526 0e98 FFF7FEFF 		bl	SPI_WriteData
 2527              	.LVL622:
 727:Module/lcd_cfg.c **** SPI_WriteData(0x00);
 2528              		.loc 1 727 1 view .LVU624
 2529 0e9c 0020     		movs	r0, #0
 2530 0e9e FFF7FEFF 		bl	SPI_WriteData
 2531              	.LVL623:
 728:Module/lcd_cfg.c **** SPI_WriteData(0x00);
 2532              		.loc 1 728 1 view .LVU625
 2533 0ea2 0020     		movs	r0, #0
 2534 0ea4 FFF7FEFF 		bl	SPI_WriteData
 2535              	.LVL624:
 729:Module/lcd_cfg.c **** SPI_WriteData(0x00);
 2536              		.loc 1 729 1 view .LVU626
 2537 0ea8 0020     		movs	r0, #0
 2538 0eaa FFF7FEFF 		bl	SPI_WriteData
 2539              	.LVL625:
 730:Module/lcd_cfg.c **** SPI_WriteData(0x00);
 2540              		.loc 1 730 1 view .LVU627
 2541 0eae 0020     		movs	r0, #0
 2542 0eb0 FFF7FEFF 		bl	SPI_WriteData
 2543              	.LVL626:
 731:Module/lcd_cfg.c **** SPI_WriteData(0x00);
 2544              		.loc 1 731 1 view .LVU628
 2545 0eb4 0020     		movs	r0, #0
 2546 0eb6 FFF7FEFF 		bl	SPI_WriteData
 2547              	.LVL627:
 732:Module/lcd_cfg.c **** SPI_WriteData(0x00);
 2548              		.loc 1 732 1 view .LVU629
 2549 0eba 0020     		movs	r0, #0
 2550 0ebc FFF7FEFF 		bl	SPI_WriteData
 2551              	.LVL628:
 733:Module/lcd_cfg.c **** SPI_WriteData(0x00);
 2552              		.loc 1 733 1 view .LVU630
 2553 0ec0 0020     		movs	r0, #0
 2554 0ec2 FFF7FEFF 		bl	SPI_WriteData
 2555              	.LVL629:
 734:Module/lcd_cfg.c **** SPI_WriteData(0x00);
 2556              		.loc 1 734 1 view .LVU631
 2557 0ec6 0020     		movs	r0, #0
 2558 0ec8 FFF7FEFF 		bl	SPI_WriteData
 2559              	.LVL630:
 735:Module/lcd_cfg.c **** 
 736:Module/lcd_cfg.c **** SSD2828_WritePackageSize(17);
 2560              		.loc 1 736 1 view .LVU632
 2561 0ecc 1120     		movs	r0, #17
 2562 0ece FFF7FEFF 		bl	SSD2828_WritePackageSize
 2563              	.LVL631:
 737:Module/lcd_cfg.c **** SPI_WriteData(0xA0);
 2564              		.loc 1 737 1 view .LVU633
 2565 0ed2 A020     		movs	r0, #160
 2566 0ed4 FFF7FEFF 		bl	SPI_WriteData
 2567              	.LVL632:
 738:Module/lcd_cfg.c **** SPI_WriteData(0x00);
 2568              		.loc 1 738 1 view .LVU634
 2569 0ed8 0020     		movs	r0, #0
ARM GAS  C:\Users\ADMINI~1\AppData\Local\Temp\ccEmAkiv.s 			page 59


 2570 0eda FFF7FEFF 		bl	SPI_WriteData
 2571              	.LVL633:
 739:Module/lcd_cfg.c **** SPI_WriteData(0x00);
 2572              		.loc 1 739 1 view .LVU635
 2573 0ede 0020     		movs	r0, #0
 2574 0ee0 FFF7FEFF 		bl	SPI_WriteData
 2575              	.LVL634:
 740:Module/lcd_cfg.c **** SPI_WriteData(0x00);
 2576              		.loc 1 740 1 view .LVU636
 2577 0ee4 0020     		movs	r0, #0
 2578 0ee6 FFF7FEFF 		bl	SPI_WriteData
 2579              	.LVL635:
 741:Module/lcd_cfg.c **** SPI_WriteData(0x00);
 2580              		.loc 1 741 1 view .LVU637
 2581 0eea 0020     		movs	r0, #0
 2582 0eec FFF7FEFF 		bl	SPI_WriteData
 2583              	.LVL636:
 742:Module/lcd_cfg.c **** SPI_WriteData(0x00);
 2584              		.loc 1 742 1 view .LVU638
 2585 0ef0 0020     		movs	r0, #0
 2586 0ef2 FFF7FEFF 		bl	SPI_WriteData
 2587              	.LVL637:
 743:Module/lcd_cfg.c **** SPI_WriteData(0x00);
 2588              		.loc 1 743 1 view .LVU639
 2589 0ef6 0020     		movs	r0, #0
 2590 0ef8 FFF7FEFF 		bl	SPI_WriteData
 2591              	.LVL638:
 744:Module/lcd_cfg.c **** SPI_WriteData(0x2D);
 2592              		.loc 1 744 1 view .LVU640
 2593 0efc 2D20     		movs	r0, #45
 2594 0efe FFF7FEFF 		bl	SPI_WriteData
 2595              	.LVL639:
 745:Module/lcd_cfg.c **** SPI_WriteData(0x23);
 2596              		.loc 1 745 1 view .LVU641
 2597 0f02 2320     		movs	r0, #35
 2598 0f04 FFF7FEFF 		bl	SPI_WriteData
 2599              	.LVL640:
 746:Module/lcd_cfg.c **** SPI_WriteData(0x05);
 2600              		.loc 1 746 1 view .LVU642
 2601 0f08 0520     		movs	r0, #5
 2602 0f0a FFF7FEFF 		bl	SPI_WriteData
 2603              	.LVL641:
 747:Module/lcd_cfg.c **** SPI_WriteData(0xFB);
 2604              		.loc 1 747 1 view .LVU643
 2605 0f0e FB20     		movs	r0, #251
 2606 0f10 FFF7FEFF 		bl	SPI_WriteData
 2607              	.LVL642:
 748:Module/lcd_cfg.c **** SPI_WriteData(0x00);
 2608              		.loc 1 748 1 view .LVU644
 2609 0f14 0020     		movs	r0, #0
 2610 0f16 FFF7FEFF 		bl	SPI_WriteData
 2611              	.LVL643:
 749:Module/lcd_cfg.c **** SPI_WriteData(0x2D);
 2612              		.loc 1 749 1 view .LVU645
 2613 0f1a 2D20     		movs	r0, #45
 2614 0f1c FFF7FEFF 		bl	SPI_WriteData
 2615              	.LVL644:
ARM GAS  C:\Users\ADMINI~1\AppData\Local\Temp\ccEmAkiv.s 			page 60


 750:Module/lcd_cfg.c **** SPI_WriteData(0x23);
 2616              		.loc 1 750 1 view .LVU646
 2617 0f20 2320     		movs	r0, #35
 2618 0f22 FFF7FEFF 		bl	SPI_WriteData
 2619              	.LVL645:
 751:Module/lcd_cfg.c **** SPI_WriteData(0x05);
 2620              		.loc 1 751 1 view .LVU647
 2621 0f26 0520     		movs	r0, #5
 2622 0f28 FFF7FEFF 		bl	SPI_WriteData
 2623              	.LVL646:
 752:Module/lcd_cfg.c **** SPI_WriteData(0xFB);
 2624              		.loc 1 752 1 view .LVU648
 2625 0f2c FB20     		movs	r0, #251
 2626 0f2e FFF7FEFF 		bl	SPI_WriteData
 2627              	.LVL647:
 753:Module/lcd_cfg.c **** SPI_WriteData(0x00);
 2628              		.loc 1 753 1 view .LVU649
 2629 0f32 0020     		movs	r0, #0
 2630 0f34 FFF7FEFF 		bl	SPI_WriteData
 2631              	.LVL648:
 754:Module/lcd_cfg.c **** 
 755:Module/lcd_cfg.c **** //Blank19
 756:Module/lcd_cfg.c **** SSD2828_WritePackageSize(3);
 2632              		.loc 1 756 1 view .LVU650
 2633 0f38 0320     		movs	r0, #3
 2634 0f3a FFF7FEFF 		bl	SSD2828_WritePackageSize
 2635              	.LVL649:
 757:Module/lcd_cfg.c **** SPI_WriteData(0x41);
 2636              		.loc 1 757 1 view .LVU651
 2637 0f3e 4120     		movs	r0, #65
 2638 0f40 FFF7FEFF 		bl	SPI_WriteData
 2639              	.LVL650:
 758:Module/lcd_cfg.c **** SPI_WriteData(0x5A);
 2640              		.loc 1 758 1 view .LVU652
 2641 0f44 5A20     		movs	r0, #90
 2642 0f46 FFF7FEFF 		bl	SPI_WriteData
 2643              	.LVL651:
 759:Module/lcd_cfg.c **** SPI_WriteData(0x13);
 2644              		.loc 1 759 1 view .LVU653
 2645 0f4a 1320     		movs	r0, #19
 2646 0f4c FFF7FEFF 		bl	SPI_WriteData
 2647              	.LVL652:
 760:Module/lcd_cfg.c **** 
 761:Module/lcd_cfg.c **** SSD2828_WritePackageSize(17);
 2648              		.loc 1 761 1 view .LVU654
 2649 0f50 1120     		movs	r0, #17
 2650 0f52 FFF7FEFF 		bl	SSD2828_WritePackageSize
 2651              	.LVL653:
 762:Module/lcd_cfg.c **** SPI_WriteData(0x80);
 2652              		.loc 1 762 1 view .LVU655
 2653 0f56 8020     		movs	r0, #128
 2654 0f58 FFF7FEFF 		bl	SPI_WriteData
 2655              	.LVL654:
 763:Module/lcd_cfg.c **** SPI_WriteData(0x00);
 2656              		.loc 1 763 1 view .LVU656
 2657 0f5c 0020     		movs	r0, #0
 2658 0f5e FFF7FEFF 		bl	SPI_WriteData
ARM GAS  C:\Users\ADMINI~1\AppData\Local\Temp\ccEmAkiv.s 			page 61


 2659              	.LVL655:
 764:Module/lcd_cfg.c **** SPI_WriteData(0x08);
 2660              		.loc 1 764 1 view .LVU657
 2661 0f62 0820     		movs	r0, #8
 2662 0f64 FFF7FEFF 		bl	SPI_WriteData
 2663              	.LVL656:
 765:Module/lcd_cfg.c **** SPI_WriteData(0x80);
 2664              		.loc 1 765 1 view .LVU658
 2665 0f68 8020     		movs	r0, #128
 2666 0f6a FFF7FEFF 		bl	SPI_WriteData
 2667              	.LVL657:
 766:Module/lcd_cfg.c **** SPI_WriteData(0x15);
 2668              		.loc 1 766 1 view .LVU659
 2669 0f6e 1520     		movs	r0, #21
 2670 0f70 FFF7FEFF 		bl	SPI_WriteData
 2671              	.LVL658:
 767:Module/lcd_cfg.c **** SPI_WriteData(0x00);
 2672              		.loc 1 767 1 view .LVU660
 2673 0f74 0020     		movs	r0, #0
 2674 0f76 FFF7FEFF 		bl	SPI_WriteData
 2675              	.LVL659:
 768:Module/lcd_cfg.c **** SPI_WriteData(0x90);
 2676              		.loc 1 768 1 view .LVU661
 2677 0f7a 9020     		movs	r0, #144
 2678 0f7c FFF7FEFF 		bl	SPI_WriteData
 2679              	.LVL660:
 769:Module/lcd_cfg.c **** SPI_WriteData(0x10);
 2680              		.loc 1 769 1 view .LVU662
 2681 0f80 1020     		movs	r0, #16
 2682 0f82 FFF7FEFF 		bl	SPI_WriteData
 2683              	.LVL661:
 770:Module/lcd_cfg.c **** SPI_WriteData(0x18);
 2684              		.loc 1 770 1 view .LVU663
 2685 0f86 1820     		movs	r0, #24
 2686 0f88 FFF7FEFF 		bl	SPI_WriteData
 2687              	.LVL662:
 771:Module/lcd_cfg.c **** SPI_WriteData(0x3E);
 2688              		.loc 1 771 1 view .LVU664
 2689 0f8c 3E20     		movs	r0, #62
 2690 0f8e FFF7FEFF 		bl	SPI_WriteData
 2691              	.LVL663:
 772:Module/lcd_cfg.c **** SPI_WriteData(0x10);
 2692              		.loc 1 772 1 view .LVU665
 2693 0f92 1020     		movs	r0, #16
 2694 0f94 FFF7FEFF 		bl	SPI_WriteData
 2695              	.LVL664:
 773:Module/lcd_cfg.c **** SPI_WriteData(0x00);
 2696              		.loc 1 773 1 view .LVU666
 2697 0f98 0020     		movs	r0, #0
 2698 0f9a FFF7FEFF 		bl	SPI_WriteData
 2699              	.LVL665:
 774:Module/lcd_cfg.c **** SPI_WriteData(0xD6);
 2700              		.loc 1 774 1 view .LVU667
 2701 0f9e D620     		movs	r0, #214
 2702 0fa0 FFF7FEFF 		bl	SPI_WriteData
 2703              	.LVL666:
 775:Module/lcd_cfg.c **** SPI_WriteData(0x03);
ARM GAS  C:\Users\ADMINI~1\AppData\Local\Temp\ccEmAkiv.s 			page 62


 2704              		.loc 1 775 1 view .LVU668
 2705 0fa4 0320     		movs	r0, #3
 2706 0fa6 FFF7FEFF 		bl	SPI_WriteData
 2707              	.LVL667:
 776:Module/lcd_cfg.c **** SPI_WriteData(0x04);
 2708              		.loc 1 776 1 view .LVU669
 2709 0faa 0420     		movs	r0, #4
 2710 0fac FFF7FEFF 		bl	SPI_WriteData
 2711              	.LVL668:
 777:Module/lcd_cfg.c **** SPI_WriteData(0x18);
 2712              		.loc 1 777 1 view .LVU670
 2713 0fb0 1820     		movs	r0, #24
 2714 0fb2 FFF7FEFF 		bl	SPI_WriteData
 2715              	.LVL669:
 778:Module/lcd_cfg.c **** SPI_WriteData(0x00);
 2716              		.loc 1 778 1 view .LVU671
 2717 0fb6 0020     		movs	r0, #0
 2718 0fb8 FFF7FEFF 		bl	SPI_WriteData
 2719              	.LVL670:
 779:Module/lcd_cfg.c **** 
 780:Module/lcd_cfg.c **** SSD2828_WritePackageSize(17);
 2720              		.loc 1 780 1 view .LVU672
 2721 0fbc 1120     		movs	r0, #17
 2722 0fbe FFF7FEFF 		bl	SSD2828_WritePackageSize
 2723              	.LVL671:
 781:Module/lcd_cfg.c **** SPI_WriteData(0x90);
 2724              		.loc 1 781 1 view .LVU673
 2725 0fc2 9020     		movs	r0, #144
 2726 0fc4 FFF7FEFF 		bl	SPI_WriteData
 2727              	.LVL672:
 782:Module/lcd_cfg.c **** SPI_WriteData(0x70);
 2728              		.loc 1 782 1 view .LVU674
 2729 0fc8 7020     		movs	r0, #112
 2730 0fca FFF7FEFF 		bl	SPI_WriteData
 2731              	.LVL673:
 783:Module/lcd_cfg.c **** SPI_WriteData(0x88);
 2732              		.loc 1 783 1 view .LVU675
 2733 0fce 8820     		movs	r0, #136
 2734 0fd0 FFF7FEFF 		bl	SPI_WriteData
 2735              	.LVL674:
 784:Module/lcd_cfg.c **** SPI_WriteData(0x30);
 2736              		.loc 1 784 1 view .LVU676
 2737 0fd4 3020     		movs	r0, #48
 2738 0fd6 FFF7FEFF 		bl	SPI_WriteData
 2739              	.LVL675:
 785:Module/lcd_cfg.c **** SPI_WriteData(0x90);
 2740              		.loc 1 785 1 view .LVU677
 2741 0fda 9020     		movs	r0, #144
 2742 0fdc FFF7FEFF 		bl	SPI_WriteData
 2743              	.LVL676:
 786:Module/lcd_cfg.c **** SPI_WriteData(0x32);
 2744              		.loc 1 786 1 view .LVU678
 2745 0fe0 3220     		movs	r0, #50
 2746 0fe2 FFF7FEFF 		bl	SPI_WriteData
 2747              	.LVL677:
 787:Module/lcd_cfg.c **** SPI_WriteData(0x70);
 2748              		.loc 1 787 1 view .LVU679
ARM GAS  C:\Users\ADMINI~1\AppData\Local\Temp\ccEmAkiv.s 			page 63


 2749 0fe6 7020     		movs	r0, #112
 2750 0fe8 FFF7FEFF 		bl	SPI_WriteData
 2751              	.LVL678:
 788:Module/lcd_cfg.c **** SPI_WriteData(0x3E);
 2752              		.loc 1 788 1 view .LVU680
 2753 0fec 3E20     		movs	r0, #62
 2754 0fee FFF7FEFF 		bl	SPI_WriteData
 2755              	.LVL679:
 789:Module/lcd_cfg.c **** SPI_WriteData(0x97);
 2756              		.loc 1 789 1 view .LVU681
 2757 0ff2 9720     		movs	r0, #151
 2758 0ff4 FFF7FEFF 		bl	SPI_WriteData
 2759              	.LVL680:
 790:Module/lcd_cfg.c **** SPI_WriteData(0x8B);
 2760              		.loc 1 790 1 view .LVU682
 2761 0ff8 8B20     		movs	r0, #139
 2762 0ffa FFF7FEFF 		bl	SPI_WriteData
 2763              	.LVL681:
 791:Module/lcd_cfg.c **** SPI_WriteData(0x39);
 2764              		.loc 1 791 1 view .LVU683
 2765 0ffe 3920     		movs	r0, #57
 2766 1000 FFF7FEFF 		bl	SPI_WriteData
 2767              	.LVL682:
 792:Module/lcd_cfg.c **** SPI_WriteData(0x30);
 2768              		.loc 1 792 1 view .LVU684
 2769 1004 3020     		movs	r0, #48
 2770 1006 FFF7FEFF 		bl	SPI_WriteData
 2771              	.LVL683:
 793:Module/lcd_cfg.c **** SPI_WriteData(0xC4);
 2772              		.loc 1 793 1 view .LVU685
 2773 100a C420     		movs	r0, #196
 2774 100c FFF7FEFF 		bl	SPI_WriteData
 2775              	.LVL684:
 794:Module/lcd_cfg.c **** SPI_WriteData(0x0E);
 2776              		.loc 1 794 1 view .LVU686
 2777 1010 0E20     		movs	r0, #14
 2778 1012 FFF7FEFF 		bl	SPI_WriteData
 2779              	.LVL685:
 795:Module/lcd_cfg.c **** SPI_WriteData(0x00);
 2780              		.loc 1 795 1 view .LVU687
 2781 1016 0020     		movs	r0, #0
 2782 1018 FFF7FEFF 		bl	SPI_WriteData
 2783              	.LVL686:
 796:Module/lcd_cfg.c **** SPI_WriteData(0x00);
 2784              		.loc 1 796 1 view .LVU688
 2785 101c 0020     		movs	r0, #0
 2786 101e FFF7FEFF 		bl	SPI_WriteData
 2787              	.LVL687:
 797:Module/lcd_cfg.c **** SPI_WriteData(0x00);
 2788              		.loc 1 797 1 view .LVU689
 2789 1022 0020     		movs	r0, #0
 2790 1024 FFF7FEFF 		bl	SPI_WriteData
 2791              	.LVL688:
 798:Module/lcd_cfg.c **** 
 799:Module/lcd_cfg.c **** SSD2828_WritePackageSize(16);
 2792              		.loc 1 799 1 view .LVU690
 2793 1028 1020     		movs	r0, #16
ARM GAS  C:\Users\ADMINI~1\AppData\Local\Temp\ccEmAkiv.s 			page 64


 2794 102a FFF7FEFF 		bl	SSD2828_WritePackageSize
 2795              	.LVL689:
 800:Module/lcd_cfg.c **** SPI_WriteData(0xA0);
 2796              		.loc 1 800 1 view .LVU691
 2797 102e A020     		movs	r0, #160
 2798 1030 FFF7FEFF 		bl	SPI_WriteData
 2799              	.LVL690:
 801:Module/lcd_cfg.c **** SPI_WriteData(0x00);
 2800              		.loc 1 801 1 view .LVU692
 2801 1034 0020     		movs	r0, #0
 2802 1036 FFF7FEFF 		bl	SPI_WriteData
 2803              	.LVL691:
 802:Module/lcd_cfg.c **** SPI_WriteData(0x40);
 2804              		.loc 1 802 1 view .LVU693
 2805 103a 4020     		movs	r0, #64
 2806 103c FFF7FEFF 		bl	SPI_WriteData
 2807              	.LVL692:
 803:Module/lcd_cfg.c **** SPI_WriteData(0x45);
 2808              		.loc 1 803 1 view .LVU694
 2809 1040 4520     		movs	r0, #69
 2810 1042 FFF7FEFF 		bl	SPI_WriteData
 2811              	.LVL693:
 804:Module/lcd_cfg.c **** SPI_WriteData(0x80);
 2812              		.loc 1 804 1 view .LVU695
 2813 1046 8020     		movs	r0, #128
 2814 1048 FFF7FEFF 		bl	SPI_WriteData
 2815              	.LVL694:
 805:Module/lcd_cfg.c **** SPI_WriteData(0x0A);
 2816              		.loc 1 805 1 view .LVU696
 2817 104c 0A20     		movs	r0, #10
 2818 104e FFF7FEFF 		bl	SPI_WriteData
 2819              	.LVL695:
 806:Module/lcd_cfg.c **** SPI_WriteData(0xC4);
 2820              		.loc 1 806 1 view .LVU697
 2821 1052 C420     		movs	r0, #196
 2822 1054 FFF7FEFF 		bl	SPI_WriteData
 2823              	.LVL696:
 807:Module/lcd_cfg.c **** SPI_WriteData(0x09);
 2824              		.loc 1 807 1 view .LVU698
 2825 1058 0920     		movs	r0, #9
 2826 105a FFF7FEFF 		bl	SPI_WriteData
 2827              	.LVL697:
 808:Module/lcd_cfg.c **** SPI_WriteData(0xC4);
 2828              		.loc 1 808 1 view .LVU699
 2829 105e C420     		movs	r0, #196
 2830 1060 FFF7FEFF 		bl	SPI_WriteData
 2831              	.LVL698:
 809:Module/lcd_cfg.c **** SPI_WriteData(0x09);
 2832              		.loc 1 809 1 view .LVU700
 2833 1064 0920     		movs	r0, #9
 2834 1066 FFF7FEFF 		bl	SPI_WriteData
 2835              	.LVL699:
 810:Module/lcd_cfg.c **** SPI_WriteData(0x80);
 2836              		.loc 1 810 1 view .LVU701
 2837 106a 8020     		movs	r0, #128
 2838 106c FFF7FEFF 		bl	SPI_WriteData
 2839              	.LVL700:
ARM GAS  C:\Users\ADMINI~1\AppData\Local\Temp\ccEmAkiv.s 			page 65


 811:Module/lcd_cfg.c **** SPI_WriteData(0x02);
 2840              		.loc 1 811 1 view .LVU702
 2841 1070 0220     		movs	r0, #2
 2842 1072 FFF7FEFF 		bl	SPI_WriteData
 2843              	.LVL701:
 812:Module/lcd_cfg.c **** SPI_WriteData(0x00);
 2844              		.loc 1 812 1 view .LVU703
 2845 1076 0020     		movs	r0, #0
 2846 1078 FFF7FEFF 		bl	SPI_WriteData
 2847              	.LVL702:
 813:Module/lcd_cfg.c **** SPI_WriteData(0x00);
 2848              		.loc 1 813 1 view .LVU704
 2849 107c 0020     		movs	r0, #0
 2850 107e FFF7FEFF 		bl	SPI_WriteData
 2851              	.LVL703:
 814:Module/lcd_cfg.c **** SPI_WriteData(0x00);
 2852              		.loc 1 814 1 view .LVU705
 2853 1082 0020     		movs	r0, #0
 2854 1084 FFF7FEFF 		bl	SPI_WriteData
 2855              	.LVL704:
 815:Module/lcd_cfg.c **** SPI_WriteData(0x00);
 2856              		.loc 1 815 1 view .LVU706
 2857 1088 0020     		movs	r0, #0
 2858 108a FFF7FEFF 		bl	SPI_WriteData
 2859              	.LVL705:
 816:Module/lcd_cfg.c **** 
 817:Module/lcd_cfg.c **** SSD2828_WritePackageSize(17);
 2860              		.loc 1 817 1 view .LVU707
 2861 108e 1120     		movs	r0, #17
 2862 1090 FFF7FEFF 		bl	SSD2828_WritePackageSize
 2863              	.LVL706:
 818:Module/lcd_cfg.c **** SPI_WriteData(0xB0);
 2864              		.loc 1 818 1 view .LVU708
 2865 1094 B020     		movs	r0, #176
 2866 1096 FFF7FEFF 		bl	SPI_WriteData
 2867              	.LVL707:
 819:Module/lcd_cfg.c **** SPI_WriteData(0x00);
 2868              		.loc 1 819 1 view .LVU709
 2869 109a 0020     		movs	r0, #0
 2870 109c FFF7FEFF 		bl	SPI_WriteData
 2871              	.LVL708:
 820:Module/lcd_cfg.c **** SPI_WriteData(0x00);
 2872              		.loc 1 820 1 view .LVU710
 2873 10a0 0020     		movs	r0, #0
 2874 10a2 FFF7FEFF 		bl	SPI_WriteData
 2875              	.LVL709:
 821:Module/lcd_cfg.c **** SPI_WriteData(0x00);
 2876              		.loc 1 821 1 view .LVU711
 2877 10a6 0020     		movs	r0, #0
 2878 10a8 FFF7FEFF 		bl	SPI_WriteData
 2879              	.LVL710:
 822:Module/lcd_cfg.c **** SPI_WriteData(0x00);
 2880              		.loc 1 822 1 view .LVU712
 2881 10ac 0020     		movs	r0, #0
 2882 10ae FFF7FEFF 		bl	SPI_WriteData
 2883              	.LVL711:
 823:Module/lcd_cfg.c **** SPI_WriteData(0x00);
ARM GAS  C:\Users\ADMINI~1\AppData\Local\Temp\ccEmAkiv.s 			page 66


 2884              		.loc 1 823 1 view .LVU713
 2885 10b2 0020     		movs	r0, #0
 2886 10b4 FFF7FEFF 		bl	SPI_WriteData
 2887              	.LVL712:
 824:Module/lcd_cfg.c **** SPI_WriteData(0x00);
 2888              		.loc 1 824 1 view .LVU714
 2889 10b8 0020     		movs	r0, #0
 2890 10ba FFF7FEFF 		bl	SPI_WriteData
 2891              	.LVL713:
 825:Module/lcd_cfg.c **** SPI_WriteData(0xDB);
 2892              		.loc 1 825 1 view .LVU715
 2893 10be DB20     		movs	r0, #219
 2894 10c0 FFF7FEFF 		bl	SPI_WriteData
 2895              	.LVL714:
 826:Module/lcd_cfg.c **** SPI_WriteData(0x01);
 2896              		.loc 1 826 1 view .LVU716
 2897 10c4 0120     		movs	r0, #1
 2898 10c6 FFF7FEFF 		bl	SPI_WriteData
 2899              	.LVL715:
 827:Module/lcd_cfg.c **** SPI_WriteData(0x31);
 2900              		.loc 1 827 1 view .LVU717
 2901 10ca 3120     		movs	r0, #49
 2902 10cc FFF7FEFF 		bl	SPI_WriteData
 2903              	.LVL716:
 828:Module/lcd_cfg.c **** SPI_WriteData(0x75);
 2904              		.loc 1 828 1 view .LVU718
 2905 10d0 7520     		movs	r0, #117
 2906 10d2 FFF7FEFF 		bl	SPI_WriteData
 2907              	.LVL717:
 829:Module/lcd_cfg.c **** SPI_WriteData(0xB9);
 2908              		.loc 1 829 1 view .LVU719
 2909 10d6 B920     		movs	r0, #185
 2910 10d8 FFF7FEFF 		bl	SPI_WriteData
 2911              	.LVL718:
 830:Module/lcd_cfg.c **** SPI_WriteData(0x42);
 2912              		.loc 1 830 1 view .LVU720
 2913 10dc 4220     		movs	r0, #66
 2914 10de FFF7FEFF 		bl	SPI_WriteData
 2915              	.LVL719:
 831:Module/lcd_cfg.c **** SPI_WriteData(0x86);
 2916              		.loc 1 831 1 view .LVU721
 2917 10e2 8620     		movs	r0, #134
 2918 10e4 FFF7FEFF 		bl	SPI_WriteData
 2919              	.LVL720:
 832:Module/lcd_cfg.c **** SPI_WriteData(0xCA);
 2920              		.loc 1 832 1 view .LVU722
 2921 10e8 CA20     		movs	r0, #202
 2922 10ea FFF7FEFF 		bl	SPI_WriteData
 2923              	.LVL721:
 833:Module/lcd_cfg.c **** SPI_WriteData(0x31);
 2924              		.loc 1 833 1 view .LVU723
 2925 10ee 3120     		movs	r0, #49
 2926 10f0 FFF7FEFF 		bl	SPI_WriteData
 2927              	.LVL722:
 834:Module/lcd_cfg.c **** SPI_WriteData(0x75);
 2928              		.loc 1 834 1 view .LVU724
 2929 10f4 7520     		movs	r0, #117
ARM GAS  C:\Users\ADMINI~1\AppData\Local\Temp\ccEmAkiv.s 			page 67


 2930 10f6 FFF7FEFF 		bl	SPI_WriteData
 2931              	.LVL723:
 835:Module/lcd_cfg.c **** 
 836:Module/lcd_cfg.c **** SSD2828_WritePackageSize(17);
 2932              		.loc 1 836 1 view .LVU725
 2933 10fa 1120     		movs	r0, #17
 2934 10fc FFF7FEFF 		bl	SSD2828_WritePackageSize
 2935              	.LVL724:
 837:Module/lcd_cfg.c **** SPI_WriteData(0xC0);
 2936              		.loc 1 837 1 view .LVU726
 2937 1100 C020     		movs	r0, #192
 2938 1102 FFF7FEFF 		bl	SPI_WriteData
 2939              	.LVL725:
 838:Module/lcd_cfg.c **** SPI_WriteData(0xB9);
 2940              		.loc 1 838 1 view .LVU727
 2941 1106 B920     		movs	r0, #185
 2942 1108 FFF7FEFF 		bl	SPI_WriteData
 2943              	.LVL726:
 839:Module/lcd_cfg.c **** SPI_WriteData(0x42);
 2944              		.loc 1 839 1 view .LVU728
 2945 110c 4220     		movs	r0, #66
 2946 110e FFF7FEFF 		bl	SPI_WriteData
 2947              	.LVL727:
 840:Module/lcd_cfg.c **** SPI_WriteData(0x86);
 2948              		.loc 1 840 1 view .LVU729
 2949 1112 8620     		movs	r0, #134
 2950 1114 FFF7FEFF 		bl	SPI_WriteData
 2951              	.LVL728:
 841:Module/lcd_cfg.c **** SPI_WriteData(0xCA);
 2952              		.loc 1 841 1 view .LVU730
 2953 1118 CA20     		movs	r0, #202
 2954 111a FFF7FEFF 		bl	SPI_WriteData
 2955              	.LVL729:
 842:Module/lcd_cfg.c **** SPI_WriteData(0x00);
 2956              		.loc 1 842 1 view .LVU731
 2957 111e 0020     		movs	r0, #0
 2958 1120 FFF7FEFF 		bl	SPI_WriteData
 2959              	.LVL730:
 843:Module/lcd_cfg.c **** SPI_WriteData(0x00);
 2960              		.loc 1 843 1 view .LVU732
 2961 1124 0020     		movs	r0, #0
 2962 1126 FFF7FEFF 		bl	SPI_WriteData
 2963              	.LVL731:
 844:Module/lcd_cfg.c **** SPI_WriteData(0x00);
 2964              		.loc 1 844 1 view .LVU733
 2965 112a 0020     		movs	r0, #0
 2966 112c FFF7FEFF 		bl	SPI_WriteData
 2967              	.LVL732:
 845:Module/lcd_cfg.c **** SPI_WriteData(0x00);
 2968              		.loc 1 845 1 view .LVU734
 2969 1130 0020     		movs	r0, #0
 2970 1132 FFF7FEFF 		bl	SPI_WriteData
 2971              	.LVL733:
 846:Module/lcd_cfg.c **** SPI_WriteData(0x0C);
 2972              		.loc 1 846 1 view .LVU735
 2973 1136 0C20     		movs	r0, #12
 2974 1138 FFF7FEFF 		bl	SPI_WriteData
ARM GAS  C:\Users\ADMINI~1\AppData\Local\Temp\ccEmAkiv.s 			page 68


 2975              	.LVL734:
 847:Module/lcd_cfg.c **** SPI_WriteData(0x60);
 2976              		.loc 1 847 1 view .LVU736
 2977 113c 6020     		movs	r0, #96
 2978 113e FFF7FEFF 		bl	SPI_WriteData
 2979              	.LVL735:
 848:Module/lcd_cfg.c **** SPI_WriteData(0x00);
 2980              		.loc 1 848 1 view .LVU737
 2981 1142 0020     		movs	r0, #0
 2982 1144 FFF7FEFF 		bl	SPI_WriteData
 2983              	.LVL736:
 849:Module/lcd_cfg.c **** SPI_WriteData(0x24);
 2984              		.loc 1 849 1 view .LVU738
 2985 1148 2420     		movs	r0, #36
 2986 114a FFF7FEFF 		bl	SPI_WriteData
 2987              	.LVL737:
 850:Module/lcd_cfg.c **** SPI_WriteData(0x18);
 2988              		.loc 1 850 1 view .LVU739
 2989 114e 1820     		movs	r0, #24
 2990 1150 FFF7FEFF 		bl	SPI_WriteData
 2991              	.LVL738:
 851:Module/lcd_cfg.c **** SPI_WriteData(0x00);
 2992              		.loc 1 851 1 view .LVU740
 2993 1154 0020     		movs	r0, #0
 2994 1156 FFF7FEFF 		bl	SPI_WriteData
 2995              	.LVL739:
 852:Module/lcd_cfg.c **** SPI_WriteData(0x09);
 2996              		.loc 1 852 1 view .LVU741
 2997 115a 0920     		movs	r0, #9
 2998 115c FFF7FEFF 		bl	SPI_WriteData
 2999              	.LVL740:
 853:Module/lcd_cfg.c **** SPI_WriteData(0x06);
 3000              		.loc 1 853 1 view .LVU742
 3001 1160 0620     		movs	r0, #6
 3002 1162 FFF7FEFF 		bl	SPI_WriteData
 3003              	.LVL741:
 854:Module/lcd_cfg.c **** 
 855:Module/lcd_cfg.c **** }
 3004              		.loc 1 855 1 is_stmt 0 view .LVU743
 3005 1166 08BD     		pop	{r3, pc}
 3006              		.cfi_endproc
 3007              	.LFE119:
 3009              		.section	.text.fun2,"ax",%progbits
 3010              		.align	1
 3011              		.global	fun2
 3012              		.syntax unified
 3013              		.thumb
 3014              		.thumb_func
 3016              	fun2:
 3017              	.LFB120:
 856:Module/lcd_cfg.c **** void fun2(void)
 857:Module/lcd_cfg.c **** {
 3018              		.loc 1 857 1 is_stmt 1 view -0
 3019              		.cfi_startproc
 3020              		@ args = 0, pretend = 0, frame = 0
 3021              		@ frame_needed = 0, uses_anonymous_args = 0
 3022 0000 08B5     		push	{r3, lr}
ARM GAS  C:\Users\ADMINI~1\AppData\Local\Temp\ccEmAkiv.s 			page 69


 3023              	.LCFI1:
 3024              		.cfi_def_cfa_offset 8
 3025              		.cfi_offset 3, -8
 3026              		.cfi_offset 14, -4
 858:Module/lcd_cfg.c **** SSD2828_WritePackageSize(17);
 3027              		.loc 1 858 1 view .LVU745
 3028 0002 1120     		movs	r0, #17
 3029 0004 FFF7FEFF 		bl	SSD2828_WritePackageSize
 3030              	.LVL742:
 859:Module/lcd_cfg.c **** SPI_WriteData(0xD0);
 3031              		.loc 1 859 1 view .LVU746
 3032 0008 D020     		movs	r0, #208
 3033 000a FFF7FEFF 		bl	SPI_WriteData
 3034              	.LVL743:
 860:Module/lcd_cfg.c **** SPI_WriteData(0x40);
 3035              		.loc 1 860 1 view .LVU747
 3036 000e 4020     		movs	r0, #64
 3037 0010 FFF7FEFF 		bl	SPI_WriteData
 3038              	.LVL744:
 861:Module/lcd_cfg.c **** SPI_WriteData(0x82);
 3039              		.loc 1 861 1 view .LVU748
 3040 0014 8220     		movs	r0, #130
 3041 0016 FFF7FEFF 		bl	SPI_WriteData
 3042              	.LVL745:
 862:Module/lcd_cfg.c **** SPI_WriteData(0x01);
 3043              		.loc 1 862 1 view .LVU749
 3044 001a 0120     		movs	r0, #1
 3045 001c FFF7FEFF 		bl	SPI_WriteData
 3046              	.LVL746:
 863:Module/lcd_cfg.c **** SPI_WriteData(0x90);
 3047              		.loc 1 863 1 view .LVU750
 3048 0020 9020     		movs	r0, #144
 3049 0022 FFF7FEFF 		bl	SPI_WriteData
 3050              	.LVL747:
 864:Module/lcd_cfg.c **** SPI_WriteData(0x60);
 3051              		.loc 1 864 1 view .LVU751
 3052 0026 6020     		movs	r0, #96
 3053 0028 FFF7FEFF 		bl	SPI_WriteData
 3054              	.LVL748:
 865:Module/lcd_cfg.c **** SPI_WriteData(0x00);
 3055              		.loc 1 865 1 view .LVU752
 3056 002c 0020     		movs	r0, #0
 3057 002e FFF7FEFF 		bl	SPI_WriteData
 3058              	.LVL749:
 866:Module/lcd_cfg.c **** SPI_WriteData(0x24);
 3059              		.loc 1 866 1 view .LVU753
 3060 0032 2420     		movs	r0, #36
 3061 0034 FFF7FEFF 		bl	SPI_WriteData
 3062              	.LVL750:
 867:Module/lcd_cfg.c **** SPI_WriteData(0xD0);
 3063              		.loc 1 867 1 view .LVU754
 3064 0038 D020     		movs	r0, #208
 3065 003a FFF7FEFF 		bl	SPI_WriteData
 3066              	.LVL751:
 868:Module/lcd_cfg.c **** SPI_WriteData(0x01);
 3067              		.loc 1 868 1 view .LVU755
 3068 003e 0120     		movs	r0, #1
ARM GAS  C:\Users\ADMINI~1\AppData\Local\Temp\ccEmAkiv.s 			page 70


 3069 0040 FFF7FEFF 		bl	SPI_WriteData
 3070              	.LVL752:
 869:Module/lcd_cfg.c **** SPI_WriteData(0x09);
 3071              		.loc 1 869 1 view .LVU756
 3072 0044 0920     		movs	r0, #9
 3073 0046 FFF7FEFF 		bl	SPI_WriteData
 3074              	.LVL753:
 870:Module/lcd_cfg.c **** SPI_WriteData(0x74);
 3075              		.loc 1 870 1 view .LVU757
 3076 004a 7420     		movs	r0, #116
 3077 004c FFF7FEFF 		bl	SPI_WriteData
 3078              	.LVL754:
 871:Module/lcd_cfg.c **** SPI_WriteData(0x40);
 3079              		.loc 1 871 1 view .LVU758
 3080 0050 4020     		movs	r0, #64
 3081 0052 FFF7FEFF 		bl	SPI_WriteData
 3082              	.LVL755:
 872:Module/lcd_cfg.c **** SPI_WriteData(0x02);
 3083              		.loc 1 872 1 view .LVU759
 3084 0056 0220     		movs	r0, #2
 3085 0058 FFF7FEFF 		bl	SPI_WriteData
 3086              	.LVL756:
 873:Module/lcd_cfg.c **** SPI_WriteData(0x1D);
 3087              		.loc 1 873 1 view .LVU760
 3088 005c 1D20     		movs	r0, #29
 3089 005e FFF7FEFF 		bl	SPI_WriteData
 3090              	.LVL757:
 874:Module/lcd_cfg.c **** SPI_WriteData(0x90);
 3091              		.loc 1 874 1 view .LVU761
 3092 0062 9020     		movs	r0, #144
 3093 0064 FFF7FEFF 		bl	SPI_WriteData
 3094              	.LVL758:
 875:Module/lcd_cfg.c **** SPI_WriteData(0x40);
 3095              		.loc 1 875 1 view .LVU762
 3096 0068 4020     		movs	r0, #64
 3097 006a FFF7FEFF 		bl	SPI_WriteData
 3098              	.LVL759:
 876:Module/lcd_cfg.c **** 
 877:Module/lcd_cfg.c **** SSD2828_WritePackageSize(17);
 3099              		.loc 1 877 1 view .LVU763
 3100 006e 1120     		movs	r0, #17
 3101 0070 FFF7FEFF 		bl	SSD2828_WritePackageSize
 3102              	.LVL760:
 878:Module/lcd_cfg.c **** SPI_WriteData(0xE0);
 3103              		.loc 1 878 1 view .LVU764
 3104 0074 E020     		movs	r0, #224
 3105 0076 FFF7FEFF 		bl	SPI_WriteData
 3106              	.LVL761:
 879:Module/lcd_cfg.c **** SPI_WriteData(0x07);
 3107              		.loc 1 879 1 view .LVU765
 3108 007a 0720     		movs	r0, #7
 3109 007c FFF7FEFF 		bl	SPI_WriteData
 3110              	.LVL762:
 880:Module/lcd_cfg.c **** SPI_WriteData(0x24);
 3111              		.loc 1 880 1 view .LVU766
 3112 0080 2420     		movs	r0, #36
 3113 0082 FFF7FEFF 		bl	SPI_WriteData
ARM GAS  C:\Users\ADMINI~1\AppData\Local\Temp\ccEmAkiv.s 			page 71


 3114              	.LVL763:
 881:Module/lcd_cfg.c **** SPI_WriteData(0xD0);
 3115              		.loc 1 881 1 view .LVU767
 3116 0086 D020     		movs	r0, #208
 3117 0088 FFF7FEFF 		bl	SPI_WriteData
 3118              	.LVL764:
 882:Module/lcd_cfg.c **** SPI_WriteData(0x01);
 3119              		.loc 1 882 1 view .LVU768
 3120 008c 0120     		movs	r0, #1
 3121 008e FFF7FEFF 		bl	SPI_WriteData
 3122              	.LVL765:
 883:Module/lcd_cfg.c **** SPI_WriteData(0x09);
 3123              		.loc 1 883 1 view .LVU769
 3124 0092 0920     		movs	r0, #9
 3125 0094 FFF7FEFF 		bl	SPI_WriteData
 3126              	.LVL766:
 884:Module/lcd_cfg.c **** SPI_WriteData(0x1E);
 3127              		.loc 1 884 1 view .LVU770
 3128 0098 1E20     		movs	r0, #30
 3129 009a FFF7FEFF 		bl	SPI_WriteData
 3130              	.LVL767:
 885:Module/lcd_cfg.c **** SPI_WriteData(0x46);
 3131              		.loc 1 885 1 view .LVU771
 3132 009e 4620     		movs	r0, #70
 3133 00a0 FFF7FEFF 		bl	SPI_WriteData
 3134              	.LVL768:
 886:Module/lcd_cfg.c **** SPI_WriteData(0x1E);
 3135              		.loc 1 886 1 view .LVU772
 3136 00a4 1E20     		movs	r0, #30
 3137 00a6 FFF7FEFF 		bl	SPI_WriteData
 3138              	.LVL769:
 887:Module/lcd_cfg.c **** SPI_WriteData(0x46);
 3139              		.loc 1 887 1 view .LVU773
 3140 00aa 4620     		movs	r0, #70
 3141 00ac FFF7FEFF 		bl	SPI_WriteData
 3142              	.LVL770:
 888:Module/lcd_cfg.c **** SPI_WriteData(0x00);
 3143              		.loc 1 888 1 view .LVU774
 3144 00b0 0020     		movs	r0, #0
 3145 00b2 FFF7FEFF 		bl	SPI_WriteData
 3146              	.LVL771:
 889:Module/lcd_cfg.c **** SPI_WriteData(0x00);
 3147              		.loc 1 889 1 view .LVU775
 3148 00b6 0020     		movs	r0, #0
 3149 00b8 FFF7FEFF 		bl	SPI_WriteData
 3150              	.LVL772:
 890:Module/lcd_cfg.c **** SPI_WriteData(0x20);
 3151              		.loc 1 890 1 view .LVU776
 3152 00bc 2020     		movs	r0, #32
 3153 00be FFF7FEFF 		bl	SPI_WriteData
 3154              	.LVL773:
 891:Module/lcd_cfg.c **** SPI_WriteData(0xC5);
 3155              		.loc 1 891 1 view .LVU777
 3156 00c2 C520     		movs	r0, #197
 3157 00c4 FFF7FEFF 		bl	SPI_WriteData
 3158              	.LVL774:
 892:Module/lcd_cfg.c **** SPI_WriteData(0x0F);
ARM GAS  C:\Users\ADMINI~1\AppData\Local\Temp\ccEmAkiv.s 			page 72


 3159              		.loc 1 892 1 view .LVU778
 3160 00c8 0F20     		movs	r0, #15
 3161 00ca FFF7FEFF 		bl	SPI_WriteData
 3162              	.LVL775:
 893:Module/lcd_cfg.c **** SPI_WriteData(0x00);
 3163              		.loc 1 893 1 view .LVU779
 3164 00ce 0020     		movs	r0, #0
 3165 00d0 FFF7FEFF 		bl	SPI_WriteData
 3166              	.LVL776:
 894:Module/lcd_cfg.c **** SPI_WriteData(0xC0);
 3167              		.loc 1 894 1 view .LVU780
 3168 00d4 C020     		movs	r0, #192
 3169 00d6 FFF7FEFF 		bl	SPI_WriteData
 3170              	.LVL777:
 895:Module/lcd_cfg.c **** 
 896:Module/lcd_cfg.c **** SSD2828_WritePackageSize(13);
 3171              		.loc 1 896 1 view .LVU781
 3172 00da 0D20     		movs	r0, #13
 3173 00dc FFF7FEFF 		bl	SSD2828_WritePackageSize
 3174              	.LVL778:
 897:Module/lcd_cfg.c **** SPI_WriteData(0xF0);
 3175              		.loc 1 897 1 view .LVU782
 3176 00e0 F020     		movs	r0, #240
 3177 00e2 FFF7FEFF 		bl	SPI_WriteData
 3178              	.LVL779:
 898:Module/lcd_cfg.c **** SPI_WriteData(0x10);
 3179              		.loc 1 898 1 view .LVU783
 3180 00e6 1020     		movs	r0, #16
 3181 00e8 FFF7FEFF 		bl	SPI_WriteData
 3182              	.LVL780:
 899:Module/lcd_cfg.c **** SPI_WriteData(0x40);
 3183              		.loc 1 899 1 view .LVU784
 3184 00ec 4020     		movs	r0, #64
 3185 00ee FFF7FEFF 		bl	SPI_WriteData
 3186              	.LVL781:
 900:Module/lcd_cfg.c **** SPI_WriteData(0x26);
 3187              		.loc 1 900 1 view .LVU785
 3188 00f2 2620     		movs	r0, #38
 3189 00f4 FFF7FEFF 		bl	SPI_WriteData
 3190              	.LVL782:
 901:Module/lcd_cfg.c **** SPI_WriteData(0x4E);
 3191              		.loc 1 901 1 view .LVU786
 3192 00f8 4E20     		movs	r0, #78
 3193 00fa FFF7FEFF 		bl	SPI_WriteData
 3194              	.LVL783:
 902:Module/lcd_cfg.c **** SPI_WriteData(0x46);
 3195              		.loc 1 902 1 view .LVU787
 3196 00fe 4620     		movs	r0, #70
 3197 0100 FFF7FEFF 		bl	SPI_WriteData
 3198              	.LVL784:
 903:Module/lcd_cfg.c **** SPI_WriteData(0x02);
 3199              		.loc 1 903 1 view .LVU788
 3200 0104 0220     		movs	r0, #2
 3201 0106 FFF7FEFF 		bl	SPI_WriteData
 3202              	.LVL785:
 904:Module/lcd_cfg.c **** SPI_WriteData(0xC8);
 3203              		.loc 1 904 1 view .LVU789
ARM GAS  C:\Users\ADMINI~1\AppData\Local\Temp\ccEmAkiv.s 			page 73


 3204 010a C820     		movs	r0, #200
 3205 010c FFF7FEFF 		bl	SPI_WriteData
 3206              	.LVL786:
 905:Module/lcd_cfg.c **** SPI_WriteData(0x20);
 3207              		.loc 1 905 1 view .LVU790
 3208 0110 2020     		movs	r0, #32
 3209 0112 FFF7FEFF 		bl	SPI_WriteData
 3210              	.LVL787:
 906:Module/lcd_cfg.c **** SPI_WriteData(0x80);
 3211              		.loc 1 906 1 view .LVU791
 3212 0116 8020     		movs	r0, #128
 3213 0118 FFF7FEFF 		bl	SPI_WriteData
 3214              	.LVL788:
 907:Module/lcd_cfg.c **** SPI_WriteData(0x0C);
 3215              		.loc 1 907 1 view .LVU792
 3216 011c 0C20     		movs	r0, #12
 3217 011e FFF7FEFF 		bl	SPI_WriteData
 3218              	.LVL789:
 908:Module/lcd_cfg.c **** SPI_WriteData(0x00);
 3219              		.loc 1 908 1 view .LVU793
 3220 0122 0020     		movs	r0, #0
 3221 0124 FFF7FEFF 		bl	SPI_WriteData
 3222              	.LVL790:
 909:Module/lcd_cfg.c **** SPI_WriteData(0x00);
 3223              		.loc 1 909 1 view .LVU794
 3224 0128 0020     		movs	r0, #0
 3225 012a FFF7FEFF 		bl	SPI_WriteData
 3226              	.LVL791:
 910:Module/lcd_cfg.c **** 
 911:Module/lcd_cfg.c **** //Blank20
 912:Module/lcd_cfg.c **** SSD2828_WritePackageSize(3);
 3227              		.loc 1 912 1 view .LVU795
 3228 012e 0320     		movs	r0, #3
 3229 0130 FFF7FEFF 		bl	SSD2828_WritePackageSize
 3230              	.LVL792:
 913:Module/lcd_cfg.c **** SPI_WriteData(0x41);
 3231              		.loc 1 913 1 view .LVU796
 3232 0134 4120     		movs	r0, #65
 3233 0136 FFF7FEFF 		bl	SPI_WriteData
 3234              	.LVL793:
 914:Module/lcd_cfg.c **** SPI_WriteData(0x5A);
 3235              		.loc 1 914 1 view .LVU797
 3236 013a 5A20     		movs	r0, #90
 3237 013c FFF7FEFF 		bl	SPI_WriteData
 3238              	.LVL794:
 915:Module/lcd_cfg.c **** SPI_WriteData(0x14);
 3239              		.loc 1 915 1 view .LVU798
 3240 0140 1420     		movs	r0, #20
 3241 0142 FFF7FEFF 		bl	SPI_WriteData
 3242              	.LVL795:
 916:Module/lcd_cfg.c **** 
 917:Module/lcd_cfg.c **** SSD2828_WritePackageSize(17);
 3243              		.loc 1 917 1 view .LVU799
 3244 0146 1120     		movs	r0, #17
 3245 0148 FFF7FEFF 		bl	SSD2828_WritePackageSize
 3246              	.LVL796:
 918:Module/lcd_cfg.c **** SPI_WriteData(0x80);
ARM GAS  C:\Users\ADMINI~1\AppData\Local\Temp\ccEmAkiv.s 			page 74


 3247              		.loc 1 918 1 view .LVU800
 3248 014c 8020     		movs	r0, #128
 3249 014e FFF7FEFF 		bl	SPI_WriteData
 3250              	.LVL797:
 919:Module/lcd_cfg.c **** SPI_WriteData(0x01);
 3251              		.loc 1 919 1 view .LVU801
 3252 0152 0120     		movs	r0, #1
 3253 0154 FFF7FEFF 		bl	SPI_WriteData
 3254              	.LVL798:
 920:Module/lcd_cfg.c **** SPI_WriteData(0x02);
 3255              		.loc 1 920 1 view .LVU802
 3256 0158 0220     		movs	r0, #2
 3257 015a FFF7FEFF 		bl	SPI_WriteData
 3258              	.LVL799:
 921:Module/lcd_cfg.c **** SPI_WriteData(0x40);
 3259              		.loc 1 921 1 view .LVU803
 3260 015e 4020     		movs	r0, #64
 3261 0160 FFF7FEFF 		bl	SPI_WriteData
 3262              	.LVL800:
 922:Module/lcd_cfg.c **** SPI_WriteData(0x2C);
 3263              		.loc 1 922 1 view .LVU804
 3264 0164 2C20     		movs	r0, #44
 3265 0166 FFF7FEFF 		bl	SPI_WriteData
 3266              	.LVL801:
 923:Module/lcd_cfg.c **** SPI_WriteData(0x99);
 3267              		.loc 1 923 1 view .LVU805
 3268 016a 9920     		movs	r0, #153
 3269 016c FFF7FEFF 		bl	SPI_WriteData
 3270              	.LVL802:
 924:Module/lcd_cfg.c **** SPI_WriteData(0xDF);
 3271              		.loc 1 924 1 view .LVU806
 3272 0170 DF20     		movs	r0, #223
 3273 0172 FFF7FEFF 		bl	SPI_WriteData
 3274              	.LVL803:
 925:Module/lcd_cfg.c **** SPI_WriteData(0xEF);
 3275              		.loc 1 925 1 view .LVU807
 3276 0176 EF20     		movs	r0, #239
 3277 0178 FFF7FEFF 		bl	SPI_WriteData
 3278              	.LVL804:
 926:Module/lcd_cfg.c **** SPI_WriteData(0xF7);
 3279              		.loc 1 926 1 view .LVU808
 3280 017c F720     		movs	r0, #247
 3281 017e FFF7FEFF 		bl	SPI_WriteData
 3282              	.LVL805:
 927:Module/lcd_cfg.c **** SPI_WriteData(0xD3);
 3283              		.loc 1 927 1 view .LVU809
 3284 0182 D320     		movs	r0, #211
 3285 0184 FFF7FEFF 		bl	SPI_WriteData
 3286              	.LVL806:
 928:Module/lcd_cfg.c **** SPI_WriteData(0x1A);
 3287              		.loc 1 928 1 view .LVU810
 3288 0188 1A20     		movs	r0, #26
 3289 018a FFF7FEFF 		bl	SPI_WriteData
 3290              	.LVL807:
 929:Module/lcd_cfg.c **** SPI_WriteData(0x03);
 3291              		.loc 1 929 1 view .LVU811
 3292 018e 0320     		movs	r0, #3
ARM GAS  C:\Users\ADMINI~1\AppData\Local\Temp\ccEmAkiv.s 			page 75


 3293 0190 FFF7FEFF 		bl	SPI_WriteData
 3294              	.LVL808:
 930:Module/lcd_cfg.c **** SPI_WriteData(0x00);
 3295              		.loc 1 930 1 view .LVU812
 3296 0194 0020     		movs	r0, #0
 3297 0196 FFF7FEFF 		bl	SPI_WriteData
 3298              	.LVL809:
 931:Module/lcd_cfg.c **** SPI_WriteData(0x80);
 3299              		.loc 1 931 1 view .LVU813
 3300 019a 8020     		movs	r0, #128
 3301 019c FFF7FEFF 		bl	SPI_WriteData
 3302              	.LVL810:
 932:Module/lcd_cfg.c **** SPI_WriteData(0x3B);
 3303              		.loc 1 932 1 view .LVU814
 3304 01a0 3B20     		movs	r0, #59
 3305 01a2 FFF7FEFF 		bl	SPI_WriteData
 3306              	.LVL811:
 933:Module/lcd_cfg.c **** SPI_WriteData(0x84);
 3307              		.loc 1 933 1 view .LVU815
 3308 01a6 8420     		movs	r0, #132
 3309 01a8 FFF7FEFF 		bl	SPI_WriteData
 3310              	.LVL812:
 934:Module/lcd_cfg.c **** SPI_WriteData(0x98);
 3311              		.loc 1 934 1 view .LVU816
 3312 01ac 9820     		movs	r0, #152
 3313 01ae FFF7FEFF 		bl	SPI_WriteData
 3314              	.LVL813:
 935:Module/lcd_cfg.c **** 
 936:Module/lcd_cfg.c **** SSD2828_WritePackageSize(17);
 3315              		.loc 1 936 1 view .LVU817
 3316 01b2 1120     		movs	r0, #17
 3317 01b4 FFF7FEFF 		bl	SSD2828_WritePackageSize
 3318              	.LVL814:
 937:Module/lcd_cfg.c **** SPI_WriteData(0x90);
 3319              		.loc 1 937 1 view .LVU818
 3320 01b8 9020     		movs	r0, #144
 3321 01ba FFF7FEFF 		bl	SPI_WriteData
 3322              	.LVL815:
 938:Module/lcd_cfg.c **** SPI_WriteData(0xA0);
 3323              		.loc 1 938 1 view .LVU819
 3324 01be A020     		movs	r0, #160
 3325 01c0 FFF7FEFF 		bl	SPI_WriteData
 3326              	.LVL816:
 939:Module/lcd_cfg.c **** SPI_WriteData(0xD5);
 3327              		.loc 1 939 1 view .LVU820
 3328 01c4 D520     		movs	r0, #213
 3329 01c6 FFF7FEFF 		bl	SPI_WriteData
 3330              	.LVL817:
 940:Module/lcd_cfg.c **** SPI_WriteData(0x1A);
 3331              		.loc 1 940 1 view .LVU821
 3332 01ca 1A20     		movs	r0, #26
 3333 01cc FFF7FEFF 		bl	SPI_WriteData
 3334              	.LVL818:
 941:Module/lcd_cfg.c **** SPI_WriteData(0x10);
 3335              		.loc 1 941 1 view .LVU822
 3336 01d0 1020     		movs	r0, #16
 3337 01d2 FFF7FEFF 		bl	SPI_WriteData
ARM GAS  C:\Users\ADMINI~1\AppData\Local\Temp\ccEmAkiv.s 			page 76


 3338              	.LVL819:
 942:Module/lcd_cfg.c **** SPI_WriteData(0x0F);
 3339              		.loc 1 942 1 view .LVU823
 3340 01d6 0F20     		movs	r0, #15
 3341 01d8 FFF7FEFF 		bl	SPI_WriteData
 3342              	.LVL820:
 943:Module/lcd_cfg.c **** SPI_WriteData(0xB4);
 3343              		.loc 1 943 1 view .LVU824
 3344 01dc B420     		movs	r0, #180
 3345 01de FFF7FEFF 		bl	SPI_WriteData
 3346              	.LVL821:
 944:Module/lcd_cfg.c **** SPI_WriteData(0x5A);
 3347              		.loc 1 944 1 view .LVU825
 3348 01e2 5A20     		movs	r0, #90
 3349 01e4 FFF7FEFF 		bl	SPI_WriteData
 3350              	.LVL822:
 945:Module/lcd_cfg.c **** SPI_WriteData(0x03);
 3351              		.loc 1 945 1 view .LVU826
 3352 01e8 0320     		movs	r0, #3
 3353 01ea FFF7FEFF 		bl	SPI_WriteData
 3354              	.LVL823:
 946:Module/lcd_cfg.c **** SPI_WriteData(0x76);
 3355              		.loc 1 946 1 view .LVU827
 3356 01ee 7620     		movs	r0, #118
 3357 01f0 FFF7FEFF 		bl	SPI_WriteData
 3358              	.LVL824:
 947:Module/lcd_cfg.c **** SPI_WriteData(0x81);
 3359              		.loc 1 947 1 view .LVU828
 3360 01f4 8120     		movs	r0, #129
 3361 01f6 FFF7FEFF 		bl	SPI_WriteData
 3362              	.LVL825:
 948:Module/lcd_cfg.c **** SPI_WriteData(0x56);
 3363              		.loc 1 948 1 view .LVU829
 3364 01fa 5620     		movs	r0, #86
 3365 01fc FFF7FEFF 		bl	SPI_WriteData
 3366              	.LVL826:
 949:Module/lcd_cfg.c **** SPI_WriteData(0x4B);
 3367              		.loc 1 949 1 view .LVU830
 3368 0200 4B20     		movs	r0, #75
 3369 0202 FFF7FEFF 		bl	SPI_WriteData
 3370              	.LVL827:
 950:Module/lcd_cfg.c **** SPI_WriteData(0xC0);
 3371              		.loc 1 950 1 view .LVU831
 3372 0206 C020     		movs	r0, #192
 3373 0208 FFF7FEFF 		bl	SPI_WriteData
 3374              	.LVL828:
 951:Module/lcd_cfg.c **** SPI_WriteData(0x1E);
 3375              		.loc 1 951 1 view .LVU832
 3376 020c 1E20     		movs	r0, #30
 3377 020e FFF7FEFF 		bl	SPI_WriteData
 3378              	.LVL829:
 952:Module/lcd_cfg.c **** SPI_WriteData(0xD0);
 3379              		.loc 1 952 1 view .LVU833
 3380 0212 D020     		movs	r0, #208
 3381 0214 FFF7FEFF 		bl	SPI_WriteData
 3382              	.LVL830:
 953:Module/lcd_cfg.c **** SPI_WriteData(0x6A);
ARM GAS  C:\Users\ADMINI~1\AppData\Local\Temp\ccEmAkiv.s 			page 77


 3383              		.loc 1 953 1 view .LVU834
 3384 0218 6A20     		movs	r0, #106
 3385 021a FFF7FEFF 		bl	SPI_WriteData
 3386              	.LVL831:
 954:Module/lcd_cfg.c **** 
 955:Module/lcd_cfg.c **** SSD2828_WritePackageSize(17);
 3387              		.loc 1 955 1 view .LVU835
 3388 021e 1120     		movs	r0, #17
 3389 0220 FFF7FEFF 		bl	SSD2828_WritePackageSize
 3390              	.LVL832:
 956:Module/lcd_cfg.c **** SPI_WriteData(0xA0);
 3391              		.loc 1 956 1 view .LVU836
 3392 0224 A020     		movs	r0, #160
 3393 0226 FFF7FEFF 		bl	SPI_WriteData
 3394              	.LVL833:
 957:Module/lcd_cfg.c **** SPI_WriteData(0x09);
 3395              		.loc 1 957 1 view .LVU837
 3396 022a 0920     		movs	r0, #9
 3397 022c FFF7FEFF 		bl	SPI_WriteData
 3398              	.LVL834:
 958:Module/lcd_cfg.c **** SPI_WriteData(0xD0);
 3399              		.loc 1 958 1 view .LVU838
 3400 0230 D020     		movs	r0, #208
 3401 0232 FFF7FEFF 		bl	SPI_WriteData
 3402              	.LVL835:
 959:Module/lcd_cfg.c **** SPI_WriteData(0x0C);
 3403              		.loc 1 959 1 view .LVU839
 3404 0236 0C20     		movs	r0, #12
 3405 0238 FFF7FEFF 		bl	SPI_WriteData
 3406              	.LVL836:
 960:Module/lcd_cfg.c **** SPI_WriteData(0xBF);
 3407              		.loc 1 960 1 view .LVU840
 3408 023c BF20     		movs	r0, #191
 3409 023e FFF7FEFF 		bl	SPI_WriteData
 3410              	.LVL837:
 961:Module/lcd_cfg.c **** SPI_WriteData(0x1F);
 3411              		.loc 1 961 1 view .LVU841
 3412 0242 1F20     		movs	r0, #31
 3413 0244 FFF7FEFF 		bl	SPI_WriteData
 3414              	.LVL838:
 962:Module/lcd_cfg.c **** SPI_WriteData(0x01);
 3415              		.loc 1 962 1 view .LVU842
 3416 0248 0120     		movs	r0, #1
 3417 024a FFF7FEFF 		bl	SPI_WriteData
 3418              	.LVL839:
 963:Module/lcd_cfg.c **** SPI_WriteData(0x9A);
 3419              		.loc 1 963 1 view .LVU843
 3420 024e 9A20     		movs	r0, #154
 3421 0250 FFF7FEFF 		bl	SPI_WriteData
 3422              	.LVL840:
 964:Module/lcd_cfg.c **** SPI_WriteData(0xE1);
 3423              		.loc 1 964 1 view .LVU844
 3424 0254 E120     		movs	r0, #225
 3425 0256 FFF7FEFF 		bl	SPI_WriteData
 3426              	.LVL841:
 965:Module/lcd_cfg.c **** SPI_WriteData(0xF7);
 3427              		.loc 1 965 1 view .LVU845
ARM GAS  C:\Users\ADMINI~1\AppData\Local\Temp\ccEmAkiv.s 			page 78


 3428 025a F720     		movs	r0, #247
 3429 025c FFF7FEFF 		bl	SPI_WriteData
 3430              	.LVL842:
 966:Module/lcd_cfg.c **** SPI_WriteData(0x23);
 3431              		.loc 1 966 1 view .LVU846
 3432 0260 2320     		movs	r0, #35
 3433 0262 FFF7FEFF 		bl	SPI_WriteData
 3434              	.LVL843:
 967:Module/lcd_cfg.c **** SPI_WriteData(0x00);
 3435              		.loc 1 967 1 view .LVU847
 3436 0266 0020     		movs	r0, #0
 3437 0268 FFF7FEFF 		bl	SPI_WriteData
 3438              	.LVL844:
 968:Module/lcd_cfg.c **** SPI_WriteData(0x80);
 3439              		.loc 1 968 1 view .LVU848
 3440 026c 8020     		movs	r0, #128
 3441 026e FFF7FEFF 		bl	SPI_WriteData
 3442              	.LVL845:
 969:Module/lcd_cfg.c **** SPI_WriteData(0x07);
 3443              		.loc 1 969 1 view .LVU849
 3444 0272 0720     		movs	r0, #7
 3445 0274 FFF7FEFF 		bl	SPI_WriteData
 3446              	.LVL846:
 970:Module/lcd_cfg.c **** SPI_WriteData(0x00);
 3447              		.loc 1 970 1 view .LVU850
 3448 0278 0020     		movs	r0, #0
 3449 027a FFF7FEFF 		bl	SPI_WriteData
 3450              	.LVL847:
 971:Module/lcd_cfg.c **** SPI_WriteData(0x00);
 3451              		.loc 1 971 1 view .LVU851
 3452 027e 0020     		movs	r0, #0
 3453 0280 FFF7FEFF 		bl	SPI_WriteData
 3454              	.LVL848:
 972:Module/lcd_cfg.c **** SPI_WriteData(0x00);
 3455              		.loc 1 972 1 view .LVU852
 3456 0284 0020     		movs	r0, #0
 3457 0286 FFF7FEFF 		bl	SPI_WriteData
 3458              	.LVL849:
 973:Module/lcd_cfg.c **** 
 974:Module/lcd_cfg.c **** SSD2828_WritePackageSize(17);
 3459              		.loc 1 974 1 view .LVU853
 3460 028a 1120     		movs	r0, #17
 3461 028c FFF7FEFF 		bl	SSD2828_WritePackageSize
 3462              	.LVL850:
 975:Module/lcd_cfg.c **** SPI_WriteData(0xB0);
 3463              		.loc 1 975 1 view .LVU854
 3464 0290 B020     		movs	r0, #176
 3465 0292 FFF7FEFF 		bl	SPI_WriteData
 3466              	.LVL851:
 976:Module/lcd_cfg.c **** SPI_WriteData(0x00);
 3467              		.loc 1 976 1 view .LVU855
 3468 0296 0020     		movs	r0, #0
 3469 0298 FFF7FEFF 		bl	SPI_WriteData
 3470              	.LVL852:
 977:Module/lcd_cfg.c **** SPI_WriteData(0x00);
 3471              		.loc 1 977 1 view .LVU856
 3472 029c 0020     		movs	r0, #0
ARM GAS  C:\Users\ADMINI~1\AppData\Local\Temp\ccEmAkiv.s 			page 79


 3473 029e FFF7FEFF 		bl	SPI_WriteData
 3474              	.LVL853:
 978:Module/lcd_cfg.c **** SPI_WriteData(0x00);
 3475              		.loc 1 978 1 view .LVU857
 3476 02a2 0020     		movs	r0, #0
 3477 02a4 FFF7FEFF 		bl	SPI_WriteData
 3478              	.LVL854:
 979:Module/lcd_cfg.c **** SPI_WriteData(0x00);
 3479              		.loc 1 979 1 view .LVU858
 3480 02a8 0020     		movs	r0, #0
 3481 02aa FFF7FEFF 		bl	SPI_WriteData
 3482              	.LVL855:
 980:Module/lcd_cfg.c **** SPI_WriteData(0x00);
 3483              		.loc 1 980 1 view .LVU859
 3484 02ae 0020     		movs	r0, #0
 3485 02b0 FFF7FEFF 		bl	SPI_WriteData
 3486              	.LVL856:
 981:Module/lcd_cfg.c **** SPI_WriteData(0x00);
 3487              		.loc 1 981 1 view .LVU860
 3488 02b4 0020     		movs	r0, #0
 3489 02b6 FFF7FEFF 		bl	SPI_WriteData
 3490              	.LVL857:
 982:Module/lcd_cfg.c **** SPI_WriteData(0x00);
 3491              		.loc 1 982 1 view .LVU861
 3492 02ba 0020     		movs	r0, #0
 3493 02bc FFF7FEFF 		bl	SPI_WriteData
 3494              	.LVL858:
 983:Module/lcd_cfg.c **** SPI_WriteData(0x00);
 3495              		.loc 1 983 1 view .LVU862
 3496 02c0 0020     		movs	r0, #0
 3497 02c2 FFF7FEFF 		bl	SPI_WriteData
 3498              	.LVL859:
 984:Module/lcd_cfg.c **** SPI_WriteData(0x00);
 3499              		.loc 1 984 1 view .LVU863
 3500 02c6 0020     		movs	r0, #0
 3501 02c8 FFF7FEFF 		bl	SPI_WriteData
 3502              	.LVL860:
 985:Module/lcd_cfg.c **** SPI_WriteData(0x00);
 3503              		.loc 1 985 1 view .LVU864
 3504 02cc 0020     		movs	r0, #0
 3505 02ce FFF7FEFF 		bl	SPI_WriteData
 3506              	.LVL861:
 986:Module/lcd_cfg.c **** SPI_WriteData(0x00);
 3507              		.loc 1 986 1 view .LVU865
 3508 02d2 0020     		movs	r0, #0
 3509 02d4 FFF7FEFF 		bl	SPI_WriteData
 3510              	.LVL862:
 987:Module/lcd_cfg.c **** SPI_WriteData(0x00);
 3511              		.loc 1 987 1 view .LVU866
 3512 02d8 0020     		movs	r0, #0
 3513 02da FFF7FEFF 		bl	SPI_WriteData
 3514              	.LVL863:
 988:Module/lcd_cfg.c **** SPI_WriteData(0x80);
 3515              		.loc 1 988 1 view .LVU867
 3516 02de 8020     		movs	r0, #128
 3517 02e0 FFF7FEFF 		bl	SPI_WriteData
 3518              	.LVL864:
ARM GAS  C:\Users\ADMINI~1\AppData\Local\Temp\ccEmAkiv.s 			page 80


 989:Module/lcd_cfg.c **** SPI_WriteData(0x77);
 3519              		.loc 1 989 1 view .LVU868
 3520 02e4 7720     		movs	r0, #119
 3521 02e6 FFF7FEFF 		bl	SPI_WriteData
 3522              	.LVL865:
 990:Module/lcd_cfg.c **** SPI_WriteData(0x08);
 3523              		.loc 1 990 1 view .LVU869
 3524 02ea 0820     		movs	r0, #8
 3525 02ec FFF7FEFF 		bl	SPI_WriteData
 3526              	.LVL866:
 991:Module/lcd_cfg.c **** SPI_WriteData(0x77);
 3527              		.loc 1 991 1 view .LVU870
 3528 02f0 7720     		movs	r0, #119
 3529 02f2 FFF7FEFF 		bl	SPI_WriteData
 3530              	.LVL867:
 992:Module/lcd_cfg.c **** 
 993:Module/lcd_cfg.c **** SSD2828_WritePackageSize(17);
 3531              		.loc 1 993 1 view .LVU871
 3532 02f6 1120     		movs	r0, #17
 3533 02f8 FFF7FEFF 		bl	SSD2828_WritePackageSize
 3534              	.LVL868:
 994:Module/lcd_cfg.c **** SPI_WriteData(0xC0);
 3535              		.loc 1 994 1 view .LVU872
 3536 02fc C020     		movs	r0, #192
 3537 02fe FFF7FEFF 		bl	SPI_WriteData
 3538              	.LVL869:
 995:Module/lcd_cfg.c **** SPI_WriteData(0x08);
 3539              		.loc 1 995 1 view .LVU873
 3540 0302 0820     		movs	r0, #8
 3541 0304 FFF7FEFF 		bl	SPI_WriteData
 3542              	.LVL870:
 996:Module/lcd_cfg.c **** SPI_WriteData(0x05);
 3543              		.loc 1 996 1 view .LVU874
 3544 0308 0520     		movs	r0, #5
 3545 030a FFF7FEFF 		bl	SPI_WriteData
 3546              	.LVL871:
 997:Module/lcd_cfg.c **** SPI_WriteData(0x00);
 3547              		.loc 1 997 1 view .LVU875
 3548 030e 0020     		movs	r0, #0
 3549 0310 FFF7FEFF 		bl	SPI_WriteData
 3550              	.LVL872:
 998:Module/lcd_cfg.c **** SPI_WriteData(0x30);
 3551              		.loc 1 998 1 view .LVU876
 3552 0314 3020     		movs	r0, #48
 3553 0316 FFF7FEFF 		bl	SPI_WriteData
 3554              	.LVL873:
 999:Module/lcd_cfg.c **** SPI_WriteData(0x18);
 3555              		.loc 1 999 1 view .LVU877
 3556 031a 1820     		movs	r0, #24
 3557 031c FFF7FEFF 		bl	SPI_WriteData
 3558              	.LVL874:
1000:Module/lcd_cfg.c **** SPI_WriteData(0x0C);
 3559              		.loc 1 1000 1 view .LVU878
 3560 0320 0C20     		movs	r0, #12
 3561 0322 FFF7FEFF 		bl	SPI_WriteData
 3562              	.LVL875:
1001:Module/lcd_cfg.c **** SPI_WriteData(0xCF);
ARM GAS  C:\Users\ADMINI~1\AppData\Local\Temp\ccEmAkiv.s 			page 81


 3563              		.loc 1 1001 1 view .LVU879
 3564 0326 CF20     		movs	r0, #207
 3565 0328 FFF7FEFF 		bl	SPI_WriteData
 3566              	.LVL876:
1002:Module/lcd_cfg.c **** SPI_WriteData(0x01);
 3567              		.loc 1 1002 1 view .LVU880
 3568 032c 0120     		movs	r0, #1
 3569 032e FFF7FEFF 		bl	SPI_WriteData
 3570              	.LVL877:
1003:Module/lcd_cfg.c **** SPI_WriteData(0xAD);
 3571              		.loc 1 1003 1 view .LVU881
 3572 0332 AD20     		movs	r0, #173
 3573 0334 FFF7FEFF 		bl	SPI_WriteData
 3574              	.LVL878:
1004:Module/lcd_cfg.c **** SPI_WriteData(0x91);
 3575              		.loc 1 1004 1 view .LVU882
 3576 0338 9120     		movs	r0, #145
 3577 033a FFF7FEFF 		bl	SPI_WriteData
 3578              	.LVL879:
1005:Module/lcd_cfg.c **** SPI_WriteData(0x04);
 3579              		.loc 1 1005 1 view .LVU883
 3580 033e 0420     		movs	r0, #4
 3581 0340 FFF7FEFF 		bl	SPI_WriteData
 3582              	.LVL880:
1006:Module/lcd_cfg.c **** SPI_WriteData(0xC3);
 3583              		.loc 1 1006 1 view .LVU884
 3584 0344 C320     		movs	r0, #195
 3585 0346 FFF7FEFF 		bl	SPI_WriteData
 3586              	.LVL881:
1007:Module/lcd_cfg.c **** SPI_WriteData(0x00);
 3587              		.loc 1 1007 1 view .LVU885
 3588 034a 0020     		movs	r0, #0
 3589 034c FFF7FEFF 		bl	SPI_WriteData
 3590              	.LVL882:
1008:Module/lcd_cfg.c **** SPI_WriteData(0xF4);
 3591              		.loc 1 1008 1 view .LVU886
 3592 0350 F420     		movs	r0, #244
 3593 0352 FFF7FEFF 		bl	SPI_WriteData
 3594              	.LVL883:
1009:Module/lcd_cfg.c **** SPI_WriteData(0x0C);
 3595              		.loc 1 1009 1 view .LVU887
 3596 0356 0C20     		movs	r0, #12
 3597 0358 FFF7FEFF 		bl	SPI_WriteData
 3598              	.LVL884:
1010:Module/lcd_cfg.c **** SPI_WriteData(0xD0);
 3599              		.loc 1 1010 1 view .LVU888
 3600 035c D020     		movs	r0, #208
 3601 035e FFF7FEFF 		bl	SPI_WriteData
 3602              	.LVL885:
1011:Module/lcd_cfg.c **** 
1012:Module/lcd_cfg.c **** SSD2828_WritePackageSize(17);
 3603              		.loc 1 1012 1 view .LVU889
 3604 0362 1120     		movs	r0, #17
 3605 0364 FFF7FEFF 		bl	SSD2828_WritePackageSize
 3606              	.LVL886:
1013:Module/lcd_cfg.c **** SPI_WriteData(0xD0);
 3607              		.loc 1 1013 1 view .LVU890
ARM GAS  C:\Users\ADMINI~1\AppData\Local\Temp\ccEmAkiv.s 			page 82


 3608 0368 D020     		movs	r0, #208
 3609 036a FFF7FEFF 		bl	SPI_WriteData
 3610              	.LVL887:
1014:Module/lcd_cfg.c **** SPI_WriteData(0x1A);
 3611              		.loc 1 1014 1 view .LVU891
 3612 036e 1A20     		movs	r0, #26
 3613 0370 FFF7FEFF 		bl	SPI_WriteData
 3614              	.LVL888:
1015:Module/lcd_cfg.c **** SPI_WriteData(0x49);
 3615              		.loc 1 1015 1 view .LVU892
 3616 0374 4920     		movs	r0, #73
 3617 0376 FFF7FEFF 		bl	SPI_WriteData
 3618              	.LVL889:
1016:Module/lcd_cfg.c **** SPI_WriteData(0x30);
 3619              		.loc 1 1016 1 view .LVU893
 3620 037a 3020     		movs	r0, #48
 3621 037c FFF7FEFF 		bl	SPI_WriteData
 3622              	.LVL890:
1017:Module/lcd_cfg.c **** SPI_WriteData(0x0C);
 3623              		.loc 1 1017 1 view .LVU894
 3624 0380 0C20     		movs	r0, #12
 3625 0382 FFF7FEFF 		bl	SPI_WriteData
 3626              	.LVL891:
1018:Module/lcd_cfg.c **** SPI_WriteData(0x40);
 3627              		.loc 1 1018 1 view .LVU895
 3628 0386 4020     		movs	r0, #64
 3629 0388 FFF7FEFF 		bl	SPI_WriteData
 3630              	.LVL892:
1019:Module/lcd_cfg.c **** SPI_WriteData(0x4F);
 3631              		.loc 1 1019 1 view .LVU896
 3632 038c 4F20     		movs	r0, #79
 3633 038e FFF7FEFF 		bl	SPI_WriteData
 3634              	.LVL893:
1020:Module/lcd_cfg.c **** SPI_WriteData(0x00);
 3635              		.loc 1 1020 1 view .LVU897
 3636 0392 0020     		movs	r0, #0
 3637 0394 FFF7FEFF 		bl	SPI_WriteData
 3638              	.LVL894:
1021:Module/lcd_cfg.c **** SPI_WriteData(0xAD);
 3639              		.loc 1 1021 1 view .LVU898
 3640 0398 AD20     		movs	r0, #173
 3641 039a FFF7FEFF 		bl	SPI_WriteData
 3642              	.LVL895:
1022:Module/lcd_cfg.c **** SPI_WriteData(0x91);
 3643              		.loc 1 1022 1 view .LVU899
 3644 039e 9120     		movs	r0, #145
 3645 03a0 FFF7FEFF 		bl	SPI_WriteData
 3646              	.LVL896:
1023:Module/lcd_cfg.c **** SPI_WriteData(0x04);
 3647              		.loc 1 1023 1 view .LVU900
 3648 03a4 0420     		movs	r0, #4
 3649 03a6 FFF7FEFF 		bl	SPI_WriteData
 3650              	.LVL897:
1024:Module/lcd_cfg.c **** SPI_WriteData(0xC3);
 3651              		.loc 1 1024 1 view .LVU901
 3652 03aa C320     		movs	r0, #195
 3653 03ac FFF7FEFF 		bl	SPI_WriteData
ARM GAS  C:\Users\ADMINI~1\AppData\Local\Temp\ccEmAkiv.s 			page 83


 3654              	.LVL898:
1025:Module/lcd_cfg.c **** SPI_WriteData(0x00);
 3655              		.loc 1 1025 1 view .LVU902
 3656 03b0 0020     		movs	r0, #0
 3657 03b2 FFF7FEFF 		bl	SPI_WriteData
 3658              	.LVL899:
1026:Module/lcd_cfg.c **** SPI_WriteData(0xF4);
 3659              		.loc 1 1026 1 view .LVU903
 3660 03b6 F420     		movs	r0, #244
 3661 03b8 FFF7FEFF 		bl	SPI_WriteData
 3662              	.LVL900:
1027:Module/lcd_cfg.c **** SPI_WriteData(0x14);
 3663              		.loc 1 1027 1 view .LVU904
 3664 03bc 1420     		movs	r0, #20
 3665 03be FFF7FEFF 		bl	SPI_WriteData
 3666              	.LVL901:
1028:Module/lcd_cfg.c **** SPI_WriteData(0xD0);
 3667              		.loc 1 1028 1 view .LVU905
 3668 03c2 D020     		movs	r0, #208
 3669 03c4 FFF7FEFF 		bl	SPI_WriteData
 3670              	.LVL902:
1029:Module/lcd_cfg.c **** SPI_WriteData(0x1A);
 3671              		.loc 1 1029 1 view .LVU906
 3672 03c8 1A20     		movs	r0, #26
 3673 03ca FFF7FEFF 		bl	SPI_WriteData
 3674              	.LVL903:
1030:Module/lcd_cfg.c **** 
1031:Module/lcd_cfg.c **** SSD2828_WritePackageSize(17);
 3675              		.loc 1 1031 1 view .LVU907
 3676 03ce 1120     		movs	r0, #17
 3677 03d0 FFF7FEFF 		bl	SSD2828_WritePackageSize
 3678              	.LVL904:
1032:Module/lcd_cfg.c **** SPI_WriteData(0xE0);
 3679              		.loc 1 1032 1 view .LVU908
 3680 03d4 E020     		movs	r0, #224
 3681 03d6 FFF7FEFF 		bl	SPI_WriteData
 3682              	.LVL905:
1033:Module/lcd_cfg.c **** SPI_WriteData(0x49);
 3683              		.loc 1 1033 1 view .LVU909
 3684 03da 4920     		movs	r0, #73
 3685 03dc FFF7FEFF 		bl	SPI_WriteData
 3686              	.LVL906:
1034:Module/lcd_cfg.c **** SPI_WriteData(0x30);
 3687              		.loc 1 1034 1 view .LVU910
 3688 03e0 3020     		movs	r0, #48
 3689 03e2 FFF7FEFF 		bl	SPI_WriteData
 3690              	.LVL907:
1035:Module/lcd_cfg.c **** SPI_WriteData(0x0C);
 3691              		.loc 1 1035 1 view .LVU911
 3692 03e6 0C20     		movs	r0, #12
 3693 03e8 FFF7FEFF 		bl	SPI_WriteData
 3694              	.LVL908:
1036:Module/lcd_cfg.c **** SPI_WriteData(0x40);
 3695              		.loc 1 1036 1 view .LVU912
 3696 03ec 4020     		movs	r0, #64
 3697 03ee FFF7FEFF 		bl	SPI_WriteData
 3698              	.LVL909:
ARM GAS  C:\Users\ADMINI~1\AppData\Local\Temp\ccEmAkiv.s 			page 84


1037:Module/lcd_cfg.c **** SPI_WriteData(0x4F);
 3699              		.loc 1 1037 1 view .LVU913
 3700 03f2 4F20     		movs	r0, #79
 3701 03f4 FFF7FEFF 		bl	SPI_WriteData
 3702              	.LVL910:
1038:Module/lcd_cfg.c **** SPI_WriteData(0x02);
 3703              		.loc 1 1038 1 view .LVU914
 3704 03f8 0220     		movs	r0, #2
 3705 03fa FFF7FEFF 		bl	SPI_WriteData
 3706              	.LVL911:
1039:Module/lcd_cfg.c **** SPI_WriteData(0xAD);
 3707              		.loc 1 1039 1 view .LVU915
 3708 03fe AD20     		movs	r0, #173
 3709 0400 FFF7FEFF 		bl	SPI_WriteData
 3710              	.LVL912:
1040:Module/lcd_cfg.c **** SPI_WriteData(0x91);
 3711              		.loc 1 1040 1 view .LVU916
 3712 0404 9120     		movs	r0, #145
 3713 0406 FFF7FEFF 		bl	SPI_WriteData
 3714              	.LVL913:
1041:Module/lcd_cfg.c **** SPI_WriteData(0x04);
 3715              		.loc 1 1041 1 view .LVU917
 3716 040a 0420     		movs	r0, #4
 3717 040c FFF7FEFF 		bl	SPI_WriteData
 3718              	.LVL914:
1042:Module/lcd_cfg.c **** SPI_WriteData(0xC3);
 3719              		.loc 1 1042 1 view .LVU918
 3720 0410 C320     		movs	r0, #195
 3721 0412 FFF7FEFF 		bl	SPI_WriteData
 3722              	.LVL915:
1043:Module/lcd_cfg.c **** SPI_WriteData(0x00);
 3723              		.loc 1 1043 1 view .LVU919
 3724 0416 0020     		movs	r0, #0
 3725 0418 FFF7FEFF 		bl	SPI_WriteData
 3726              	.LVL916:
1044:Module/lcd_cfg.c **** SPI_WriteData(0xF4);
 3727              		.loc 1 1044 1 view .LVU920
 3728 041c F420     		movs	r0, #244
 3729 041e FFF7FEFF 		bl	SPI_WriteData
 3730              	.LVL917:
1045:Module/lcd_cfg.c **** SPI_WriteData(0x34);
 3731              		.loc 1 1045 1 view .LVU921
 3732 0422 3420     		movs	r0, #52
 3733 0424 FFF7FEFF 		bl	SPI_WriteData
 3734              	.LVL918:
1046:Module/lcd_cfg.c **** SPI_WriteData(0xD0);
 3735              		.loc 1 1046 1 view .LVU922
 3736 0428 D020     		movs	r0, #208
 3737 042a FFF7FEFF 		bl	SPI_WriteData
 3738              	.LVL919:
1047:Module/lcd_cfg.c **** SPI_WriteData(0x1A);
 3739              		.loc 1 1047 1 view .LVU923
 3740 042e 1A20     		movs	r0, #26
 3741 0430 FFF7FEFF 		bl	SPI_WriteData
 3742              	.LVL920:
1048:Module/lcd_cfg.c **** SPI_WriteData(0x49);
 3743              		.loc 1 1048 1 view .LVU924
ARM GAS  C:\Users\ADMINI~1\AppData\Local\Temp\ccEmAkiv.s 			page 85


 3744 0434 4920     		movs	r0, #73
 3745 0436 FFF7FEFF 		bl	SPI_WriteData
 3746              	.LVL921:
1049:Module/lcd_cfg.c **** 
1050:Module/lcd_cfg.c **** SSD2828_WritePackageSize(17);
 3747              		.loc 1 1050 1 view .LVU925
 3748 043a 1120     		movs	r0, #17
 3749 043c FFF7FEFF 		bl	SSD2828_WritePackageSize
 3750              	.LVL922:
1051:Module/lcd_cfg.c **** SPI_WriteData(0xF0);
 3751              		.loc 1 1051 1 view .LVU926
 3752 0440 F020     		movs	r0, #240
 3753 0442 FFF7FEFF 		bl	SPI_WriteData
 3754              	.LVL923:
1052:Module/lcd_cfg.c **** SPI_WriteData(0x30);
 3755              		.loc 1 1052 1 view .LVU927
 3756 0446 3020     		movs	r0, #48
 3757 0448 FFF7FEFF 		bl	SPI_WriteData
 3758              	.LVL924:
1053:Module/lcd_cfg.c **** SPI_WriteData(0x0C);
 3759              		.loc 1 1053 1 view .LVU928
 3760 044c 0C20     		movs	r0, #12
 3761 044e FFF7FEFF 		bl	SPI_WriteData
 3762              	.LVL925:
1054:Module/lcd_cfg.c **** SPI_WriteData(0x40);
 3763              		.loc 1 1054 1 view .LVU929
 3764 0452 4020     		movs	r0, #64
 3765 0454 FFF7FEFF 		bl	SPI_WriteData
 3766              	.LVL926:
1055:Module/lcd_cfg.c **** SPI_WriteData(0x4F);
 3767              		.loc 1 1055 1 view .LVU930
 3768 0458 4F20     		movs	r0, #79
 3769 045a FFF7FEFF 		bl	SPI_WriteData
 3770              	.LVL927:
1056:Module/lcd_cfg.c **** SPI_WriteData(0x04);
 3771              		.loc 1 1056 1 view .LVU931
 3772 045e 0420     		movs	r0, #4
 3773 0460 FFF7FEFF 		bl	SPI_WriteData
 3774              	.LVL928:
1057:Module/lcd_cfg.c **** SPI_WriteData(0xAD);
 3775              		.loc 1 1057 1 view .LVU932
 3776 0464 AD20     		movs	r0, #173
 3777 0466 FFF7FEFF 		bl	SPI_WriteData
 3778              	.LVL929:
1058:Module/lcd_cfg.c **** SPI_WriteData(0x91);
 3779              		.loc 1 1058 1 view .LVU933
 3780 046a 9120     		movs	r0, #145
 3781 046c FFF7FEFF 		bl	SPI_WriteData
 3782              	.LVL930:
1059:Module/lcd_cfg.c **** SPI_WriteData(0x04);
 3783              		.loc 1 1059 1 view .LVU934
 3784 0470 0420     		movs	r0, #4
 3785 0472 FFF7FEFF 		bl	SPI_WriteData
 3786              	.LVL931:
1060:Module/lcd_cfg.c **** SPI_WriteData(0xC3);
 3787              		.loc 1 1060 1 view .LVU935
 3788 0476 C320     		movs	r0, #195
ARM GAS  C:\Users\ADMINI~1\AppData\Local\Temp\ccEmAkiv.s 			page 86


 3789 0478 FFF7FEFF 		bl	SPI_WriteData
 3790              	.LVL932:
1061:Module/lcd_cfg.c **** SPI_WriteData(0x00);
 3791              		.loc 1 1061 1 view .LVU936
 3792 047c 0020     		movs	r0, #0
 3793 047e FFF7FEFF 		bl	SPI_WriteData
 3794              	.LVL933:
1062:Module/lcd_cfg.c **** SPI_WriteData(0xF4);
 3795              		.loc 1 1062 1 view .LVU937
 3796 0482 F420     		movs	r0, #244
 3797 0484 FFF7FEFF 		bl	SPI_WriteData
 3798              	.LVL934:
1063:Module/lcd_cfg.c **** SPI_WriteData(0x54);
 3799              		.loc 1 1063 1 view .LVU938
 3800 0488 5420     		movs	r0, #84
 3801 048a FFF7FEFF 		bl	SPI_WriteData
 3802              	.LVL935:
1064:Module/lcd_cfg.c **** SPI_WriteData(0xD0);
 3803              		.loc 1 1064 1 view .LVU939
 3804 048e D020     		movs	r0, #208
 3805 0490 FFF7FEFF 		bl	SPI_WriteData
 3806              	.LVL936:
1065:Module/lcd_cfg.c **** SPI_WriteData(0x1A);
 3807              		.loc 1 1065 1 view .LVU940
 3808 0494 1A20     		movs	r0, #26
 3809 0496 FFF7FEFF 		bl	SPI_WriteData
 3810              	.LVL937:
1066:Module/lcd_cfg.c **** SPI_WriteData(0x49);
 3811              		.loc 1 1066 1 view .LVU941
 3812 049a 4920     		movs	r0, #73
 3813 049c FFF7FEFF 		bl	SPI_WriteData
 3814              	.LVL938:
1067:Module/lcd_cfg.c **** SPI_WriteData(0x30);
 3815              		.loc 1 1067 1 view .LVU942
 3816 04a0 3020     		movs	r0, #48
 3817 04a2 FFF7FEFF 		bl	SPI_WriteData
 3818              	.LVL939:
1068:Module/lcd_cfg.c **** 
1069:Module/lcd_cfg.c **** //Blank21
1070:Module/lcd_cfg.c **** SSD2828_WritePackageSize(3);
 3819              		.loc 1 1070 1 view .LVU943
 3820 04a6 0320     		movs	r0, #3
 3821 04a8 FFF7FEFF 		bl	SSD2828_WritePackageSize
 3822              	.LVL940:
1071:Module/lcd_cfg.c **** SPI_WriteData(0x41);
 3823              		.loc 1 1071 1 view .LVU944
 3824 04ac 4120     		movs	r0, #65
 3825 04ae FFF7FEFF 		bl	SPI_WriteData
 3826              	.LVL941:
1072:Module/lcd_cfg.c **** SPI_WriteData(0x5A);
 3827              		.loc 1 1072 1 view .LVU945
 3828 04b2 5A20     		movs	r0, #90
 3829 04b4 FFF7FEFF 		bl	SPI_WriteData
 3830              	.LVL942:
1073:Module/lcd_cfg.c **** SPI_WriteData(0x15);
 3831              		.loc 1 1073 1 view .LVU946
 3832 04b8 1520     		movs	r0, #21
ARM GAS  C:\Users\ADMINI~1\AppData\Local\Temp\ccEmAkiv.s 			page 87


 3833 04ba FFF7FEFF 		bl	SPI_WriteData
 3834              	.LVL943:
1074:Module/lcd_cfg.c **** 
1075:Module/lcd_cfg.c **** SSD2828_WritePackageSize(17);
 3835              		.loc 1 1075 1 view .LVU947
 3836 04be 1120     		movs	r0, #17
 3837 04c0 FFF7FEFF 		bl	SSD2828_WritePackageSize
 3838              	.LVL944:
1076:Module/lcd_cfg.c **** SPI_WriteData(0x80);
 3839              		.loc 1 1076 1 view .LVU948
 3840 04c4 8020     		movs	r0, #128
 3841 04c6 FFF7FEFF 		bl	SPI_WriteData
 3842              	.LVL945:
1077:Module/lcd_cfg.c **** SPI_WriteData(0x0C);
 3843              		.loc 1 1077 1 view .LVU949
 3844 04ca 0C20     		movs	r0, #12
 3845 04cc FFF7FEFF 		bl	SPI_WriteData
 3846              	.LVL946:
1078:Module/lcd_cfg.c **** SPI_WriteData(0x40);
 3847              		.loc 1 1078 1 view .LVU950
 3848 04d0 4020     		movs	r0, #64
 3849 04d2 FFF7FEFF 		bl	SPI_WriteData
 3850              	.LVL947:
1079:Module/lcd_cfg.c **** SPI_WriteData(0x40);
 3851              		.loc 1 1079 1 view .LVU951
 3852 04d6 4020     		movs	r0, #64
 3853 04d8 FFF7FEFF 		bl	SPI_WriteData
 3854              	.LVL948:
1080:Module/lcd_cfg.c **** SPI_WriteData(0x80);
 3855              		.loc 1 1080 1 view .LVU952
 3856 04dc 8020     		movs	r0, #128
 3857 04de FFF7FEFF 		bl	SPI_WriteData
 3858              	.LVL949:
1081:Module/lcd_cfg.c **** SPI_WriteData(0xDF);
 3859              		.loc 1 1081 1 view .LVU953
 3860 04e2 DF20     		movs	r0, #223
 3861 04e4 FFF7FEFF 		bl	SPI_WriteData
 3862              	.LVL950:
1082:Module/lcd_cfg.c **** SPI_WriteData(0x0F);
 3863              		.loc 1 1082 1 view .LVU954
 3864 04e8 0F20     		movs	r0, #15
 3865 04ea FFF7FEFF 		bl	SPI_WriteData
 3866              	.LVL951:
1083:Module/lcd_cfg.c **** SPI_WriteData(0x00);
 3867              		.loc 1 1083 1 view .LVU955
 3868 04ee 0020     		movs	r0, #0
 3869 04f0 FFF7FEFF 		bl	SPI_WriteData
 3870              	.LVL952:
1084:Module/lcd_cfg.c **** SPI_WriteData(0x00);
 3871              		.loc 1 1084 1 view .LVU956
 3872 04f4 0020     		movs	r0, #0
 3873 04f6 FFF7FEFF 		bl	SPI_WriteData
 3874              	.LVL953:
1085:Module/lcd_cfg.c **** SPI_WriteData(0x00);
 3875              		.loc 1 1085 1 view .LVU957
 3876 04fa 0020     		movs	r0, #0
 3877 04fc FFF7FEFF 		bl	SPI_WriteData
ARM GAS  C:\Users\ADMINI~1\AppData\Local\Temp\ccEmAkiv.s 			page 88


 3878              	.LVL954:
1086:Module/lcd_cfg.c **** SPI_WriteData(0x00);
 3879              		.loc 1 1086 1 view .LVU958
 3880 0500 0020     		movs	r0, #0
 3881 0502 FFF7FEFF 		bl	SPI_WriteData
 3882              	.LVL955:
1087:Module/lcd_cfg.c **** SPI_WriteData(0x00);
 3883              		.loc 1 1087 1 view .LVU959
 3884 0506 0020     		movs	r0, #0
 3885 0508 FFF7FEFF 		bl	SPI_WriteData
 3886              	.LVL956:
1088:Module/lcd_cfg.c **** SPI_WriteData(0x00);
 3887              		.loc 1 1088 1 view .LVU960
 3888 050c 0020     		movs	r0, #0
 3889 050e FFF7FEFF 		bl	SPI_WriteData
 3890              	.LVL957:
1089:Module/lcd_cfg.c **** SPI_WriteData(0x00);
 3891              		.loc 1 1089 1 view .LVU961
 3892 0512 0020     		movs	r0, #0
 3893 0514 FFF7FEFF 		bl	SPI_WriteData
 3894              	.LVL958:
1090:Module/lcd_cfg.c **** SPI_WriteData(0x00);
 3895              		.loc 1 1090 1 view .LVU962
 3896 0518 0020     		movs	r0, #0
 3897 051a FFF7FEFF 		bl	SPI_WriteData
 3898              	.LVL959:
1091:Module/lcd_cfg.c **** SPI_WriteData(0x00);
 3899              		.loc 1 1091 1 view .LVU963
 3900 051e 0020     		movs	r0, #0
 3901 0520 FFF7FEFF 		bl	SPI_WriteData
 3902              	.LVL960:
1092:Module/lcd_cfg.c **** SPI_WriteData(0x00);
 3903              		.loc 1 1092 1 view .LVU964
 3904 0524 0020     		movs	r0, #0
 3905 0526 FFF7FEFF 		bl	SPI_WriteData
 3906              	.LVL961:
1093:Module/lcd_cfg.c **** 
1094:Module/lcd_cfg.c **** SSD2828_WritePackageSize(17);
 3907              		.loc 1 1094 1 view .LVU965
 3908 052a 1120     		movs	r0, #17
 3909 052c FFF7FEFF 		bl	SSD2828_WritePackageSize
 3910              	.LVL962:
1095:Module/lcd_cfg.c **** SPI_WriteData(0x90);
 3911              		.loc 1 1095 1 view .LVU966
 3912 0530 9020     		movs	r0, #144
 3913 0532 FFF7FEFF 		bl	SPI_WriteData
 3914              	.LVL963:
1096:Module/lcd_cfg.c **** SPI_WriteData(0x00);
 3915              		.loc 1 1096 1 view .LVU967
 3916 0536 0020     		movs	r0, #0
 3917 0538 FFF7FEFF 		bl	SPI_WriteData
 3918              	.LVL964:
1097:Module/lcd_cfg.c **** SPI_WriteData(0x00);
 3919              		.loc 1 1097 1 view .LVU968
 3920 053c 0020     		movs	r0, #0
 3921 053e FFF7FEFF 		bl	SPI_WriteData
 3922              	.LVL965:
ARM GAS  C:\Users\ADMINI~1\AppData\Local\Temp\ccEmAkiv.s 			page 89


1098:Module/lcd_cfg.c **** SPI_WriteData(0x00);
 3923              		.loc 1 1098 1 view .LVU969
 3924 0542 0020     		movs	r0, #0
 3925 0544 FFF7FEFF 		bl	SPI_WriteData
 3926              	.LVL966:
1099:Module/lcd_cfg.c **** SPI_WriteData(0x00);
 3927              		.loc 1 1099 1 view .LVU970
 3928 0548 0020     		movs	r0, #0
 3929 054a FFF7FEFF 		bl	SPI_WriteData
 3930              	.LVL967:
1100:Module/lcd_cfg.c **** SPI_WriteData(0x00);
 3931              		.loc 1 1100 1 view .LVU971
 3932 054e 0020     		movs	r0, #0
 3933 0550 FFF7FEFF 		bl	SPI_WriteData
 3934              	.LVL968:
1101:Module/lcd_cfg.c **** SPI_WriteData(0x00);
 3935              		.loc 1 1101 1 view .LVU972
 3936 0554 0020     		movs	r0, #0
 3937 0556 FFF7FEFF 		bl	SPI_WriteData
 3938              	.LVL969:
1102:Module/lcd_cfg.c **** SPI_WriteData(0x00);
 3939              		.loc 1 1102 1 view .LVU973
 3940 055a 0020     		movs	r0, #0
 3941 055c FFF7FEFF 		bl	SPI_WriteData
 3942              	.LVL970:
1103:Module/lcd_cfg.c **** SPI_WriteData(0x00);
 3943              		.loc 1 1103 1 view .LVU974
 3944 0560 0020     		movs	r0, #0
 3945 0562 FFF7FEFF 		bl	SPI_WriteData
 3946              	.LVL971:
1104:Module/lcd_cfg.c **** SPI_WriteData(0x00);
 3947              		.loc 1 1104 1 view .LVU975
 3948 0566 0020     		movs	r0, #0
 3949 0568 FFF7FEFF 		bl	SPI_WriteData
 3950              	.LVL972:
1105:Module/lcd_cfg.c **** SPI_WriteData(0x00);
 3951              		.loc 1 1105 1 view .LVU976
 3952 056c 0020     		movs	r0, #0
 3953 056e FFF7FEFF 		bl	SPI_WriteData
 3954              	.LVL973:
1106:Module/lcd_cfg.c **** SPI_WriteData(0x00);
 3955              		.loc 1 1106 1 view .LVU977
 3956 0572 0020     		movs	r0, #0
 3957 0574 FFF7FEFF 		bl	SPI_WriteData
 3958              	.LVL974:
1107:Module/lcd_cfg.c **** SPI_WriteData(0x00);
 3959              		.loc 1 1107 1 view .LVU978
 3960 0578 0020     		movs	r0, #0
 3961 057a FFF7FEFF 		bl	SPI_WriteData
 3962              	.LVL975:
1108:Module/lcd_cfg.c **** SPI_WriteData(0x00);
 3963              		.loc 1 1108 1 view .LVU979
 3964 057e 0020     		movs	r0, #0
 3965 0580 FFF7FEFF 		bl	SPI_WriteData
 3966              	.LVL976:
1109:Module/lcd_cfg.c **** SPI_WriteData(0x00);
 3967              		.loc 1 1109 1 view .LVU980
ARM GAS  C:\Users\ADMINI~1\AppData\Local\Temp\ccEmAkiv.s 			page 90


 3968 0584 0020     		movs	r0, #0
 3969 0586 FFF7FEFF 		bl	SPI_WriteData
 3970              	.LVL977:
1110:Module/lcd_cfg.c **** SPI_WriteData(0x00);
 3971              		.loc 1 1110 1 view .LVU981
 3972 058a 0020     		movs	r0, #0
 3973 058c FFF7FEFF 		bl	SPI_WriteData
 3974              	.LVL978:
1111:Module/lcd_cfg.c **** SPI_WriteData(0x00);
 3975              		.loc 1 1111 1 view .LVU982
 3976 0590 0020     		movs	r0, #0
 3977 0592 FFF7FEFF 		bl	SPI_WriteData
 3978              	.LVL979:
1112:Module/lcd_cfg.c **** 
1113:Module/lcd_cfg.c **** SSD2828_WritePackageSize(17);
 3979              		.loc 1 1113 1 view .LVU983
 3980 0596 1120     		movs	r0, #17
 3981 0598 FFF7FEFF 		bl	SSD2828_WritePackageSize
 3982              	.LVL980:
1114:Module/lcd_cfg.c **** SPI_WriteData(0xA0);
 3983              		.loc 1 1114 1 view .LVU984
 3984 059c A020     		movs	r0, #160
 3985 059e FFF7FEFF 		bl	SPI_WriteData
 3986              	.LVL981:
1115:Module/lcd_cfg.c **** SPI_WriteData(0x00);
 3987              		.loc 1 1115 1 view .LVU985
 3988 05a2 0020     		movs	r0, #0
 3989 05a4 FFF7FEFF 		bl	SPI_WriteData
 3990              	.LVL982:
1116:Module/lcd_cfg.c **** SPI_WriteData(0x00);
 3991              		.loc 1 1116 1 view .LVU986
 3992 05a8 0020     		movs	r0, #0
 3993 05aa FFF7FEFF 		bl	SPI_WriteData
 3994              	.LVL983:
1117:Module/lcd_cfg.c **** SPI_WriteData(0x1C);
 3995              		.loc 1 1117 1 view .LVU987
 3996 05ae 1C20     		movs	r0, #28
 3997 05b0 FFF7FEFF 		bl	SPI_WriteData
 3998              	.LVL984:
1118:Module/lcd_cfg.c **** SPI_WriteData(0x00);
 3999              		.loc 1 1118 1 view .LVU988
 4000 05b4 0020     		movs	r0, #0
 4001 05b6 FFF7FEFF 		bl	SPI_WriteData
 4002              	.LVL985:
1119:Module/lcd_cfg.c **** SPI_WriteData(0x00);
 4003              		.loc 1 1119 1 view .LVU989
 4004 05ba 0020     		movs	r0, #0
 4005 05bc FFF7FEFF 		bl	SPI_WriteData
 4006              	.LVL986:
1120:Module/lcd_cfg.c **** SPI_WriteData(0x00);
 4007              		.loc 1 1120 1 view .LVU990
 4008 05c0 0020     		movs	r0, #0
 4009 05c2 FFF7FEFF 		bl	SPI_WriteData
 4010              	.LVL987:
1121:Module/lcd_cfg.c **** SPI_WriteData(0x08);
 4011              		.loc 1 1121 1 view .LVU991
 4012 05c6 0820     		movs	r0, #8
ARM GAS  C:\Users\ADMINI~1\AppData\Local\Temp\ccEmAkiv.s 			page 91


 4013 05c8 FFF7FEFF 		bl	SPI_WriteData
 4014              	.LVL988:
1122:Module/lcd_cfg.c **** SPI_WriteData(0x42);
 4015              		.loc 1 1122 1 view .LVU992
 4016 05cc 4220     		movs	r0, #66
 4017 05ce FFF7FEFF 		bl	SPI_WriteData
 4018              	.LVL989:
1123:Module/lcd_cfg.c **** SPI_WriteData(0x60);
 4019              		.loc 1 1123 1 view .LVU993
 4020 05d2 6020     		movs	r0, #96
 4021 05d4 FFF7FEFF 		bl	SPI_WriteData
 4022              	.LVL990:
1124:Module/lcd_cfg.c **** SPI_WriteData(0x0E);
 4023              		.loc 1 1124 1 view .LVU994
 4024 05d8 0E20     		movs	r0, #14
 4025 05da FFF7FEFF 		bl	SPI_WriteData
 4026              	.LVL991:
1125:Module/lcd_cfg.c **** SPI_WriteData(0x00);
 4027              		.loc 1 1125 1 view .LVU995
 4028 05de 0020     		movs	r0, #0
 4029 05e0 FFF7FEFF 		bl	SPI_WriteData
 4030              	.LVL992:
1126:Module/lcd_cfg.c **** SPI_WriteData(0x00);
 4031              		.loc 1 1126 1 view .LVU996
 4032 05e4 0020     		movs	r0, #0
 4033 05e6 FFF7FEFF 		bl	SPI_WriteData
 4034              	.LVL993:
1127:Module/lcd_cfg.c **** SPI_WriteData(0x00);
 4035              		.loc 1 1127 1 view .LVU997
 4036 05ea 0020     		movs	r0, #0
 4037 05ec FFF7FEFF 		bl	SPI_WriteData
 4038              	.LVL994:
1128:Module/lcd_cfg.c **** SPI_WriteData(0x00);
 4039              		.loc 1 1128 1 view .LVU998
 4040 05f0 0020     		movs	r0, #0
 4041 05f2 FFF7FEFF 		bl	SPI_WriteData
 4042              	.LVL995:
1129:Module/lcd_cfg.c **** SPI_WriteData(0x00);
 4043              		.loc 1 1129 1 view .LVU999
 4044 05f6 0020     		movs	r0, #0
 4045 05f8 FFF7FEFF 		bl	SPI_WriteData
 4046              	.LVL996:
1130:Module/lcd_cfg.c **** SPI_WriteData(0x00);
 4047              		.loc 1 1130 1 view .LVU1000
 4048 05fc 0020     		movs	r0, #0
 4049 05fe FFF7FEFF 		bl	SPI_WriteData
 4050              	.LVL997:
1131:Module/lcd_cfg.c **** 
1132:Module/lcd_cfg.c **** SSD2828_WritePackageSize(17);
 4051              		.loc 1 1132 1 view .LVU1001
 4052 0602 1120     		movs	r0, #17
 4053 0604 FFF7FEFF 		bl	SSD2828_WritePackageSize
 4054              	.LVL998:
1133:Module/lcd_cfg.c **** SPI_WriteData(0xB0);
 4055              		.loc 1 1133 1 view .LVU1002
 4056 0608 B020     		movs	r0, #176
 4057 060a FFF7FEFF 		bl	SPI_WriteData
ARM GAS  C:\Users\ADMINI~1\AppData\Local\Temp\ccEmAkiv.s 			page 92


 4058              	.LVL999:
1134:Module/lcd_cfg.c **** SPI_WriteData(0x00);
 4059              		.loc 1 1134 1 view .LVU1003
 4060 060e 0020     		movs	r0, #0
 4061 0610 FFF7FEFF 		bl	SPI_WriteData
 4062              	.LVL1000:
1135:Module/lcd_cfg.c **** SPI_WriteData(0x00);
 4063              		.loc 1 1135 1 view .LVU1004
 4064 0614 0020     		movs	r0, #0
 4065 0616 FFF7FEFF 		bl	SPI_WriteData
 4066              	.LVL1001:
1136:Module/lcd_cfg.c **** SPI_WriteData(0x00);
 4067              		.loc 1 1136 1 view .LVU1005
 4068 061a 0020     		movs	r0, #0
 4069 061c FFF7FEFF 		bl	SPI_WriteData
 4070              	.LVL1002:
1137:Module/lcd_cfg.c **** SPI_WriteData(0x00);
 4071              		.loc 1 1137 1 view .LVU1006
 4072 0620 0020     		movs	r0, #0
 4073 0622 FFF7FEFF 		bl	SPI_WriteData
 4074              	.LVL1003:
1138:Module/lcd_cfg.c **** SPI_WriteData(0x00);
 4075              		.loc 1 1138 1 view .LVU1007
 4076 0626 0020     		movs	r0, #0
 4077 0628 FFF7FEFF 		bl	SPI_WriteData
 4078              	.LVL1004:
1139:Module/lcd_cfg.c **** SPI_WriteData(0x00);
 4079              		.loc 1 1139 1 view .LVU1008
 4080 062c 0020     		movs	r0, #0
 4081 062e FFF7FEFF 		bl	SPI_WriteData
 4082              	.LVL1005:
1140:Module/lcd_cfg.c **** SPI_WriteData(0x00);
 4083              		.loc 1 1140 1 view .LVU1009
 4084 0632 0020     		movs	r0, #0
 4085 0634 FFF7FEFF 		bl	SPI_WriteData
 4086              	.LVL1006:
1141:Module/lcd_cfg.c **** SPI_WriteData(0x00);
 4087              		.loc 1 1141 1 view .LVU1010
 4088 0638 0020     		movs	r0, #0
 4089 063a FFF7FEFF 		bl	SPI_WriteData
 4090              	.LVL1007:
1142:Module/lcd_cfg.c **** SPI_WriteData(0x00);
 4091              		.loc 1 1142 1 view .LVU1011
 4092 063e 0020     		movs	r0, #0
 4093 0640 FFF7FEFF 		bl	SPI_WriteData
 4094              	.LVL1008:
1143:Module/lcd_cfg.c **** SPI_WriteData(0x00);
 4095              		.loc 1 1143 1 view .LVU1012
 4096 0644 0020     		movs	r0, #0
 4097 0646 FFF7FEFF 		bl	SPI_WriteData
 4098              	.LVL1009:
1144:Module/lcd_cfg.c **** SPI_WriteData(0x00);
 4099              		.loc 1 1144 1 view .LVU1013
 4100 064a 0020     		movs	r0, #0
 4101 064c FFF7FEFF 		bl	SPI_WriteData
 4102              	.LVL1010:
1145:Module/lcd_cfg.c **** SPI_WriteData(0x00);
ARM GAS  C:\Users\ADMINI~1\AppData\Local\Temp\ccEmAkiv.s 			page 93


 4103              		.loc 1 1145 1 view .LVU1014
 4104 0650 0020     		movs	r0, #0
 4105 0652 FFF7FEFF 		bl	SPI_WriteData
 4106              	.LVL1011:
1146:Module/lcd_cfg.c **** SPI_WriteData(0x00);
 4107              		.loc 1 1146 1 view .LVU1015
 4108 0656 0020     		movs	r0, #0
 4109 0658 FFF7FEFF 		bl	SPI_WriteData
 4110              	.LVL1012:
1147:Module/lcd_cfg.c **** SPI_WriteData(0x00);
 4111              		.loc 1 1147 1 view .LVU1016
 4112 065c 0020     		movs	r0, #0
 4113 065e FFF7FEFF 		bl	SPI_WriteData
 4114              	.LVL1013:
1148:Module/lcd_cfg.c **** SPI_WriteData(0x00);
 4115              		.loc 1 1148 1 view .LVU1017
 4116 0662 0020     		movs	r0, #0
 4117 0664 FFF7FEFF 		bl	SPI_WriteData
 4118              	.LVL1014:
1149:Module/lcd_cfg.c **** SPI_WriteData(0x00);
 4119              		.loc 1 1149 1 view .LVU1018
 4120 0668 0020     		movs	r0, #0
 4121 066a FFF7FEFF 		bl	SPI_WriteData
 4122              	.LVL1015:
1150:Module/lcd_cfg.c **** 
1151:Module/lcd_cfg.c **** SSD2828_WritePackageSize(17);
 4123              		.loc 1 1151 1 view .LVU1019
 4124 066e 1120     		movs	r0, #17
 4125 0670 FFF7FEFF 		bl	SSD2828_WritePackageSize
 4126              	.LVL1016:
1152:Module/lcd_cfg.c **** SPI_WriteData(0xC0);
 4127              		.loc 1 1152 1 view .LVU1020
 4128 0674 C020     		movs	r0, #192
 4129 0676 FFF7FEFF 		bl	SPI_WriteData
 4130              	.LVL1017:
1153:Module/lcd_cfg.c **** SPI_WriteData(0x00);
 4131              		.loc 1 1153 1 view .LVU1021
 4132 067a 0020     		movs	r0, #0
 4133 067c FFF7FEFF 		bl	SPI_WriteData
 4134              	.LVL1018:
1154:Module/lcd_cfg.c **** SPI_WriteData(0x00);
 4135              		.loc 1 1154 1 view .LVU1022
 4136 0680 0020     		movs	r0, #0
 4137 0682 FFF7FEFF 		bl	SPI_WriteData
 4138              	.LVL1019:
1155:Module/lcd_cfg.c **** SPI_WriteData(0x00);
 4139              		.loc 1 1155 1 view .LVU1023
 4140 0686 0020     		movs	r0, #0
 4141 0688 FFF7FEFF 		bl	SPI_WriteData
 4142              	.LVL1020:
1156:Module/lcd_cfg.c **** SPI_WriteData(0x00);
 4143              		.loc 1 1156 1 view .LVU1024
 4144 068c 0020     		movs	r0, #0
 4145 068e FFF7FEFF 		bl	SPI_WriteData
 4146              	.LVL1021:
1157:Module/lcd_cfg.c **** SPI_WriteData(0x00);
 4147              		.loc 1 1157 1 view .LVU1025
ARM GAS  C:\Users\ADMINI~1\AppData\Local\Temp\ccEmAkiv.s 			page 94


 4148 0692 0020     		movs	r0, #0
 4149 0694 FFF7FEFF 		bl	SPI_WriteData
 4150              	.LVL1022:
1158:Module/lcd_cfg.c **** SPI_WriteData(0x00);
 4151              		.loc 1 1158 1 view .LVU1026
 4152 0698 0020     		movs	r0, #0
 4153 069a FFF7FEFF 		bl	SPI_WriteData
 4154              	.LVL1023:
1159:Module/lcd_cfg.c **** SPI_WriteData(0x00);
 4155              		.loc 1 1159 1 view .LVU1027
 4156 069e 0020     		movs	r0, #0
 4157 06a0 FFF7FEFF 		bl	SPI_WriteData
 4158              	.LVL1024:
1160:Module/lcd_cfg.c **** SPI_WriteData(0x00);
 4159              		.loc 1 1160 1 view .LVU1028
 4160 06a4 0020     		movs	r0, #0
 4161 06a6 FFF7FEFF 		bl	SPI_WriteData
 4162              	.LVL1025:
1161:Module/lcd_cfg.c **** SPI_WriteData(0x00);
 4163              		.loc 1 1161 1 view .LVU1029
 4164 06aa 0020     		movs	r0, #0
 4165 06ac FFF7FEFF 		bl	SPI_WriteData
 4166              	.LVL1026:
1162:Module/lcd_cfg.c **** SPI_WriteData(0x60);
 4167              		.loc 1 1162 1 view .LVU1030
 4168 06b0 6020     		movs	r0, #96
 4169 06b2 FFF7FEFF 		bl	SPI_WriteData
 4170              	.LVL1027:
1163:Module/lcd_cfg.c **** SPI_WriteData(0x0F);
 4171              		.loc 1 1163 1 view .LVU1031
 4172 06b6 0F20     		movs	r0, #15
 4173 06b8 FFF7FEFF 		bl	SPI_WriteData
 4174              	.LVL1028:
1164:Module/lcd_cfg.c **** SPI_WriteData(0x14);
 4175              		.loc 1 1164 1 view .LVU1032
 4176 06bc 1420     		movs	r0, #20
 4177 06be FFF7FEFF 		bl	SPI_WriteData
 4178              	.LVL1029:
1165:Module/lcd_cfg.c **** SPI_WriteData(0x00);
 4179              		.loc 1 1165 1 view .LVU1033
 4180 06c2 0020     		movs	r0, #0
 4181 06c4 FFF7FEFF 		bl	SPI_WriteData
 4182              	.LVL1030:
1166:Module/lcd_cfg.c **** SPI_WriteData(0x00);
 4183              		.loc 1 1166 1 view .LVU1034
 4184 06c8 0020     		movs	r0, #0
 4185 06ca FFF7FEFF 		bl	SPI_WriteData
 4186              	.LVL1031:
1167:Module/lcd_cfg.c **** SPI_WriteData(0x20);
 4187              		.loc 1 1167 1 view .LVU1035
 4188 06ce 2020     		movs	r0, #32
 4189 06d0 FFF7FEFF 		bl	SPI_WriteData
 4190              	.LVL1032:
1168:Module/lcd_cfg.c **** SPI_WriteData(0x2C);
 4191              		.loc 1 1168 1 view .LVU1036
 4192 06d4 2C20     		movs	r0, #44
 4193 06d6 FFF7FEFF 		bl	SPI_WriteData
ARM GAS  C:\Users\ADMINI~1\AppData\Local\Temp\ccEmAkiv.s 			page 95


 4194              	.LVL1033:
1169:Module/lcd_cfg.c **** 
1170:Module/lcd_cfg.c **** SSD2828_WritePackageSize(17);
 4195              		.loc 1 1170 1 view .LVU1037
 4196 06da 1120     		movs	r0, #17
 4197 06dc FFF7FEFF 		bl	SSD2828_WritePackageSize
 4198              	.LVL1034:
1171:Module/lcd_cfg.c **** SPI_WriteData(0xD0);
 4199              		.loc 1 1171 1 view .LVU1038
 4200 06e0 D020     		movs	r0, #208
 4201 06e2 FFF7FEFF 		bl	SPI_WriteData
 4202              	.LVL1035:
1172:Module/lcd_cfg.c **** SPI_WriteData(0xCB);
 4203              		.loc 1 1172 1 view .LVU1039
 4204 06e6 CB20     		movs	r0, #203
 4205 06e8 FFF7FEFF 		bl	SPI_WriteData
 4206              	.LVL1036:
1173:Module/lcd_cfg.c **** SPI_WriteData(0x34);
 4207              		.loc 1 1173 1 view .LVU1040
 4208 06ec 3420     		movs	r0, #52
 4209 06ee FFF7FEFF 		bl	SPI_WriteData
 4210              	.LVL1037:
1174:Module/lcd_cfg.c **** SPI_WriteData(0x1D);
 4211              		.loc 1 1174 1 view .LVU1041
 4212 06f2 1D20     		movs	r0, #29
 4213 06f4 FFF7FEFF 		bl	SPI_WriteData
 4214              	.LVL1038:
1175:Module/lcd_cfg.c **** SPI_WriteData(0x47);
 4215              		.loc 1 1175 1 view .LVU1042
 4216 06f8 4720     		movs	r0, #71
 4217 06fa FFF7FEFF 		bl	SPI_WriteData
 4218              	.LVL1039:
1176:Module/lcd_cfg.c **** SPI_WriteData(0x51);
 4219              		.loc 1 1176 1 view .LVU1043
 4220 06fe 5120     		movs	r0, #81
 4221 0700 FFF7FEFF 		bl	SPI_WriteData
 4222              	.LVL1040:
1177:Module/lcd_cfg.c **** SPI_WriteData(0x0C);
 4223              		.loc 1 1177 1 view .LVU1044
 4224 0704 0C20     		movs	r0, #12
 4225 0706 FFF7FEFF 		bl	SPI_WriteData
 4226              	.LVL1041:
1178:Module/lcd_cfg.c **** SPI_WriteData(0x43);
 4227              		.loc 1 1178 1 view .LVU1045
 4228 070a 4320     		movs	r0, #67
 4229 070c FFF7FEFF 		bl	SPI_WriteData
 4230              	.LVL1042:
1179:Module/lcd_cfg.c **** SPI_WriteData(0x10);
 4231              		.loc 1 1179 1 view .LVU1046
 4232 0710 1020     		movs	r0, #16
 4233 0712 FFF7FEFF 		bl	SPI_WriteData
 4234              	.LVL1043:
1180:Module/lcd_cfg.c **** SPI_WriteData(0x38);
 4235              		.loc 1 1180 1 view .LVU1047
 4236 0716 3820     		movs	r0, #56
 4237 0718 FFF7FEFF 		bl	SPI_WriteData
 4238              	.LVL1044:
ARM GAS  C:\Users\ADMINI~1\AppData\Local\Temp\ccEmAkiv.s 			page 96


1181:Module/lcd_cfg.c **** SPI_WriteData(0xAE);
 4239              		.loc 1 1181 1 view .LVU1048
 4240 071c AE20     		movs	r0, #174
 4241 071e FFF7FEFF 		bl	SPI_WriteData
 4242              	.LVL1045:
1182:Module/lcd_cfg.c **** SPI_WriteData(0xEB);
 4243              		.loc 1 1182 1 view .LVU1049
 4244 0722 EB20     		movs	r0, #235
 4245 0724 FFF7FEFF 		bl	SPI_WriteData
 4246              	.LVL1046:
1183:Module/lcd_cfg.c **** SPI_WriteData(0x24);
 4247              		.loc 1 1183 1 view .LVU1050
 4248 0728 2420     		movs	r0, #36
 4249 072a FFF7FEFF 		bl	SPI_WriteData
 4250              	.LVL1047:
1184:Module/lcd_cfg.c **** SPI_WriteData(0xA9);
 4251              		.loc 1 1184 1 view .LVU1051
 4252 072e A920     		movs	r0, #169
 4253 0730 FFF7FEFF 		bl	SPI_WriteData
 4254              	.LVL1048:
1185:Module/lcd_cfg.c **** SPI_WriteData(0x6D);
 4255              		.loc 1 1185 1 view .LVU1052
 4256 0734 6D20     		movs	r0, #109
 4257 0736 FFF7FEFF 		bl	SPI_WriteData
 4258              	.LVL1049:
1186:Module/lcd_cfg.c **** SPI_WriteData(0xDB);
 4259              		.loc 1 1186 1 view .LVU1053
 4260 073a DB20     		movs	r0, #219
 4261 073c FFF7FEFF 		bl	SPI_WriteData
 4262              	.LVL1050:
1187:Module/lcd_cfg.c **** SPI_WriteData(0xB6);
 4263              		.loc 1 1187 1 view .LVU1054
 4264 0740 B620     		movs	r0, #182
 4265 0742 FFF7FEFF 		bl	SPI_WriteData
 4266              	.LVL1051:
1188:Module/lcd_cfg.c **** 
1189:Module/lcd_cfg.c **** SSD2828_WritePackageSize(17);
 4267              		.loc 1 1189 1 view .LVU1055
 4268 0746 1120     		movs	r0, #17
 4269 0748 FFF7FEFF 		bl	SSD2828_WritePackageSize
 4270              	.LVL1052:
1190:Module/lcd_cfg.c **** SPI_WriteData(0xE0);
 4271              		.loc 1 1190 1 view .LVU1056
 4272 074c E020     		movs	r0, #224
 4273 074e FFF7FEFF 		bl	SPI_WriteData
 4274              	.LVL1053:
1191:Module/lcd_cfg.c **** SPI_WriteData(0x6D);
 4275              		.loc 1 1191 1 view .LVU1057
 4276 0752 6D20     		movs	r0, #109
 4277 0754 FFF7FEFF 		bl	SPI_WriteData
 4278              	.LVL1054:
1192:Module/lcd_cfg.c **** SPI_WriteData(0xDB);
 4279              		.loc 1 1192 1 view .LVU1058
 4280 0758 DB20     		movs	r0, #219
 4281 075a FFF7FEFF 		bl	SPI_WriteData
 4282              	.LVL1055:
1193:Module/lcd_cfg.c **** SPI_WriteData(0xB6);
ARM GAS  C:\Users\ADMINI~1\AppData\Local\Temp\ccEmAkiv.s 			page 97


 4283              		.loc 1 1193 1 view .LVU1059
 4284 075e B620     		movs	r0, #182
 4285 0760 FFF7FEFF 		bl	SPI_WriteData
 4286              	.LVL1056:
1194:Module/lcd_cfg.c **** SPI_WriteData(0x6D);
 4287              		.loc 1 1194 1 view .LVU1060
 4288 0764 6D20     		movs	r0, #109
 4289 0766 FFF7FEFF 		bl	SPI_WriteData
 4290              	.LVL1057:
1195:Module/lcd_cfg.c **** SPI_WriteData(0xDB);
 4291              		.loc 1 1195 1 view .LVU1061
 4292 076a DB20     		movs	r0, #219
 4293 076c FFF7FEFF 		bl	SPI_WriteData
 4294              	.LVL1058:
1196:Module/lcd_cfg.c **** SPI_WriteData(0xB6);
 4295              		.loc 1 1196 1 view .LVU1062
 4296 0770 B620     		movs	r0, #182
 4297 0772 FFF7FEFF 		bl	SPI_WriteData
 4298              	.LVL1059:
1197:Module/lcd_cfg.c **** SPI_WriteData(0x6D);
 4299              		.loc 1 1197 1 view .LVU1063
 4300 0776 6D20     		movs	r0, #109
 4301 0778 FFF7FEFF 		bl	SPI_WriteData
 4302              	.LVL1060:
1198:Module/lcd_cfg.c **** SPI_WriteData(0xDB);
 4303              		.loc 1 1198 1 view .LVU1064
 4304 077c DB20     		movs	r0, #219
 4305 077e FFF7FEFF 		bl	SPI_WriteData
 4306              	.LVL1061:
1199:Module/lcd_cfg.c **** SPI_WriteData(0xB6);
 4307              		.loc 1 1199 1 view .LVU1065
 4308 0782 B620     		movs	r0, #182
 4309 0784 FFF7FEFF 		bl	SPI_WriteData
 4310              	.LVL1062:
1200:Module/lcd_cfg.c **** SPI_WriteData(0x6D);
 4311              		.loc 1 1200 1 view .LVU1066
 4312 0788 6D20     		movs	r0, #109
 4313 078a FFF7FEFF 		bl	SPI_WriteData
 4314              	.LVL1063:
1201:Module/lcd_cfg.c **** SPI_WriteData(0xDB);
 4315              		.loc 1 1201 1 view .LVU1067
 4316 078e DB20     		movs	r0, #219
 4317 0790 FFF7FEFF 		bl	SPI_WriteData
 4318              	.LVL1064:
1202:Module/lcd_cfg.c **** SPI_WriteData(0xB6);
 4319              		.loc 1 1202 1 view .LVU1068
 4320 0794 B620     		movs	r0, #182
 4321 0796 FFF7FEFF 		bl	SPI_WriteData
 4322              	.LVL1065:
1203:Module/lcd_cfg.c **** SPI_WriteData(0x6D);
 4323              		.loc 1 1203 1 view .LVU1069
 4324 079a 6D20     		movs	r0, #109
 4325 079c FFF7FEFF 		bl	SPI_WriteData
 4326              	.LVL1066:
1204:Module/lcd_cfg.c **** SPI_WriteData(0xDB);
 4327              		.loc 1 1204 1 view .LVU1070
 4328 07a0 DB20     		movs	r0, #219
ARM GAS  C:\Users\ADMINI~1\AppData\Local\Temp\ccEmAkiv.s 			page 98


 4329 07a2 FFF7FEFF 		bl	SPI_WriteData
 4330              	.LVL1067:
1205:Module/lcd_cfg.c **** SPI_WriteData(0xB6);
 4331              		.loc 1 1205 1 view .LVU1071
 4332 07a6 B620     		movs	r0, #182
 4333 07a8 FFF7FEFF 		bl	SPI_WriteData
 4334              	.LVL1068:
1206:Module/lcd_cfg.c **** SPI_WriteData(0x6D);
 4335              		.loc 1 1206 1 view .LVU1072
 4336 07ac 6D20     		movs	r0, #109
 4337 07ae FFF7FEFF 		bl	SPI_WriteData
 4338              	.LVL1069:
1207:Module/lcd_cfg.c **** 
1208:Module/lcd_cfg.c **** SSD2828_WritePackageSize(17);
 4339              		.loc 1 1208 1 view .LVU1073
 4340 07b2 1120     		movs	r0, #17
 4341 07b4 FFF7FEFF 		bl	SSD2828_WritePackageSize
 4342              	.LVL1070:
1209:Module/lcd_cfg.c **** SPI_WriteData(0xF0);
 4343              		.loc 1 1209 1 view .LVU1074
 4344 07b8 F020     		movs	r0, #240
 4345 07ba FFF7FEFF 		bl	SPI_WriteData
 4346              	.LVL1071:
1210:Module/lcd_cfg.c **** SPI_WriteData(0xDB);
 4347              		.loc 1 1210 1 view .LVU1075
 4348 07be DB20     		movs	r0, #219
 4349 07c0 FFF7FEFF 		bl	SPI_WriteData
 4350              	.LVL1072:
1211:Module/lcd_cfg.c **** SPI_WriteData(0xB6);
 4351              		.loc 1 1211 1 view .LVU1076
 4352 07c4 B620     		movs	r0, #182
 4353 07c6 FFF7FEFF 		bl	SPI_WriteData
 4354              	.LVL1073:
1212:Module/lcd_cfg.c **** SPI_WriteData(0x6D);
 4355              		.loc 1 1212 1 view .LVU1077
 4356 07ca 6D20     		movs	r0, #109
 4357 07cc FFF7FEFF 		bl	SPI_WriteData
 4358              	.LVL1074:
1213:Module/lcd_cfg.c **** SPI_WriteData(0x29);
 4359              		.loc 1 1213 1 view .LVU1078
 4360 07d0 2920     		movs	r0, #41
 4361 07d2 FFF7FEFF 		bl	SPI_WriteData
 4362              	.LVL1075:
1214:Module/lcd_cfg.c **** SPI_WriteData(0xCA);
 4363              		.loc 1 1214 1 view .LVU1079
 4364 07d6 CA20     		movs	r0, #202
 4365 07d8 FFF7FEFF 		bl	SPI_WriteData
 4366              	.LVL1076:
1215:Module/lcd_cfg.c **** SPI_WriteData(0x34);
 4367              		.loc 1 1215 1 view .LVU1080
 4368 07dc 3420     		movs	r0, #52
 4369 07de FFF7FEFF 		bl	SPI_WriteData
 4370              	.LVL1077:
1216:Module/lcd_cfg.c **** SPI_WriteData(0x19);
 4371              		.loc 1 1216 1 view .LVU1081
 4372 07e2 1920     		movs	r0, #25
 4373 07e4 FFF7FEFF 		bl	SPI_WriteData
ARM GAS  C:\Users\ADMINI~1\AppData\Local\Temp\ccEmAkiv.s 			page 99


 4374              	.LVL1078:
1217:Module/lcd_cfg.c **** SPI_WriteData(0x06);
 4375              		.loc 1 1217 1 view .LVU1082
 4376 07e8 0620     		movs	r0, #6
 4377 07ea FFF7FEFF 		bl	SPI_WriteData
 4378              	.LVL1079:
1218:Module/lcd_cfg.c **** SPI_WriteData(0x41);
 4379              		.loc 1 1218 1 view .LVU1083
 4380 07ee 4120     		movs	r0, #65
 4381 07f0 FFF7FEFF 		bl	SPI_WriteData
 4382              	.LVL1080:
1219:Module/lcd_cfg.c **** SPI_WriteData(0x08);
 4383              		.loc 1 1219 1 view .LVU1084
 4384 07f4 0820     		movs	r0, #8
 4385 07f6 FFF7FEFF 		bl	SPI_WriteData
 4386              	.LVL1081:
1220:Module/lcd_cfg.c **** SPI_WriteData(0x02);
 4387              		.loc 1 1220 1 view .LVU1085
 4388 07fa 0220     		movs	r0, #2
 4389 07fc FFF7FEFF 		bl	SPI_WriteData
 4390              	.LVL1082:
1221:Module/lcd_cfg.c **** SPI_WriteData(0x00);
 4391              		.loc 1 1221 1 view .LVU1086
 4392 0800 0020     		movs	r0, #0
 4393 0802 FFF7FEFF 		bl	SPI_WriteData
 4394              	.LVL1083:
1222:Module/lcd_cfg.c **** SPI_WriteData(0x38);
 4395              		.loc 1 1222 1 view .LVU1087
 4396 0806 3820     		movs	r0, #56
 4397 0808 FFF7FEFF 		bl	SPI_WriteData
 4398              	.LVL1084:
1223:Module/lcd_cfg.c **** SPI_WriteData(0xAE);
 4399              		.loc 1 1223 1 view .LVU1088
 4400 080c AE20     		movs	r0, #174
 4401 080e FFF7FEFF 		bl	SPI_WriteData
 4402              	.LVL1085:
1224:Module/lcd_cfg.c **** SPI_WriteData(0xEB);
 4403              		.loc 1 1224 1 view .LVU1089
 4404 0812 EB20     		movs	r0, #235
 4405 0814 FFF7FEFF 		bl	SPI_WriteData
 4406              	.LVL1086:
1225:Module/lcd_cfg.c **** SPI_WriteData(0x20);
 4407              		.loc 1 1225 1 view .LVU1090
 4408 0818 2020     		movs	r0, #32
 4409 081a FFF7FEFF 		bl	SPI_WriteData
 4410              	.LVL1087:
1226:Module/lcd_cfg.c **** 
1227:Module/lcd_cfg.c **** //Blank22
1228:Module/lcd_cfg.c **** SSD2828_WritePackageSize(3);
 4411              		.loc 1 1228 1 view .LVU1091
 4412 081e 0320     		movs	r0, #3
 4413 0820 FFF7FEFF 		bl	SSD2828_WritePackageSize
 4414              	.LVL1088:
1229:Module/lcd_cfg.c **** SPI_WriteData(0x41);
 4415              		.loc 1 1229 1 view .LVU1092
 4416 0824 4120     		movs	r0, #65
 4417 0826 FFF7FEFF 		bl	SPI_WriteData
ARM GAS  C:\Users\ADMINI~1\AppData\Local\Temp\ccEmAkiv.s 			page 100


 4418              	.LVL1089:
1230:Module/lcd_cfg.c **** SPI_WriteData(0x5A);
 4419              		.loc 1 1230 1 view .LVU1093
 4420 082a 5A20     		movs	r0, #90
 4421 082c FFF7FEFF 		bl	SPI_WriteData
 4422              	.LVL1090:
1231:Module/lcd_cfg.c **** SPI_WriteData(0x16);
 4423              		.loc 1 1231 1 view .LVU1094
 4424 0830 1620     		movs	r0, #22
 4425 0832 FFF7FEFF 		bl	SPI_WriteData
 4426              	.LVL1091:
1232:Module/lcd_cfg.c **** 
1233:Module/lcd_cfg.c **** SSD2828_WritePackageSize(17);
 4427              		.loc 1 1233 1 view .LVU1095
 4428 0836 1120     		movs	r0, #17
 4429 0838 FFF7FEFF 		bl	SSD2828_WritePackageSize
 4430              	.LVL1092:
1234:Module/lcd_cfg.c **** SPI_WriteData(0x80);
 4431              		.loc 1 1234 1 view .LVU1096
 4432 083c 8020     		movs	r0, #128
 4433 083e FFF7FEFF 		bl	SPI_WriteData
 4434              	.LVL1093:
1235:Module/lcd_cfg.c **** SPI_WriteData(0xA8);
 4435              		.loc 1 1235 1 view .LVU1097
 4436 0842 A820     		movs	r0, #168
 4437 0844 FFF7FEFF 		bl	SPI_WriteData
 4438              	.LVL1094:
1236:Module/lcd_cfg.c **** SPI_WriteData(0x6D);
 4439              		.loc 1 1236 1 view .LVU1098
 4440 0848 6D20     		movs	r0, #109
 4441 084a FFF7FEFF 		bl	SPI_WriteData
 4442              	.LVL1095:
1237:Module/lcd_cfg.c **** SPI_WriteData(0xDB);
 4443              		.loc 1 1237 1 view .LVU1099
 4444 084e DB20     		movs	r0, #219
 4445 0850 FFF7FEFF 		bl	SPI_WriteData
 4446              	.LVL1096:
1238:Module/lcd_cfg.c **** SPI_WriteData(0xB6);
 4447              		.loc 1 1238 1 view .LVU1100
 4448 0854 B620     		movs	r0, #182
 4449 0856 FFF7FEFF 		bl	SPI_WriteData
 4450              	.LVL1097:
1239:Module/lcd_cfg.c **** SPI_WriteData(0x6D);
 4451              		.loc 1 1239 1 view .LVU1101
 4452 085a 6D20     		movs	r0, #109
 4453 085c FFF7FEFF 		bl	SPI_WriteData
 4454              	.LVL1098:
1240:Module/lcd_cfg.c **** SPI_WriteData(0xDB);
 4455              		.loc 1 1240 1 view .LVU1102
 4456 0860 DB20     		movs	r0, #219
 4457 0862 FFF7FEFF 		bl	SPI_WriteData
 4458              	.LVL1099:
1241:Module/lcd_cfg.c **** SPI_WriteData(0xB6);
 4459              		.loc 1 1241 1 view .LVU1103
 4460 0866 B620     		movs	r0, #182
 4461 0868 FFF7FEFF 		bl	SPI_WriteData
 4462              	.LVL1100:
ARM GAS  C:\Users\ADMINI~1\AppData\Local\Temp\ccEmAkiv.s 			page 101


1242:Module/lcd_cfg.c **** SPI_WriteData(0x6D);
 4463              		.loc 1 1242 1 view .LVU1104
 4464 086c 6D20     		movs	r0, #109
 4465 086e FFF7FEFF 		bl	SPI_WriteData
 4466              	.LVL1101:
1243:Module/lcd_cfg.c **** SPI_WriteData(0xDB);
 4467              		.loc 1 1243 1 view .LVU1105
 4468 0872 DB20     		movs	r0, #219
 4469 0874 FFF7FEFF 		bl	SPI_WriteData
 4470              	.LVL1102:
1244:Module/lcd_cfg.c **** SPI_WriteData(0xB6);
 4471              		.loc 1 1244 1 view .LVU1106
 4472 0878 B620     		movs	r0, #182
 4473 087a FFF7FEFF 		bl	SPI_WriteData
 4474              	.LVL1103:
1245:Module/lcd_cfg.c **** SPI_WriteData(0x6D);
 4475              		.loc 1 1245 1 view .LVU1107
 4476 087e 6D20     		movs	r0, #109
 4477 0880 FFF7FEFF 		bl	SPI_WriteData
 4478              	.LVL1104:
1246:Module/lcd_cfg.c **** SPI_WriteData(0xDB);
 4479              		.loc 1 1246 1 view .LVU1108
 4480 0884 DB20     		movs	r0, #219
 4481 0886 FFF7FEFF 		bl	SPI_WriteData
 4482              	.LVL1105:
1247:Module/lcd_cfg.c **** SPI_WriteData(0xB6);
 4483              		.loc 1 1247 1 view .LVU1109
 4484 088a B620     		movs	r0, #182
 4485 088c FFF7FEFF 		bl	SPI_WriteData
 4486              	.LVL1106:
1248:Module/lcd_cfg.c **** SPI_WriteData(0x6D);
 4487              		.loc 1 1248 1 view .LVU1110
 4488 0890 6D20     		movs	r0, #109
 4489 0892 FFF7FEFF 		bl	SPI_WriteData
 4490              	.LVL1107:
1249:Module/lcd_cfg.c **** SPI_WriteData(0xDB);
 4491              		.loc 1 1249 1 view .LVU1111
 4492 0896 DB20     		movs	r0, #219
 4493 0898 FFF7FEFF 		bl	SPI_WriteData
 4494              	.LVL1108:
1250:Module/lcd_cfg.c **** SPI_WriteData(0xB6);
 4495              		.loc 1 1250 1 view .LVU1112
 4496 089c B620     		movs	r0, #182
 4497 089e FFF7FEFF 		bl	SPI_WriteData
 4498              	.LVL1109:
1251:Module/lcd_cfg.c **** 
1252:Module/lcd_cfg.c **** SSD2828_WritePackageSize(17);
 4499              		.loc 1 1252 1 view .LVU1113
 4500 08a2 1120     		movs	r0, #17
 4501 08a4 FFF7FEFF 		bl	SSD2828_WritePackageSize
 4502              	.LVL1110:
1253:Module/lcd_cfg.c **** SPI_WriteData(0x90);
 4503              		.loc 1 1253 1 view .LVU1114
 4504 08a8 9020     		movs	r0, #144
 4505 08aa FFF7FEFF 		bl	SPI_WriteData
 4506              	.LVL1111:
1254:Module/lcd_cfg.c **** SPI_WriteData(0x6D);
ARM GAS  C:\Users\ADMINI~1\AppData\Local\Temp\ccEmAkiv.s 			page 102


 4507              		.loc 1 1254 1 view .LVU1115
 4508 08ae 6D20     		movs	r0, #109
 4509 08b0 FFF7FEFF 		bl	SPI_WriteData
 4510              	.LVL1112:
1255:Module/lcd_cfg.c **** SPI_WriteData(0xDB);
 4511              		.loc 1 1255 1 view .LVU1116
 4512 08b4 DB20     		movs	r0, #219
 4513 08b6 FFF7FEFF 		bl	SPI_WriteData
 4514              	.LVL1113:
1256:Module/lcd_cfg.c **** SPI_WriteData(0xB6);
 4515              		.loc 1 1256 1 view .LVU1117
 4516 08ba B620     		movs	r0, #182
 4517 08bc FFF7FEFF 		bl	SPI_WriteData
 4518              	.LVL1114:
1257:Module/lcd_cfg.c **** SPI_WriteData(0x6D);
 4519              		.loc 1 1257 1 view .LVU1118
 4520 08c0 6D20     		movs	r0, #109
 4521 08c2 FFF7FEFF 		bl	SPI_WriteData
 4522              	.LVL1115:
1258:Module/lcd_cfg.c **** SPI_WriteData(0xDB);
 4523              		.loc 1 1258 1 view .LVU1119
 4524 08c6 DB20     		movs	r0, #219
 4525 08c8 FFF7FEFF 		bl	SPI_WriteData
 4526              	.LVL1116:
1259:Module/lcd_cfg.c **** SPI_WriteData(0xB6);
 4527              		.loc 1 1259 1 view .LVU1120
 4528 08cc B620     		movs	r0, #182
 4529 08ce FFF7FEFF 		bl	SPI_WriteData
 4530              	.LVL1117:
1260:Module/lcd_cfg.c **** SPI_WriteData(0x6D);
 4531              		.loc 1 1260 1 view .LVU1121
 4532 08d2 6D20     		movs	r0, #109
 4533 08d4 FFF7FEFF 		bl	SPI_WriteData
 4534              	.LVL1118:
1261:Module/lcd_cfg.c **** SPI_WriteData(0x01);
 4535              		.loc 1 1261 1 view .LVU1122
 4536 08d8 0120     		movs	r0, #1
 4537 08da FFF7FEFF 		bl	SPI_WriteData
 4538              	.LVL1119:
1262:Module/lcd_cfg.c **** SPI_WriteData(0x03);
 4539              		.loc 1 1262 1 view .LVU1123
 4540 08de 0320     		movs	r0, #3
 4541 08e0 FFF7FEFF 		bl	SPI_WriteData
 4542              	.LVL1120:
1263:Module/lcd_cfg.c **** SPI_WriteData(0x03);
 4543              		.loc 1 1263 1 view .LVU1124
 4544 08e4 0320     		movs	r0, #3
 4545 08e6 FFF7FEFF 		bl	SPI_WriteData
 4546              	.LVL1121:
1264:Module/lcd_cfg.c **** SPI_WriteData(0x00);
 4547              		.loc 1 1264 1 view .LVU1125
 4548 08ea 0020     		movs	r0, #0
 4549 08ec FFF7FEFF 		bl	SPI_WriteData
 4550              	.LVL1122:
1265:Module/lcd_cfg.c **** SPI_WriteData(0x00);
 4551              		.loc 1 1265 1 view .LVU1126
 4552 08f0 0020     		movs	r0, #0
ARM GAS  C:\Users\ADMINI~1\AppData\Local\Temp\ccEmAkiv.s 			page 103


 4553 08f2 FFF7FEFF 		bl	SPI_WriteData
 4554              	.LVL1123:
1266:Module/lcd_cfg.c **** SPI_WriteData(0x00);
 4555              		.loc 1 1266 1 view .LVU1127
 4556 08f6 0020     		movs	r0, #0
 4557 08f8 FFF7FEFF 		bl	SPI_WriteData
 4558              	.LVL1124:
1267:Module/lcd_cfg.c **** SPI_WriteData(0x00);
 4559              		.loc 1 1267 1 view .LVU1128
 4560 08fc 0020     		movs	r0, #0
 4561 08fe FFF7FEFF 		bl	SPI_WriteData
 4562              	.LVL1125:
1268:Module/lcd_cfg.c **** SPI_WriteData(0x00);
 4563              		.loc 1 1268 1 view .LVU1129
 4564 0902 0020     		movs	r0, #0
 4565 0904 FFF7FEFF 		bl	SPI_WriteData
 4566              	.LVL1126:
1269:Module/lcd_cfg.c **** SPI_WriteData(0x00);
 4567              		.loc 1 1269 1 view .LVU1130
 4568 0908 0020     		movs	r0, #0
 4569 090a FFF7FEFF 		bl	SPI_WriteData
 4570              	.LVL1127:
1270:Module/lcd_cfg.c **** 
1271:Module/lcd_cfg.c **** SSD2828_WritePackageSize(17);
 4571              		.loc 1 1271 1 view .LVU1131
 4572 090e 1120     		movs	r0, #17
 4573 0910 FFF7FEFF 		bl	SSD2828_WritePackageSize
 4574              	.LVL1128:
1272:Module/lcd_cfg.c **** SPI_WriteData(0xA0);
 4575              		.loc 1 1272 1 view .LVU1132
 4576 0914 A020     		movs	r0, #160
 4577 0916 FFF7FEFF 		bl	SPI_WriteData
 4578              	.LVL1129:
1273:Module/lcd_cfg.c **** SPI_WriteData(0x00);
 4579              		.loc 1 1273 1 view .LVU1133
 4580 091a 0020     		movs	r0, #0
 4581 091c FFF7FEFF 		bl	SPI_WriteData
 4582              	.LVL1130:
1274:Module/lcd_cfg.c **** SPI_WriteData(0x00);
 4583              		.loc 1 1274 1 view .LVU1134
 4584 0920 0020     		movs	r0, #0
 4585 0922 FFF7FEFF 		bl	SPI_WriteData
 4586              	.LVL1131:
1275:Module/lcd_cfg.c **** SPI_WriteData(0x00);
 4587              		.loc 1 1275 1 view .LVU1135
 4588 0926 0020     		movs	r0, #0
 4589 0928 FFF7FEFF 		bl	SPI_WriteData
 4590              	.LVL1132:
1276:Module/lcd_cfg.c **** SPI_WriteData(0x00);
 4591              		.loc 1 1276 1 view .LVU1136
 4592 092c 0020     		movs	r0, #0
 4593 092e FFF7FEFF 		bl	SPI_WriteData
 4594              	.LVL1133:
1277:Module/lcd_cfg.c **** SPI_WriteData(0x00);
 4595              		.loc 1 1277 1 view .LVU1137
 4596 0932 0020     		movs	r0, #0
 4597 0934 FFF7FEFF 		bl	SPI_WriteData
ARM GAS  C:\Users\ADMINI~1\AppData\Local\Temp\ccEmAkiv.s 			page 104


 4598              	.LVL1134:
1278:Module/lcd_cfg.c **** SPI_WriteData(0x00);
 4599              		.loc 1 1278 1 view .LVU1138
 4600 0938 0020     		movs	r0, #0
 4601 093a FFF7FEFF 		bl	SPI_WriteData
 4602              	.LVL1135:
1279:Module/lcd_cfg.c **** SPI_WriteData(0x00);
 4603              		.loc 1 1279 1 view .LVU1139
 4604 093e 0020     		movs	r0, #0
 4605 0940 FFF7FEFF 		bl	SPI_WriteData
 4606              	.LVL1136:
1280:Module/lcd_cfg.c **** SPI_WriteData(0x00);
 4607              		.loc 1 1280 1 view .LVU1140
 4608 0944 0020     		movs	r0, #0
 4609 0946 FFF7FEFF 		bl	SPI_WriteData
 4610              	.LVL1137:
1281:Module/lcd_cfg.c **** SPI_WriteData(0x00);
 4611              		.loc 1 1281 1 view .LVU1141
 4612 094a 0020     		movs	r0, #0
 4613 094c FFF7FEFF 		bl	SPI_WriteData
 4614              	.LVL1138:
1282:Module/lcd_cfg.c **** SPI_WriteData(0x00);
 4615              		.loc 1 1282 1 view .LVU1142
 4616 0950 0020     		movs	r0, #0
 4617 0952 FFF7FEFF 		bl	SPI_WriteData
 4618              	.LVL1139:
1283:Module/lcd_cfg.c **** SPI_WriteData(0x00);
 4619              		.loc 1 1283 1 view .LVU1143
 4620 0956 0020     		movs	r0, #0
 4621 0958 FFF7FEFF 		bl	SPI_WriteData
 4622              	.LVL1140:
1284:Module/lcd_cfg.c **** SPI_WriteData(0x00);
 4623              		.loc 1 1284 1 view .LVU1144
 4624 095c 0020     		movs	r0, #0
 4625 095e FFF7FEFF 		bl	SPI_WriteData
 4626              	.LVL1141:
1285:Module/lcd_cfg.c **** SPI_WriteData(0xC0);
 4627              		.loc 1 1285 1 view .LVU1145
 4628 0962 C020     		movs	r0, #192
 4629 0964 FFF7FEFF 		bl	SPI_WriteData
 4630              	.LVL1142:
1286:Module/lcd_cfg.c **** SPI_WriteData(0x1F);
 4631              		.loc 1 1286 1 view .LVU1146
 4632 0968 1F20     		movs	r0, #31
 4633 096a FFF7FEFF 		bl	SPI_WriteData
 4634              	.LVL1143:
1287:Module/lcd_cfg.c **** SPI_WriteData(0xE1);
 4635              		.loc 1 1287 1 view .LVU1147
 4636 096e E120     		movs	r0, #225
 4637 0970 FFF7FEFF 		bl	SPI_WriteData
 4638              	.LVL1144:
1288:Module/lcd_cfg.c **** SPI_WriteData(0x01);
 4639              		.loc 1 1288 1 view .LVU1148
 4640 0974 0120     		movs	r0, #1
 4641 0976 FFF7FEFF 		bl	SPI_WriteData
 4642              	.LVL1145:
1289:Module/lcd_cfg.c **** 
ARM GAS  C:\Users\ADMINI~1\AppData\Local\Temp\ccEmAkiv.s 			page 105


1290:Module/lcd_cfg.c **** SSD2828_WritePackageSize(17);
 4643              		.loc 1 1290 1 view .LVU1149
 4644 097a 1120     		movs	r0, #17
 4645 097c FFF7FEFF 		bl	SSD2828_WritePackageSize
 4646              	.LVL1146:
1291:Module/lcd_cfg.c **** SPI_WriteData(0xB0);
 4647              		.loc 1 1291 1 view .LVU1150
 4648 0980 B020     		movs	r0, #176
 4649 0982 FFF7FEFF 		bl	SPI_WriteData
 4650              	.LVL1147:
1292:Module/lcd_cfg.c **** SPI_WriteData(0x28);
 4651              		.loc 1 1292 1 view .LVU1151
 4652 0986 2820     		movs	r0, #40
 4653 0988 FFF7FEFF 		bl	SPI_WriteData
 4654              	.LVL1148:
1293:Module/lcd_cfg.c **** SPI_WriteData(0x02);
 4655              		.loc 1 1293 1 view .LVU1152
 4656 098c 0220     		movs	r0, #2
 4657 098e FFF7FEFF 		bl	SPI_WriteData
 4658              	.LVL1149:
1294:Module/lcd_cfg.c **** SPI_WriteData(0x00);
 4659              		.loc 1 1294 1 view .LVU1153
 4660 0992 0020     		movs	r0, #0
 4661 0994 FFF7FEFF 		bl	SPI_WriteData
 4662              	.LVL1150:
1295:Module/lcd_cfg.c **** SPI_WriteData(0x00);
 4663              		.loc 1 1295 1 view .LVU1154
 4664 0998 0020     		movs	r0, #0
 4665 099a FFF7FEFF 		bl	SPI_WriteData
 4666              	.LVL1151:
1296:Module/lcd_cfg.c **** SPI_WriteData(0x00);
 4667              		.loc 1 1296 1 view .LVU1155
 4668 099e 0020     		movs	r0, #0
 4669 09a0 FFF7FEFF 		bl	SPI_WriteData
 4670              	.LVL1152:
1297:Module/lcd_cfg.c **** SPI_WriteData(0x00);
 4671              		.loc 1 1297 1 view .LVU1156
 4672 09a4 0020     		movs	r0, #0
 4673 09a6 FFF7FEFF 		bl	SPI_WriteData
 4674              	.LVL1153:
1298:Module/lcd_cfg.c **** SPI_WriteData(0x00);
 4675              		.loc 1 1298 1 view .LVU1157
 4676 09aa 0020     		movs	r0, #0
 4677 09ac FFF7FEFF 		bl	SPI_WriteData
 4678              	.LVL1154:
1299:Module/lcd_cfg.c **** SPI_WriteData(0x00);
 4679              		.loc 1 1299 1 view .LVU1158
 4680 09b0 0020     		movs	r0, #0
 4681 09b2 FFF7FEFF 		bl	SPI_WriteData
 4682              	.LVL1155:
1300:Module/lcd_cfg.c **** SPI_WriteData(0x00);
 4683              		.loc 1 1300 1 view .LVU1159
 4684 09b6 0020     		movs	r0, #0
 4685 09b8 FFF7FEFF 		bl	SPI_WriteData
 4686              	.LVL1156:
1301:Module/lcd_cfg.c **** SPI_WriteData(0x00);
 4687              		.loc 1 1301 1 view .LVU1160
ARM GAS  C:\Users\ADMINI~1\AppData\Local\Temp\ccEmAkiv.s 			page 106


 4688 09bc 0020     		movs	r0, #0
 4689 09be FFF7FEFF 		bl	SPI_WriteData
 4690              	.LVL1157:
1302:Module/lcd_cfg.c **** SPI_WriteData(0x04);
 4691              		.loc 1 1302 1 view .LVU1161
 4692 09c2 0420     		movs	r0, #4
 4693 09c4 FFF7FEFF 		bl	SPI_WriteData
 4694              	.LVL1158:
1303:Module/lcd_cfg.c **** SPI_WriteData(0x00);
 4695              		.loc 1 1303 1 view .LVU1162
 4696 09c8 0020     		movs	r0, #0
 4697 09ca FFF7FEFF 		bl	SPI_WriteData
 4698              	.LVL1159:
1304:Module/lcd_cfg.c **** SPI_WriteData(0x00);
 4699              		.loc 1 1304 1 view .LVU1163
 4700 09ce 0020     		movs	r0, #0
 4701 09d0 FFF7FEFF 		bl	SPI_WriteData
 4702              	.LVL1160:
1305:Module/lcd_cfg.c **** SPI_WriteData(0x00);
 4703              		.loc 1 1305 1 view .LVU1164
 4704 09d4 0020     		movs	r0, #0
 4705 09d6 FFF7FEFF 		bl	SPI_WriteData
 4706              	.LVL1161:
1306:Module/lcd_cfg.c **** SPI_WriteData(0x00);
 4707              		.loc 1 1306 1 view .LVU1165
 4708 09da 0020     		movs	r0, #0
 4709 09dc FFF7FEFF 		bl	SPI_WriteData
 4710              	.LVL1162:
1307:Module/lcd_cfg.c **** SPI_WriteData(0x00);
 4711              		.loc 1 1307 1 view .LVU1166
 4712 09e0 0020     		movs	r0, #0
 4713 09e2 FFF7FEFF 		bl	SPI_WriteData
 4714              	.LVL1163:
1308:Module/lcd_cfg.c **** 
1309:Module/lcd_cfg.c **** SSD2828_WritePackageSize(17);
 4715              		.loc 1 1309 1 view .LVU1167
 4716 09e6 1120     		movs	r0, #17
 4717 09e8 FFF7FEFF 		bl	SSD2828_WritePackageSize
 4718              	.LVL1164:
1310:Module/lcd_cfg.c **** SPI_WriteData(0xC0);
 4719              		.loc 1 1310 1 view .LVU1168
 4720 09ec C020     		movs	r0, #192
 4721 09ee FFF7FEFF 		bl	SPI_WriteData
 4722              	.LVL1165:
1311:Module/lcd_cfg.c **** SPI_WriteData(0x00);
 4723              		.loc 1 1311 1 view .LVU1169
 4724 09f2 0020     		movs	r0, #0
 4725 09f4 FFF7FEFF 		bl	SPI_WriteData
 4726              	.LVL1166:
1312:Module/lcd_cfg.c **** SPI_WriteData(0x00);
 4727              		.loc 1 1312 1 view .LVU1170
 4728 09f8 0020     		movs	r0, #0
 4729 09fa FFF7FEFF 		bl	SPI_WriteData
 4730              	.LVL1167:
1313:Module/lcd_cfg.c **** SPI_WriteData(0x00);
 4731              		.loc 1 1313 1 view .LVU1171
 4732 09fe 0020     		movs	r0, #0
ARM GAS  C:\Users\ADMINI~1\AppData\Local\Temp\ccEmAkiv.s 			page 107


 4733 0a00 FFF7FEFF 		bl	SPI_WriteData
 4734              	.LVL1168:
1314:Module/lcd_cfg.c **** SPI_WriteData(0x00);
 4735              		.loc 1 1314 1 view .LVU1172
 4736 0a04 0020     		movs	r0, #0
 4737 0a06 FFF7FEFF 		bl	SPI_WriteData
 4738              	.LVL1169:
1315:Module/lcd_cfg.c **** SPI_WriteData(0x00);
 4739              		.loc 1 1315 1 view .LVU1173
 4740 0a0a 0020     		movs	r0, #0
 4741 0a0c FFF7FEFF 		bl	SPI_WriteData
 4742              	.LVL1170:
1316:Module/lcd_cfg.c **** SPI_WriteData(0x00);
 4743              		.loc 1 1316 1 view .LVU1174
 4744 0a10 0020     		movs	r0, #0
 4745 0a12 FFF7FEFF 		bl	SPI_WriteData
 4746              	.LVL1171:
1317:Module/lcd_cfg.c **** SPI_WriteData(0x02);
 4747              		.loc 1 1317 1 view .LVU1175
 4748 0a16 0220     		movs	r0, #2
 4749 0a18 FFF7FEFF 		bl	SPI_WriteData
 4750              	.LVL1172:
1318:Module/lcd_cfg.c **** SPI_WriteData(0x06);
 4751              		.loc 1 1318 1 view .LVU1176
 4752 0a1c 0620     		movs	r0, #6
 4753 0a1e FFF7FEFF 		bl	SPI_WriteData
 4754              	.LVL1173:
1319:Module/lcd_cfg.c **** SPI_WriteData(0x00);
 4755              		.loc 1 1319 1 view .LVU1177
 4756 0a22 0020     		movs	r0, #0
 4757 0a24 FFF7FEFF 		bl	SPI_WriteData
 4758              	.LVL1174:
1320:Module/lcd_cfg.c **** SPI_WriteData(0x00);
 4759              		.loc 1 1320 1 view .LVU1178
 4760 0a28 0020     		movs	r0, #0
 4761 0a2a FFF7FEFF 		bl	SPI_WriteData
 4762              	.LVL1175:
1321:Module/lcd_cfg.c **** SPI_WriteData(0x00);
 4763              		.loc 1 1321 1 view .LVU1179
 4764 0a2e 0020     		movs	r0, #0
 4765 0a30 FFF7FEFF 		bl	SPI_WriteData
 4766              	.LVL1176:
1322:Module/lcd_cfg.c **** SPI_WriteData(0x00);
 4767              		.loc 1 1322 1 view .LVU1180
 4768 0a34 0020     		movs	r0, #0
 4769 0a36 FFF7FEFF 		bl	SPI_WriteData
 4770              	.LVL1177:
1323:Module/lcd_cfg.c **** SPI_WriteData(0x00);
 4771              		.loc 1 1323 1 view .LVU1181
 4772 0a3a 0020     		movs	r0, #0
 4773 0a3c FFF7FEFF 		bl	SPI_WriteData
 4774              	.LVL1178:
1324:Module/lcd_cfg.c **** SPI_WriteData(0x00);
 4775              		.loc 1 1324 1 view .LVU1182
 4776 0a40 0020     		movs	r0, #0
 4777 0a42 FFF7FEFF 		bl	SPI_WriteData
 4778              	.LVL1179:
ARM GAS  C:\Users\ADMINI~1\AppData\Local\Temp\ccEmAkiv.s 			page 108


1325:Module/lcd_cfg.c **** SPI_WriteData(0x02);
 4779              		.loc 1 1325 1 view .LVU1183
 4780 0a46 0220     		movs	r0, #2
 4781 0a48 FFF7FEFF 		bl	SPI_WriteData
 4782              	.LVL1180:
1326:Module/lcd_cfg.c **** SPI_WriteData(0x00);
 4783              		.loc 1 1326 1 view .LVU1184
 4784 0a4c 0020     		movs	r0, #0
 4785 0a4e FFF7FEFF 		bl	SPI_WriteData
 4786              	.LVL1181:
1327:Module/lcd_cfg.c **** 
1328:Module/lcd_cfg.c **** SSD2828_WritePackageSize(17);
 4787              		.loc 1 1328 1 view .LVU1185
 4788 0a52 1120     		movs	r0, #17
 4789 0a54 FFF7FEFF 		bl	SSD2828_WritePackageSize
 4790              	.LVL1182:
1329:Module/lcd_cfg.c **** SPI_WriteData(0xD0);
 4791              		.loc 1 1329 1 view .LVU1186
 4792 0a58 D020     		movs	r0, #208
 4793 0a5a FFF7FEFF 		bl	SPI_WriteData
 4794              	.LVL1183:
1330:Module/lcd_cfg.c **** SPI_WriteData(0x00);
 4795              		.loc 1 1330 1 view .LVU1187
 4796 0a5e 0020     		movs	r0, #0
 4797 0a60 FFF7FEFF 		bl	SPI_WriteData
 4798              	.LVL1184:
1331:Module/lcd_cfg.c **** SPI_WriteData(0x00);
 4799              		.loc 1 1331 1 view .LVU1188
 4800 0a64 0020     		movs	r0, #0
 4801 0a66 FFF7FEFF 		bl	SPI_WriteData
 4802              	.LVL1185:
1332:Module/lcd_cfg.c **** SPI_WriteData(0x00);
 4803              		.loc 1 1332 1 view .LVU1189
 4804 0a6a 0020     		movs	r0, #0
 4805 0a6c FFF7FEFF 		bl	SPI_WriteData
 4806              	.LVL1186:
1333:Module/lcd_cfg.c **** SPI_WriteData(0x00);
 4807              		.loc 1 1333 1 view .LVU1190
 4808 0a70 0020     		movs	r0, #0
 4809 0a72 FFF7FEFF 		bl	SPI_WriteData
 4810              	.LVL1187:
1334:Module/lcd_cfg.c **** SPI_WriteData(0x00);
 4811              		.loc 1 1334 1 view .LVU1191
 4812 0a76 0020     		movs	r0, #0
 4813 0a78 FFF7FEFF 		bl	SPI_WriteData
 4814              	.LVL1188:
1335:Module/lcd_cfg.c **** SPI_WriteData(0x00);
 4815              		.loc 1 1335 1 view .LVU1192
 4816 0a7c 0020     		movs	r0, #0
 4817 0a7e FFF7FEFF 		bl	SPI_WriteData
 4818              	.LVL1189:
1336:Module/lcd_cfg.c **** SPI_WriteData(0x00);
 4819              		.loc 1 1336 1 view .LVU1193
 4820 0a82 0020     		movs	r0, #0
 4821 0a84 FFF7FEFF 		bl	SPI_WriteData
 4822              	.LVL1190:
1337:Module/lcd_cfg.c **** SPI_WriteData(0x00);
ARM GAS  C:\Users\ADMINI~1\AppData\Local\Temp\ccEmAkiv.s 			page 109


 4823              		.loc 1 1337 1 view .LVU1194
 4824 0a88 0020     		movs	r0, #0
 4825 0a8a FFF7FEFF 		bl	SPI_WriteData
 4826              	.LVL1191:
1338:Module/lcd_cfg.c **** SPI_WriteData(0x04);
 4827              		.loc 1 1338 1 view .LVU1195
 4828 0a8e 0420     		movs	r0, #4
 4829 0a90 FFF7FEFF 		bl	SPI_WriteData
 4830              	.LVL1192:
1339:Module/lcd_cfg.c **** SPI_WriteData(0x00);
 4831              		.loc 1 1339 1 view .LVU1196
 4832 0a94 0020     		movs	r0, #0
 4833 0a96 FFF7FEFF 		bl	SPI_WriteData
 4834              	.LVL1193:
1340:Module/lcd_cfg.c **** SPI_WriteData(0x00);
 4835              		.loc 1 1340 1 view .LVU1197
 4836 0a9a 0020     		movs	r0, #0
 4837 0a9c FFF7FEFF 		bl	SPI_WriteData
 4838              	.LVL1194:
1341:Module/lcd_cfg.c **** SPI_WriteData(0x00);
 4839              		.loc 1 1341 1 view .LVU1198
 4840 0aa0 0020     		movs	r0, #0
 4841 0aa2 FFF7FEFF 		bl	SPI_WriteData
 4842              	.LVL1195:
1342:Module/lcd_cfg.c **** SPI_WriteData(0x00);
 4843              		.loc 1 1342 1 view .LVU1199
 4844 0aa6 0020     		movs	r0, #0
 4845 0aa8 FFF7FEFF 		bl	SPI_WriteData
 4846              	.LVL1196:
1343:Module/lcd_cfg.c **** SPI_WriteData(0x00);
 4847              		.loc 1 1343 1 view .LVU1200
 4848 0aac 0020     		movs	r0, #0
 4849 0aae FFF7FEFF 		bl	SPI_WriteData
 4850              	.LVL1197:
1344:Module/lcd_cfg.c **** SPI_WriteData(0x00);
 4851              		.loc 1 1344 1 view .LVU1201
 4852 0ab2 0020     		movs	r0, #0
 4853 0ab4 FFF7FEFF 		bl	SPI_WriteData
 4854              	.LVL1198:
1345:Module/lcd_cfg.c **** SPI_WriteData(0x00);
 4855              		.loc 1 1345 1 view .LVU1202
 4856 0ab8 0020     		movs	r0, #0
 4857 0aba FFF7FEFF 		bl	SPI_WriteData
 4858              	.LVL1199:
1346:Module/lcd_cfg.c **** 
1347:Module/lcd_cfg.c **** SSD2828_WritePackageSize(17);
 4859              		.loc 1 1347 1 view .LVU1203
 4860 0abe 1120     		movs	r0, #17
 4861 0ac0 FFF7FEFF 		bl	SSD2828_WritePackageSize
 4862              	.LVL1200:
1348:Module/lcd_cfg.c **** SPI_WriteData(0xE0);
 4863              		.loc 1 1348 1 view .LVU1204
 4864 0ac4 E020     		movs	r0, #224
 4865 0ac6 FFF7FEFF 		bl	SPI_WriteData
 4866              	.LVL1201:
1349:Module/lcd_cfg.c **** SPI_WriteData(0x00);
 4867              		.loc 1 1349 1 view .LVU1205
ARM GAS  C:\Users\ADMINI~1\AppData\Local\Temp\ccEmAkiv.s 			page 110


 4868 0aca 0020     		movs	r0, #0
 4869 0acc FFF7FEFF 		bl	SPI_WriteData
 4870              	.LVL1202:
1350:Module/lcd_cfg.c **** SPI_WriteData(0x00);
 4871              		.loc 1 1350 1 view .LVU1206
 4872 0ad0 0020     		movs	r0, #0
 4873 0ad2 FFF7FEFF 		bl	SPI_WriteData
 4874              	.LVL1203:
1351:Module/lcd_cfg.c **** SPI_WriteData(0x00);
 4875              		.loc 1 1351 1 view .LVU1207
 4876 0ad6 0020     		movs	r0, #0
 4877 0ad8 FFF7FEFF 		bl	SPI_WriteData
 4878              	.LVL1204:
1352:Module/lcd_cfg.c **** SPI_WriteData(0x00);
 4879              		.loc 1 1352 1 view .LVU1208
 4880 0adc 0020     		movs	r0, #0
 4881 0ade FFF7FEFF 		bl	SPI_WriteData
 4882              	.LVL1205:
1353:Module/lcd_cfg.c **** SPI_WriteData(0x01);
 4883              		.loc 1 1353 1 view .LVU1209
 4884 0ae2 0120     		movs	r0, #1
 4885 0ae4 FFF7FEFF 		bl	SPI_WriteData
 4886              	.LVL1206:
1354:Module/lcd_cfg.c **** SPI_WriteData(0x00);
 4887              		.loc 1 1354 1 view .LVU1210
 4888 0ae8 0020     		movs	r0, #0
 4889 0aea FFF7FEFF 		bl	SPI_WriteData
 4890              	.LVL1207:
1355:Module/lcd_cfg.c **** SPI_WriteData(0x00);
 4891              		.loc 1 1355 1 view .LVU1211
 4892 0aee 0020     		movs	r0, #0
 4893 0af0 FFF7FEFF 		bl	SPI_WriteData
 4894              	.LVL1208:
1356:Module/lcd_cfg.c **** SPI_WriteData(0x00);
 4895              		.loc 1 1356 1 view .LVU1212
 4896 0af4 0020     		movs	r0, #0
 4897 0af6 FFF7FEFF 		bl	SPI_WriteData
 4898              	.LVL1209:
1357:Module/lcd_cfg.c **** SPI_WriteData(0x00);
 4899              		.loc 1 1357 1 view .LVU1213
 4900 0afa 0020     		movs	r0, #0
 4901 0afc FFF7FEFF 		bl	SPI_WriteData
 4902              	.LVL1210:
1358:Module/lcd_cfg.c **** SPI_WriteData(0x00);
 4903              		.loc 1 1358 1 view .LVU1214
 4904 0b00 0020     		movs	r0, #0
 4905 0b02 FFF7FEFF 		bl	SPI_WriteData
 4906              	.LVL1211:
1359:Module/lcd_cfg.c **** SPI_WriteData(0x00);
 4907              		.loc 1 1359 1 view .LVU1215
 4908 0b06 0020     		movs	r0, #0
 4909 0b08 FFF7FEFF 		bl	SPI_WriteData
 4910              	.LVL1212:
1360:Module/lcd_cfg.c **** SPI_WriteData(0x00);
 4911              		.loc 1 1360 1 view .LVU1216
 4912 0b0c 0020     		movs	r0, #0
 4913 0b0e FFF7FEFF 		bl	SPI_WriteData
ARM GAS  C:\Users\ADMINI~1\AppData\Local\Temp\ccEmAkiv.s 			page 111


 4914              	.LVL1213:
1361:Module/lcd_cfg.c **** SPI_WriteData(0x00);
 4915              		.loc 1 1361 1 view .LVU1217
 4916 0b12 0020     		movs	r0, #0
 4917 0b14 FFF7FEFF 		bl	SPI_WriteData
 4918              	.LVL1214:
1362:Module/lcd_cfg.c **** SPI_WriteData(0x00);
 4919              		.loc 1 1362 1 view .LVU1218
 4920 0b18 0020     		movs	r0, #0
 4921 0b1a FFF7FEFF 		bl	SPI_WriteData
 4922              	.LVL1215:
1363:Module/lcd_cfg.c **** SPI_WriteData(0x00);
 4923              		.loc 1 1363 1 view .LVU1219
 4924 0b1e 0020     		movs	r0, #0
 4925 0b20 FFF7FEFF 		bl	SPI_WriteData
 4926              	.LVL1216:
1364:Module/lcd_cfg.c **** SPI_WriteData(0x00);
 4927              		.loc 1 1364 1 view .LVU1220
 4928 0b24 0020     		movs	r0, #0
 4929 0b26 FFF7FEFF 		bl	SPI_WriteData
 4930              	.LVL1217:
1365:Module/lcd_cfg.c **** 
1366:Module/lcd_cfg.c **** SSD2828_WritePackageSize(17);
 4931              		.loc 1 1366 1 view .LVU1221
 4932 0b2a 1120     		movs	r0, #17
 4933 0b2c FFF7FEFF 		bl	SSD2828_WritePackageSize
 4934              	.LVL1218:
1367:Module/lcd_cfg.c **** SPI_WriteData(0xF0);
 4935              		.loc 1 1367 1 view .LVU1222
 4936 0b30 F020     		movs	r0, #240
 4937 0b32 FFF7FEFF 		bl	SPI_WriteData
 4938              	.LVL1219:
1368:Module/lcd_cfg.c **** SPI_WriteData(0x00);
 4939              		.loc 1 1368 1 view .LVU1223
 4940 0b36 0020     		movs	r0, #0
 4941 0b38 FFF7FEFF 		bl	SPI_WriteData
 4942              	.LVL1220:
1369:Module/lcd_cfg.c **** SPI_WriteData(0x04);
 4943              		.loc 1 1369 1 view .LVU1224
 4944 0b3c 0420     		movs	r0, #4
 4945 0b3e FFF7FEFF 		bl	SPI_WriteData
 4946              	.LVL1221:
1370:Module/lcd_cfg.c **** SPI_WriteData(0x00);
 4947              		.loc 1 1370 1 view .LVU1225
 4948 0b42 0020     		movs	r0, #0
 4949 0b44 FFF7FEFF 		bl	SPI_WriteData
 4950              	.LVL1222:
1371:Module/lcd_cfg.c **** SPI_WriteData(0x00);
 4951              		.loc 1 1371 1 view .LVU1226
 4952 0b48 0020     		movs	r0, #0
 4953 0b4a FFF7FEFF 		bl	SPI_WriteData
 4954              	.LVL1223:
1372:Module/lcd_cfg.c **** SPI_WriteData(0x00);
 4955              		.loc 1 1372 1 view .LVU1227
 4956 0b4e 0020     		movs	r0, #0
 4957 0b50 FFF7FEFF 		bl	SPI_WriteData
 4958              	.LVL1224:
ARM GAS  C:\Users\ADMINI~1\AppData\Local\Temp\ccEmAkiv.s 			page 112


1373:Module/lcd_cfg.c **** SPI_WriteData(0x00);
 4959              		.loc 1 1373 1 view .LVU1228
 4960 0b54 0020     		movs	r0, #0
 4961 0b56 FFF7FEFF 		bl	SPI_WriteData
 4962              	.LVL1225:
1374:Module/lcd_cfg.c **** SPI_WriteData(0x00);
 4963              		.loc 1 1374 1 view .LVU1229
 4964 0b5a 0020     		movs	r0, #0
 4965 0b5c FFF7FEFF 		bl	SPI_WriteData
 4966              	.LVL1226:
1375:Module/lcd_cfg.c **** SPI_WriteData(0x00);
 4967              		.loc 1 1375 1 view .LVU1230
 4968 0b60 0020     		movs	r0, #0
 4969 0b62 FFF7FEFF 		bl	SPI_WriteData
 4970              	.LVL1227:
1376:Module/lcd_cfg.c **** SPI_WriteData(0x00);
 4971              		.loc 1 1376 1 view .LVU1231
 4972 0b66 0020     		movs	r0, #0
 4973 0b68 FFF7FEFF 		bl	SPI_WriteData
 4974              	.LVL1228:
1377:Module/lcd_cfg.c **** SPI_WriteData(0x00);
 4975              		.loc 1 1377 1 view .LVU1232
 4976 0b6c 0020     		movs	r0, #0
 4977 0b6e FFF7FEFF 		bl	SPI_WriteData
 4978              	.LVL1229:
1378:Module/lcd_cfg.c **** SPI_WriteData(0x00);
 4979              		.loc 1 1378 1 view .LVU1233
 4980 0b72 0020     		movs	r0, #0
 4981 0b74 FFF7FEFF 		bl	SPI_WriteData
 4982              	.LVL1230:
1379:Module/lcd_cfg.c **** SPI_WriteData(0x20);
 4983              		.loc 1 1379 1 view .LVU1234
 4984 0b78 2020     		movs	r0, #32
 4985 0b7a FFF7FEFF 		bl	SPI_WriteData
 4986              	.LVL1231:
1380:Module/lcd_cfg.c **** SPI_WriteData(0x00);
 4987              		.loc 1 1380 1 view .LVU1235
 4988 0b7e 0020     		movs	r0, #0
 4989 0b80 FFF7FEFF 		bl	SPI_WriteData
 4990              	.LVL1232:
1381:Module/lcd_cfg.c **** SPI_WriteData(0x00);
 4991              		.loc 1 1381 1 view .LVU1236
 4992 0b84 0020     		movs	r0, #0
 4993 0b86 FFF7FEFF 		bl	SPI_WriteData
 4994              	.LVL1233:
1382:Module/lcd_cfg.c **** SPI_WriteData(0x00);
 4995              		.loc 1 1382 1 view .LVU1237
 4996 0b8a 0020     		movs	r0, #0
 4997 0b8c FFF7FEFF 		bl	SPI_WriteData
 4998              	.LVL1234:
1383:Module/lcd_cfg.c **** SPI_WriteData(0x00);
 4999              		.loc 1 1383 1 view .LVU1238
 5000 0b90 0020     		movs	r0, #0
 5001 0b92 FFF7FEFF 		bl	SPI_WriteData
 5002              	.LVL1235:
1384:Module/lcd_cfg.c **** 
1385:Module/lcd_cfg.c **** //Blank23
ARM GAS  C:\Users\ADMINI~1\AppData\Local\Temp\ccEmAkiv.s 			page 113


1386:Module/lcd_cfg.c **** SSD2828_WritePackageSize(3);
 5003              		.loc 1 1386 1 view .LVU1239
 5004 0b96 0320     		movs	r0, #3
 5005 0b98 FFF7FEFF 		bl	SSD2828_WritePackageSize
 5006              	.LVL1236:
1387:Module/lcd_cfg.c **** SPI_WriteData(0x41);
 5007              		.loc 1 1387 1 view .LVU1240
 5008 0b9c 4120     		movs	r0, #65
 5009 0b9e FFF7FEFF 		bl	SPI_WriteData
 5010              	.LVL1237:
1388:Module/lcd_cfg.c **** SPI_WriteData(0x5A);
 5011              		.loc 1 1388 1 view .LVU1241
 5012 0ba2 5A20     		movs	r0, #90
 5013 0ba4 FFF7FEFF 		bl	SPI_WriteData
 5014              	.LVL1238:
1389:Module/lcd_cfg.c **** SPI_WriteData(0x17);
 5015              		.loc 1 1389 1 view .LVU1242
 5016 0ba8 1720     		movs	r0, #23
 5017 0baa FFF7FEFF 		bl	SPI_WriteData
 5018              	.LVL1239:
1390:Module/lcd_cfg.c **** 
1391:Module/lcd_cfg.c **** SSD2828_WritePackageSize(17);
 5019              		.loc 1 1391 1 view .LVU1243
 5020 0bae 1120     		movs	r0, #17
 5021 0bb0 FFF7FEFF 		bl	SSD2828_WritePackageSize
 5022              	.LVL1240:
1392:Module/lcd_cfg.c **** SPI_WriteData(0x80);
 5023              		.loc 1 1392 1 view .LVU1244
 5024 0bb4 8020     		movs	r0, #128
 5025 0bb6 FFF7FEFF 		bl	SPI_WriteData
 5026              	.LVL1241:
1393:Module/lcd_cfg.c **** SPI_WriteData(0x00);
 5027              		.loc 1 1393 1 view .LVU1245
 5028 0bba 0020     		movs	r0, #0
 5029 0bbc FFF7FEFF 		bl	SPI_WriteData
 5030              	.LVL1242:
1394:Module/lcd_cfg.c **** SPI_WriteData(0x00);
 5031              		.loc 1 1394 1 view .LVU1246
 5032 0bc0 0020     		movs	r0, #0
 5033 0bc2 FFF7FEFF 		bl	SPI_WriteData
 5034              	.LVL1243:
1395:Module/lcd_cfg.c **** SPI_WriteData(0x00);
 5035              		.loc 1 1395 1 view .LVU1247
 5036 0bc6 0020     		movs	r0, #0
 5037 0bc8 FFF7FEFF 		bl	SPI_WriteData
 5038              	.LVL1244:
1396:Module/lcd_cfg.c **** SPI_WriteData(0x00);
 5039              		.loc 1 1396 1 view .LVU1248
 5040 0bcc 0020     		movs	r0, #0
 5041 0bce FFF7FEFF 		bl	SPI_WriteData
 5042              	.LVL1245:
1397:Module/lcd_cfg.c **** SPI_WriteData(0x00);
 5043              		.loc 1 1397 1 view .LVU1249
 5044 0bd2 0020     		movs	r0, #0
 5045 0bd4 FFF7FEFF 		bl	SPI_WriteData
 5046              	.LVL1246:
1398:Module/lcd_cfg.c **** SPI_WriteData(0x04);
ARM GAS  C:\Users\ADMINI~1\AppData\Local\Temp\ccEmAkiv.s 			page 114


 5047              		.loc 1 1398 1 view .LVU1250
 5048 0bd8 0420     		movs	r0, #4
 5049 0bda FFF7FEFF 		bl	SPI_WriteData
 5050              	.LVL1247:
1399:Module/lcd_cfg.c **** SPI_WriteData(0x00);
 5051              		.loc 1 1399 1 view .LVU1251
 5052 0bde 0020     		movs	r0, #0
 5053 0be0 FFF7FEFF 		bl	SPI_WriteData
 5054              	.LVL1248:
1400:Module/lcd_cfg.c **** SPI_WriteData(0x00);
 5055              		.loc 1 1400 1 view .LVU1252
 5056 0be4 0020     		movs	r0, #0
 5057 0be6 FFF7FEFF 		bl	SPI_WriteData
 5058              	.LVL1249:
1401:Module/lcd_cfg.c **** SPI_WriteData(0x00);
 5059              		.loc 1 1401 1 view .LVU1253
 5060 0bea 0020     		movs	r0, #0
 5061 0bec FFF7FEFF 		bl	SPI_WriteData
 5062              	.LVL1250:
1402:Module/lcd_cfg.c **** SPI_WriteData(0x00);
 5063              		.loc 1 1402 1 view .LVU1254
 5064 0bf0 0020     		movs	r0, #0
 5065 0bf2 FFF7FEFF 		bl	SPI_WriteData
 5066              	.LVL1251:
1403:Module/lcd_cfg.c **** SPI_WriteData(0x00);
 5067              		.loc 1 1403 1 view .LVU1255
 5068 0bf6 0020     		movs	r0, #0
 5069 0bf8 FFF7FEFF 		bl	SPI_WriteData
 5070              	.LVL1252:
1404:Module/lcd_cfg.c **** SPI_WriteData(0x00);
 5071              		.loc 1 1404 1 view .LVU1256
 5072 0bfc 0020     		movs	r0, #0
 5073 0bfe FFF7FEFF 		bl	SPI_WriteData
 5074              	.LVL1253:
1405:Module/lcd_cfg.c **** SPI_WriteData(0x00);
 5075              		.loc 1 1405 1 view .LVU1257
 5076 0c02 0020     		movs	r0, #0
 5077 0c04 FFF7FEFF 		bl	SPI_WriteData
 5078              	.LVL1254:
1406:Module/lcd_cfg.c **** SPI_WriteData(0x00);
 5079              		.loc 1 1406 1 view .LVU1258
 5080 0c08 0020     		movs	r0, #0
 5081 0c0a FFF7FEFF 		bl	SPI_WriteData
 5082              	.LVL1255:
1407:Module/lcd_cfg.c **** SPI_WriteData(0x00);
 5083              		.loc 1 1407 1 view .LVU1259
 5084 0c0e 0020     		movs	r0, #0
 5085 0c10 FFF7FEFF 		bl	SPI_WriteData
 5086              	.LVL1256:
1408:Module/lcd_cfg.c **** SPI_WriteData(0x20);
 5087              		.loc 1 1408 1 view .LVU1260
 5088 0c14 2020     		movs	r0, #32
 5089 0c16 FFF7FEFF 		bl	SPI_WriteData
 5090              	.LVL1257:
1409:Module/lcd_cfg.c **** 
1410:Module/lcd_cfg.c **** SSD2828_WritePackageSize(17);
 5091              		.loc 1 1410 1 view .LVU1261
ARM GAS  C:\Users\ADMINI~1\AppData\Local\Temp\ccEmAkiv.s 			page 115


 5092 0c1a 1120     		movs	r0, #17
 5093 0c1c FFF7FEFF 		bl	SSD2828_WritePackageSize
 5094              	.LVL1258:
1411:Module/lcd_cfg.c **** SPI_WriteData(0x90);
 5095              		.loc 1 1411 1 view .LVU1262
 5096 0c20 9020     		movs	r0, #144
 5097 0c22 FFF7FEFF 		bl	SPI_WriteData
 5098              	.LVL1259:
1412:Module/lcd_cfg.c **** SPI_WriteData(0x00);
 5099              		.loc 1 1412 1 view .LVU1263
 5100 0c26 0020     		movs	r0, #0
 5101 0c28 FFF7FEFF 		bl	SPI_WriteData
 5102              	.LVL1260:
1413:Module/lcd_cfg.c **** SPI_WriteData(0x00);
 5103              		.loc 1 1413 1 view .LVU1264
 5104 0c2c 0020     		movs	r0, #0
 5105 0c2e FFF7FEFF 		bl	SPI_WriteData
 5106              	.LVL1261:
1414:Module/lcd_cfg.c **** SPI_WriteData(0x00);
 5107              		.loc 1 1414 1 view .LVU1265
 5108 0c32 0020     		movs	r0, #0
 5109 0c34 FFF7FEFF 		bl	SPI_WriteData
 5110              	.LVL1262:
1415:Module/lcd_cfg.c **** SPI_WriteData(0x00);
 5111              		.loc 1 1415 1 view .LVU1266
 5112 0c38 0020     		movs	r0, #0
 5113 0c3a FFF7FEFF 		bl	SPI_WriteData
 5114              	.LVL1263:
1416:Module/lcd_cfg.c **** SPI_WriteData(0x00);
 5115              		.loc 1 1416 1 view .LVU1267
 5116 0c3e 0020     		movs	r0, #0
 5117 0c40 FFF7FEFF 		bl	SPI_WriteData
 5118              	.LVL1264:
1417:Module/lcd_cfg.c **** SPI_WriteData(0x00);
 5119              		.loc 1 1417 1 view .LVU1268
 5120 0c44 0020     		movs	r0, #0
 5121 0c46 FFF7FEFF 		bl	SPI_WriteData
 5122              	.LVL1265:
1418:Module/lcd_cfg.c **** SPI_WriteData(0x00);
 5123              		.loc 1 1418 1 view .LVU1269
 5124 0c4a 0020     		movs	r0, #0
 5125 0c4c FFF7FEFF 		bl	SPI_WriteData
 5126              	.LVL1266:
1419:Module/lcd_cfg.c **** SPI_WriteData(0x00);
 5127              		.loc 1 1419 1 view .LVU1270
 5128 0c50 0020     		movs	r0, #0
 5129 0c52 FFF7FEFF 		bl	SPI_WriteData
 5130              	.LVL1267:
1420:Module/lcd_cfg.c **** SPI_WriteData(0x00);
 5131              		.loc 1 1420 1 view .LVU1271
 5132 0c56 0020     		movs	r0, #0
 5133 0c58 FFF7FEFF 		bl	SPI_WriteData
 5134              	.LVL1268:
1421:Module/lcd_cfg.c **** SPI_WriteData(0x10);
 5135              		.loc 1 1421 1 view .LVU1272
 5136 0c5c 1020     		movs	r0, #16
 5137 0c5e FFF7FEFF 		bl	SPI_WriteData
ARM GAS  C:\Users\ADMINI~1\AppData\Local\Temp\ccEmAkiv.s 			page 116


 5138              	.LVL1269:
1422:Module/lcd_cfg.c **** SPI_WriteData(0x00);
 5139              		.loc 1 1422 1 view .LVU1273
 5140 0c62 0020     		movs	r0, #0
 5141 0c64 FFF7FEFF 		bl	SPI_WriteData
 5142              	.LVL1270:
1423:Module/lcd_cfg.c **** SPI_WriteData(0x00);
 5143              		.loc 1 1423 1 view .LVU1274
 5144 0c68 0020     		movs	r0, #0
 5145 0c6a FFF7FEFF 		bl	SPI_WriteData
 5146              	.LVL1271:
1424:Module/lcd_cfg.c **** SPI_WriteData(0x00);
 5147              		.loc 1 1424 1 view .LVU1275
 5148 0c6e 0020     		movs	r0, #0
 5149 0c70 FFF7FEFF 		bl	SPI_WriteData
 5150              	.LVL1272:
1425:Module/lcd_cfg.c **** SPI_WriteData(0x00);
 5151              		.loc 1 1425 1 view .LVU1276
 5152 0c74 0020     		movs	r0, #0
 5153 0c76 FFF7FEFF 		bl	SPI_WriteData
 5154              	.LVL1273:
1426:Module/lcd_cfg.c **** SPI_WriteData(0x00);
 5155              		.loc 1 1426 1 view .LVU1277
 5156 0c7a 0020     		movs	r0, #0
 5157 0c7c FFF7FEFF 		bl	SPI_WriteData
 5158              	.LVL1274:
1427:Module/lcd_cfg.c **** SPI_WriteData(0x00);
 5159              		.loc 1 1427 1 view .LVU1278
 5160 0c80 0020     		movs	r0, #0
 5161 0c82 FFF7FEFF 		bl	SPI_WriteData
 5162              	.LVL1275:
1428:Module/lcd_cfg.c **** 
1429:Module/lcd_cfg.c **** SSD2828_WritePackageSize(17);
 5163              		.loc 1 1429 1 view .LVU1279
 5164 0c86 1120     		movs	r0, #17
 5165 0c88 FFF7FEFF 		bl	SSD2828_WritePackageSize
 5166              	.LVL1276:
1430:Module/lcd_cfg.c **** SPI_WriteData(0xA0);
 5167              		.loc 1 1430 1 view .LVU1280
 5168 0c8c A020     		movs	r0, #160
 5169 0c8e FFF7FEFF 		bl	SPI_WriteData
 5170              	.LVL1277:
1431:Module/lcd_cfg.c **** SPI_WriteData(0x00);
 5171              		.loc 1 1431 1 view .LVU1281
 5172 0c92 0020     		movs	r0, #0
 5173 0c94 FFF7FEFF 		bl	SPI_WriteData
 5174              	.LVL1278:
1432:Module/lcd_cfg.c **** SPI_WriteData(0x00);
 5175              		.loc 1 1432 1 view .LVU1282
 5176 0c98 0020     		movs	r0, #0
 5177 0c9a FFF7FEFF 		bl	SPI_WriteData
 5178              	.LVL1279:
1433:Module/lcd_cfg.c **** SPI_WriteData(0x00);
 5179              		.loc 1 1433 1 view .LVU1283
 5180 0c9e 0020     		movs	r0, #0
 5181 0ca0 FFF7FEFF 		bl	SPI_WriteData
 5182              	.LVL1280:
ARM GAS  C:\Users\ADMINI~1\AppData\Local\Temp\ccEmAkiv.s 			page 117


1434:Module/lcd_cfg.c **** SPI_WriteData(0x00);
 5183              		.loc 1 1434 1 view .LVU1284
 5184 0ca4 0020     		movs	r0, #0
 5185 0ca6 FFF7FEFF 		bl	SPI_WriteData
 5186              	.LVL1281:
1435:Module/lcd_cfg.c **** SPI_WriteData(0x00);
 5187              		.loc 1 1435 1 view .LVU1285
 5188 0caa 0020     		movs	r0, #0
 5189 0cac FFF7FEFF 		bl	SPI_WriteData
 5190              	.LVL1282:
1436:Module/lcd_cfg.c **** SPI_WriteData(0x00);
 5191              		.loc 1 1436 1 view .LVU1286
 5192 0cb0 0020     		movs	r0, #0
 5193 0cb2 FFF7FEFF 		bl	SPI_WriteData
 5194              	.LVL1283:
1437:Module/lcd_cfg.c **** SPI_WriteData(0x00);
 5195              		.loc 1 1437 1 view .LVU1287
 5196 0cb6 0020     		movs	r0, #0
 5197 0cb8 FFF7FEFF 		bl	SPI_WriteData
 5198              	.LVL1284:
1438:Module/lcd_cfg.c **** SPI_WriteData(0x10);
 5199              		.loc 1 1438 1 view .LVU1288
 5200 0cbc 1020     		movs	r0, #16
 5201 0cbe FFF7FEFF 		bl	SPI_WriteData
 5202              	.LVL1285:
1439:Module/lcd_cfg.c **** SPI_WriteData(0x00);
 5203              		.loc 1 1439 1 view .LVU1289
 5204 0cc2 0020     		movs	r0, #0
 5205 0cc4 FFF7FEFF 		bl	SPI_WriteData
 5206              	.LVL1286:
1440:Module/lcd_cfg.c **** SPI_WriteData(0x00);
 5207              		.loc 1 1440 1 view .LVU1290
 5208 0cc8 0020     		movs	r0, #0
 5209 0cca FFF7FEFF 		bl	SPI_WriteData
 5210              	.LVL1287:
1441:Module/lcd_cfg.c **** SPI_WriteData(0x00);
 5211              		.loc 1 1441 1 view .LVU1291
 5212 0cce 0020     		movs	r0, #0
 5213 0cd0 FFF7FEFF 		bl	SPI_WriteData
 5214              	.LVL1288:
1442:Module/lcd_cfg.c **** SPI_WriteData(0x00);
 5215              		.loc 1 1442 1 view .LVU1292
 5216 0cd4 0020     		movs	r0, #0
 5217 0cd6 FFF7FEFF 		bl	SPI_WriteData
 5218              	.LVL1289:
1443:Module/lcd_cfg.c **** SPI_WriteData(0x00);
 5219              		.loc 1 1443 1 view .LVU1293
 5220 0cda 0020     		movs	r0, #0
 5221 0cdc FFF7FEFF 		bl	SPI_WriteData
 5222              	.LVL1290:
1444:Module/lcd_cfg.c **** SPI_WriteData(0x00);
 5223              		.loc 1 1444 1 view .LVU1294
 5224 0ce0 0020     		movs	r0, #0
 5225 0ce2 FFF7FEFF 		bl	SPI_WriteData
 5226              	.LVL1291:
1445:Module/lcd_cfg.c **** SPI_WriteData(0x00);
 5227              		.loc 1 1445 1 view .LVU1295
ARM GAS  C:\Users\ADMINI~1\AppData\Local\Temp\ccEmAkiv.s 			page 118


 5228 0ce6 0020     		movs	r0, #0
 5229 0ce8 FFF7FEFF 		bl	SPI_WriteData
 5230              	.LVL1292:
1446:Module/lcd_cfg.c **** SPI_WriteData(0x00);
 5231              		.loc 1 1446 1 view .LVU1296
 5232 0cec 0020     		movs	r0, #0
 5233 0cee FFF7FEFF 		bl	SPI_WriteData
 5234              	.LVL1293:
1447:Module/lcd_cfg.c **** 
1448:Module/lcd_cfg.c **** SSD2828_WritePackageSize(17);
 5235              		.loc 1 1448 1 view .LVU1297
 5236 0cf2 1120     		movs	r0, #17
 5237 0cf4 FFF7FEFF 		bl	SSD2828_WritePackageSize
 5238              	.LVL1294:
1449:Module/lcd_cfg.c **** SPI_WriteData(0xB0);
 5239              		.loc 1 1449 1 view .LVU1298
 5240 0cf8 B020     		movs	r0, #176
 5241 0cfa FFF7FEFF 		bl	SPI_WriteData
 5242              	.LVL1295:
1450:Module/lcd_cfg.c **** SPI_WriteData(0x40);
 5243              		.loc 1 1450 1 view .LVU1299
 5244 0cfe 4020     		movs	r0, #64
 5245 0d00 FFF7FEFF 		bl	SPI_WriteData
 5246              	.LVL1296:
1451:Module/lcd_cfg.c **** SPI_WriteData(0x00);
 5247              		.loc 1 1451 1 view .LVU1300
 5248 0d04 0020     		movs	r0, #0
 5249 0d06 FFF7FEFF 		bl	SPI_WriteData
 5250              	.LVL1297:
1452:Module/lcd_cfg.c **** SPI_WriteData(0x00);
 5251              		.loc 1 1452 1 view .LVU1301
 5252 0d0a 0020     		movs	r0, #0
 5253 0d0c FFF7FEFF 		bl	SPI_WriteData
 5254              	.LVL1298:
1453:Module/lcd_cfg.c **** SPI_WriteData(0x00);
 5255              		.loc 1 1453 1 view .LVU1302
 5256 0d10 0020     		movs	r0, #0
 5257 0d12 FFF7FEFF 		bl	SPI_WriteData
 5258              	.LVL1299:
1454:Module/lcd_cfg.c **** SPI_WriteData(0x00);
 5259              		.loc 1 1454 1 view .LVU1303
 5260 0d16 0020     		movs	r0, #0
 5261 0d18 FFF7FEFF 		bl	SPI_WriteData
 5262              	.LVL1300:
1455:Module/lcd_cfg.c **** SPI_WriteData(0x00);
 5263              		.loc 1 1455 1 view .LVU1304
 5264 0d1c 0020     		movs	r0, #0
 5265 0d1e FFF7FEFF 		bl	SPI_WriteData
 5266              	.LVL1301:
1456:Module/lcd_cfg.c **** SPI_WriteData(0x00);
 5267              		.loc 1 1456 1 view .LVU1305
 5268 0d22 0020     		movs	r0, #0
 5269 0d24 FFF7FEFF 		bl	SPI_WriteData
 5270              	.LVL1302:
1457:Module/lcd_cfg.c **** SPI_WriteData(0x00);
 5271              		.loc 1 1457 1 view .LVU1306
 5272 0d28 0020     		movs	r0, #0
ARM GAS  C:\Users\ADMINI~1\AppData\Local\Temp\ccEmAkiv.s 			page 119


 5273 0d2a FFF7FEFF 		bl	SPI_WriteData
 5274              	.LVL1303:
1458:Module/lcd_cfg.c **** SPI_WriteData(0x00);
 5275              		.loc 1 1458 1 view .LVU1307
 5276 0d2e 0020     		movs	r0, #0
 5277 0d30 FFF7FEFF 		bl	SPI_WriteData
 5278              	.LVL1304:
1459:Module/lcd_cfg.c **** SPI_WriteData(0x00);
 5279              		.loc 1 1459 1 view .LVU1308
 5280 0d34 0020     		movs	r0, #0
 5281 0d36 FFF7FEFF 		bl	SPI_WriteData
 5282              	.LVL1305:
1460:Module/lcd_cfg.c **** SPI_WriteData(0x01);
 5283              		.loc 1 1460 1 view .LVU1309
 5284 0d3a 0120     		movs	r0, #1
 5285 0d3c FFF7FEFF 		bl	SPI_WriteData
 5286              	.LVL1306:
1461:Module/lcd_cfg.c **** SPI_WriteData(0x00);
 5287              		.loc 1 1461 1 view .LVU1310
 5288 0d40 0020     		movs	r0, #0
 5289 0d42 FFF7FEFF 		bl	SPI_WriteData
 5290              	.LVL1307:
1462:Module/lcd_cfg.c **** SPI_WriteData(0x00);
 5291              		.loc 1 1462 1 view .LVU1311
 5292 0d46 0020     		movs	r0, #0
 5293 0d48 FFF7FEFF 		bl	SPI_WriteData
 5294              	.LVL1308:
1463:Module/lcd_cfg.c **** SPI_WriteData(0x00);
 5295              		.loc 1 1463 1 view .LVU1312
 5296 0d4c 0020     		movs	r0, #0
 5297 0d4e FFF7FEFF 		bl	SPI_WriteData
 5298              	.LVL1309:
1464:Module/lcd_cfg.c **** SPI_WriteData(0x00);
 5299              		.loc 1 1464 1 view .LVU1313
 5300 0d52 0020     		movs	r0, #0
 5301 0d54 FFF7FEFF 		bl	SPI_WriteData
 5302              	.LVL1310:
1465:Module/lcd_cfg.c **** SPI_WriteData(0x00);
 5303              		.loc 1 1465 1 view .LVU1314
 5304 0d58 0020     		movs	r0, #0
 5305 0d5a FFF7FEFF 		bl	SPI_WriteData
 5306              	.LVL1311:
1466:Module/lcd_cfg.c **** 
1467:Module/lcd_cfg.c **** SSD2828_WritePackageSize(17);
 5307              		.loc 1 1467 1 view .LVU1315
 5308 0d5e 1120     		movs	r0, #17
 5309 0d60 FFF7FEFF 		bl	SSD2828_WritePackageSize
 5310              	.LVL1312:
1468:Module/lcd_cfg.c **** SPI_WriteData(0xC0);
 5311              		.loc 1 1468 1 view .LVU1316
 5312 0d64 C020     		movs	r0, #192
 5313 0d66 FFF7FEFF 		bl	SPI_WriteData
 5314              	.LVL1313:
1469:Module/lcd_cfg.c **** SPI_WriteData(0x00);
 5315              		.loc 1 1469 1 view .LVU1317
 5316 0d6a 0020     		movs	r0, #0
 5317 0d6c FFF7FEFF 		bl	SPI_WriteData
ARM GAS  C:\Users\ADMINI~1\AppData\Local\Temp\ccEmAkiv.s 			page 120


 5318              	.LVL1314:
1470:Module/lcd_cfg.c **** SPI_WriteData(0x00);
 5319              		.loc 1 1470 1 view .LVU1318
 5320 0d70 0020     		movs	r0, #0
 5321 0d72 FFF7FEFF 		bl	SPI_WriteData
 5322              	.LVL1315:
1471:Module/lcd_cfg.c **** SPI_WriteData(0x00);
 5323              		.loc 1 1471 1 view .LVU1319
 5324 0d76 0020     		movs	r0, #0
 5325 0d78 FFF7FEFF 		bl	SPI_WriteData
 5326              	.LVL1316:
1472:Module/lcd_cfg.c **** SPI_WriteData(0x00);
 5327              		.loc 1 1472 1 view .LVU1320
 5328 0d7c 0020     		movs	r0, #0
 5329 0d7e FFF7FEFF 		bl	SPI_WriteData
 5330              	.LVL1317:
1473:Module/lcd_cfg.c **** SPI_WriteData(0x10);
 5331              		.loc 1 1473 1 view .LVU1321
 5332 0d82 1020     		movs	r0, #16
 5333 0d84 FFF7FEFF 		bl	SPI_WriteData
 5334              	.LVL1318:
1474:Module/lcd_cfg.c **** SPI_WriteData(0x00);
 5335              		.loc 1 1474 1 view .LVU1322
 5336 0d88 0020     		movs	r0, #0
 5337 0d8a FFF7FEFF 		bl	SPI_WriteData
 5338              	.LVL1319:
1475:Module/lcd_cfg.c **** SPI_WriteData(0x00);
 5339              		.loc 1 1475 1 view .LVU1323
 5340 0d8e 0020     		movs	r0, #0
 5341 0d90 FFF7FEFF 		bl	SPI_WriteData
 5342              	.LVL1320:
1476:Module/lcd_cfg.c **** SPI_WriteData(0x00);
 5343              		.loc 1 1476 1 view .LVU1324
 5344 0d94 0020     		movs	r0, #0
 5345 0d96 FFF7FEFF 		bl	SPI_WriteData
 5346              	.LVL1321:
1477:Module/lcd_cfg.c **** SPI_WriteData(0x00);
 5347              		.loc 1 1477 1 view .LVU1325
 5348 0d9a 0020     		movs	r0, #0
 5349 0d9c FFF7FEFF 		bl	SPI_WriteData
 5350              	.LVL1322:
1478:Module/lcd_cfg.c **** SPI_WriteData(0x00);
 5351              		.loc 1 1478 1 view .LVU1326
 5352 0da0 0020     		movs	r0, #0
 5353 0da2 FFF7FEFF 		bl	SPI_WriteData
 5354              	.LVL1323:
1479:Module/lcd_cfg.c **** SPI_WriteData(0x00);
 5355              		.loc 1 1479 1 view .LVU1327
 5356 0da6 0020     		movs	r0, #0
 5357 0da8 FFF7FEFF 		bl	SPI_WriteData
 5358              	.LVL1324:
1480:Module/lcd_cfg.c **** SPI_WriteData(0x00);
 5359              		.loc 1 1480 1 view .LVU1328
 5360 0dac 0020     		movs	r0, #0
 5361 0dae FFF7FEFF 		bl	SPI_WriteData
 5362              	.LVL1325:
1481:Module/lcd_cfg.c **** SPI_WriteData(0x00);
ARM GAS  C:\Users\ADMINI~1\AppData\Local\Temp\ccEmAkiv.s 			page 121


 5363              		.loc 1 1481 1 view .LVU1329
 5364 0db2 0020     		movs	r0, #0
 5365 0db4 FFF7FEFF 		bl	SPI_WriteData
 5366              	.LVL1326:
1482:Module/lcd_cfg.c **** SPI_WriteData(0x00);
 5367              		.loc 1 1482 1 view .LVU1330
 5368 0db8 0020     		movs	r0, #0
 5369 0dba FFF7FEFF 		bl	SPI_WriteData
 5370              	.LVL1327:
1483:Module/lcd_cfg.c **** SPI_WriteData(0x00);
 5371              		.loc 1 1483 1 view .LVU1331
 5372 0dbe 0020     		movs	r0, #0
 5373 0dc0 FFF7FEFF 		bl	SPI_WriteData
 5374              	.LVL1328:
1484:Module/lcd_cfg.c **** SPI_WriteData(0x00);
 5375              		.loc 1 1484 1 view .LVU1332
 5376 0dc4 0020     		movs	r0, #0
 5377 0dc6 FFF7FEFF 		bl	SPI_WriteData
 5378              	.LVL1329:
1485:Module/lcd_cfg.c **** 
1486:Module/lcd_cfg.c **** SSD2828_WritePackageSize(7);
 5379              		.loc 1 1486 1 view .LVU1333
 5380 0dca 0720     		movs	r0, #7
 5381 0dcc FFF7FEFF 		bl	SSD2828_WritePackageSize
 5382              	.LVL1330:
1487:Module/lcd_cfg.c **** SPI_WriteData(0xD0);
 5383              		.loc 1 1487 1 view .LVU1334
 5384 0dd0 D020     		movs	r0, #208
 5385 0dd2 FFF7FEFF 		bl	SPI_WriteData
 5386              	.LVL1331:
1488:Module/lcd_cfg.c **** SPI_WriteData(0x00);
 5387              		.loc 1 1488 1 view .LVU1335
 5388 0dd6 0020     		movs	r0, #0
 5389 0dd8 FFF7FEFF 		bl	SPI_WriteData
 5390              	.LVL1332:
1489:Module/lcd_cfg.c **** SPI_WriteData(0x01);
 5391              		.loc 1 1489 1 view .LVU1336
 5392 0ddc 0120     		movs	r0, #1
 5393 0dde FFF7FEFF 		bl	SPI_WriteData
 5394              	.LVL1333:
1490:Module/lcd_cfg.c **** SPI_WriteData(0x00);
 5395              		.loc 1 1490 1 view .LVU1337
 5396 0de2 0020     		movs	r0, #0
 5397 0de4 FFF7FEFF 		bl	SPI_WriteData
 5398              	.LVL1334:
1491:Module/lcd_cfg.c **** SPI_WriteData(0x00);
 5399              		.loc 1 1491 1 view .LVU1338
 5400 0de8 0020     		movs	r0, #0
 5401 0dea FFF7FEFF 		bl	SPI_WriteData
 5402              	.LVL1335:
1492:Module/lcd_cfg.c **** SPI_WriteData(0x00);
 5403              		.loc 1 1492 1 view .LVU1339
 5404 0dee 0020     		movs	r0, #0
 5405 0df0 FFF7FEFF 		bl	SPI_WriteData
 5406              	.LVL1336:
1493:Module/lcd_cfg.c **** SPI_WriteData(0x00);
 5407              		.loc 1 1493 1 view .LVU1340
ARM GAS  C:\Users\ADMINI~1\AppData\Local\Temp\ccEmAkiv.s 			page 122


 5408 0df4 0020     		movs	r0, #0
 5409 0df6 FFF7FEFF 		bl	SPI_WriteData
 5410              	.LVL1337:
1494:Module/lcd_cfg.c **** 
1495:Module/lcd_cfg.c **** //Blank24
1496:Module/lcd_cfg.c **** SSD2828_WritePackageSize(3);
 5411              		.loc 1 1496 1 view .LVU1341
 5412 0dfa 0320     		movs	r0, #3
 5413 0dfc FFF7FEFF 		bl	SSD2828_WritePackageSize
 5414              	.LVL1338:
1497:Module/lcd_cfg.c **** SPI_WriteData(0x41);
 5415              		.loc 1 1497 1 view .LVU1342
 5416 0e00 4120     		movs	r0, #65
 5417 0e02 FFF7FEFF 		bl	SPI_WriteData
 5418              	.LVL1339:
1498:Module/lcd_cfg.c **** SPI_WriteData(0x5A);
 5419              		.loc 1 1498 1 view .LVU1343
 5420 0e06 5A20     		movs	r0, #90
 5421 0e08 FFF7FEFF 		bl	SPI_WriteData
 5422              	.LVL1340:
1499:Module/lcd_cfg.c **** SPI_WriteData(0x18);
 5423              		.loc 1 1499 1 view .LVU1344
 5424 0e0c 1820     		movs	r0, #24
 5425 0e0e FFF7FEFF 		bl	SPI_WriteData
 5426              	.LVL1341:
1500:Module/lcd_cfg.c **** }
 5427              		.loc 1 1500 1 is_stmt 0 view .LVU1345
 5428 0e12 08BD     		pop	{r3, pc}
 5429              		.cfi_endproc
 5430              	.LFE120:
 5432              		.section	.text.fun3,"ax",%progbits
 5433              		.align	1
 5434              		.global	fun3
 5435              		.syntax unified
 5436              		.thumb
 5437              		.thumb_func
 5439              	fun3:
 5440              	.LFB121:
1501:Module/lcd_cfg.c **** 
1502:Module/lcd_cfg.c **** void fun3(void)
1503:Module/lcd_cfg.c **** {
 5441              		.loc 1 1503 1 is_stmt 1 view -0
 5442              		.cfi_startproc
 5443              		@ args = 0, pretend = 0, frame = 0
 5444              		@ frame_needed = 0, uses_anonymous_args = 0
 5445 0000 08B5     		push	{r3, lr}
 5446              	.LCFI2:
 5447              		.cfi_def_cfa_offset 8
 5448              		.cfi_offset 3, -8
 5449              		.cfi_offset 14, -4
1504:Module/lcd_cfg.c **** SSD2828_WritePackageSize(17);
 5450              		.loc 1 1504 1 view .LVU1347
 5451 0002 1120     		movs	r0, #17
 5452 0004 FFF7FEFF 		bl	SSD2828_WritePackageSize
 5453              	.LVL1342:
1505:Module/lcd_cfg.c **** SPI_WriteData(0x80);
 5454              		.loc 1 1505 1 view .LVU1348
ARM GAS  C:\Users\ADMINI~1\AppData\Local\Temp\ccEmAkiv.s 			page 123


 5455 0008 8020     		movs	r0, #128
 5456 000a FFF7FEFF 		bl	SPI_WriteData
 5457              	.LVL1343:
1506:Module/lcd_cfg.c **** SPI_WriteData(0x7F);
 5458              		.loc 1 1506 1 view .LVU1349
 5459 000e 7F20     		movs	r0, #127
 5460 0010 FFF7FEFF 		bl	SPI_WriteData
 5461              	.LVL1344:
1507:Module/lcd_cfg.c **** SPI_WriteData(0x7F);
 5462              		.loc 1 1507 1 view .LVU1350
 5463 0014 7F20     		movs	r0, #127
 5464 0016 FFF7FEFF 		bl	SPI_WriteData
 5465              	.LVL1345:
1508:Module/lcd_cfg.c **** SPI_WriteData(0xFE);
 5466              		.loc 1 1508 1 view .LVU1351
 5467 001a FE20     		movs	r0, #254
 5468 001c FFF7FEFF 		bl	SPI_WriteData
 5469              	.LVL1346:
1509:Module/lcd_cfg.c **** SPI_WriteData(0xFE);
 5470              		.loc 1 1509 1 view .LVU1352
 5471 0020 FE20     		movs	r0, #254
 5472 0022 FFF7FEFF 		bl	SPI_WriteData
 5473              	.LVL1347:
1510:Module/lcd_cfg.c **** SPI_WriteData(0xFE);
 5474              		.loc 1 1510 1 view .LVU1353
 5475 0026 FE20     		movs	r0, #254
 5476 0028 FFF7FEFF 		bl	SPI_WriteData
 5477              	.LVL1348:
1511:Module/lcd_cfg.c **** SPI_WriteData(0xFE);
 5478              		.loc 1 1511 1 view .LVU1354
 5479 002c FE20     		movs	r0, #254
 5480 002e FFF7FEFF 		bl	SPI_WriteData
 5481              	.LVL1349:
1512:Module/lcd_cfg.c **** SPI_WriteData(0xFE);
 5482              		.loc 1 1512 1 view .LVU1355
 5483 0032 FE20     		movs	r0, #254
 5484 0034 FFF7FEFF 		bl	SPI_WriteData
 5485              	.LVL1350:
1513:Module/lcd_cfg.c **** SPI_WriteData(0xFE);
 5486              		.loc 1 1513 1 view .LVU1356
 5487 0038 FE20     		movs	r0, #254
 5488 003a FFF7FEFF 		bl	SPI_WriteData
 5489              	.LVL1351:
1514:Module/lcd_cfg.c **** SPI_WriteData(0xFE);
 5490              		.loc 1 1514 1 view .LVU1357
 5491 003e FE20     		movs	r0, #254
 5492 0040 FFF7FEFF 		bl	SPI_WriteData
 5493              	.LVL1352:
1515:Module/lcd_cfg.c **** SPI_WriteData(0xFE);
 5494              		.loc 1 1515 1 view .LVU1358
 5495 0044 FE20     		movs	r0, #254
 5496 0046 FFF7FEFF 		bl	SPI_WriteData
 5497              	.LVL1353:
1516:Module/lcd_cfg.c **** SPI_WriteData(0xFE);
 5498              		.loc 1 1516 1 view .LVU1359
 5499 004a FE20     		movs	r0, #254
 5500 004c FFF7FEFF 		bl	SPI_WriteData
ARM GAS  C:\Users\ADMINI~1\AppData\Local\Temp\ccEmAkiv.s 			page 124


 5501              	.LVL1354:
1517:Module/lcd_cfg.c **** SPI_WriteData(0xFE);
 5502              		.loc 1 1517 1 view .LVU1360
 5503 0050 FE20     		movs	r0, #254
 5504 0052 FFF7FEFF 		bl	SPI_WriteData
 5505              	.LVL1355:
1518:Module/lcd_cfg.c **** SPI_WriteData(0xD4);
 5506              		.loc 1 1518 1 view .LVU1361
 5507 0056 D420     		movs	r0, #212
 5508 0058 FFF7FEFF 		bl	SPI_WriteData
 5509              	.LVL1356:
1519:Module/lcd_cfg.c **** SPI_WriteData(0x7F);
 5510              		.loc 1 1519 1 view .LVU1362
 5511 005c 7F20     		movs	r0, #127
 5512 005e FFF7FEFF 		bl	SPI_WriteData
 5513              	.LVL1357:
1520:Module/lcd_cfg.c **** SPI_WriteData(0xD4);
 5514              		.loc 1 1520 1 view .LVU1363
 5515 0062 D420     		movs	r0, #212
 5516 0064 FFF7FEFF 		bl	SPI_WriteData
 5517              	.LVL1358:
1521:Module/lcd_cfg.c **** SPI_WriteData(0xD4);
 5518              		.loc 1 1521 1 view .LVU1364
 5519 0068 D420     		movs	r0, #212
 5520 006a FFF7FEFF 		bl	SPI_WriteData
 5521              	.LVL1359:
1522:Module/lcd_cfg.c **** 
1523:Module/lcd_cfg.c **** SSD2828_WritePackageSize(17);
 5522              		.loc 1 1523 1 view .LVU1365
 5523 006e 1120     		movs	r0, #17
 5524 0070 FFF7FEFF 		bl	SSD2828_WritePackageSize
 5525              	.LVL1360:
1524:Module/lcd_cfg.c **** SPI_WriteData(0x90);
 5526              		.loc 1 1524 1 view .LVU1366
 5527 0074 9020     		movs	r0, #144
 5528 0076 FFF7FEFF 		bl	SPI_WriteData
 5529              	.LVL1361:
1525:Module/lcd_cfg.c **** SPI_WriteData(0xD4);
 5530              		.loc 1 1525 1 view .LVU1367
 5531 007a D420     		movs	r0, #212
 5532 007c FFF7FEFF 		bl	SPI_WriteData
 5533              	.LVL1362:
1526:Module/lcd_cfg.c **** SPI_WriteData(0xD4);
 5534              		.loc 1 1526 1 view .LVU1368
 5535 0080 D420     		movs	r0, #212
 5536 0082 FFF7FEFF 		bl	SPI_WriteData
 5537              	.LVL1363:
1527:Module/lcd_cfg.c **** SPI_WriteData(0xD4);
 5538              		.loc 1 1527 1 view .LVU1369
 5539 0086 D420     		movs	r0, #212
 5540 0088 FFF7FEFF 		bl	SPI_WriteData
 5541              	.LVL1364:
1528:Module/lcd_cfg.c **** SPI_WriteData(0xD4);
 5542              		.loc 1 1528 1 view .LVU1370
 5543 008c D420     		movs	r0, #212
 5544 008e FFF7FEFF 		bl	SPI_WriteData
 5545              	.LVL1365:
ARM GAS  C:\Users\ADMINI~1\AppData\Local\Temp\ccEmAkiv.s 			page 125


1529:Module/lcd_cfg.c **** SPI_WriteData(0xD4);
 5546              		.loc 1 1529 1 view .LVU1371
 5547 0092 D420     		movs	r0, #212
 5548 0094 FFF7FEFF 		bl	SPI_WriteData
 5549              	.LVL1366:
1530:Module/lcd_cfg.c **** SPI_WriteData(0xD4);
 5550              		.loc 1 1530 1 view .LVU1372
 5551 0098 D420     		movs	r0, #212
 5552 009a FFF7FEFF 		bl	SPI_WriteData
 5553              	.LVL1367:
1531:Module/lcd_cfg.c **** SPI_WriteData(0xD4);
 5554              		.loc 1 1531 1 view .LVU1373
 5555 009e D420     		movs	r0, #212
 5556 00a0 FFF7FEFF 		bl	SPI_WriteData
 5557              	.LVL1368:
1532:Module/lcd_cfg.c **** SPI_WriteData(0xD4);
 5558              		.loc 1 1532 1 view .LVU1374
 5559 00a4 D420     		movs	r0, #212
 5560 00a6 FFF7FEFF 		bl	SPI_WriteData
 5561              	.LVL1369:
1533:Module/lcd_cfg.c **** SPI_WriteData(0xAA);
 5562              		.loc 1 1533 1 view .LVU1375
 5563 00aa AA20     		movs	r0, #170
 5564 00ac FFF7FEFF 		bl	SPI_WriteData
 5565              	.LVL1370:
1534:Module/lcd_cfg.c **** SPI_WriteData(0xAA);
 5566              		.loc 1 1534 1 view .LVU1376
 5567 00b0 AA20     		movs	r0, #170
 5568 00b2 FFF7FEFF 		bl	SPI_WriteData
 5569              	.LVL1371:
1535:Module/lcd_cfg.c **** SPI_WriteData(0xAA);
 5570              		.loc 1 1535 1 view .LVU1377
 5571 00b6 AA20     		movs	r0, #170
 5572 00b8 FFF7FEFF 		bl	SPI_WriteData
 5573              	.LVL1372:
1536:Module/lcd_cfg.c **** SPI_WriteData(0xAA);
 5574              		.loc 1 1536 1 view .LVU1378
 5575 00bc AA20     		movs	r0, #170
 5576 00be FFF7FEFF 		bl	SPI_WriteData
 5577              	.LVL1373:
1537:Module/lcd_cfg.c **** SPI_WriteData(0xAA);
 5578              		.loc 1 1537 1 view .LVU1379
 5579 00c2 AA20     		movs	r0, #170
 5580 00c4 FFF7FEFF 		bl	SPI_WriteData
 5581              	.LVL1374:
1538:Module/lcd_cfg.c **** SPI_WriteData(0xAA);
 5582              		.loc 1 1538 1 view .LVU1380
 5583 00c8 AA20     		movs	r0, #170
 5584 00ca FFF7FEFF 		bl	SPI_WriteData
 5585              	.LVL1375:
1539:Module/lcd_cfg.c **** SPI_WriteData(0xAA);
 5586              		.loc 1 1539 1 view .LVU1381
 5587 00ce AA20     		movs	r0, #170
 5588 00d0 FFF7FEFF 		bl	SPI_WriteData
 5589              	.LVL1376:
1540:Module/lcd_cfg.c **** SPI_WriteData(0xAA);
 5590              		.loc 1 1540 1 view .LVU1382
ARM GAS  C:\Users\ADMINI~1\AppData\Local\Temp\ccEmAkiv.s 			page 126


 5591 00d4 AA20     		movs	r0, #170
 5592 00d6 FFF7FEFF 		bl	SPI_WriteData
 5593              	.LVL1377:
1541:Module/lcd_cfg.c **** 
1542:Module/lcd_cfg.c **** SSD2828_WritePackageSize(17);
 5594              		.loc 1 1542 1 view .LVU1383
 5595 00da 1120     		movs	r0, #17
 5596 00dc FFF7FEFF 		bl	SSD2828_WritePackageSize
 5597              	.LVL1378:
1543:Module/lcd_cfg.c **** SPI_WriteData(0xA0);
 5598              		.loc 1 1543 1 view .LVU1384
 5599 00e0 A020     		movs	r0, #160
 5600 00e2 FFF7FEFF 		bl	SPI_WriteData
 5601              	.LVL1379:
1544:Module/lcd_cfg.c **** SPI_WriteData(0xAA);
 5602              		.loc 1 1544 1 view .LVU1385
 5603 00e6 AA20     		movs	r0, #170
 5604 00e8 FFF7FEFF 		bl	SPI_WriteData
 5605              	.LVL1380:
1545:Module/lcd_cfg.c **** SPI_WriteData(0xAA);
 5606              		.loc 1 1545 1 view .LVU1386
 5607 00ec AA20     		movs	r0, #170
 5608 00ee FFF7FEFF 		bl	SPI_WriteData
 5609              	.LVL1381:
1546:Module/lcd_cfg.c **** SPI_WriteData(0xAA);
 5610              		.loc 1 1546 1 view .LVU1387
 5611 00f2 AA20     		movs	r0, #170
 5612 00f4 FFF7FEFF 		bl	SPI_WriteData
 5613              	.LVL1382:
1547:Module/lcd_cfg.c **** SPI_WriteData(0xAA);
 5614              		.loc 1 1547 1 view .LVU1388
 5615 00f8 AA20     		movs	r0, #170
 5616 00fa FFF7FEFF 		bl	SPI_WriteData
 5617              	.LVL1383:
1548:Module/lcd_cfg.c **** SPI_WriteData(0x7F);
 5618              		.loc 1 1548 1 view .LVU1389
 5619 00fe 7F20     		movs	r0, #127
 5620 0100 FFF7FEFF 		bl	SPI_WriteData
 5621              	.LVL1384:
1549:Module/lcd_cfg.c **** SPI_WriteData(0x7F);
 5622              		.loc 1 1549 1 view .LVU1390
 5623 0104 7F20     		movs	r0, #127
 5624 0106 FFF7FEFF 		bl	SPI_WriteData
 5625              	.LVL1385:
1550:Module/lcd_cfg.c **** SPI_WriteData(0x7F);
 5626              		.loc 1 1550 1 view .LVU1391
 5627 010a 7F20     		movs	r0, #127
 5628 010c FFF7FEFF 		bl	SPI_WriteData
 5629              	.LVL1386:
1551:Module/lcd_cfg.c **** SPI_WriteData(0x7F);
 5630              		.loc 1 1551 1 view .LVU1392
 5631 0110 7F20     		movs	r0, #127
 5632 0112 FFF7FEFF 		bl	SPI_WriteData
 5633              	.LVL1387:
1552:Module/lcd_cfg.c **** SPI_WriteData(0x7F);
 5634              		.loc 1 1552 1 view .LVU1393
 5635 0116 7F20     		movs	r0, #127
ARM GAS  C:\Users\ADMINI~1\AppData\Local\Temp\ccEmAkiv.s 			page 127


 5636 0118 FFF7FEFF 		bl	SPI_WriteData
 5637              	.LVL1388:
1553:Module/lcd_cfg.c **** SPI_WriteData(0x7F);
 5638              		.loc 1 1553 1 view .LVU1394
 5639 011c 7F20     		movs	r0, #127
 5640 011e FFF7FEFF 		bl	SPI_WriteData
 5641              	.LVL1389:
1554:Module/lcd_cfg.c **** SPI_WriteData(0x7F);
 5642              		.loc 1 1554 1 view .LVU1395
 5643 0122 7F20     		movs	r0, #127
 5644 0124 FFF7FEFF 		bl	SPI_WriteData
 5645              	.LVL1390:
1555:Module/lcd_cfg.c **** SPI_WriteData(0x7F);
 5646              		.loc 1 1555 1 view .LVU1396
 5647 0128 7F20     		movs	r0, #127
 5648 012a FFF7FEFF 		bl	SPI_WriteData
 5649              	.LVL1391:
1556:Module/lcd_cfg.c **** SPI_WriteData(0x7F);
 5650              		.loc 1 1556 1 view .LVU1397
 5651 012e 7F20     		movs	r0, #127
 5652 0130 FFF7FEFF 		bl	SPI_WriteData
 5653              	.LVL1392:
1557:Module/lcd_cfg.c **** SPI_WriteData(0x7F);
 5654              		.loc 1 1557 1 view .LVU1398
 5655 0134 7F20     		movs	r0, #127
 5656 0136 FFF7FEFF 		bl	SPI_WriteData
 5657              	.LVL1393:
1558:Module/lcd_cfg.c **** SPI_WriteData(0x7F);
 5658              		.loc 1 1558 1 view .LVU1399
 5659 013a 7F20     		movs	r0, #127
 5660 013c FFF7FEFF 		bl	SPI_WriteData
 5661              	.LVL1394:
1559:Module/lcd_cfg.c **** SPI_WriteData(0x7F);
 5662              		.loc 1 1559 1 view .LVU1400
 5663 0140 7F20     		movs	r0, #127
 5664 0142 FFF7FEFF 		bl	SPI_WriteData
 5665              	.LVL1395:
1560:Module/lcd_cfg.c **** 
1561:Module/lcd_cfg.c **** SSD2828_WritePackageSize(17);
 5666              		.loc 1 1561 1 view .LVU1401
 5667 0146 1120     		movs	r0, #17
 5668 0148 FFF7FEFF 		bl	SSD2828_WritePackageSize
 5669              	.LVL1396:
1562:Module/lcd_cfg.c **** SPI_WriteData(0xB0);
 5670              		.loc 1 1562 1 view .LVU1402
 5671 014c B020     		movs	r0, #176
 5672 014e FFF7FEFF 		bl	SPI_WriteData
 5673              	.LVL1397:
1563:Module/lcd_cfg.c **** SPI_WriteData(0x7C);
 5674              		.loc 1 1563 1 view .LVU1403
 5675 0152 7C20     		movs	r0, #124
 5676 0154 FFF7FEFF 		bl	SPI_WriteData
 5677              	.LVL1398:
1564:Module/lcd_cfg.c **** SPI_WriteData(0x83);
 5678              		.loc 1 1564 1 view .LVU1404
 5679 0158 8320     		movs	r0, #131
 5680 015a FFF7FEFF 		bl	SPI_WriteData
ARM GAS  C:\Users\ADMINI~1\AppData\Local\Temp\ccEmAkiv.s 			page 128


 5681              	.LVL1399:
1565:Module/lcd_cfg.c **** SPI_WriteData(0x79);
 5682              		.loc 1 1565 1 view .LVU1405
 5683 015e 7920     		movs	r0, #121
 5684 0160 FFF7FEFF 		bl	SPI_WriteData
 5685              	.LVL1400:
1566:Module/lcd_cfg.c **** SPI_WriteData(0x86);
 5686              		.loc 1 1566 1 view .LVU1406
 5687 0164 8620     		movs	r0, #134
 5688 0166 FFF7FEFF 		bl	SPI_WriteData
 5689              	.LVL1401:
1567:Module/lcd_cfg.c **** SPI_WriteData(0x79);
 5690              		.loc 1 1567 1 view .LVU1407
 5691 016a 7920     		movs	r0, #121
 5692 016c FFF7FEFF 		bl	SPI_WriteData
 5693              	.LVL1402:
1568:Module/lcd_cfg.c **** SPI_WriteData(0x86);
 5694              		.loc 1 1568 1 view .LVU1408
 5695 0170 8620     		movs	r0, #134
 5696 0172 FFF7FEFF 		bl	SPI_WriteData
 5697              	.LVL1403:
1569:Module/lcd_cfg.c **** SPI_WriteData(0x79);
 5698              		.loc 1 1569 1 view .LVU1409
 5699 0176 7920     		movs	r0, #121
 5700 0178 FFF7FEFF 		bl	SPI_WriteData
 5701              	.LVL1404:
1570:Module/lcd_cfg.c **** SPI_WriteData(0x86);
 5702              		.loc 1 1570 1 view .LVU1410
 5703 017c 8620     		movs	r0, #134
 5704 017e FFF7FEFF 		bl	SPI_WriteData
 5705              	.LVL1405:
1571:Module/lcd_cfg.c **** SPI_WriteData(0x79);
 5706              		.loc 1 1571 1 view .LVU1411
 5707 0182 7920     		movs	r0, #121
 5708 0184 FFF7FEFF 		bl	SPI_WriteData
 5709              	.LVL1406:
1572:Module/lcd_cfg.c **** SPI_WriteData(0x86);
 5710              		.loc 1 1572 1 view .LVU1412
 5711 0188 8620     		movs	r0, #134
 5712 018a FFF7FEFF 		bl	SPI_WriteData
 5713              	.LVL1407:
1573:Module/lcd_cfg.c **** SPI_WriteData(0x79);
 5714              		.loc 1 1573 1 view .LVU1413
 5715 018e 7920     		movs	r0, #121
 5716 0190 FFF7FEFF 		bl	SPI_WriteData
 5717              	.LVL1408:
1574:Module/lcd_cfg.c **** SPI_WriteData(0x86);
 5718              		.loc 1 1574 1 view .LVU1414
 5719 0194 8620     		movs	r0, #134
 5720 0196 FFF7FEFF 		bl	SPI_WriteData
 5721              	.LVL1409:
1575:Module/lcd_cfg.c **** SPI_WriteData(0x7A);
 5722              		.loc 1 1575 1 view .LVU1415
 5723 019a 7A20     		movs	r0, #122
 5724 019c FFF7FEFF 		bl	SPI_WriteData
 5725              	.LVL1410:
1576:Module/lcd_cfg.c **** SPI_WriteData(0x83);
ARM GAS  C:\Users\ADMINI~1\AppData\Local\Temp\ccEmAkiv.s 			page 129


 5726              		.loc 1 1576 1 view .LVU1416
 5727 01a0 8320     		movs	r0, #131
 5728 01a2 FFF7FEFF 		bl	SPI_WriteData
 5729              	.LVL1411:
1577:Module/lcd_cfg.c **** SPI_WriteData(0x7A);
 5730              		.loc 1 1577 1 view .LVU1417
 5731 01a6 7A20     		movs	r0, #122
 5732 01a8 FFF7FEFF 		bl	SPI_WriteData
 5733              	.LVL1412:
1578:Module/lcd_cfg.c **** SPI_WriteData(0x85);
 5734              		.loc 1 1578 1 view .LVU1418
 5735 01ac 8520     		movs	r0, #133
 5736 01ae FFF7FEFF 		bl	SPI_WriteData
 5737              	.LVL1413:
1579:Module/lcd_cfg.c **** 
1580:Module/lcd_cfg.c **** SSD2828_WritePackageSize(17);
 5738              		.loc 1 1580 1 view .LVU1419
 5739 01b2 1120     		movs	r0, #17
 5740 01b4 FFF7FEFF 		bl	SSD2828_WritePackageSize
 5741              	.LVL1414:
1581:Module/lcd_cfg.c **** SPI_WriteData(0xC0);
 5742              		.loc 1 1581 1 view .LVU1420
 5743 01b8 C020     		movs	r0, #192
 5744 01ba FFF7FEFF 		bl	SPI_WriteData
 5745              	.LVL1415:
1582:Module/lcd_cfg.c **** SPI_WriteData(0x7A);
 5746              		.loc 1 1582 1 view .LVU1421
 5747 01be 7A20     		movs	r0, #122
 5748 01c0 FFF7FEFF 		bl	SPI_WriteData
 5749              	.LVL1416:
1583:Module/lcd_cfg.c **** SPI_WriteData(0x85);
 5750              		.loc 1 1583 1 view .LVU1422
 5751 01c4 8520     		movs	r0, #133
 5752 01c6 FFF7FEFF 		bl	SPI_WriteData
 5753              	.LVL1417:
1584:Module/lcd_cfg.c **** SPI_WriteData(0x7A);
 5754              		.loc 1 1584 1 view .LVU1423
 5755 01ca 7A20     		movs	r0, #122
 5756 01cc FFF7FEFF 		bl	SPI_WriteData
 5757              	.LVL1418:
1585:Module/lcd_cfg.c **** SPI_WriteData(0x85);
 5758              		.loc 1 1585 1 view .LVU1424
 5759 01d0 8520     		movs	r0, #133
 5760 01d2 FFF7FEFF 		bl	SPI_WriteData
 5761              	.LVL1419:
1586:Module/lcd_cfg.c **** SPI_WriteData(0x7A);
 5762              		.loc 1 1586 1 view .LVU1425
 5763 01d6 7A20     		movs	r0, #122
 5764 01d8 FFF7FEFF 		bl	SPI_WriteData
 5765              	.LVL1420:
1587:Module/lcd_cfg.c **** SPI_WriteData(0x85);
 5766              		.loc 1 1587 1 view .LVU1426
 5767 01dc 8520     		movs	r0, #133
 5768 01de FFF7FEFF 		bl	SPI_WriteData
 5769              	.LVL1421:
1588:Module/lcd_cfg.c **** SPI_WriteData(0x7A);
 5770              		.loc 1 1588 1 view .LVU1427
ARM GAS  C:\Users\ADMINI~1\AppData\Local\Temp\ccEmAkiv.s 			page 130


 5771 01e2 7A20     		movs	r0, #122
 5772 01e4 FFF7FEFF 		bl	SPI_WriteData
 5773              	.LVL1422:
1589:Module/lcd_cfg.c **** SPI_WriteData(0x85);
 5774              		.loc 1 1589 1 view .LVU1428
 5775 01e8 8520     		movs	r0, #133
 5776 01ea FFF7FEFF 		bl	SPI_WriteData
 5777              	.LVL1423:
1590:Module/lcd_cfg.c **** SPI_WriteData(0x7B);
 5778              		.loc 1 1590 1 view .LVU1429
 5779 01ee 7B20     		movs	r0, #123
 5780 01f0 FFF7FEFF 		bl	SPI_WriteData
 5781              	.LVL1424:
1591:Module/lcd_cfg.c **** SPI_WriteData(0x84);
 5782              		.loc 1 1591 1 view .LVU1430
 5783 01f4 8420     		movs	r0, #132
 5784 01f6 FFF7FEFF 		bl	SPI_WriteData
 5785              	.LVL1425:
1592:Module/lcd_cfg.c **** SPI_WriteData(0x7B);
 5786              		.loc 1 1592 1 view .LVU1431
 5787 01fa 7B20     		movs	r0, #123
 5788 01fc FFF7FEFF 		bl	SPI_WriteData
 5789              	.LVL1426:
1593:Module/lcd_cfg.c **** SPI_WriteData(0x84);
 5790              		.loc 1 1593 1 view .LVU1432
 5791 0200 8420     		movs	r0, #132
 5792 0202 FFF7FEFF 		bl	SPI_WriteData
 5793              	.LVL1427:
1594:Module/lcd_cfg.c **** SPI_WriteData(0x7B);
 5794              		.loc 1 1594 1 view .LVU1433
 5795 0206 7B20     		movs	r0, #123
 5796 0208 FFF7FEFF 		bl	SPI_WriteData
 5797              	.LVL1428:
1595:Module/lcd_cfg.c **** SPI_WriteData(0x84);
 5798              		.loc 1 1595 1 view .LVU1434
 5799 020c 8420     		movs	r0, #132
 5800 020e FFF7FEFF 		bl	SPI_WriteData
 5801              	.LVL1429:
1596:Module/lcd_cfg.c **** SPI_WriteData(0x7B);
 5802              		.loc 1 1596 1 view .LVU1435
 5803 0212 7B20     		movs	r0, #123
 5804 0214 FFF7FEFF 		bl	SPI_WriteData
 5805              	.LVL1430:
1597:Module/lcd_cfg.c **** SPI_WriteData(0x84);
 5806              		.loc 1 1597 1 view .LVU1436
 5807 0218 8420     		movs	r0, #132
 5808 021a FFF7FEFF 		bl	SPI_WriteData
 5809              	.LVL1431:
1598:Module/lcd_cfg.c **** 
1599:Module/lcd_cfg.c **** SSD2828_WritePackageSize(17);
 5810              		.loc 1 1599 1 view .LVU1437
 5811 021e 1120     		movs	r0, #17
 5812 0220 FFF7FEFF 		bl	SSD2828_WritePackageSize
 5813              	.LVL1432:
1600:Module/lcd_cfg.c **** SPI_WriteData(0xD0);
 5814              		.loc 1 1600 1 view .LVU1438
 5815 0224 D020     		movs	r0, #208
ARM GAS  C:\Users\ADMINI~1\AppData\Local\Temp\ccEmAkiv.s 			page 131


 5816 0226 FFF7FEFF 		bl	SPI_WriteData
 5817              	.LVL1433:
1601:Module/lcd_cfg.c **** SPI_WriteData(0x7B);
 5818              		.loc 1 1601 1 view .LVU1439
 5819 022a 7B20     		movs	r0, #123
 5820 022c FFF7FEFF 		bl	SPI_WriteData
 5821              	.LVL1434:
1602:Module/lcd_cfg.c **** SPI_WriteData(0x84);
 5822              		.loc 1 1602 1 view .LVU1440
 5823 0230 8420     		movs	r0, #132
 5824 0232 FFF7FEFF 		bl	SPI_WriteData
 5825              	.LVL1435:
1603:Module/lcd_cfg.c **** SPI_WriteData(0x7B);
 5826              		.loc 1 1603 1 view .LVU1441
 5827 0236 7B20     		movs	r0, #123
 5828 0238 FFF7FEFF 		bl	SPI_WriteData
 5829              	.LVL1436:
1604:Module/lcd_cfg.c **** SPI_WriteData(0x84);
 5830              		.loc 1 1604 1 view .LVU1442
 5831 023c 8420     		movs	r0, #132
 5832 023e FFF7FEFF 		bl	SPI_WriteData
 5833              	.LVL1437:
1605:Module/lcd_cfg.c **** SPI_WriteData(0x7C);
 5834              		.loc 1 1605 1 view .LVU1443
 5835 0242 7C20     		movs	r0, #124
 5836 0244 FFF7FEFF 		bl	SPI_WriteData
 5837              	.LVL1438:
1606:Module/lcd_cfg.c **** SPI_WriteData(0x83);
 5838              		.loc 1 1606 1 view .LVU1444
 5839 0248 8320     		movs	r0, #131
 5840 024a FFF7FEFF 		bl	SPI_WriteData
 5841              	.LVL1439:
1607:Module/lcd_cfg.c **** SPI_WriteData(0x7C);
 5842              		.loc 1 1607 1 view .LVU1445
 5843 024e 7C20     		movs	r0, #124
 5844 0250 FFF7FEFF 		bl	SPI_WriteData
 5845              	.LVL1440:
1608:Module/lcd_cfg.c **** SPI_WriteData(0x83);
 5846              		.loc 1 1608 1 view .LVU1446
 5847 0254 8320     		movs	r0, #131
 5848 0256 FFF7FEFF 		bl	SPI_WriteData
 5849              	.LVL1441:
1609:Module/lcd_cfg.c **** SPI_WriteData(0x7C);
 5850              		.loc 1 1609 1 view .LVU1447
 5851 025a 7C20     		movs	r0, #124
 5852 025c FFF7FEFF 		bl	SPI_WriteData
 5853              	.LVL1442:
1610:Module/lcd_cfg.c **** SPI_WriteData(0x83);
 5854              		.loc 1 1610 1 view .LVU1448
 5855 0260 8320     		movs	r0, #131
 5856 0262 FFF7FEFF 		bl	SPI_WriteData
 5857              	.LVL1443:
1611:Module/lcd_cfg.c **** SPI_WriteData(0x7C);
 5858              		.loc 1 1611 1 view .LVU1449
 5859 0266 7C20     		movs	r0, #124
 5860 0268 FFF7FEFF 		bl	SPI_WriteData
 5861              	.LVL1444:
ARM GAS  C:\Users\ADMINI~1\AppData\Local\Temp\ccEmAkiv.s 			page 132


1612:Module/lcd_cfg.c **** SPI_WriteData(0x83);
 5862              		.loc 1 1612 1 view .LVU1450
 5863 026c 8320     		movs	r0, #131
 5864 026e FFF7FEFF 		bl	SPI_WriteData
 5865              	.LVL1445:
1613:Module/lcd_cfg.c **** SPI_WriteData(0x7C);
 5866              		.loc 1 1613 1 view .LVU1451
 5867 0272 7C20     		movs	r0, #124
 5868 0274 FFF7FEFF 		bl	SPI_WriteData
 5869              	.LVL1446:
1614:Module/lcd_cfg.c **** SPI_WriteData(0x83);
 5870              		.loc 1 1614 1 view .LVU1452
 5871 0278 8320     		movs	r0, #131
 5872 027a FFF7FEFF 		bl	SPI_WriteData
 5873              	.LVL1447:
1615:Module/lcd_cfg.c **** SPI_WriteData(0x7C);
 5874              		.loc 1 1615 1 view .LVU1453
 5875 027e 7C20     		movs	r0, #124
 5876 0280 FFF7FEFF 		bl	SPI_WriteData
 5877              	.LVL1448:
1616:Module/lcd_cfg.c **** SPI_WriteData(0x83);
 5878              		.loc 1 1616 1 view .LVU1454
 5879 0284 8320     		movs	r0, #131
 5880 0286 FFF7FEFF 		bl	SPI_WriteData
 5881              	.LVL1449:
1617:Module/lcd_cfg.c **** 
1618:Module/lcd_cfg.c **** SSD2828_WritePackageSize(17);
 5882              		.loc 1 1618 1 view .LVU1455
 5883 028a 1120     		movs	r0, #17
 5884 028c FFF7FEFF 		bl	SSD2828_WritePackageSize
 5885              	.LVL1450:
1619:Module/lcd_cfg.c **** SPI_WriteData(0xE0);
 5886              		.loc 1 1619 1 view .LVU1456
 5887 0290 E020     		movs	r0, #224
 5888 0292 FFF7FEFF 		bl	SPI_WriteData
 5889              	.LVL1451:
1620:Module/lcd_cfg.c **** SPI_WriteData(0xFE);
 5890              		.loc 1 1620 1 view .LVU1457
 5891 0296 FE20     		movs	r0, #254
 5892 0298 FFF7FEFF 		bl	SPI_WriteData
 5893              	.LVL1452:
1621:Module/lcd_cfg.c **** SPI_WriteData(0x7F);
 5894              		.loc 1 1621 1 view .LVU1458
 5895 029c 7F20     		movs	r0, #127
 5896 029e FFF7FEFF 		bl	SPI_WriteData
 5897              	.LVL1453:
1622:Module/lcd_cfg.c **** SPI_WriteData(0x7F);
 5898              		.loc 1 1622 1 view .LVU1459
 5899 02a2 7F20     		movs	r0, #127
 5900 02a4 FFF7FEFF 		bl	SPI_WriteData
 5901              	.LVL1454:
1623:Module/lcd_cfg.c **** SPI_WriteData(0xFE);
 5902              		.loc 1 1623 1 view .LVU1460
 5903 02a8 FE20     		movs	r0, #254
 5904 02aa FFF7FEFF 		bl	SPI_WriteData
 5905              	.LVL1455:
1624:Module/lcd_cfg.c **** SPI_WriteData(0xFE);
ARM GAS  C:\Users\ADMINI~1\AppData\Local\Temp\ccEmAkiv.s 			page 133


 5906              		.loc 1 1624 1 view .LVU1461
 5907 02ae FE20     		movs	r0, #254
 5908 02b0 FFF7FEFF 		bl	SPI_WriteData
 5909              	.LVL1456:
1625:Module/lcd_cfg.c **** SPI_WriteData(0xFE);
 5910              		.loc 1 1625 1 view .LVU1462
 5911 02b4 FE20     		movs	r0, #254
 5912 02b6 FFF7FEFF 		bl	SPI_WriteData
 5913              	.LVL1457:
1626:Module/lcd_cfg.c **** SPI_WriteData(0xFE);
 5914              		.loc 1 1626 1 view .LVU1463
 5915 02ba FE20     		movs	r0, #254
 5916 02bc FFF7FEFF 		bl	SPI_WriteData
 5917              	.LVL1458:
1627:Module/lcd_cfg.c **** SPI_WriteData(0xFE);
 5918              		.loc 1 1627 1 view .LVU1464
 5919 02c0 FE20     		movs	r0, #254
 5920 02c2 FFF7FEFF 		bl	SPI_WriteData
 5921              	.LVL1459:
1628:Module/lcd_cfg.c **** SPI_WriteData(0xFE);
 5922              		.loc 1 1628 1 view .LVU1465
 5923 02c6 FE20     		movs	r0, #254
 5924 02c8 FFF7FEFF 		bl	SPI_WriteData
 5925              	.LVL1460:
1629:Module/lcd_cfg.c **** SPI_WriteData(0xFE);
 5926              		.loc 1 1629 1 view .LVU1466
 5927 02cc FE20     		movs	r0, #254
 5928 02ce FFF7FEFF 		bl	SPI_WriteData
 5929              	.LVL1461:
1630:Module/lcd_cfg.c **** SPI_WriteData(0xFE);
 5930              		.loc 1 1630 1 view .LVU1467
 5931 02d2 FE20     		movs	r0, #254
 5932 02d4 FFF7FEFF 		bl	SPI_WriteData
 5933              	.LVL1462:
1631:Module/lcd_cfg.c **** SPI_WriteData(0xFE);
 5934              		.loc 1 1631 1 view .LVU1468
 5935 02d8 FE20     		movs	r0, #254
 5936 02da FFF7FEFF 		bl	SPI_WriteData
 5937              	.LVL1463:
1632:Module/lcd_cfg.c **** SPI_WriteData(0xFE);
 5938              		.loc 1 1632 1 view .LVU1469
 5939 02de FE20     		movs	r0, #254
 5940 02e0 FFF7FEFF 		bl	SPI_WriteData
 5941              	.LVL1464:
1633:Module/lcd_cfg.c **** SPI_WriteData(0xD4);
 5942              		.loc 1 1633 1 view .LVU1470
 5943 02e4 D420     		movs	r0, #212
 5944 02e6 FFF7FEFF 		bl	SPI_WriteData
 5945              	.LVL1465:
1634:Module/lcd_cfg.c **** SPI_WriteData(0x7F);
 5946              		.loc 1 1634 1 view .LVU1471
 5947 02ea 7F20     		movs	r0, #127
 5948 02ec FFF7FEFF 		bl	SPI_WriteData
 5949              	.LVL1466:
1635:Module/lcd_cfg.c **** SPI_WriteData(0xD4);
 5950              		.loc 1 1635 1 view .LVU1472
 5951 02f0 D420     		movs	r0, #212
ARM GAS  C:\Users\ADMINI~1\AppData\Local\Temp\ccEmAkiv.s 			page 134


 5952 02f2 FFF7FEFF 		bl	SPI_WriteData
 5953              	.LVL1467:
1636:Module/lcd_cfg.c **** 
1637:Module/lcd_cfg.c **** SSD2828_WritePackageSize(17);
 5954              		.loc 1 1637 1 view .LVU1473
 5955 02f6 1120     		movs	r0, #17
 5956 02f8 FFF7FEFF 		bl	SSD2828_WritePackageSize
 5957              	.LVL1468:
1638:Module/lcd_cfg.c **** SPI_WriteData(0xF0);
 5958              		.loc 1 1638 1 view .LVU1474
 5959 02fc F020     		movs	r0, #240
 5960 02fe FFF7FEFF 		bl	SPI_WriteData
 5961              	.LVL1469:
1639:Module/lcd_cfg.c **** SPI_WriteData(0xD4);
 5962              		.loc 1 1639 1 view .LVU1475
 5963 0302 D420     		movs	r0, #212
 5964 0304 FFF7FEFF 		bl	SPI_WriteData
 5965              	.LVL1470:
1640:Module/lcd_cfg.c **** SPI_WriteData(0xD4);
 5966              		.loc 1 1640 1 view .LVU1476
 5967 0308 D420     		movs	r0, #212
 5968 030a FFF7FEFF 		bl	SPI_WriteData
 5969              	.LVL1471:
1641:Module/lcd_cfg.c **** SPI_WriteData(0xD4);
 5970              		.loc 1 1641 1 view .LVU1477
 5971 030e D420     		movs	r0, #212
 5972 0310 FFF7FEFF 		bl	SPI_WriteData
 5973              	.LVL1472:
1642:Module/lcd_cfg.c **** SPI_WriteData(0xD4);
 5974              		.loc 1 1642 1 view .LVU1478
 5975 0314 D420     		movs	r0, #212
 5976 0316 FFF7FEFF 		bl	SPI_WriteData
 5977              	.LVL1473:
1643:Module/lcd_cfg.c **** SPI_WriteData(0xD4);
 5978              		.loc 1 1643 1 view .LVU1479
 5979 031a D420     		movs	r0, #212
 5980 031c FFF7FEFF 		bl	SPI_WriteData
 5981              	.LVL1474:
1644:Module/lcd_cfg.c **** SPI_WriteData(0xD4);
 5982              		.loc 1 1644 1 view .LVU1480
 5983 0320 D420     		movs	r0, #212
 5984 0322 FFF7FEFF 		bl	SPI_WriteData
 5985              	.LVL1475:
1645:Module/lcd_cfg.c **** SPI_WriteData(0xD4);
 5986              		.loc 1 1645 1 view .LVU1481
 5987 0326 D420     		movs	r0, #212
 5988 0328 FFF7FEFF 		bl	SPI_WriteData
 5989              	.LVL1476:
1646:Module/lcd_cfg.c **** SPI_WriteData(0xD4);
 5990              		.loc 1 1646 1 view .LVU1482
 5991 032c D420     		movs	r0, #212
 5992 032e FFF7FEFF 		bl	SPI_WriteData
 5993              	.LVL1477:
1647:Module/lcd_cfg.c **** SPI_WriteData(0xD4);
 5994              		.loc 1 1647 1 view .LVU1483
 5995 0332 D420     		movs	r0, #212
 5996 0334 FFF7FEFF 		bl	SPI_WriteData
ARM GAS  C:\Users\ADMINI~1\AppData\Local\Temp\ccEmAkiv.s 			page 135


 5997              	.LVL1478:
1648:Module/lcd_cfg.c **** SPI_WriteData(0xAA);
 5998              		.loc 1 1648 1 view .LVU1484
 5999 0338 AA20     		movs	r0, #170
 6000 033a FFF7FEFF 		bl	SPI_WriteData
 6001              	.LVL1479:
1649:Module/lcd_cfg.c **** SPI_WriteData(0xAA);
 6002              		.loc 1 1649 1 view .LVU1485
 6003 033e AA20     		movs	r0, #170
 6004 0340 FFF7FEFF 		bl	SPI_WriteData
 6005              	.LVL1480:
1650:Module/lcd_cfg.c **** SPI_WriteData(0xAA);
 6006              		.loc 1 1650 1 view .LVU1486
 6007 0344 AA20     		movs	r0, #170
 6008 0346 FFF7FEFF 		bl	SPI_WriteData
 6009              	.LVL1481:
1651:Module/lcd_cfg.c **** SPI_WriteData(0xAA);
 6010              		.loc 1 1651 1 view .LVU1487
 6011 034a AA20     		movs	r0, #170
 6012 034c FFF7FEFF 		bl	SPI_WriteData
 6013              	.LVL1482:
1652:Module/lcd_cfg.c **** SPI_WriteData(0xAA);
 6014              		.loc 1 1652 1 view .LVU1488
 6015 0350 AA20     		movs	r0, #170
 6016 0352 FFF7FEFF 		bl	SPI_WriteData
 6017              	.LVL1483:
1653:Module/lcd_cfg.c **** SPI_WriteData(0xAA);
 6018              		.loc 1 1653 1 view .LVU1489
 6019 0356 AA20     		movs	r0, #170
 6020 0358 FFF7FEFF 		bl	SPI_WriteData
 6021              	.LVL1484:
1654:Module/lcd_cfg.c **** SPI_WriteData(0xAA);
 6022              		.loc 1 1654 1 view .LVU1490
 6023 035c AA20     		movs	r0, #170
 6024 035e FFF7FEFF 		bl	SPI_WriteData
 6025              	.LVL1485:
1655:Module/lcd_cfg.c **** }
 6026              		.loc 1 1655 1 is_stmt 0 view .LVU1491
 6027 0362 08BD     		pop	{r3, pc}
 6028              		.cfi_endproc
 6029              	.LFE121:
 6031              		.section	.text.fun4,"ax",%progbits
 6032              		.align	1
 6033              		.global	fun4
 6034              		.syntax unified
 6035              		.thumb
 6036              		.thumb_func
 6038              	fun4:
 6039              	.LFB122:
1656:Module/lcd_cfg.c **** 
1657:Module/lcd_cfg.c **** 
1658:Module/lcd_cfg.c **** void fun4(void)
1659:Module/lcd_cfg.c **** {
 6040              		.loc 1 1659 1 is_stmt 1 view -0
 6041              		.cfi_startproc
 6042              		@ args = 0, pretend = 0, frame = 0
 6043              		@ frame_needed = 0, uses_anonymous_args = 0
ARM GAS  C:\Users\ADMINI~1\AppData\Local\Temp\ccEmAkiv.s 			page 136


 6044 0000 08B5     		push	{r3, lr}
 6045              	.LCFI3:
 6046              		.cfi_def_cfa_offset 8
 6047              		.cfi_offset 3, -8
 6048              		.cfi_offset 14, -4
1660:Module/lcd_cfg.c **** 
1661:Module/lcd_cfg.c **** //Blank25
1662:Module/lcd_cfg.c **** SSD2828_WritePackageSize(3);
 6049              		.loc 1 1662 1 view .LVU1493
 6050 0002 0320     		movs	r0, #3
 6051 0004 FFF7FEFF 		bl	SSD2828_WritePackageSize
 6052              	.LVL1486:
1663:Module/lcd_cfg.c **** SPI_WriteData(0x41);
 6053              		.loc 1 1663 1 view .LVU1494
 6054 0008 4120     		movs	r0, #65
 6055 000a FFF7FEFF 		bl	SPI_WriteData
 6056              	.LVL1487:
1664:Module/lcd_cfg.c **** SPI_WriteData(0x5A);
 6057              		.loc 1 1664 1 view .LVU1495
 6058 000e 5A20     		movs	r0, #90
 6059 0010 FFF7FEFF 		bl	SPI_WriteData
 6060              	.LVL1488:
1665:Module/lcd_cfg.c **** SPI_WriteData(0x19);
 6061              		.loc 1 1665 1 view .LVU1496
 6062 0014 1920     		movs	r0, #25
 6063 0016 FFF7FEFF 		bl	SPI_WriteData
 6064              	.LVL1489:
1666:Module/lcd_cfg.c **** 
1667:Module/lcd_cfg.c **** SSD2828_WritePackageSize(17);
 6065              		.loc 1 1667 1 view .LVU1497
 6066 001a 1120     		movs	r0, #17
 6067 001c FFF7FEFF 		bl	SSD2828_WritePackageSize
 6068              	.LVL1490:
1668:Module/lcd_cfg.c **** SPI_WriteData(0x80);
 6069              		.loc 1 1668 1 view .LVU1498
 6070 0020 8020     		movs	r0, #128
 6071 0022 FFF7FEFF 		bl	SPI_WriteData
 6072              	.LVL1491:
1669:Module/lcd_cfg.c **** SPI_WriteData(0xAA);
 6073              		.loc 1 1669 1 view .LVU1499
 6074 0026 AA20     		movs	r0, #170
 6075 0028 FFF7FEFF 		bl	SPI_WriteData
 6076              	.LVL1492:
1670:Module/lcd_cfg.c **** SPI_WriteData(0xAA);
 6077              		.loc 1 1670 1 view .LVU1500
 6078 002c AA20     		movs	r0, #170
 6079 002e FFF7FEFF 		bl	SPI_WriteData
 6080              	.LVL1493:
1671:Module/lcd_cfg.c **** SPI_WriteData(0xAA);
 6081              		.loc 1 1671 1 view .LVU1501
 6082 0032 AA20     		movs	r0, #170
 6083 0034 FFF7FEFF 		bl	SPI_WriteData
 6084              	.LVL1494:
1672:Module/lcd_cfg.c **** SPI_WriteData(0xAA);
 6085              		.loc 1 1672 1 view .LVU1502
 6086 0038 AA20     		movs	r0, #170
 6087 003a FFF7FEFF 		bl	SPI_WriteData
ARM GAS  C:\Users\ADMINI~1\AppData\Local\Temp\ccEmAkiv.s 			page 137


 6088              	.LVL1495:
1673:Module/lcd_cfg.c **** SPI_WriteData(0xAA);
 6089              		.loc 1 1673 1 view .LVU1503
 6090 003e AA20     		movs	r0, #170
 6091 0040 FFF7FEFF 		bl	SPI_WriteData
 6092              	.LVL1496:
1674:Module/lcd_cfg.c **** SPI_WriteData(0x7F);
 6093              		.loc 1 1674 1 view .LVU1504
 6094 0044 7F20     		movs	r0, #127
 6095 0046 FFF7FEFF 		bl	SPI_WriteData
 6096              	.LVL1497:
1675:Module/lcd_cfg.c **** SPI_WriteData(0x7F);
 6097              		.loc 1 1675 1 view .LVU1505
 6098 004a 7F20     		movs	r0, #127
 6099 004c FFF7FEFF 		bl	SPI_WriteData
 6100              	.LVL1498:
1676:Module/lcd_cfg.c **** SPI_WriteData(0x7F);
 6101              		.loc 1 1676 1 view .LVU1506
 6102 0050 7F20     		movs	r0, #127
 6103 0052 FFF7FEFF 		bl	SPI_WriteData
 6104              	.LVL1499:
1677:Module/lcd_cfg.c **** SPI_WriteData(0x7F);
 6105              		.loc 1 1677 1 view .LVU1507
 6106 0056 7F20     		movs	r0, #127
 6107 0058 FFF7FEFF 		bl	SPI_WriteData
 6108              	.LVL1500:
1678:Module/lcd_cfg.c **** SPI_WriteData(0x7F);
 6109              		.loc 1 1678 1 view .LVU1508
 6110 005c 7F20     		movs	r0, #127
 6111 005e FFF7FEFF 		bl	SPI_WriteData
 6112              	.LVL1501:
1679:Module/lcd_cfg.c **** SPI_WriteData(0x7F);
 6113              		.loc 1 1679 1 view .LVU1509
 6114 0062 7F20     		movs	r0, #127
 6115 0064 FFF7FEFF 		bl	SPI_WriteData
 6116              	.LVL1502:
1680:Module/lcd_cfg.c **** SPI_WriteData(0x7F);
 6117              		.loc 1 1680 1 view .LVU1510
 6118 0068 7F20     		movs	r0, #127
 6119 006a FFF7FEFF 		bl	SPI_WriteData
 6120              	.LVL1503:
1681:Module/lcd_cfg.c **** SPI_WriteData(0x7F);
 6121              		.loc 1 1681 1 view .LVU1511
 6122 006e 7F20     		movs	r0, #127
 6123 0070 FFF7FEFF 		bl	SPI_WriteData
 6124              	.LVL1504:
1682:Module/lcd_cfg.c **** SPI_WriteData(0x7F);
 6125              		.loc 1 1682 1 view .LVU1512
 6126 0074 7F20     		movs	r0, #127
 6127 0076 FFF7FEFF 		bl	SPI_WriteData
 6128              	.LVL1505:
1683:Module/lcd_cfg.c **** SPI_WriteData(0x7F);
 6129              		.loc 1 1683 1 view .LVU1513
 6130 007a 7F20     		movs	r0, #127
 6131 007c FFF7FEFF 		bl	SPI_WriteData
 6132              	.LVL1506:
1684:Module/lcd_cfg.c **** SPI_WriteData(0x7F);
ARM GAS  C:\Users\ADMINI~1\AppData\Local\Temp\ccEmAkiv.s 			page 138


 6133              		.loc 1 1684 1 view .LVU1514
 6134 0080 7F20     		movs	r0, #127
 6135 0082 FFF7FEFF 		bl	SPI_WriteData
 6136              	.LVL1507:
1685:Module/lcd_cfg.c **** 
1686:Module/lcd_cfg.c **** SSD2828_WritePackageSize(17);
 6137              		.loc 1 1686 1 view .LVU1515
 6138 0086 1120     		movs	r0, #17
 6139 0088 FFF7FEFF 		bl	SSD2828_WritePackageSize
 6140              	.LVL1508:
1687:Module/lcd_cfg.c **** SPI_WriteData(0x90);
 6141              		.loc 1 1687 1 view .LVU1516
 6142 008c 9020     		movs	r0, #144
 6143 008e FFF7FEFF 		bl	SPI_WriteData
 6144              	.LVL1509:
1688:Module/lcd_cfg.c **** SPI_WriteData(0x7F);
 6145              		.loc 1 1688 1 view .LVU1517
 6146 0092 7F20     		movs	r0, #127
 6147 0094 FFF7FEFF 		bl	SPI_WriteData
 6148              	.LVL1510:
1689:Module/lcd_cfg.c **** SPI_WriteData(0x7C);
 6149              		.loc 1 1689 1 view .LVU1518
 6150 0098 7C20     		movs	r0, #124
 6151 009a FFF7FEFF 		bl	SPI_WriteData
 6152              	.LVL1511:
1690:Module/lcd_cfg.c **** SPI_WriteData(0x83);
 6153              		.loc 1 1690 1 view .LVU1519
 6154 009e 8320     		movs	r0, #131
 6155 00a0 FFF7FEFF 		bl	SPI_WriteData
 6156              	.LVL1512:
1691:Module/lcd_cfg.c **** SPI_WriteData(0x79);
 6157              		.loc 1 1691 1 view .LVU1520
 6158 00a4 7920     		movs	r0, #121
 6159 00a6 FFF7FEFF 		bl	SPI_WriteData
 6160              	.LVL1513:
1692:Module/lcd_cfg.c **** SPI_WriteData(0x86);
 6161              		.loc 1 1692 1 view .LVU1521
 6162 00aa 8620     		movs	r0, #134
 6163 00ac FFF7FEFF 		bl	SPI_WriteData
 6164              	.LVL1514:
1693:Module/lcd_cfg.c **** SPI_WriteData(0x79);
 6165              		.loc 1 1693 1 view .LVU1522
 6166 00b0 7920     		movs	r0, #121
 6167 00b2 FFF7FEFF 		bl	SPI_WriteData
 6168              	.LVL1515:
1694:Module/lcd_cfg.c **** SPI_WriteData(0x86);
 6169              		.loc 1 1694 1 view .LVU1523
 6170 00b6 8620     		movs	r0, #134
 6171 00b8 FFF7FEFF 		bl	SPI_WriteData
 6172              	.LVL1516:
1695:Module/lcd_cfg.c **** SPI_WriteData(0x79);
 6173              		.loc 1 1695 1 view .LVU1524
 6174 00bc 7920     		movs	r0, #121
 6175 00be FFF7FEFF 		bl	SPI_WriteData
 6176              	.LVL1517:
1696:Module/lcd_cfg.c **** SPI_WriteData(0x86);
 6177              		.loc 1 1696 1 view .LVU1525
ARM GAS  C:\Users\ADMINI~1\AppData\Local\Temp\ccEmAkiv.s 			page 139


 6178 00c2 8620     		movs	r0, #134
 6179 00c4 FFF7FEFF 		bl	SPI_WriteData
 6180              	.LVL1518:
1697:Module/lcd_cfg.c **** SPI_WriteData(0x79);
 6181              		.loc 1 1697 1 view .LVU1526
 6182 00c8 7920     		movs	r0, #121
 6183 00ca FFF7FEFF 		bl	SPI_WriteData
 6184              	.LVL1519:
1698:Module/lcd_cfg.c **** SPI_WriteData(0x86);
 6185              		.loc 1 1698 1 view .LVU1527
 6186 00ce 8620     		movs	r0, #134
 6187 00d0 FFF7FEFF 		bl	SPI_WriteData
 6188              	.LVL1520:
1699:Module/lcd_cfg.c **** SPI_WriteData(0x79);
 6189              		.loc 1 1699 1 view .LVU1528
 6190 00d4 7920     		movs	r0, #121
 6191 00d6 FFF7FEFF 		bl	SPI_WriteData
 6192              	.LVL1521:
1700:Module/lcd_cfg.c **** SPI_WriteData(0x86);
 6193              		.loc 1 1700 1 view .LVU1529
 6194 00da 8620     		movs	r0, #134
 6195 00dc FFF7FEFF 		bl	SPI_WriteData
 6196              	.LVL1522:
1701:Module/lcd_cfg.c **** SPI_WriteData(0x7A);
 6197              		.loc 1 1701 1 view .LVU1530
 6198 00e0 7A20     		movs	r0, #122
 6199 00e2 FFF7FEFF 		bl	SPI_WriteData
 6200              	.LVL1523:
1702:Module/lcd_cfg.c **** SPI_WriteData(0x83);
 6201              		.loc 1 1702 1 view .LVU1531
 6202 00e6 8320     		movs	r0, #131
 6203 00e8 FFF7FEFF 		bl	SPI_WriteData
 6204              	.LVL1524:
1703:Module/lcd_cfg.c **** SPI_WriteData(0x7A);
 6205              		.loc 1 1703 1 view .LVU1532
 6206 00ec 7A20     		movs	r0, #122
 6207 00ee FFF7FEFF 		bl	SPI_WriteData
 6208              	.LVL1525:
1704:Module/lcd_cfg.c **** 
1705:Module/lcd_cfg.c **** SSD2828_WritePackageSize(17);
 6209              		.loc 1 1705 1 view .LVU1533
 6210 00f2 1120     		movs	r0, #17
 6211 00f4 FFF7FEFF 		bl	SSD2828_WritePackageSize
 6212              	.LVL1526:
1706:Module/lcd_cfg.c **** SPI_WriteData(0xA0);
 6213              		.loc 1 1706 1 view .LVU1534
 6214 00f8 A020     		movs	r0, #160
 6215 00fa FFF7FEFF 		bl	SPI_WriteData
 6216              	.LVL1527:
1707:Module/lcd_cfg.c **** SPI_WriteData(0x85);
 6217              		.loc 1 1707 1 view .LVU1535
 6218 00fe 8520     		movs	r0, #133
 6219 0100 FFF7FEFF 		bl	SPI_WriteData
 6220              	.LVL1528:
1708:Module/lcd_cfg.c **** SPI_WriteData(0x7A);
 6221              		.loc 1 1708 1 view .LVU1536
 6222 0104 7A20     		movs	r0, #122
ARM GAS  C:\Users\ADMINI~1\AppData\Local\Temp\ccEmAkiv.s 			page 140


 6223 0106 FFF7FEFF 		bl	SPI_WriteData
 6224              	.LVL1529:
1709:Module/lcd_cfg.c **** SPI_WriteData(0x85);
 6225              		.loc 1 1709 1 view .LVU1537
 6226 010a 8520     		movs	r0, #133
 6227 010c FFF7FEFF 		bl	SPI_WriteData
 6228              	.LVL1530:
1710:Module/lcd_cfg.c **** SPI_WriteData(0x7A);
 6229              		.loc 1 1710 1 view .LVU1538
 6230 0110 7A20     		movs	r0, #122
 6231 0112 FFF7FEFF 		bl	SPI_WriteData
 6232              	.LVL1531:
1711:Module/lcd_cfg.c **** SPI_WriteData(0x85);
 6233              		.loc 1 1711 1 view .LVU1539
 6234 0116 8520     		movs	r0, #133
 6235 0118 FFF7FEFF 		bl	SPI_WriteData
 6236              	.LVL1532:
1712:Module/lcd_cfg.c **** SPI_WriteData(0x7A);
 6237              		.loc 1 1712 1 view .LVU1540
 6238 011c 7A20     		movs	r0, #122
 6239 011e FFF7FEFF 		bl	SPI_WriteData
 6240              	.LVL1533:
1713:Module/lcd_cfg.c **** SPI_WriteData(0x85);
 6241              		.loc 1 1713 1 view .LVU1541
 6242 0122 8520     		movs	r0, #133
 6243 0124 FFF7FEFF 		bl	SPI_WriteData
 6244              	.LVL1534:
1714:Module/lcd_cfg.c **** SPI_WriteData(0x7A);
 6245              		.loc 1 1714 1 view .LVU1542
 6246 0128 7A20     		movs	r0, #122
 6247 012a FFF7FEFF 		bl	SPI_WriteData
 6248              	.LVL1535:
1715:Module/lcd_cfg.c **** SPI_WriteData(0x85);
 6249              		.loc 1 1715 1 view .LVU1543
 6250 012e 8520     		movs	r0, #133
 6251 0130 FFF7FEFF 		bl	SPI_WriteData
 6252              	.LVL1536:
1716:Module/lcd_cfg.c **** SPI_WriteData(0x7B);
 6253              		.loc 1 1716 1 view .LVU1544
 6254 0134 7B20     		movs	r0, #123
 6255 0136 FFF7FEFF 		bl	SPI_WriteData
 6256              	.LVL1537:
1717:Module/lcd_cfg.c **** SPI_WriteData(0x84);
 6257              		.loc 1 1717 1 view .LVU1545
 6258 013a 8420     		movs	r0, #132
 6259 013c FFF7FEFF 		bl	SPI_WriteData
 6260              	.LVL1538:
1718:Module/lcd_cfg.c **** SPI_WriteData(0x7B);
 6261              		.loc 1 1718 1 view .LVU1546
 6262 0140 7B20     		movs	r0, #123
 6263 0142 FFF7FEFF 		bl	SPI_WriteData
 6264              	.LVL1539:
1719:Module/lcd_cfg.c **** SPI_WriteData(0x84);
 6265              		.loc 1 1719 1 view .LVU1547
 6266 0146 8420     		movs	r0, #132
 6267 0148 FFF7FEFF 		bl	SPI_WriteData
 6268              	.LVL1540:
ARM GAS  C:\Users\ADMINI~1\AppData\Local\Temp\ccEmAkiv.s 			page 141


1720:Module/lcd_cfg.c **** SPI_WriteData(0x7B);
 6269              		.loc 1 1720 1 view .LVU1548
 6270 014c 7B20     		movs	r0, #123
 6271 014e FFF7FEFF 		bl	SPI_WriteData
 6272              	.LVL1541:
1721:Module/lcd_cfg.c **** SPI_WriteData(0x84);
 6273              		.loc 1 1721 1 view .LVU1549
 6274 0152 8420     		movs	r0, #132
 6275 0154 FFF7FEFF 		bl	SPI_WriteData
 6276              	.LVL1542:
1722:Module/lcd_cfg.c **** SPI_WriteData(0x7B);
 6277              		.loc 1 1722 1 view .LVU1550
 6278 0158 7B20     		movs	r0, #123
 6279 015a FFF7FEFF 		bl	SPI_WriteData
 6280              	.LVL1543:
1723:Module/lcd_cfg.c **** 
1724:Module/lcd_cfg.c **** SSD2828_WritePackageSize(17);
 6281              		.loc 1 1724 1 view .LVU1551
 6282 015e 1120     		movs	r0, #17
 6283 0160 FFF7FEFF 		bl	SSD2828_WritePackageSize
 6284              	.LVL1544:
1725:Module/lcd_cfg.c **** SPI_WriteData(0xB0);
 6285              		.loc 1 1725 1 view .LVU1552
 6286 0164 B020     		movs	r0, #176
 6287 0166 FFF7FEFF 		bl	SPI_WriteData
 6288              	.LVL1545:
1726:Module/lcd_cfg.c **** SPI_WriteData(0x84);
 6289              		.loc 1 1726 1 view .LVU1553
 6290 016a 8420     		movs	r0, #132
 6291 016c FFF7FEFF 		bl	SPI_WriteData
 6292              	.LVL1546:
1727:Module/lcd_cfg.c **** SPI_WriteData(0x7B);
 6293              		.loc 1 1727 1 view .LVU1554
 6294 0170 7B20     		movs	r0, #123
 6295 0172 FFF7FEFF 		bl	SPI_WriteData
 6296              	.LVL1547:
1728:Module/lcd_cfg.c **** SPI_WriteData(0x84);
 6297              		.loc 1 1728 1 view .LVU1555
 6298 0176 8420     		movs	r0, #132
 6299 0178 FFF7FEFF 		bl	SPI_WriteData
 6300              	.LVL1548:
1729:Module/lcd_cfg.c **** SPI_WriteData(0x7B);
 6301              		.loc 1 1729 1 view .LVU1556
 6302 017c 7B20     		movs	r0, #123
 6303 017e FFF7FEFF 		bl	SPI_WriteData
 6304              	.LVL1549:
1730:Module/lcd_cfg.c **** SPI_WriteData(0x84);
 6305              		.loc 1 1730 1 view .LVU1557
 6306 0182 8420     		movs	r0, #132
 6307 0184 FFF7FEFF 		bl	SPI_WriteData
 6308              	.LVL1550:
1731:Module/lcd_cfg.c **** SPI_WriteData(0x7C);
 6309              		.loc 1 1731 1 view .LVU1558
 6310 0188 7C20     		movs	r0, #124
 6311 018a FFF7FEFF 		bl	SPI_WriteData
 6312              	.LVL1551:
1732:Module/lcd_cfg.c **** SPI_WriteData(0x83);
ARM GAS  C:\Users\ADMINI~1\AppData\Local\Temp\ccEmAkiv.s 			page 142


 6313              		.loc 1 1732 1 view .LVU1559
 6314 018e 8320     		movs	r0, #131
 6315 0190 FFF7FEFF 		bl	SPI_WriteData
 6316              	.LVL1552:
1733:Module/lcd_cfg.c **** SPI_WriteData(0x7C);
 6317              		.loc 1 1733 1 view .LVU1560
 6318 0194 7C20     		movs	r0, #124
 6319 0196 FFF7FEFF 		bl	SPI_WriteData
 6320              	.LVL1553:
1734:Module/lcd_cfg.c **** SPI_WriteData(0x83);
 6321              		.loc 1 1734 1 view .LVU1561
 6322 019a 8320     		movs	r0, #131
 6323 019c FFF7FEFF 		bl	SPI_WriteData
 6324              	.LVL1554:
1735:Module/lcd_cfg.c **** SPI_WriteData(0x7C);
 6325              		.loc 1 1735 1 view .LVU1562
 6326 01a0 7C20     		movs	r0, #124
 6327 01a2 FFF7FEFF 		bl	SPI_WriteData
 6328              	.LVL1555:
1736:Module/lcd_cfg.c **** SPI_WriteData(0x83);
 6329              		.loc 1 1736 1 view .LVU1563
 6330 01a6 8320     		movs	r0, #131
 6331 01a8 FFF7FEFF 		bl	SPI_WriteData
 6332              	.LVL1556:
1737:Module/lcd_cfg.c **** SPI_WriteData(0x7C);
 6333              		.loc 1 1737 1 view .LVU1564
 6334 01ac 7C20     		movs	r0, #124
 6335 01ae FFF7FEFF 		bl	SPI_WriteData
 6336              	.LVL1557:
1738:Module/lcd_cfg.c **** SPI_WriteData(0x83);
 6337              		.loc 1 1738 1 view .LVU1565
 6338 01b2 8320     		movs	r0, #131
 6339 01b4 FFF7FEFF 		bl	SPI_WriteData
 6340              	.LVL1558:
1739:Module/lcd_cfg.c **** SPI_WriteData(0x7C);
 6341              		.loc 1 1739 1 view .LVU1566
 6342 01b8 7C20     		movs	r0, #124
 6343 01ba FFF7FEFF 		bl	SPI_WriteData
 6344              	.LVL1559:
1740:Module/lcd_cfg.c **** SPI_WriteData(0x83);
 6345              		.loc 1 1740 1 view .LVU1567
 6346 01be 8320     		movs	r0, #131
 6347 01c0 FFF7FEFF 		bl	SPI_WriteData
 6348              	.LVL1560:
1741:Module/lcd_cfg.c **** SPI_WriteData(0x7C);
 6349              		.loc 1 1741 1 view .LVU1568
 6350 01c4 7C20     		movs	r0, #124
 6351 01c6 FFF7FEFF 		bl	SPI_WriteData
 6352              	.LVL1561:
1742:Module/lcd_cfg.c **** 
1743:Module/lcd_cfg.c **** SSD2828_WritePackageSize(17);
 6353              		.loc 1 1743 1 view .LVU1569
 6354 01ca 1120     		movs	r0, #17
 6355 01cc FFF7FEFF 		bl	SSD2828_WritePackageSize
 6356              	.LVL1562:
1744:Module/lcd_cfg.c **** SPI_WriteData(0xC0);
 6357              		.loc 1 1744 1 view .LVU1570
ARM GAS  C:\Users\ADMINI~1\AppData\Local\Temp\ccEmAkiv.s 			page 143


 6358 01d0 C020     		movs	r0, #192
 6359 01d2 FFF7FEFF 		bl	SPI_WriteData
 6360              	.LVL1563:
1745:Module/lcd_cfg.c **** SPI_WriteData(0x83);
 6361              		.loc 1 1745 1 view .LVU1571
 6362 01d6 8320     		movs	r0, #131
 6363 01d8 FFF7FEFF 		bl	SPI_WriteData
 6364              	.LVL1564:
1746:Module/lcd_cfg.c **** SPI_WriteData(0x7F);
 6365              		.loc 1 1746 1 view .LVU1572
 6366 01dc 7F20     		movs	r0, #127
 6367 01de FFF7FEFF 		bl	SPI_WriteData
 6368              	.LVL1565:
1747:Module/lcd_cfg.c **** SPI_WriteData(0x04);
 6369              		.loc 1 1747 1 view .LVU1573
 6370 01e2 0420     		movs	r0, #4
 6371 01e4 FFF7FEFF 		bl	SPI_WriteData
 6372              	.LVL1566:
1748:Module/lcd_cfg.c **** SPI_WriteData(0xFF);
 6373              		.loc 1 1748 1 view .LVU1574
 6374 01e8 FF20     		movs	r0, #255
 6375 01ea FFF7FEFF 		bl	SPI_WriteData
 6376              	.LVL1567:
1749:Module/lcd_cfg.c **** SPI_WriteData(0x1E);
 6377              		.loc 1 1749 1 view .LVU1575
 6378 01ee 1E20     		movs	r0, #30
 6379 01f0 FFF7FEFF 		bl	SPI_WriteData
 6380              	.LVL1568:
1750:Module/lcd_cfg.c **** SPI_WriteData(0x00);
 6381              		.loc 1 1750 1 view .LVU1576
 6382 01f4 0020     		movs	r0, #0
 6383 01f6 FFF7FEFF 		bl	SPI_WriteData
 6384              	.LVL1569:
1751:Module/lcd_cfg.c **** SPI_WriteData(0x08);
 6385              		.loc 1 1751 1 view .LVU1577
 6386 01fa 0820     		movs	r0, #8
 6387 01fc FFF7FEFF 		bl	SPI_WriteData
 6388              	.LVL1570:
1752:Module/lcd_cfg.c **** SPI_WriteData(0x10);
 6389              		.loc 1 1752 1 view .LVU1578
 6390 0200 1020     		movs	r0, #16
 6391 0202 FFF7FEFF 		bl	SPI_WriteData
 6392              	.LVL1571:
1753:Module/lcd_cfg.c **** SPI_WriteData(0x18);
 6393              		.loc 1 1753 1 view .LVU1579
 6394 0206 1820     		movs	r0, #24
 6395 0208 FFF7FEFF 		bl	SPI_WriteData
 6396              	.LVL1572:
1754:Module/lcd_cfg.c **** SPI_WriteData(0x20);
 6397              		.loc 1 1754 1 view .LVU1580
 6398 020c 2020     		movs	r0, #32
 6399 020e FFF7FEFF 		bl	SPI_WriteData
 6400              	.LVL1573:
1755:Module/lcd_cfg.c **** SPI_WriteData(0x28);
 6401              		.loc 1 1755 1 view .LVU1581
 6402 0212 2820     		movs	r0, #40
 6403 0214 FFF7FEFF 		bl	SPI_WriteData
ARM GAS  C:\Users\ADMINI~1\AppData\Local\Temp\ccEmAkiv.s 			page 144


 6404              	.LVL1574:
1756:Module/lcd_cfg.c **** SPI_WriteData(0x30);
 6405              		.loc 1 1756 1 view .LVU1582
 6406 0218 3020     		movs	r0, #48
 6407 021a FFF7FEFF 		bl	SPI_WriteData
 6408              	.LVL1575:
1757:Module/lcd_cfg.c **** SPI_WriteData(0x38);
 6409              		.loc 1 1757 1 view .LVU1583
 6410 021e 3820     		movs	r0, #56
 6411 0220 FFF7FEFF 		bl	SPI_WriteData
 6412              	.LVL1576:
1758:Module/lcd_cfg.c **** SPI_WriteData(0xFC);
 6413              		.loc 1 1758 1 view .LVU1584
 6414 0224 FC20     		movs	r0, #252
 6415 0226 FFF7FEFF 		bl	SPI_WriteData
 6416              	.LVL1577:
1759:Module/lcd_cfg.c **** SPI_WriteData(0x00);
 6417              		.loc 1 1759 1 view .LVU1585
 6418 022a 0020     		movs	r0, #0
 6419 022c FFF7FEFF 		bl	SPI_WriteData
 6420              	.LVL1578:
1760:Module/lcd_cfg.c **** SPI_WriteData(0x04);
 6421              		.loc 1 1760 1 view .LVU1586
 6422 0230 0420     		movs	r0, #4
 6423 0232 FFF7FEFF 		bl	SPI_WriteData
 6424              	.LVL1579:
1761:Module/lcd_cfg.c **** 
1762:Module/lcd_cfg.c **** SSD2828_WritePackageSize(12);
 6425              		.loc 1 1762 1 view .LVU1587
 6426 0236 0C20     		movs	r0, #12
 6427 0238 FFF7FEFF 		bl	SSD2828_WritePackageSize
 6428              	.LVL1580:
1763:Module/lcd_cfg.c **** SPI_WriteData(0xD0);
 6429              		.loc 1 1763 1 view .LVU1588
 6430 023c D020     		movs	r0, #208
 6431 023e FFF7FEFF 		bl	SPI_WriteData
 6432              	.LVL1581:
1764:Module/lcd_cfg.c **** SPI_WriteData(0x20);
 6433              		.loc 1 1764 1 view .LVU1589
 6434 0242 2020     		movs	r0, #32
 6435 0244 FFF7FEFF 		bl	SPI_WriteData
 6436              	.LVL1582:
1765:Module/lcd_cfg.c **** SPI_WriteData(0x00);
 6437              		.loc 1 1765 1 view .LVU1590
 6438 0248 0020     		movs	r0, #0
 6439 024a FFF7FEFF 		bl	SPI_WriteData
 6440              	.LVL1583:
1766:Module/lcd_cfg.c **** SPI_WriteData(0x01);
 6441              		.loc 1 1766 1 view .LVU1591
 6442 024e 0120     		movs	r0, #1
 6443 0250 FFF7FEFF 		bl	SPI_WriteData
 6444              	.LVL1584:
1767:Module/lcd_cfg.c **** SPI_WriteData(0x08);
 6445              		.loc 1 1767 1 view .LVU1592
 6446 0254 0820     		movs	r0, #8
 6447 0256 FFF7FEFF 		bl	SPI_WriteData
 6448              	.LVL1585:
ARM GAS  C:\Users\ADMINI~1\AppData\Local\Temp\ccEmAkiv.s 			page 145


1768:Module/lcd_cfg.c **** SPI_WriteData(0x40);
 6449              		.loc 1 1768 1 view .LVU1593
 6450 025a 4020     		movs	r0, #64
 6451 025c FFF7FEFF 		bl	SPI_WriteData
 6452              	.LVL1586:
1769:Module/lcd_cfg.c **** SPI_WriteData(0x00);
 6453              		.loc 1 1769 1 view .LVU1594
 6454 0260 0020     		movs	r0, #0
 6455 0262 FFF7FEFF 		bl	SPI_WriteData
 6456              	.LVL1587:
1770:Module/lcd_cfg.c **** SPI_WriteData(0x02);
 6457              		.loc 1 1770 1 view .LVU1595
 6458 0266 0220     		movs	r0, #2
 6459 0268 FFF7FEFF 		bl	SPI_WriteData
 6460              	.LVL1588:
1771:Module/lcd_cfg.c **** SPI_WriteData(0x10);
 6461              		.loc 1 1771 1 view .LVU1596
 6462 026c 1020     		movs	r0, #16
 6463 026e FFF7FEFF 		bl	SPI_WriteData
 6464              	.LVL1589:
1772:Module/lcd_cfg.c **** SPI_WriteData(0x80);
 6465              		.loc 1 1772 1 view .LVU1597
 6466 0272 8020     		movs	r0, #128
 6467 0274 FFF7FEFF 		bl	SPI_WriteData
 6468              	.LVL1590:
1773:Module/lcd_cfg.c **** SPI_WriteData(0x00);
 6469              		.loc 1 1773 1 view .LVU1598
 6470 0278 0020     		movs	r0, #0
 6471 027a FFF7FEFF 		bl	SPI_WriteData
 6472              	.LVL1591:
1774:Module/lcd_cfg.c **** SPI_WriteData(0xFC);
 6473              		.loc 1 1774 1 view .LVU1599
 6474 027e FC20     		movs	r0, #252
 6475 0280 FFF7FEFF 		bl	SPI_WriteData
 6476              	.LVL1592:
1775:Module/lcd_cfg.c **** 
1776:Module/lcd_cfg.c **** //Blank26
1777:Module/lcd_cfg.c **** SSD2828_WritePackageSize(3);
 6477              		.loc 1 1777 1 view .LVU1600
 6478 0284 0320     		movs	r0, #3
 6479 0286 FFF7FEFF 		bl	SSD2828_WritePackageSize
 6480              	.LVL1593:
1778:Module/lcd_cfg.c **** SPI_WriteData(0x41);
 6481              		.loc 1 1778 1 view .LVU1601
 6482 028a 4120     		movs	r0, #65
 6483 028c FFF7FEFF 		bl	SPI_WriteData
 6484              	.LVL1594:
1779:Module/lcd_cfg.c **** SPI_WriteData(0x5A);
 6485              		.loc 1 1779 1 view .LVU1602
 6486 0290 5A20     		movs	r0, #90
 6487 0292 FFF7FEFF 		bl	SPI_WriteData
 6488              	.LVL1595:
1780:Module/lcd_cfg.c **** SPI_WriteData(0x1A);
 6489              		.loc 1 1780 1 view .LVU1603
 6490 0296 1A20     		movs	r0, #26
 6491 0298 FFF7FEFF 		bl	SPI_WriteData
 6492              	.LVL1596:
ARM GAS  C:\Users\ADMINI~1\AppData\Local\Temp\ccEmAkiv.s 			page 146


1781:Module/lcd_cfg.c **** 
1782:Module/lcd_cfg.c **** SSD2828_WritePackageSize(17);
 6493              		.loc 1 1782 1 view .LVU1604
 6494 029c 1120     		movs	r0, #17
 6495 029e FFF7FEFF 		bl	SSD2828_WritePackageSize
 6496              	.LVL1597:
1783:Module/lcd_cfg.c **** SPI_WriteData(0x80);
 6497              		.loc 1 1783 1 view .LVU1605
 6498 02a2 8020     		movs	r0, #128
 6499 02a4 FFF7FEFF 		bl	SPI_WriteData
 6500              	.LVL1598:
1784:Module/lcd_cfg.c **** SPI_WriteData(0xF0);
 6501              		.loc 1 1784 1 view .LVU1606
 6502 02a8 F020     		movs	r0, #240
 6503 02aa FFF7FEFF 		bl	SPI_WriteData
 6504              	.LVL1599:
1785:Module/lcd_cfg.c **** SPI_WriteData(0xD9);
 6505              		.loc 1 1785 1 view .LVU1607
 6506 02ae D920     		movs	r0, #217
 6507 02b0 FFF7FEFF 		bl	SPI_WriteData
 6508              	.LVL1600:
1786:Module/lcd_cfg.c **** SPI_WriteData(0xC8);
 6509              		.loc 1 1786 1 view .LVU1608
 6510 02b4 C820     		movs	r0, #200
 6511 02b6 FFF7FEFF 		bl	SPI_WriteData
 6512              	.LVL1601:
1787:Module/lcd_cfg.c **** SPI_WriteData(0xBA);
 6513              		.loc 1 1787 1 view .LVU1609
 6514 02ba BA20     		movs	r0, #186
 6515 02bc FFF7FEFF 		bl	SPI_WriteData
 6516              	.LVL1602:
1788:Module/lcd_cfg.c **** SPI_WriteData(0xAF);
 6517              		.loc 1 1788 1 view .LVU1610
 6518 02c0 AF20     		movs	r0, #175
 6519 02c2 FFF7FEFF 		bl	SPI_WriteData
 6520              	.LVL1603:
1789:Module/lcd_cfg.c **** SPI_WriteData(0xA6);
 6521              		.loc 1 1789 1 view .LVU1611
 6522 02c6 A620     		movs	r0, #166
 6523 02c8 FFF7FEFF 		bl	SPI_WriteData
 6524              	.LVL1604:
1790:Module/lcd_cfg.c **** SPI_WriteData(0x9E);
 6525              		.loc 1 1790 1 view .LVU1612
 6526 02cc 9E20     		movs	r0, #158
 6527 02ce FFF7FEFF 		bl	SPI_WriteData
 6528              	.LVL1605:
1791:Module/lcd_cfg.c **** SPI_WriteData(0x98);
 6529              		.loc 1 1791 1 view .LVU1613
 6530 02d2 9820     		movs	r0, #152
 6531 02d4 FFF7FEFF 		bl	SPI_WriteData
 6532              	.LVL1606:
1792:Module/lcd_cfg.c **** SPI_WriteData(0x92);
 6533              		.loc 1 1792 1 view .LVU1614
 6534 02d8 9220     		movs	r0, #146
 6535 02da FFF7FEFF 		bl	SPI_WriteData
 6536              	.LVL1607:
1793:Module/lcd_cfg.c **** SPI_WriteData(0x8D);
ARM GAS  C:\Users\ADMINI~1\AppData\Local\Temp\ccEmAkiv.s 			page 147


 6537              		.loc 1 1793 1 view .LVU1615
 6538 02de 8D20     		movs	r0, #141
 6539 02e0 FFF7FEFF 		bl	SPI_WriteData
 6540              	.LVL1608:
1794:Module/lcd_cfg.c **** SPI_WriteData(0x88);
 6541              		.loc 1 1794 1 view .LVU1616
 6542 02e4 8820     		movs	r0, #136
 6543 02e6 FFF7FEFF 		bl	SPI_WriteData
 6544              	.LVL1609:
1795:Module/lcd_cfg.c **** SPI_WriteData(0x84);
 6545              		.loc 1 1795 1 view .LVU1617
 6546 02ea 8420     		movs	r0, #132
 6547 02ec FFF7FEFF 		bl	SPI_WriteData
 6548              	.LVL1610:
1796:Module/lcd_cfg.c **** SPI_WriteData(0x00);
 6549              		.loc 1 1796 1 view .LVU1618
 6550 02f0 0020     		movs	r0, #0
 6551 02f2 FFF7FEFF 		bl	SPI_WriteData
 6552              	.LVL1611:
1797:Module/lcd_cfg.c **** SPI_WriteData(0x60);
 6553              		.loc 1 1797 1 view .LVU1619
 6554 02f6 6020     		movs	r0, #96
 6555 02f8 FFF7FEFF 		bl	SPI_WriteData
 6556              	.LVL1612:
1798:Module/lcd_cfg.c **** SPI_WriteData(0xF6);
 6557              		.loc 1 1798 1 view .LVU1620
 6558 02fc F620     		movs	r0, #246
 6559 02fe FFF7FEFF 		bl	SPI_WriteData
 6560              	.LVL1613:
1799:Module/lcd_cfg.c **** SPI_WriteData(0xCF);
 6561              		.loc 1 1799 1 view .LVU1621
 6562 0302 CF20     		movs	r0, #207
 6563 0304 FFF7FEFF 		bl	SPI_WriteData
 6564              	.LVL1614:
1800:Module/lcd_cfg.c **** 
1801:Module/lcd_cfg.c **** SSD2828_WritePackageSize(17);
 6565              		.loc 1 1801 1 view .LVU1622
 6566 0308 1120     		movs	r0, #17
 6567 030a FFF7FEFF 		bl	SSD2828_WritePackageSize
 6568              	.LVL1615:
1802:Module/lcd_cfg.c **** SPI_WriteData(0x90);
 6569              		.loc 1 1802 1 view .LVU1623
 6570 030e 9020     		movs	r0, #144
 6571 0310 FFF7FEFF 		bl	SPI_WriteData
 6572              	.LVL1616:
1803:Module/lcd_cfg.c **** SPI_WriteData(0xFC);
 6573              		.loc 1 1803 1 view .LVU1624
 6574 0314 FC20     		movs	r0, #252
 6575 0316 FFF7FEFF 		bl	SPI_WriteData
 6576              	.LVL1617:
1804:Module/lcd_cfg.c **** SPI_WriteData(0x6F);
 6577              		.loc 1 1804 1 view .LVU1625
 6578 031a 6F20     		movs	r0, #111
 6579 031c FFF7FEFF 		bl	SPI_WriteData
 6580              	.LVL1618:
1805:Module/lcd_cfg.c **** SPI_WriteData(0xF6);
 6581              		.loc 1 1805 1 view .LVU1626
ARM GAS  C:\Users\ADMINI~1\AppData\Local\Temp\ccEmAkiv.s 			page 148


 6582 0320 F620     		movs	r0, #246
 6583 0322 FFF7FEFF 		bl	SPI_WriteData
 6584              	.LVL1619:
1806:Module/lcd_cfg.c **** SPI_WriteData(0xEF);
 6585              		.loc 1 1806 1 view .LVU1627
 6586 0326 EF20     		movs	r0, #239
 6587 0328 FFF7FEFF 		bl	SPI_WriteData
 6588              	.LVL1620:
1807:Module/lcd_cfg.c **** SPI_WriteData(0xCF);
 6589              		.loc 1 1807 1 view .LVU1628
 6590 032c CF20     		movs	r0, #207
 6591 032e FFF7FEFF 		bl	SPI_WriteData
 6592              	.LVL1621:
1808:Module/lcd_cfg.c **** SPI_WriteData(0xAF);
 6593              		.loc 1 1808 1 view .LVU1629
 6594 0332 AF20     		movs	r0, #175
 6595 0334 FFF7FEFF 		bl	SPI_WriteData
 6596              	.LVL1622:
1809:Module/lcd_cfg.c **** SPI_WriteData(0x5F);
 6597              		.loc 1 1809 1 view .LVU1630
 6598 0338 5F20     		movs	r0, #95
 6599 033a FFF7FEFF 		bl	SPI_WriteData
 6600              	.LVL1623:
1810:Module/lcd_cfg.c **** SPI_WriteData(0x55);
 6601              		.loc 1 1810 1 view .LVU1631
 6602 033e 5520     		movs	r0, #85
 6603 0340 FFF7FEFF 		bl	SPI_WriteData
 6604              	.LVL1624:
1811:Module/lcd_cfg.c **** SPI_WriteData(0x00);
 6605              		.loc 1 1811 1 view .LVU1632
 6606 0344 0020     		movs	r0, #0
 6607 0346 FFF7FEFF 		bl	SPI_WriteData
 6608              	.LVL1625:
1812:Module/lcd_cfg.c **** SPI_WriteData(0xF8);
 6609              		.loc 1 1812 1 view .LVU1633
 6610 034a F820     		movs	r0, #248
 6611 034c FFF7FEFF 		bl	SPI_WriteData
 6612              	.LVL1626:
1813:Module/lcd_cfg.c **** SPI_WriteData(0x00);
 6613              		.loc 1 1813 1 view .LVU1634
 6614 0350 0020     		movs	r0, #0
 6615 0352 FFF7FEFF 		bl	SPI_WriteData
 6616              	.LVL1627:
1814:Module/lcd_cfg.c **** SPI_WriteData(0xF8);
 6617              		.loc 1 1814 1 view .LVU1635
 6618 0356 F820     		movs	r0, #248
 6619 0358 FFF7FEFF 		bl	SPI_WriteData
 6620              	.LVL1628:
1815:Module/lcd_cfg.c **** SPI_WriteData(0x00);
 6621              		.loc 1 1815 1 view .LVU1636
 6622 035c 0020     		movs	r0, #0
 6623 035e FFF7FEFF 		bl	SPI_WriteData
 6624              	.LVL1629:
1816:Module/lcd_cfg.c **** SPI_WriteData(0xF8);
 6625              		.loc 1 1816 1 view .LVU1637
 6626 0362 F820     		movs	r0, #248
 6627 0364 FFF7FEFF 		bl	SPI_WriteData
ARM GAS  C:\Users\ADMINI~1\AppData\Local\Temp\ccEmAkiv.s 			page 149


 6628              	.LVL1630:
1817:Module/lcd_cfg.c **** SPI_WriteData(0xAD);
 6629              		.loc 1 1817 1 view .LVU1638
 6630 0368 AD20     		movs	r0, #173
 6631 036a FFF7FEFF 		bl	SPI_WriteData
 6632              	.LVL1631:
1818:Module/lcd_cfg.c **** SPI_WriteData(0x8D);
 6633              		.loc 1 1818 1 view .LVU1639
 6634 036e 8D20     		movs	r0, #141
 6635 0370 FFF7FEFF 		bl	SPI_WriteData
 6636              	.LVL1632:
1819:Module/lcd_cfg.c **** 
1820:Module/lcd_cfg.c **** SSD2828_WritePackageSize(17);
 6637              		.loc 1 1820 1 view .LVU1640
 6638 0374 1120     		movs	r0, #17
 6639 0376 FFF7FEFF 		bl	SSD2828_WritePackageSize
 6640              	.LVL1633:
1821:Module/lcd_cfg.c **** SPI_WriteData(0xA0);
 6641              		.loc 1 1821 1 view .LVU1641
 6642 037a A020     		movs	r0, #160
 6643 037c FFF7FEFF 		bl	SPI_WriteData
 6644              	.LVL1634:
1822:Module/lcd_cfg.c **** SPI_WriteData(0x73);
 6645              		.loc 1 1822 1 view .LVU1642
 6646 0380 7320     		movs	r0, #115
 6647 0382 FFF7FEFF 		bl	SPI_WriteData
 6648              	.LVL1635:
1823:Module/lcd_cfg.c **** SPI_WriteData(0x60);
 6649              		.loc 1 1823 1 view .LVU1643
 6650 0386 6020     		movs	r0, #96
 6651 0388 FFF7FEFF 		bl	SPI_WriteData
 6652              	.LVL1636:
1824:Module/lcd_cfg.c **** SPI_WriteData(0x53);
 6653              		.loc 1 1824 1 view .LVU1644
 6654 038c 5320     		movs	r0, #83
 6655 038e FFF7FEFF 		bl	SPI_WriteData
 6656              	.LVL1637:
1825:Module/lcd_cfg.c **** SPI_WriteData(0x4A);
 6657              		.loc 1 1825 1 view .LVU1645
 6658 0392 4A20     		movs	r0, #74
 6659 0394 FFF7FEFF 		bl	SPI_WriteData
 6660              	.LVL1638:
1826:Module/lcd_cfg.c **** SPI_WriteData(0x43);
 6661              		.loc 1 1826 1 view .LVU1646
 6662 0398 4320     		movs	r0, #67
 6663 039a FFF7FEFF 		bl	SPI_WriteData
 6664              	.LVL1639:
1827:Module/lcd_cfg.c **** SPI_WriteData(0x7F);
 6665              		.loc 1 1827 1 view .LVU1647
 6666 039e 7F20     		movs	r0, #127
 6667 03a0 FFF7FEFF 		bl	SPI_WriteData
 6668              	.LVL1640:
1828:Module/lcd_cfg.c **** SPI_WriteData(0x78);
 6669              		.loc 1 1828 1 view .LVU1648
 6670 03a4 7820     		movs	r0, #120
 6671 03a6 FFF7FEFF 		bl	SPI_WriteData
 6672              	.LVL1641:
ARM GAS  C:\Users\ADMINI~1\AppData\Local\Temp\ccEmAkiv.s 			page 150


1829:Module/lcd_cfg.c **** SPI_WriteData(0x10);
 6673              		.loc 1 1829 1 view .LVU1649
 6674 03aa 1020     		movs	r0, #16
 6675 03ac FFF7FEFF 		bl	SPI_WriteData
 6676              	.LVL1642:
1830:Module/lcd_cfg.c **** SPI_WriteData(0xA0);
 6677              		.loc 1 1830 1 view .LVU1650
 6678 03b0 A020     		movs	r0, #160
 6679 03b2 FFF7FEFF 		bl	SPI_WriteData
 6680              	.LVL1643:
1831:Module/lcd_cfg.c **** SPI_WriteData(0x3F);
 6681              		.loc 1 1831 1 view .LVU1651
 6682 03b6 3F20     		movs	r0, #63
 6683 03b8 FFF7FEFF 		bl	SPI_WriteData
 6684              	.LVL1644:
1832:Module/lcd_cfg.c **** SPI_WriteData(0x00);
 6685              		.loc 1 1832 1 view .LVU1652
 6686 03bc 0020     		movs	r0, #0
 6687 03be FFF7FEFF 		bl	SPI_WriteData
 6688              	.LVL1645:
1833:Module/lcd_cfg.c **** SPI_WriteData(0x00);
 6689              		.loc 1 1833 1 view .LVU1653
 6690 03c2 0020     		movs	r0, #0
 6691 03c4 FFF7FEFF 		bl	SPI_WriteData
 6692              	.LVL1646:
1834:Module/lcd_cfg.c **** SPI_WriteData(0x00);
 6693              		.loc 1 1834 1 view .LVU1654
 6694 03c8 0020     		movs	r0, #0
 6695 03ca FFF7FEFF 		bl	SPI_WriteData
 6696              	.LVL1647:
1835:Module/lcd_cfg.c **** SPI_WriteData(0x00);
 6697              		.loc 1 1835 1 view .LVU1655
 6698 03ce 0020     		movs	r0, #0
 6699 03d0 FFF7FEFF 		bl	SPI_WriteData
 6700              	.LVL1648:
1836:Module/lcd_cfg.c **** SPI_WriteData(0x00);
 6701              		.loc 1 1836 1 view .LVU1656
 6702 03d4 0020     		movs	r0, #0
 6703 03d6 FFF7FEFF 		bl	SPI_WriteData
 6704              	.LVL1649:
1837:Module/lcd_cfg.c **** SPI_WriteData(0x00);
 6705              		.loc 1 1837 1 view .LVU1657
 6706 03da 0020     		movs	r0, #0
 6707 03dc FFF7FEFF 		bl	SPI_WriteData
 6708              	.LVL1650:
1838:Module/lcd_cfg.c **** 
1839:Module/lcd_cfg.c **** SSD2828_WritePackageSize(17);
 6709              		.loc 1 1839 1 view .LVU1658
 6710 03e0 1120     		movs	r0, #17
 6711 03e2 FFF7FEFF 		bl	SSD2828_WritePackageSize
 6712              	.LVL1651:
1840:Module/lcd_cfg.c **** SPI_WriteData(0xB0);
 6713              		.loc 1 1840 1 view .LVU1659
 6714 03e6 B020     		movs	r0, #176
 6715 03e8 FFF7FEFF 		bl	SPI_WriteData
 6716              	.LVL1652:
1841:Module/lcd_cfg.c **** SPI_WriteData(0x00);
ARM GAS  C:\Users\ADMINI~1\AppData\Local\Temp\ccEmAkiv.s 			page 151


 6717              		.loc 1 1841 1 view .LVU1660
 6718 03ec 0020     		movs	r0, #0
 6719 03ee FFF7FEFF 		bl	SPI_WriteData
 6720              	.LVL1653:
1842:Module/lcd_cfg.c **** SPI_WriteData(0x00);
 6721              		.loc 1 1842 1 view .LVU1661
 6722 03f2 0020     		movs	r0, #0
 6723 03f4 FFF7FEFF 		bl	SPI_WriteData
 6724              	.LVL1654:
1843:Module/lcd_cfg.c **** SPI_WriteData(0x00);
 6725              		.loc 1 1843 1 view .LVU1662
 6726 03f8 0020     		movs	r0, #0
 6727 03fa FFF7FEFF 		bl	SPI_WriteData
 6728              	.LVL1655:
1844:Module/lcd_cfg.c **** SPI_WriteData(0x00);
 6729              		.loc 1 1844 1 view .LVU1663
 6730 03fe 0020     		movs	r0, #0
 6731 0400 FFF7FEFF 		bl	SPI_WriteData
 6732              	.LVL1656:
1845:Module/lcd_cfg.c **** SPI_WriteData(0x00);
 6733              		.loc 1 1845 1 view .LVU1664
 6734 0404 0020     		movs	r0, #0
 6735 0406 FFF7FEFF 		bl	SPI_WriteData
 6736              	.LVL1657:
1846:Module/lcd_cfg.c **** SPI_WriteData(0x00);
 6737              		.loc 1 1846 1 view .LVU1665
 6738 040a 0020     		movs	r0, #0
 6739 040c FFF7FEFF 		bl	SPI_WriteData
 6740              	.LVL1658:
1847:Module/lcd_cfg.c **** SPI_WriteData(0x00);
 6741              		.loc 1 1847 1 view .LVU1666
 6742 0410 0020     		movs	r0, #0
 6743 0412 FFF7FEFF 		bl	SPI_WriteData
 6744              	.LVL1659:
1848:Module/lcd_cfg.c **** SPI_WriteData(0x00);
 6745              		.loc 1 1848 1 view .LVU1667
 6746 0416 0020     		movs	r0, #0
 6747 0418 FFF7FEFF 		bl	SPI_WriteData
 6748              	.LVL1660:
1849:Module/lcd_cfg.c **** SPI_WriteData(0x00);
 6749              		.loc 1 1849 1 view .LVU1668
 6750 041c 0020     		movs	r0, #0
 6751 041e FFF7FEFF 		bl	SPI_WriteData
 6752              	.LVL1661:
1850:Module/lcd_cfg.c **** SPI_WriteData(0x00);
 6753              		.loc 1 1850 1 view .LVU1669
 6754 0422 0020     		movs	r0, #0
 6755 0424 FFF7FEFF 		bl	SPI_WriteData
 6756              	.LVL1662:
1851:Module/lcd_cfg.c **** SPI_WriteData(0x00);
 6757              		.loc 1 1851 1 view .LVU1670
 6758 0428 0020     		movs	r0, #0
 6759 042a FFF7FEFF 		bl	SPI_WriteData
 6760              	.LVL1663:
1852:Module/lcd_cfg.c **** SPI_WriteData(0x00);
 6761              		.loc 1 1852 1 view .LVU1671
 6762 042e 0020     		movs	r0, #0
ARM GAS  C:\Users\ADMINI~1\AppData\Local\Temp\ccEmAkiv.s 			page 152


 6763 0430 FFF7FEFF 		bl	SPI_WriteData
 6764              	.LVL1664:
1853:Module/lcd_cfg.c **** SPI_WriteData(0x00);
 6765              		.loc 1 1853 1 view .LVU1672
 6766 0434 0020     		movs	r0, #0
 6767 0436 FFF7FEFF 		bl	SPI_WriteData
 6768              	.LVL1665:
1854:Module/lcd_cfg.c **** SPI_WriteData(0x00);
 6769              		.loc 1 1854 1 view .LVU1673
 6770 043a 0020     		movs	r0, #0
 6771 043c FFF7FEFF 		bl	SPI_WriteData
 6772              	.LVL1666:
1855:Module/lcd_cfg.c **** SPI_WriteData(0x00);
 6773              		.loc 1 1855 1 view .LVU1674
 6774 0440 0020     		movs	r0, #0
 6775 0442 FFF7FEFF 		bl	SPI_WriteData
 6776              	.LVL1667:
1856:Module/lcd_cfg.c **** SPI_WriteData(0x00);
 6777              		.loc 1 1856 1 view .LVU1675
 6778 0446 0020     		movs	r0, #0
 6779 0448 FFF7FEFF 		bl	SPI_WriteData
 6780              	.LVL1668:
1857:Module/lcd_cfg.c **** 
1858:Module/lcd_cfg.c **** SSD2828_WritePackageSize(9);
 6781              		.loc 1 1858 1 view .LVU1676
 6782 044c 0920     		movs	r0, #9
 6783 044e FFF7FEFF 		bl	SSD2828_WritePackageSize
 6784              	.LVL1669:
1859:Module/lcd_cfg.c **** SPI_WriteData(0xC0);
 6785              		.loc 1 1859 1 view .LVU1677
 6786 0452 C020     		movs	r0, #192
 6787 0454 FFF7FEFF 		bl	SPI_WriteData
 6788              	.LVL1670:
1860:Module/lcd_cfg.c **** SPI_WriteData(0x00);
 6789              		.loc 1 1860 1 view .LVU1678
 6790 0458 0020     		movs	r0, #0
 6791 045a FFF7FEFF 		bl	SPI_WriteData
 6792              	.LVL1671:
1861:Module/lcd_cfg.c **** SPI_WriteData(0x00);
 6793              		.loc 1 1861 1 view .LVU1679
 6794 045e 0020     		movs	r0, #0
 6795 0460 FFF7FEFF 		bl	SPI_WriteData
 6796              	.LVL1672:
1862:Module/lcd_cfg.c **** SPI_WriteData(0x00);
 6797              		.loc 1 1862 1 view .LVU1680
 6798 0464 0020     		movs	r0, #0
 6799 0466 FFF7FEFF 		bl	SPI_WriteData
 6800              	.LVL1673:
1863:Module/lcd_cfg.c **** SPI_WriteData(0x00);
 6801              		.loc 1 1863 1 view .LVU1681
 6802 046a 0020     		movs	r0, #0
 6803 046c FFF7FEFF 		bl	SPI_WriteData
 6804              	.LVL1674:
1864:Module/lcd_cfg.c **** SPI_WriteData(0x00);
 6805              		.loc 1 1864 1 view .LVU1682
 6806 0470 0020     		movs	r0, #0
 6807 0472 FFF7FEFF 		bl	SPI_WriteData
ARM GAS  C:\Users\ADMINI~1\AppData\Local\Temp\ccEmAkiv.s 			page 153


 6808              	.LVL1675:
1865:Module/lcd_cfg.c **** SPI_WriteData(0x00);
 6809              		.loc 1 1865 1 view .LVU1683
 6810 0476 0020     		movs	r0, #0
 6811 0478 FFF7FEFF 		bl	SPI_WriteData
 6812              	.LVL1676:
1866:Module/lcd_cfg.c **** SPI_WriteData(0x00);
 6813              		.loc 1 1866 1 view .LVU1684
 6814 047c 0020     		movs	r0, #0
 6815 047e FFF7FEFF 		bl	SPI_WriteData
 6816              	.LVL1677:
1867:Module/lcd_cfg.c **** SPI_WriteData(0x00);
 6817              		.loc 1 1867 1 view .LVU1685
 6818 0482 0020     		movs	r0, #0
 6819 0484 FFF7FEFF 		bl	SPI_WriteData
 6820              	.LVL1678:
1868:Module/lcd_cfg.c **** 
1869:Module/lcd_cfg.c **** //Blank28
1870:Module/lcd_cfg.c **** SSD2828_WritePackageSize(3);
 6821              		.loc 1 1870 1 view .LVU1686
 6822 0488 0320     		movs	r0, #3
 6823 048a FFF7FEFF 		bl	SSD2828_WritePackageSize
 6824              	.LVL1679:
1871:Module/lcd_cfg.c **** SPI_WriteData(0x41);
 6825              		.loc 1 1871 1 view .LVU1687
 6826 048e 4120     		movs	r0, #65
 6827 0490 FFF7FEFF 		bl	SPI_WriteData
 6828              	.LVL1680:
1872:Module/lcd_cfg.c **** SPI_WriteData(0x5A);
 6829              		.loc 1 1872 1 view .LVU1688
 6830 0494 5A20     		movs	r0, #90
 6831 0496 FFF7FEFF 		bl	SPI_WriteData
 6832              	.LVL1681:
1873:Module/lcd_cfg.c **** SPI_WriteData(0x1C);
 6833              		.loc 1 1873 1 view .LVU1689
 6834 049a 1C20     		movs	r0, #28
 6835 049c FFF7FEFF 		bl	SPI_WriteData
 6836              	.LVL1682:
1874:Module/lcd_cfg.c **** 
1875:Module/lcd_cfg.c **** SSD2828_WritePackageSize(17);
 6837              		.loc 1 1875 1 view .LVU1690
 6838 04a0 1120     		movs	r0, #17
 6839 04a2 FFF7FEFF 		bl	SSD2828_WritePackageSize
 6840              	.LVL1683:
1876:Module/lcd_cfg.c **** SPI_WriteData(0x80);
 6841              		.loc 1 1876 1 view .LVU1691
 6842 04a6 8020     		movs	r0, #128
 6843 04a8 FFF7FEFF 		bl	SPI_WriteData
 6844              	.LVL1684:
1877:Module/lcd_cfg.c **** SPI_WriteData(0x00);
 6845              		.loc 1 1877 1 view .LVU1692
 6846 04ac 0020     		movs	r0, #0
 6847 04ae FFF7FEFF 		bl	SPI_WriteData
 6848              	.LVL1685:
1878:Module/lcd_cfg.c **** SPI_WriteData(0x04);
 6849              		.loc 1 1878 1 view .LVU1693
 6850 04b2 0420     		movs	r0, #4
ARM GAS  C:\Users\ADMINI~1\AppData\Local\Temp\ccEmAkiv.s 			page 154


 6851 04b4 FFF7FEFF 		bl	SPI_WriteData
 6852              	.LVL1686:
1879:Module/lcd_cfg.c **** SPI_WriteData(0x08);
 6853              		.loc 1 1879 1 view .LVU1694
 6854 04b8 0820     		movs	r0, #8
 6855 04ba FFF7FEFF 		bl	SPI_WriteData
 6856              	.LVL1687:
1880:Module/lcd_cfg.c **** SPI_WriteData(0x0C);
 6857              		.loc 1 1880 1 view .LVU1695
 6858 04be 0C20     		movs	r0, #12
 6859 04c0 FFF7FEFF 		bl	SPI_WriteData
 6860              	.LVL1688:
1881:Module/lcd_cfg.c **** SPI_WriteData(0x00);
 6861              		.loc 1 1881 1 view .LVU1696
 6862 04c4 0020     		movs	r0, #0
 6863 04c6 FFF7FEFF 		bl	SPI_WriteData
 6864              	.LVL1689:
1882:Module/lcd_cfg.c **** SPI_WriteData(0x10);
 6865              		.loc 1 1882 1 view .LVU1697
 6866 04ca 1020     		movs	r0, #16
 6867 04cc FFF7FEFF 		bl	SPI_WriteData
 6868              	.LVL1690:
1883:Module/lcd_cfg.c **** SPI_WriteData(0x14);
 6869              		.loc 1 1883 1 view .LVU1698
 6870 04d0 1420     		movs	r0, #20
 6871 04d2 FFF7FEFF 		bl	SPI_WriteData
 6872              	.LVL1691:
1884:Module/lcd_cfg.c **** SPI_WriteData(0x18);
 6873              		.loc 1 1884 1 view .LVU1699
 6874 04d6 1820     		movs	r0, #24
 6875 04d8 FFF7FEFF 		bl	SPI_WriteData
 6876              	.LVL1692:
1885:Module/lcd_cfg.c **** SPI_WriteData(0x1C);
 6877              		.loc 1 1885 1 view .LVU1700
 6878 04dc 1C20     		movs	r0, #28
 6879 04de FFF7FEFF 		bl	SPI_WriteData
 6880              	.LVL1693:
1886:Module/lcd_cfg.c **** SPI_WriteData(0x00);
 6881              		.loc 1 1886 1 view .LVU1701
 6882 04e2 0020     		movs	r0, #0
 6883 04e4 FFF7FEFF 		bl	SPI_WriteData
 6884              	.LVL1694:
1887:Module/lcd_cfg.c **** SPI_WriteData(0x20);
 6885              		.loc 1 1887 1 view .LVU1702
 6886 04e8 2020     		movs	r0, #32
 6887 04ea FFF7FEFF 		bl	SPI_WriteData
 6888              	.LVL1695:
1888:Module/lcd_cfg.c **** SPI_WriteData(0x28);
 6889              		.loc 1 1888 1 view .LVU1703
 6890 04ee 2820     		movs	r0, #40
 6891 04f0 FFF7FEFF 		bl	SPI_WriteData
 6892              	.LVL1696:
1889:Module/lcd_cfg.c **** SPI_WriteData(0x30);
 6893              		.loc 1 1889 1 view .LVU1704
 6894 04f4 3020     		movs	r0, #48
 6895 04f6 FFF7FEFF 		bl	SPI_WriteData
 6896              	.LVL1697:
ARM GAS  C:\Users\ADMINI~1\AppData\Local\Temp\ccEmAkiv.s 			page 155


1890:Module/lcd_cfg.c **** SPI_WriteData(0x38);
 6897              		.loc 1 1890 1 view .LVU1705
 6898 04fa 3820     		movs	r0, #56
 6899 04fc FFF7FEFF 		bl	SPI_WriteData
 6900              	.LVL1698:
1891:Module/lcd_cfg.c **** SPI_WriteData(0x00);
 6901              		.loc 1 1891 1 view .LVU1706
 6902 0500 0020     		movs	r0, #0
 6903 0502 FFF7FEFF 		bl	SPI_WriteData
 6904              	.LVL1699:
1892:Module/lcd_cfg.c **** SPI_WriteData(0x40);
 6905              		.loc 1 1892 1 view .LVU1707
 6906 0506 4020     		movs	r0, #64
 6907 0508 FFF7FEFF 		bl	SPI_WriteData
 6908              	.LVL1700:
1893:Module/lcd_cfg.c **** 
1894:Module/lcd_cfg.c **** SSD2828_WritePackageSize(17);
 6909              		.loc 1 1894 1 view .LVU1708
 6910 050c 1120     		movs	r0, #17
 6911 050e FFF7FEFF 		bl	SSD2828_WritePackageSize
 6912              	.LVL1701:
1895:Module/lcd_cfg.c **** SPI_WriteData(0x90);
 6913              		.loc 1 1895 1 view .LVU1709
 6914 0512 9020     		movs	r0, #144
 6915 0514 FFF7FEFF 		bl	SPI_WriteData
 6916              	.LVL1702:
1896:Module/lcd_cfg.c **** SPI_WriteData(0x48);
 6917              		.loc 1 1896 1 view .LVU1710
 6918 0518 4820     		movs	r0, #72
 6919 051a FFF7FEFF 		bl	SPI_WriteData
 6920              	.LVL1703:
1897:Module/lcd_cfg.c **** SPI_WriteData(0x50);
 6921              		.loc 1 1897 1 view .LVU1711
 6922 051e 5020     		movs	r0, #80
 6923 0520 FFF7FEFF 		bl	SPI_WriteData
 6924              	.LVL1704:
1898:Module/lcd_cfg.c **** SPI_WriteData(0x58);
 6925              		.loc 1 1898 1 view .LVU1712
 6926 0524 5820     		movs	r0, #88
 6927 0526 FFF7FEFF 		bl	SPI_WriteData
 6928              	.LVL1705:
1899:Module/lcd_cfg.c **** SPI_WriteData(0x00);
 6929              		.loc 1 1899 1 view .LVU1713
 6930 052a 0020     		movs	r0, #0
 6931 052c FFF7FEFF 		bl	SPI_WriteData
 6932              	.LVL1706:
1900:Module/lcd_cfg.c **** SPI_WriteData(0x60);
 6933              		.loc 1 1900 1 view .LVU1714
 6934 0530 6020     		movs	r0, #96
 6935 0532 FFF7FEFF 		bl	SPI_WriteData
 6936              	.LVL1707:
1901:Module/lcd_cfg.c **** SPI_WriteData(0x68);
 6937              		.loc 1 1901 1 view .LVU1715
 6938 0536 6820     		movs	r0, #104
 6939 0538 FFF7FEFF 		bl	SPI_WriteData
 6940              	.LVL1708:
1902:Module/lcd_cfg.c **** SPI_WriteData(0x70);
ARM GAS  C:\Users\ADMINI~1\AppData\Local\Temp\ccEmAkiv.s 			page 156


 6941              		.loc 1 1902 1 view .LVU1716
 6942 053c 7020     		movs	r0, #112
 6943 053e FFF7FEFF 		bl	SPI_WriteData
 6944              	.LVL1709:
1903:Module/lcd_cfg.c **** SPI_WriteData(0x78);
 6945              		.loc 1 1903 1 view .LVU1717
 6946 0542 7820     		movs	r0, #120
 6947 0544 FFF7FEFF 		bl	SPI_WriteData
 6948              	.LVL1710:
1904:Module/lcd_cfg.c **** SPI_WriteData(0x00);
 6949              		.loc 1 1904 1 view .LVU1718
 6950 0548 0020     		movs	r0, #0
 6951 054a FFF7FEFF 		bl	SPI_WriteData
 6952              	.LVL1711:
1905:Module/lcd_cfg.c **** SPI_WriteData(0x80);
 6953              		.loc 1 1905 1 view .LVU1719
 6954 054e 8020     		movs	r0, #128
 6955 0550 FFF7FEFF 		bl	SPI_WriteData
 6956              	.LVL1712:
1906:Module/lcd_cfg.c **** SPI_WriteData(0x88);
 6957              		.loc 1 1906 1 view .LVU1720
 6958 0554 8820     		movs	r0, #136
 6959 0556 FFF7FEFF 		bl	SPI_WriteData
 6960              	.LVL1713:
1907:Module/lcd_cfg.c **** SPI_WriteData(0x90);
 6961              		.loc 1 1907 1 view .LVU1721
 6962 055a 9020     		movs	r0, #144
 6963 055c FFF7FEFF 		bl	SPI_WriteData
 6964              	.LVL1714:
1908:Module/lcd_cfg.c **** SPI_WriteData(0x98);
 6965              		.loc 1 1908 1 view .LVU1722
 6966 0560 9820     		movs	r0, #152
 6967 0562 FFF7FEFF 		bl	SPI_WriteData
 6968              	.LVL1715:
1909:Module/lcd_cfg.c **** SPI_WriteData(0x00);
 6969              		.loc 1 1909 1 view .LVU1723
 6970 0566 0020     		movs	r0, #0
 6971 0568 FFF7FEFF 		bl	SPI_WriteData
 6972              	.LVL1716:
1910:Module/lcd_cfg.c **** SPI_WriteData(0xA0);
 6973              		.loc 1 1910 1 view .LVU1724
 6974 056c A020     		movs	r0, #160
 6975 056e FFF7FEFF 		bl	SPI_WriteData
 6976              	.LVL1717:
1911:Module/lcd_cfg.c **** SPI_WriteData(0xA8);
 6977              		.loc 1 1911 1 view .LVU1725
 6978 0572 A820     		movs	r0, #168
 6979 0574 FFF7FEFF 		bl	SPI_WriteData
 6980              	.LVL1718:
1912:Module/lcd_cfg.c **** 
1913:Module/lcd_cfg.c **** SSD2828_WritePackageSize(17);
 6981              		.loc 1 1913 1 view .LVU1726
 6982 0578 1120     		movs	r0, #17
 6983 057a FFF7FEFF 		bl	SSD2828_WritePackageSize
 6984              	.LVL1719:
1914:Module/lcd_cfg.c **** SPI_WriteData(0xA0);
 6985              		.loc 1 1914 1 view .LVU1727
ARM GAS  C:\Users\ADMINI~1\AppData\Local\Temp\ccEmAkiv.s 			page 157


 6986 057e A020     		movs	r0, #160
 6987 0580 FFF7FEFF 		bl	SPI_WriteData
 6988              	.LVL1720:
1915:Module/lcd_cfg.c **** SPI_WriteData(0xB0);
 6989              		.loc 1 1915 1 view .LVU1728
 6990 0584 B020     		movs	r0, #176
 6991 0586 FFF7FEFF 		bl	SPI_WriteData
 6992              	.LVL1721:
1916:Module/lcd_cfg.c **** SPI_WriteData(0xB8);
 6993              		.loc 1 1916 1 view .LVU1729
 6994 058a B820     		movs	r0, #184
 6995 058c FFF7FEFF 		bl	SPI_WriteData
 6996              	.LVL1722:
1917:Module/lcd_cfg.c **** SPI_WriteData(0x00);
 6997              		.loc 1 1917 1 view .LVU1730
 6998 0590 0020     		movs	r0, #0
 6999 0592 FFF7FEFF 		bl	SPI_WriteData
 7000              	.LVL1723:
1918:Module/lcd_cfg.c **** SPI_WriteData(0xC0);
 7001              		.loc 1 1918 1 view .LVU1731
 7002 0596 C020     		movs	r0, #192
 7003 0598 FFF7FEFF 		bl	SPI_WriteData
 7004              	.LVL1724:
1919:Module/lcd_cfg.c **** SPI_WriteData(0xC8);
 7005              		.loc 1 1919 1 view .LVU1732
 7006 059c C820     		movs	r0, #200
 7007 059e FFF7FEFF 		bl	SPI_WriteData
 7008              	.LVL1725:
1920:Module/lcd_cfg.c **** SPI_WriteData(0xD0);
 7009              		.loc 1 1920 1 view .LVU1733
 7010 05a2 D020     		movs	r0, #208
 7011 05a4 FFF7FEFF 		bl	SPI_WriteData
 7012              	.LVL1726:
1921:Module/lcd_cfg.c **** SPI_WriteData(0xD8);
 7013              		.loc 1 1921 1 view .LVU1734
 7014 05a8 D820     		movs	r0, #216
 7015 05aa FFF7FEFF 		bl	SPI_WriteData
 7016              	.LVL1727:
1922:Module/lcd_cfg.c **** SPI_WriteData(0x00);
 7017              		.loc 1 1922 1 view .LVU1735
 7018 05ae 0020     		movs	r0, #0
 7019 05b0 FFF7FEFF 		bl	SPI_WriteData
 7020              	.LVL1728:
1923:Module/lcd_cfg.c **** SPI_WriteData(0xE0);
 7021              		.loc 1 1923 1 view .LVU1736
 7022 05b4 E020     		movs	r0, #224
 7023 05b6 FFF7FEFF 		bl	SPI_WriteData
 7024              	.LVL1729:
1924:Module/lcd_cfg.c **** SPI_WriteData(0xE8);
 7025              		.loc 1 1924 1 view .LVU1737
 7026 05ba E820     		movs	r0, #232
 7027 05bc FFF7FEFF 		bl	SPI_WriteData
 7028              	.LVL1730:
1925:Module/lcd_cfg.c **** SPI_WriteData(0xF0);
 7029              		.loc 1 1925 1 view .LVU1738
 7030 05c0 F020     		movs	r0, #240
 7031 05c2 FFF7FEFF 		bl	SPI_WriteData
ARM GAS  C:\Users\ADMINI~1\AppData\Local\Temp\ccEmAkiv.s 			page 158


 7032              	.LVL1731:
1926:Module/lcd_cfg.c **** SPI_WriteData(0xF8);
 7033              		.loc 1 1926 1 view .LVU1739
 7034 05c6 F820     		movs	r0, #248
 7035 05c8 FFF7FEFF 		bl	SPI_WriteData
 7036              	.LVL1732:
1927:Module/lcd_cfg.c **** SPI_WriteData(0x00);
 7037              		.loc 1 1927 1 view .LVU1740
 7038 05cc 0020     		movs	r0, #0
 7039 05ce FFF7FEFF 		bl	SPI_WriteData
 7040              	.LVL1733:
1928:Module/lcd_cfg.c **** SPI_WriteData(0xFC);
 7041              		.loc 1 1928 1 view .LVU1741
 7042 05d2 FC20     		movs	r0, #252
 7043 05d4 FFF7FEFF 		bl	SPI_WriteData
 7044              	.LVL1734:
1929:Module/lcd_cfg.c **** SPI_WriteData(0xFE);
 7045              		.loc 1 1929 1 view .LVU1742
 7046 05d8 FE20     		movs	r0, #254
 7047 05da FFF7FEFF 		bl	SPI_WriteData
 7048              	.LVL1735:
1930:Module/lcd_cfg.c **** SPI_WriteData(0xFF);
 7049              		.loc 1 1930 1 view .LVU1743
 7050 05de FF20     		movs	r0, #255
 7051 05e0 FFF7FEFF 		bl	SPI_WriteData
 7052              	.LVL1736:
1931:Module/lcd_cfg.c **** 
1932:Module/lcd_cfg.c **** SSD2828_WritePackageSize(17);
 7053              		.loc 1 1932 1 view .LVU1744
 7054 05e4 1120     		movs	r0, #17
 7055 05e6 FFF7FEFF 		bl	SSD2828_WritePackageSize
 7056              	.LVL1737:
1933:Module/lcd_cfg.c **** SPI_WriteData(0xB0);
 7057              		.loc 1 1933 1 view .LVU1745
 7058 05ea B020     		movs	r0, #176
 7059 05ec FFF7FEFF 		bl	SPI_WriteData
 7060              	.LVL1738:
1934:Module/lcd_cfg.c **** SPI_WriteData(0x00);
 7061              		.loc 1 1934 1 view .LVU1746
 7062 05f0 0020     		movs	r0, #0
 7063 05f2 FFF7FEFF 		bl	SPI_WriteData
 7064              	.LVL1739:
1935:Module/lcd_cfg.c **** SPI_WriteData(0x00);
 7065              		.loc 1 1935 1 view .LVU1747
 7066 05f6 0020     		movs	r0, #0
 7067 05f8 FFF7FEFF 		bl	SPI_WriteData
 7068              	.LVL1740:
1936:Module/lcd_cfg.c **** SPI_WriteData(0x04);
 7069              		.loc 1 1936 1 view .LVU1748
 7070 05fc 0420     		movs	r0, #4
 7071 05fe FFF7FEFF 		bl	SPI_WriteData
 7072              	.LVL1741:
1937:Module/lcd_cfg.c **** SPI_WriteData(0x08);
 7073              		.loc 1 1937 1 view .LVU1749
 7074 0602 0820     		movs	r0, #8
 7075 0604 FFF7FEFF 		bl	SPI_WriteData
 7076              	.LVL1742:
ARM GAS  C:\Users\ADMINI~1\AppData\Local\Temp\ccEmAkiv.s 			page 159


1938:Module/lcd_cfg.c **** SPI_WriteData(0x0C);
 7077              		.loc 1 1938 1 view .LVU1750
 7078 0608 0C20     		movs	r0, #12
 7079 060a FFF7FEFF 		bl	SPI_WriteData
 7080              	.LVL1743:
1939:Module/lcd_cfg.c **** SPI_WriteData(0x00);
 7081              		.loc 1 1939 1 view .LVU1751
 7082 060e 0020     		movs	r0, #0
 7083 0610 FFF7FEFF 		bl	SPI_WriteData
 7084              	.LVL1744:
1940:Module/lcd_cfg.c **** SPI_WriteData(0x10);
 7085              		.loc 1 1940 1 view .LVU1752
 7086 0614 1020     		movs	r0, #16
 7087 0616 FFF7FEFF 		bl	SPI_WriteData
 7088              	.LVL1745:
1941:Module/lcd_cfg.c **** SPI_WriteData(0x14);
 7089              		.loc 1 1941 1 view .LVU1753
 7090 061a 1420     		movs	r0, #20
 7091 061c FFF7FEFF 		bl	SPI_WriteData
 7092              	.LVL1746:
1942:Module/lcd_cfg.c **** SPI_WriteData(0x18);
 7093              		.loc 1 1942 1 view .LVU1754
 7094 0620 1820     		movs	r0, #24
 7095 0622 FFF7FEFF 		bl	SPI_WriteData
 7096              	.LVL1747:
1943:Module/lcd_cfg.c **** SPI_WriteData(0x1C);
 7097              		.loc 1 1943 1 view .LVU1755
 7098 0626 1C20     		movs	r0, #28
 7099 0628 FFF7FEFF 		bl	SPI_WriteData
 7100              	.LVL1748:
1944:Module/lcd_cfg.c **** SPI_WriteData(0x00);
 7101              		.loc 1 1944 1 view .LVU1756
 7102 062c 0020     		movs	r0, #0
 7103 062e FFF7FEFF 		bl	SPI_WriteData
 7104              	.LVL1749:
1945:Module/lcd_cfg.c **** SPI_WriteData(0x20);
 7105              		.loc 1 1945 1 view .LVU1757
 7106 0632 2020     		movs	r0, #32
 7107 0634 FFF7FEFF 		bl	SPI_WriteData
 7108              	.LVL1750:
1946:Module/lcd_cfg.c **** SPI_WriteData(0x28);
 7109              		.loc 1 1946 1 view .LVU1758
 7110 0638 2820     		movs	r0, #40
 7111 063a FFF7FEFF 		bl	SPI_WriteData
 7112              	.LVL1751:
1947:Module/lcd_cfg.c **** SPI_WriteData(0x30);
 7113              		.loc 1 1947 1 view .LVU1759
 7114 063e 3020     		movs	r0, #48
 7115 0640 FFF7FEFF 		bl	SPI_WriteData
 7116              	.LVL1752:
1948:Module/lcd_cfg.c **** SPI_WriteData(0x38);
 7117              		.loc 1 1948 1 view .LVU1760
 7118 0644 3820     		movs	r0, #56
 7119 0646 FFF7FEFF 		bl	SPI_WriteData
 7120              	.LVL1753:
1949:Module/lcd_cfg.c **** SPI_WriteData(0x00);
 7121              		.loc 1 1949 1 view .LVU1761
ARM GAS  C:\Users\ADMINI~1\AppData\Local\Temp\ccEmAkiv.s 			page 160


 7122 064a 0020     		movs	r0, #0
 7123 064c FFF7FEFF 		bl	SPI_WriteData
 7124              	.LVL1754:
1950:Module/lcd_cfg.c **** 
1951:Module/lcd_cfg.c **** SSD2828_WritePackageSize(17);
 7125              		.loc 1 1951 1 view .LVU1762
 7126 0650 1120     		movs	r0, #17
 7127 0652 FFF7FEFF 		bl	SSD2828_WritePackageSize
 7128              	.LVL1755:
1952:Module/lcd_cfg.c **** SPI_WriteData(0xC0);
 7129              		.loc 1 1952 1 view .LVU1763
 7130 0656 C020     		movs	r0, #192
 7131 0658 FFF7FEFF 		bl	SPI_WriteData
 7132              	.LVL1756:
1953:Module/lcd_cfg.c **** SPI_WriteData(0x40);
 7133              		.loc 1 1953 1 view .LVU1764
 7134 065c 4020     		movs	r0, #64
 7135 065e FFF7FEFF 		bl	SPI_WriteData
 7136              	.LVL1757:
1954:Module/lcd_cfg.c **** SPI_WriteData(0x48);
 7137              		.loc 1 1954 1 view .LVU1765
 7138 0662 4820     		movs	r0, #72
 7139 0664 FFF7FEFF 		bl	SPI_WriteData
 7140              	.LVL1758:
1955:Module/lcd_cfg.c **** SPI_WriteData(0x50);
 7141              		.loc 1 1955 1 view .LVU1766
 7142 0668 5020     		movs	r0, #80
 7143 066a FFF7FEFF 		bl	SPI_WriteData
 7144              	.LVL1759:
1956:Module/lcd_cfg.c **** SPI_WriteData(0x58);
 7145              		.loc 1 1956 1 view .LVU1767
 7146 066e 5820     		movs	r0, #88
 7147 0670 FFF7FEFF 		bl	SPI_WriteData
 7148              	.LVL1760:
1957:Module/lcd_cfg.c **** SPI_WriteData(0x00);
 7149              		.loc 1 1957 1 view .LVU1768
 7150 0674 0020     		movs	r0, #0
 7151 0676 FFF7FEFF 		bl	SPI_WriteData
 7152              	.LVL1761:
1958:Module/lcd_cfg.c **** SPI_WriteData(0x60);
 7153              		.loc 1 1958 1 view .LVU1769
 7154 067a 6020     		movs	r0, #96
 7155 067c FFF7FEFF 		bl	SPI_WriteData
 7156              	.LVL1762:
1959:Module/lcd_cfg.c **** SPI_WriteData(0x68);
 7157              		.loc 1 1959 1 view .LVU1770
 7158 0680 6820     		movs	r0, #104
 7159 0682 FFF7FEFF 		bl	SPI_WriteData
 7160              	.LVL1763:
1960:Module/lcd_cfg.c **** SPI_WriteData(0x70);
 7161              		.loc 1 1960 1 view .LVU1771
 7162 0686 7020     		movs	r0, #112
 7163 0688 FFF7FEFF 		bl	SPI_WriteData
 7164              	.LVL1764:
1961:Module/lcd_cfg.c **** SPI_WriteData(0x78);
 7165              		.loc 1 1961 1 view .LVU1772
 7166 068c 7820     		movs	r0, #120
ARM GAS  C:\Users\ADMINI~1\AppData\Local\Temp\ccEmAkiv.s 			page 161


 7167 068e FFF7FEFF 		bl	SPI_WriteData
 7168              	.LVL1765:
1962:Module/lcd_cfg.c **** SPI_WriteData(0x00);
 7169              		.loc 1 1962 1 view .LVU1773
 7170 0692 0020     		movs	r0, #0
 7171 0694 FFF7FEFF 		bl	SPI_WriteData
 7172              	.LVL1766:
1963:Module/lcd_cfg.c **** SPI_WriteData(0x80);
 7173              		.loc 1 1963 1 view .LVU1774
 7174 0698 8020     		movs	r0, #128
 7175 069a FFF7FEFF 		bl	SPI_WriteData
 7176              	.LVL1767:
1964:Module/lcd_cfg.c **** SPI_WriteData(0x88);
 7177              		.loc 1 1964 1 view .LVU1775
 7178 069e 8820     		movs	r0, #136
 7179 06a0 FFF7FEFF 		bl	SPI_WriteData
 7180              	.LVL1768:
1965:Module/lcd_cfg.c **** SPI_WriteData(0x90);
 7181              		.loc 1 1965 1 view .LVU1776
 7182 06a4 9020     		movs	r0, #144
 7183 06a6 FFF7FEFF 		bl	SPI_WriteData
 7184              	.LVL1769:
1966:Module/lcd_cfg.c **** SPI_WriteData(0x98);
 7185              		.loc 1 1966 1 view .LVU1777
 7186 06aa 9820     		movs	r0, #152
 7187 06ac FFF7FEFF 		bl	SPI_WriteData
 7188              	.LVL1770:
1967:Module/lcd_cfg.c **** SPI_WriteData(0x00);
 7189              		.loc 1 1967 1 view .LVU1778
 7190 06b0 0020     		movs	r0, #0
 7191 06b2 FFF7FEFF 		bl	SPI_WriteData
 7192              	.LVL1771:
1968:Module/lcd_cfg.c **** SPI_WriteData(0xA0);
 7193              		.loc 1 1968 1 view .LVU1779
 7194 06b6 A020     		movs	r0, #160
 7195 06b8 FFF7FEFF 		bl	SPI_WriteData
 7196              	.LVL1772:
1969:Module/lcd_cfg.c **** 
1970:Module/lcd_cfg.c **** SSD2828_WritePackageSize(17);
 7197              		.loc 1 1970 1 view .LVU1780
 7198 06bc 1120     		movs	r0, #17
 7199 06be FFF7FEFF 		bl	SSD2828_WritePackageSize
 7200              	.LVL1773:
1971:Module/lcd_cfg.c **** SPI_WriteData(0xD0);
 7201              		.loc 1 1971 1 view .LVU1781
 7202 06c2 D020     		movs	r0, #208
 7203 06c4 FFF7FEFF 		bl	SPI_WriteData
 7204              	.LVL1774:
1972:Module/lcd_cfg.c **** SPI_WriteData(0xA8);
 7205              		.loc 1 1972 1 view .LVU1782
 7206 06c8 A820     		movs	r0, #168
 7207 06ca FFF7FEFF 		bl	SPI_WriteData
 7208              	.LVL1775:
1973:Module/lcd_cfg.c **** SPI_WriteData(0xB0);
 7209              		.loc 1 1973 1 view .LVU1783
 7210 06ce B020     		movs	r0, #176
 7211 06d0 FFF7FEFF 		bl	SPI_WriteData
ARM GAS  C:\Users\ADMINI~1\AppData\Local\Temp\ccEmAkiv.s 			page 162


 7212              	.LVL1776:
1974:Module/lcd_cfg.c **** SPI_WriteData(0xB8);
 7213              		.loc 1 1974 1 view .LVU1784
 7214 06d4 B820     		movs	r0, #184
 7215 06d6 FFF7FEFF 		bl	SPI_WriteData
 7216              	.LVL1777:
1975:Module/lcd_cfg.c **** SPI_WriteData(0x00);
 7217              		.loc 1 1975 1 view .LVU1785
 7218 06da 0020     		movs	r0, #0
 7219 06dc FFF7FEFF 		bl	SPI_WriteData
 7220              	.LVL1778:
1976:Module/lcd_cfg.c **** SPI_WriteData(0xC0);
 7221              		.loc 1 1976 1 view .LVU1786
 7222 06e0 C020     		movs	r0, #192
 7223 06e2 FFF7FEFF 		bl	SPI_WriteData
 7224              	.LVL1779:
1977:Module/lcd_cfg.c **** SPI_WriteData(0xC8);
 7225              		.loc 1 1977 1 view .LVU1787
 7226 06e6 C820     		movs	r0, #200
 7227 06e8 FFF7FEFF 		bl	SPI_WriteData
 7228              	.LVL1780:
1978:Module/lcd_cfg.c **** SPI_WriteData(0xD0);
 7229              		.loc 1 1978 1 view .LVU1788
 7230 06ec D020     		movs	r0, #208
 7231 06ee FFF7FEFF 		bl	SPI_WriteData
 7232              	.LVL1781:
1979:Module/lcd_cfg.c **** SPI_WriteData(0xD8);
 7233              		.loc 1 1979 1 view .LVU1789
 7234 06f2 D820     		movs	r0, #216
 7235 06f4 FFF7FEFF 		bl	SPI_WriteData
 7236              	.LVL1782:
1980:Module/lcd_cfg.c **** SPI_WriteData(0x00);
 7237              		.loc 1 1980 1 view .LVU1790
 7238 06f8 0020     		movs	r0, #0
 7239 06fa FFF7FEFF 		bl	SPI_WriteData
 7240              	.LVL1783:
1981:Module/lcd_cfg.c **** SPI_WriteData(0xE0);
 7241              		.loc 1 1981 1 view .LVU1791
 7242 06fe E020     		movs	r0, #224
 7243 0700 FFF7FEFF 		bl	SPI_WriteData
 7244              	.LVL1784:
1982:Module/lcd_cfg.c **** SPI_WriteData(0xE8);
 7245              		.loc 1 1982 1 view .LVU1792
 7246 0704 E820     		movs	r0, #232
 7247 0706 FFF7FEFF 		bl	SPI_WriteData
 7248              	.LVL1785:
1983:Module/lcd_cfg.c **** SPI_WriteData(0xF0);
 7249              		.loc 1 1983 1 view .LVU1793
 7250 070a F020     		movs	r0, #240
 7251 070c FFF7FEFF 		bl	SPI_WriteData
 7252              	.LVL1786:
1984:Module/lcd_cfg.c **** SPI_WriteData(0xF8);
 7253              		.loc 1 1984 1 view .LVU1794
 7254 0710 F820     		movs	r0, #248
 7255 0712 FFF7FEFF 		bl	SPI_WriteData
 7256              	.LVL1787:
1985:Module/lcd_cfg.c **** SPI_WriteData(0x00);
ARM GAS  C:\Users\ADMINI~1\AppData\Local\Temp\ccEmAkiv.s 			page 163


 7257              		.loc 1 1985 1 view .LVU1795
 7258 0716 0020     		movs	r0, #0
 7259 0718 FFF7FEFF 		bl	SPI_WriteData
 7260              	.LVL1788:
1986:Module/lcd_cfg.c **** SPI_WriteData(0xFC);
 7261              		.loc 1 1986 1 view .LVU1796
 7262 071c FC20     		movs	r0, #252
 7263 071e FFF7FEFF 		bl	SPI_WriteData
 7264              	.LVL1789:
1987:Module/lcd_cfg.c **** SPI_WriteData(0xFE);
 7265              		.loc 1 1987 1 view .LVU1797
 7266 0722 FE20     		movs	r0, #254
 7267 0724 FFF7FEFF 		bl	SPI_WriteData
 7268              	.LVL1790:
1988:Module/lcd_cfg.c **** 
1989:Module/lcd_cfg.c **** SSD2828_WritePackageSize(17);
 7269              		.loc 1 1989 1 view .LVU1798
 7270 0728 1120     		movs	r0, #17
 7271 072a FFF7FEFF 		bl	SSD2828_WritePackageSize
 7272              	.LVL1791:
1990:Module/lcd_cfg.c **** SPI_WriteData(0xE0);
 7273              		.loc 1 1990 1 view .LVU1799
 7274 072e E020     		movs	r0, #224
 7275 0730 FFF7FEFF 		bl	SPI_WriteData
 7276              	.LVL1792:
1991:Module/lcd_cfg.c **** SPI_WriteData(0xFF);
 7277              		.loc 1 1991 1 view .LVU1800
 7278 0734 FF20     		movs	r0, #255
 7279 0736 FFF7FEFF 		bl	SPI_WriteData
 7280              	.LVL1793:
1992:Module/lcd_cfg.c **** SPI_WriteData(0x00);
 7281              		.loc 1 1992 1 view .LVU1801
 7282 073a 0020     		movs	r0, #0
 7283 073c FFF7FEFF 		bl	SPI_WriteData
 7284              	.LVL1794:
1993:Module/lcd_cfg.c **** SPI_WriteData(0x00);
 7285              		.loc 1 1993 1 view .LVU1802
 7286 0740 0020     		movs	r0, #0
 7287 0742 FFF7FEFF 		bl	SPI_WriteData
 7288              	.LVL1795:
1994:Module/lcd_cfg.c **** SPI_WriteData(0x04);
 7289              		.loc 1 1994 1 view .LVU1803
 7290 0746 0420     		movs	r0, #4
 7291 0748 FFF7FEFF 		bl	SPI_WriteData
 7292              	.LVL1796:
1995:Module/lcd_cfg.c **** SPI_WriteData(0x08);
 7293              		.loc 1 1995 1 view .LVU1804
 7294 074c 0820     		movs	r0, #8
 7295 074e FFF7FEFF 		bl	SPI_WriteData
 7296              	.LVL1797:
1996:Module/lcd_cfg.c **** SPI_WriteData(0x0C);
 7297              		.loc 1 1996 1 view .LVU1805
 7298 0752 0C20     		movs	r0, #12
 7299 0754 FFF7FEFF 		bl	SPI_WriteData
 7300              	.LVL1798:
1997:Module/lcd_cfg.c **** SPI_WriteData(0x00);
 7301              		.loc 1 1997 1 view .LVU1806
ARM GAS  C:\Users\ADMINI~1\AppData\Local\Temp\ccEmAkiv.s 			page 164


 7302 0758 0020     		movs	r0, #0
 7303 075a FFF7FEFF 		bl	SPI_WriteData
 7304              	.LVL1799:
1998:Module/lcd_cfg.c **** SPI_WriteData(0x10);
 7305              		.loc 1 1998 1 view .LVU1807
 7306 075e 1020     		movs	r0, #16
 7307 0760 FFF7FEFF 		bl	SPI_WriteData
 7308              	.LVL1800:
1999:Module/lcd_cfg.c **** SPI_WriteData(0x14);
 7309              		.loc 1 1999 1 view .LVU1808
 7310 0764 1420     		movs	r0, #20
 7311 0766 FFF7FEFF 		bl	SPI_WriteData
 7312              	.LVL1801:
2000:Module/lcd_cfg.c **** SPI_WriteData(0x18);
 7313              		.loc 1 2000 1 view .LVU1809
 7314 076a 1820     		movs	r0, #24
 7315 076c FFF7FEFF 		bl	SPI_WriteData
 7316              	.LVL1802:
2001:Module/lcd_cfg.c **** SPI_WriteData(0x1C);
 7317              		.loc 1 2001 1 view .LVU1810
 7318 0770 1C20     		movs	r0, #28
 7319 0772 FFF7FEFF 		bl	SPI_WriteData
 7320              	.LVL1803:
2002:Module/lcd_cfg.c **** SPI_WriteData(0x00);
 7321              		.loc 1 2002 1 view .LVU1811
 7322 0776 0020     		movs	r0, #0
 7323 0778 FFF7FEFF 		bl	SPI_WriteData
 7324              	.LVL1804:
2003:Module/lcd_cfg.c **** SPI_WriteData(0x20);
 7325              		.loc 1 2003 1 view .LVU1812
 7326 077c 2020     		movs	r0, #32
 7327 077e FFF7FEFF 		bl	SPI_WriteData
 7328              	.LVL1805:
2004:Module/lcd_cfg.c **** SPI_WriteData(0x28);
 7329              		.loc 1 2004 1 view .LVU1813
 7330 0782 2820     		movs	r0, #40
 7331 0784 FFF7FEFF 		bl	SPI_WriteData
 7332              	.LVL1806:
2005:Module/lcd_cfg.c **** SPI_WriteData(0x30);
 7333              		.loc 1 2005 1 view .LVU1814
 7334 0788 3020     		movs	r0, #48
 7335 078a FFF7FEFF 		bl	SPI_WriteData
 7336              	.LVL1807:
2006:Module/lcd_cfg.c **** SPI_WriteData(0x38);
 7337              		.loc 1 2006 1 view .LVU1815
 7338 078e 3820     		movs	r0, #56
 7339 0790 FFF7FEFF 		bl	SPI_WriteData
 7340              	.LVL1808:
2007:Module/lcd_cfg.c **** 
2008:Module/lcd_cfg.c **** SSD2828_WritePackageSize(17);
 7341              		.loc 1 2008 1 view .LVU1816
 7342 0794 1120     		movs	r0, #17
 7343 0796 FFF7FEFF 		bl	SSD2828_WritePackageSize
 7344              	.LVL1809:
2009:Module/lcd_cfg.c **** SPI_WriteData(0xF0);
 7345              		.loc 1 2009 1 view .LVU1817
 7346 079a F020     		movs	r0, #240
ARM GAS  C:\Users\ADMINI~1\AppData\Local\Temp\ccEmAkiv.s 			page 165


 7347 079c FFF7FEFF 		bl	SPI_WriteData
 7348              	.LVL1810:
2010:Module/lcd_cfg.c **** SPI_WriteData(0x00);
 7349              		.loc 1 2010 1 view .LVU1818
 7350 07a0 0020     		movs	r0, #0
 7351 07a2 FFF7FEFF 		bl	SPI_WriteData
 7352              	.LVL1811:
2011:Module/lcd_cfg.c **** SPI_WriteData(0x40);
 7353              		.loc 1 2011 1 view .LVU1819
 7354 07a6 4020     		movs	r0, #64
 7355 07a8 FFF7FEFF 		bl	SPI_WriteData
 7356              	.LVL1812:
2012:Module/lcd_cfg.c **** SPI_WriteData(0x48);
 7357              		.loc 1 2012 1 view .LVU1820
 7358 07ac 4820     		movs	r0, #72
 7359 07ae FFF7FEFF 		bl	SPI_WriteData
 7360              	.LVL1813:
2013:Module/lcd_cfg.c **** SPI_WriteData(0x50);
 7361              		.loc 1 2013 1 view .LVU1821
 7362 07b2 5020     		movs	r0, #80
 7363 07b4 FFF7FEFF 		bl	SPI_WriteData
 7364              	.LVL1814:
2014:Module/lcd_cfg.c **** SPI_WriteData(0x58);
 7365              		.loc 1 2014 1 view .LVU1822
 7366 07b8 5820     		movs	r0, #88
 7367 07ba FFF7FEFF 		bl	SPI_WriteData
 7368              	.LVL1815:
2015:Module/lcd_cfg.c **** SPI_WriteData(0x00);
 7369              		.loc 1 2015 1 view .LVU1823
 7370 07be 0020     		movs	r0, #0
 7371 07c0 FFF7FEFF 		bl	SPI_WriteData
 7372              	.LVL1816:
2016:Module/lcd_cfg.c **** SPI_WriteData(0x60);
 7373              		.loc 1 2016 1 view .LVU1824
 7374 07c4 6020     		movs	r0, #96
 7375 07c6 FFF7FEFF 		bl	SPI_WriteData
 7376              	.LVL1817:
2017:Module/lcd_cfg.c **** SPI_WriteData(0x68);
 7377              		.loc 1 2017 1 view .LVU1825
 7378 07ca 6820     		movs	r0, #104
 7379 07cc FFF7FEFF 		bl	SPI_WriteData
 7380              	.LVL1818:
2018:Module/lcd_cfg.c **** SPI_WriteData(0x70);
 7381              		.loc 1 2018 1 view .LVU1826
 7382 07d0 7020     		movs	r0, #112
 7383 07d2 FFF7FEFF 		bl	SPI_WriteData
 7384              	.LVL1819:
2019:Module/lcd_cfg.c **** SPI_WriteData(0x78);
 7385              		.loc 1 2019 1 view .LVU1827
 7386 07d6 7820     		movs	r0, #120
 7387 07d8 FFF7FEFF 		bl	SPI_WriteData
 7388              	.LVL1820:
2020:Module/lcd_cfg.c **** SPI_WriteData(0x00);
 7389              		.loc 1 2020 1 view .LVU1828
 7390 07dc 0020     		movs	r0, #0
 7391 07de FFF7FEFF 		bl	SPI_WriteData
 7392              	.LVL1821:
ARM GAS  C:\Users\ADMINI~1\AppData\Local\Temp\ccEmAkiv.s 			page 166


2021:Module/lcd_cfg.c **** SPI_WriteData(0x80);
 7393              		.loc 1 2021 1 view .LVU1829
 7394 07e2 8020     		movs	r0, #128
 7395 07e4 FFF7FEFF 		bl	SPI_WriteData
 7396              	.LVL1822:
2022:Module/lcd_cfg.c **** SPI_WriteData(0x88);
 7397              		.loc 1 2022 1 view .LVU1830
 7398 07e8 8820     		movs	r0, #136
 7399 07ea FFF7FEFF 		bl	SPI_WriteData
 7400              	.LVL1823:
2023:Module/lcd_cfg.c **** SPI_WriteData(0x90);
 7401              		.loc 1 2023 1 view .LVU1831
 7402 07ee 9020     		movs	r0, #144
 7403 07f0 FFF7FEFF 		bl	SPI_WriteData
 7404              	.LVL1824:
2024:Module/lcd_cfg.c **** SPI_WriteData(0x98);
 7405              		.loc 1 2024 1 view .LVU1832
 7406 07f4 9820     		movs	r0, #152
 7407 07f6 FFF7FEFF 		bl	SPI_WriteData
 7408              	.LVL1825:
2025:Module/lcd_cfg.c **** SPI_WriteData(0x00);
 7409              		.loc 1 2025 1 view .LVU1833
 7410 07fa 0020     		movs	r0, #0
 7411 07fc FFF7FEFF 		bl	SPI_WriteData
 7412              	.LVL1826:
2026:Module/lcd_cfg.c **** 
2027:Module/lcd_cfg.c **** //Blank29
2028:Module/lcd_cfg.c **** SSD2828_WritePackageSize(3);
 7413              		.loc 1 2028 1 view .LVU1834
 7414 0800 0320     		movs	r0, #3
 7415 0802 FFF7FEFF 		bl	SSD2828_WritePackageSize
 7416              	.LVL1827:
2029:Module/lcd_cfg.c **** SPI_WriteData(0x41);
 7417              		.loc 1 2029 1 view .LVU1835
 7418 0806 4120     		movs	r0, #65
 7419 0808 FFF7FEFF 		bl	SPI_WriteData
 7420              	.LVL1828:
2030:Module/lcd_cfg.c **** SPI_WriteData(0x5A);
 7421              		.loc 1 2030 1 view .LVU1836
 7422 080c 5A20     		movs	r0, #90
 7423 080e FFF7FEFF 		bl	SPI_WriteData
 7424              	.LVL1829:
2031:Module/lcd_cfg.c **** SPI_WriteData(0x1D);
 7425              		.loc 1 2031 1 view .LVU1837
 7426 0812 1D20     		movs	r0, #29
 7427 0814 FFF7FEFF 		bl	SPI_WriteData
 7428              	.LVL1830:
2032:Module/lcd_cfg.c **** 
2033:Module/lcd_cfg.c **** SSD2828_WritePackageSize(17);
 7429              		.loc 1 2033 1 view .LVU1838
 7430 0818 1120     		movs	r0, #17
 7431 081a FFF7FEFF 		bl	SSD2828_WritePackageSize
 7432              	.LVL1831:
2034:Module/lcd_cfg.c **** SPI_WriteData(0x80);
 7433              		.loc 1 2034 1 view .LVU1839
 7434 081e 8020     		movs	r0, #128
 7435 0820 FFF7FEFF 		bl	SPI_WriteData
ARM GAS  C:\Users\ADMINI~1\AppData\Local\Temp\ccEmAkiv.s 			page 167


 7436              	.LVL1832:
2035:Module/lcd_cfg.c **** SPI_WriteData(0xA0);
 7437              		.loc 1 2035 1 view .LVU1840
 7438 0824 A020     		movs	r0, #160
 7439 0826 FFF7FEFF 		bl	SPI_WriteData
 7440              	.LVL1833:
2036:Module/lcd_cfg.c **** SPI_WriteData(0xA8);
 7441              		.loc 1 2036 1 view .LVU1841
 7442 082a A820     		movs	r0, #168
 7443 082c FFF7FEFF 		bl	SPI_WriteData
 7444              	.LVL1834:
2037:Module/lcd_cfg.c **** SPI_WriteData(0xB0);
 7445              		.loc 1 2037 1 view .LVU1842
 7446 0830 B020     		movs	r0, #176
 7447 0832 FFF7FEFF 		bl	SPI_WriteData
 7448              	.LVL1835:
2038:Module/lcd_cfg.c **** SPI_WriteData(0xB8);
 7449              		.loc 1 2038 1 view .LVU1843
 7450 0836 B820     		movs	r0, #184
 7451 0838 FFF7FEFF 		bl	SPI_WriteData
 7452              	.LVL1836:
2039:Module/lcd_cfg.c **** SPI_WriteData(0x00);
 7453              		.loc 1 2039 1 view .LVU1844
 7454 083c 0020     		movs	r0, #0
 7455 083e FFF7FEFF 		bl	SPI_WriteData
 7456              	.LVL1837:
2040:Module/lcd_cfg.c **** SPI_WriteData(0xC0);
 7457              		.loc 1 2040 1 view .LVU1845
 7458 0842 C020     		movs	r0, #192
 7459 0844 FFF7FEFF 		bl	SPI_WriteData
 7460              	.LVL1838:
2041:Module/lcd_cfg.c **** SPI_WriteData(0xC8);
 7461              		.loc 1 2041 1 view .LVU1846
 7462 0848 C820     		movs	r0, #200
 7463 084a FFF7FEFF 		bl	SPI_WriteData
 7464              	.LVL1839:
2042:Module/lcd_cfg.c **** SPI_WriteData(0xD0);
 7465              		.loc 1 2042 1 view .LVU1847
 7466 084e D020     		movs	r0, #208
 7467 0850 FFF7FEFF 		bl	SPI_WriteData
 7468              	.LVL1840:
2043:Module/lcd_cfg.c **** SPI_WriteData(0xD8);
 7469              		.loc 1 2043 1 view .LVU1848
 7470 0854 D820     		movs	r0, #216
 7471 0856 FFF7FEFF 		bl	SPI_WriteData
 7472              	.LVL1841:
2044:Module/lcd_cfg.c **** SPI_WriteData(0x00);
 7473              		.loc 1 2044 1 view .LVU1849
 7474 085a 0020     		movs	r0, #0
 7475 085c FFF7FEFF 		bl	SPI_WriteData
 7476              	.LVL1842:
2045:Module/lcd_cfg.c **** SPI_WriteData(0xE0);
 7477              		.loc 1 2045 1 view .LVU1850
 7478 0860 E020     		movs	r0, #224
 7479 0862 FFF7FEFF 		bl	SPI_WriteData
 7480              	.LVL1843:
2046:Module/lcd_cfg.c **** SPI_WriteData(0xE8);
ARM GAS  C:\Users\ADMINI~1\AppData\Local\Temp\ccEmAkiv.s 			page 168


 7481              		.loc 1 2046 1 view .LVU1851
 7482 0866 E820     		movs	r0, #232
 7483 0868 FFF7FEFF 		bl	SPI_WriteData
 7484              	.LVL1844:
2047:Module/lcd_cfg.c **** SPI_WriteData(0xF0);
 7485              		.loc 1 2047 1 view .LVU1852
 7486 086c F020     		movs	r0, #240
 7487 086e FFF7FEFF 		bl	SPI_WriteData
 7488              	.LVL1845:
2048:Module/lcd_cfg.c **** SPI_WriteData(0xF8);
 7489              		.loc 1 2048 1 view .LVU1853
 7490 0872 F820     		movs	r0, #248
 7491 0874 FFF7FEFF 		bl	SPI_WriteData
 7492              	.LVL1846:
2049:Module/lcd_cfg.c **** SPI_WriteData(0x00);
 7493              		.loc 1 2049 1 view .LVU1854
 7494 0878 0020     		movs	r0, #0
 7495 087a FFF7FEFF 		bl	SPI_WriteData
 7496              	.LVL1847:
2050:Module/lcd_cfg.c **** SPI_WriteData(0xFC);
 7497              		.loc 1 2050 1 view .LVU1855
 7498 087e FC20     		movs	r0, #252
 7499 0880 FFF7FEFF 		bl	SPI_WriteData
 7500              	.LVL1848:
2051:Module/lcd_cfg.c **** 
2052:Module/lcd_cfg.c **** SSD2828_WritePackageSize(5);
 7501              		.loc 1 2052 1 view .LVU1856
 7502 0884 0520     		movs	r0, #5
 7503 0886 FFF7FEFF 		bl	SSD2828_WritePackageSize
 7504              	.LVL1849:
2053:Module/lcd_cfg.c **** SPI_WriteData(0x90);
 7505              		.loc 1 2053 1 view .LVU1857
 7506 088a 9020     		movs	r0, #144
 7507 088c FFF7FEFF 		bl	SPI_WriteData
 7508              	.LVL1850:
2054:Module/lcd_cfg.c **** SPI_WriteData(0xFE);
 7509              		.loc 1 2054 1 view .LVU1858
 7510 0890 FE20     		movs	r0, #254
 7511 0892 FFF7FEFF 		bl	SPI_WriteData
 7512              	.LVL1851:
2055:Module/lcd_cfg.c **** SPI_WriteData(0xFF);
 7513              		.loc 1 2055 1 view .LVU1859
 7514 0896 FF20     		movs	r0, #255
 7515 0898 FFF7FEFF 		bl	SPI_WriteData
 7516              	.LVL1852:
2056:Module/lcd_cfg.c **** SPI_WriteData(0x00);
 7517              		.loc 1 2056 1 view .LVU1860
 7518 089c 0020     		movs	r0, #0
 7519 089e FFF7FEFF 		bl	SPI_WriteData
 7520              	.LVL1853:
2057:Module/lcd_cfg.c **** SPI_WriteData(0x00);
 7521              		.loc 1 2057 1 view .LVU1861
 7522 08a2 0020     		movs	r0, #0
 7523 08a4 FFF7FEFF 		bl	SPI_WriteData
 7524              	.LVL1854:
2058:Module/lcd_cfg.c **** 
2059:Module/lcd_cfg.c **** //Blank31
ARM GAS  C:\Users\ADMINI~1\AppData\Local\Temp\ccEmAkiv.s 			page 169


2060:Module/lcd_cfg.c **** SSD2828_WritePackageSize(3);
 7525              		.loc 1 2060 1 view .LVU1862
 7526 08a8 0320     		movs	r0, #3
 7527 08aa FFF7FEFF 		bl	SSD2828_WritePackageSize
 7528              	.LVL1855:
2061:Module/lcd_cfg.c **** SPI_WriteData(0x41);
 7529              		.loc 1 2061 1 view .LVU1863
 7530 08ae 4120     		movs	r0, #65
 7531 08b0 FFF7FEFF 		bl	SPI_WriteData
 7532              	.LVL1856:
2062:Module/lcd_cfg.c **** SPI_WriteData(0x5A);
 7533              		.loc 1 2062 1 view .LVU1864
 7534 08b4 5A20     		movs	r0, #90
 7535 08b6 FFF7FEFF 		bl	SPI_WriteData
 7536              	.LVL1857:
2063:Module/lcd_cfg.c **** SPI_WriteData(0x1F);
 7537              		.loc 1 2063 1 view .LVU1865
 7538 08ba 1F20     		movs	r0, #31
 7539 08bc FFF7FEFF 		bl	SPI_WriteData
 7540              	.LVL1858:
2064:Module/lcd_cfg.c **** 
2065:Module/lcd_cfg.c **** SSD2828_WritePackageSize(17);
 7541              		.loc 1 2065 1 view .LVU1866
 7542 08c0 1120     		movs	r0, #17
 7543 08c2 FFF7FEFF 		bl	SSD2828_WritePackageSize
 7544              	.LVL1859:
2066:Module/lcd_cfg.c **** SPI_WriteData(0x80);
 7545              		.loc 1 2066 1 view .LVU1867
 7546 08c6 8020     		movs	r0, #128
 7547 08c8 FFF7FEFF 		bl	SPI_WriteData
 7548              	.LVL1860:
2067:Module/lcd_cfg.c **** SPI_WriteData(0x5A);
 7549              		.loc 1 2067 1 view .LVU1868
 7550 08cc 5A20     		movs	r0, #90
 7551 08ce FFF7FEFF 		bl	SPI_WriteData
 7552              	.LVL1861:
2068:Module/lcd_cfg.c **** SPI_WriteData(0x0F);
 7553              		.loc 1 2068 1 view .LVU1869
 7554 08d2 0F20     		movs	r0, #15
 7555 08d4 FFF7FEFF 		bl	SPI_WriteData
 7556              	.LVL1862:
2069:Module/lcd_cfg.c **** SPI_WriteData(0x70);
 7557              		.loc 1 2069 1 view .LVU1870
 7558 08d8 7020     		movs	r0, #112
 7559 08da FFF7FEFF 		bl	SPI_WriteData
 7560              	.LVL1863:
2070:Module/lcd_cfg.c **** SPI_WriteData(0x09);
 7561              		.loc 1 2070 1 view .LVU1871
 7562 08de 0920     		movs	r0, #9
 7563 08e0 FFF7FEFF 		bl	SPI_WriteData
 7564              	.LVL1864:
2071:Module/lcd_cfg.c **** SPI_WriteData(0x28);
 7565              		.loc 1 2071 1 view .LVU1872
 7566 08e4 2820     		movs	r0, #40
 7567 08e6 FFF7FEFF 		bl	SPI_WriteData
 7568              	.LVL1865:
2072:Module/lcd_cfg.c **** SPI_WriteData(0x30);
ARM GAS  C:\Users\ADMINI~1\AppData\Local\Temp\ccEmAkiv.s 			page 170


 7569              		.loc 1 2072 1 view .LVU1873
 7570 08ea 3020     		movs	r0, #48
 7571 08ec FFF7FEFF 		bl	SPI_WriteData
 7572              	.LVL1866:
2073:Module/lcd_cfg.c **** SPI_WriteData(0x38);
 7573              		.loc 1 2073 1 view .LVU1874
 7574 08f0 3820     		movs	r0, #56
 7575 08f2 FFF7FEFF 		bl	SPI_WriteData
 7576              	.LVL1867:
2074:Module/lcd_cfg.c **** SPI_WriteData(0x40);
 7577              		.loc 1 2074 1 view .LVU1875
 7578 08f6 4020     		movs	r0, #64
 7579 08f8 FFF7FEFF 		bl	SPI_WriteData
 7580              	.LVL1868:
2075:Module/lcd_cfg.c **** SPI_WriteData(0x48);
 7581              		.loc 1 2075 1 view .LVU1876
 7582 08fc 4820     		movs	r0, #72
 7583 08fe FFF7FEFF 		bl	SPI_WriteData
 7584              	.LVL1869:
2076:Module/lcd_cfg.c **** SPI_WriteData(0x50);
 7585              		.loc 1 2076 1 view .LVU1877
 7586 0902 5020     		movs	r0, #80
 7587 0904 FFF7FEFF 		bl	SPI_WriteData
 7588              	.LVL1870:
2077:Module/lcd_cfg.c **** SPI_WriteData(0x58);
 7589              		.loc 1 2077 1 view .LVU1878
 7590 0908 5820     		movs	r0, #88
 7591 090a FFF7FEFF 		bl	SPI_WriteData
 7592              	.LVL1871:
2078:Module/lcd_cfg.c **** SPI_WriteData(0x60);
 7593              		.loc 1 2078 1 view .LVU1879
 7594 090e 6020     		movs	r0, #96
 7595 0910 FFF7FEFF 		bl	SPI_WriteData
 7596              	.LVL1872:
2079:Module/lcd_cfg.c **** SPI_WriteData(0x20);
 7597              		.loc 1 2079 1 view .LVU1880
 7598 0914 2020     		movs	r0, #32
 7599 0916 FFF7FEFF 		bl	SPI_WriteData
 7600              	.LVL1873:
2080:Module/lcd_cfg.c **** SPI_WriteData(0x30);
 7601              		.loc 1 2080 1 view .LVU1881
 7602 091a 3020     		movs	r0, #48
 7603 091c FFF7FEFF 		bl	SPI_WriteData
 7604              	.LVL1874:
2081:Module/lcd_cfg.c **** SPI_WriteData(0x38);
 7605              		.loc 1 2081 1 view .LVU1882
 7606 0920 3820     		movs	r0, #56
 7607 0922 FFF7FEFF 		bl	SPI_WriteData
 7608              	.LVL1875:
2082:Module/lcd_cfg.c **** SPI_WriteData(0x40);
 7609              		.loc 1 2082 1 view .LVU1883
 7610 0926 4020     		movs	r0, #64
 7611 0928 FFF7FEFF 		bl	SPI_WriteData
 7612              	.LVL1876:
2083:Module/lcd_cfg.c **** 
2084:Module/lcd_cfg.c **** SSD2828_WritePackageSize(17);
 7613              		.loc 1 2084 1 view .LVU1884
ARM GAS  C:\Users\ADMINI~1\AppData\Local\Temp\ccEmAkiv.s 			page 171


 7614 092c 1120     		movs	r0, #17
 7615 092e FFF7FEFF 		bl	SSD2828_WritePackageSize
 7616              	.LVL1877:
2085:Module/lcd_cfg.c **** SPI_WriteData(0x90);
 7617              		.loc 1 2085 1 view .LVU1885
 7618 0932 9020     		movs	r0, #144
 7619 0934 FFF7FEFF 		bl	SPI_WriteData
 7620              	.LVL1878:
2086:Module/lcd_cfg.c **** SPI_WriteData(0x48);
 7621              		.loc 1 2086 1 view .LVU1886
 7622 0938 4820     		movs	r0, #72
 7623 093a FFF7FEFF 		bl	SPI_WriteData
 7624              	.LVL1879:
2087:Module/lcd_cfg.c **** SPI_WriteData(0x50);
 7625              		.loc 1 2087 1 view .LVU1887
 7626 093e 5020     		movs	r0, #80
 7627 0940 FFF7FEFF 		bl	SPI_WriteData
 7628              	.LVL1880:
2088:Module/lcd_cfg.c **** SPI_WriteData(0x58);
 7629              		.loc 1 2088 1 view .LVU1888
 7630 0944 5820     		movs	r0, #88
 7631 0946 FFF7FEFF 		bl	SPI_WriteData
 7632              	.LVL1881:
2089:Module/lcd_cfg.c **** SPI_WriteData(0x60);
 7633              		.loc 1 2089 1 view .LVU1889
 7634 094a 6020     		movs	r0, #96
 7635 094c FFF7FEFF 		bl	SPI_WriteData
 7636              	.LVL1882:
2090:Module/lcd_cfg.c **** SPI_WriteData(0x20);
 7637              		.loc 1 2090 1 view .LVU1890
 7638 0950 2020     		movs	r0, #32
 7639 0952 FFF7FEFF 		bl	SPI_WriteData
 7640              	.LVL1883:
2091:Module/lcd_cfg.c **** SPI_WriteData(0x28);
 7641              		.loc 1 2091 1 view .LVU1891
 7642 0956 2820     		movs	r0, #40
 7643 0958 FFF7FEFF 		bl	SPI_WriteData
 7644              	.LVL1884:
2092:Module/lcd_cfg.c **** SPI_WriteData(0x38);
 7645              		.loc 1 2092 1 view .LVU1892
 7646 095c 3820     		movs	r0, #56
 7647 095e FFF7FEFF 		bl	SPI_WriteData
 7648              	.LVL1885:
2093:Module/lcd_cfg.c **** SPI_WriteData(0x40);
 7649              		.loc 1 2093 1 view .LVU1893
 7650 0962 4020     		movs	r0, #64
 7651 0964 FFF7FEFF 		bl	SPI_WriteData
 7652              	.LVL1886:
2094:Module/lcd_cfg.c **** SPI_WriteData(0x48);
 7653              		.loc 1 2094 1 view .LVU1894
 7654 0968 4820     		movs	r0, #72
 7655 096a FFF7FEFF 		bl	SPI_WriteData
 7656              	.LVL1887:
2095:Module/lcd_cfg.c **** SPI_WriteData(0x50);
 7657              		.loc 1 2095 1 view .LVU1895
 7658 096e 5020     		movs	r0, #80
 7659 0970 FFF7FEFF 		bl	SPI_WriteData
ARM GAS  C:\Users\ADMINI~1\AppData\Local\Temp\ccEmAkiv.s 			page 172


 7660              	.LVL1888:
2096:Module/lcd_cfg.c **** SPI_WriteData(0x58);
 7661              		.loc 1 2096 1 view .LVU1896
 7662 0974 5820     		movs	r0, #88
 7663 0976 FFF7FEFF 		bl	SPI_WriteData
 7664              	.LVL1889:
2097:Module/lcd_cfg.c **** SPI_WriteData(0x60);
 7665              		.loc 1 2097 1 view .LVU1897
 7666 097a 6020     		movs	r0, #96
 7667 097c FFF7FEFF 		bl	SPI_WriteData
 7668              	.LVL1890:
2098:Module/lcd_cfg.c **** SPI_WriteData(0x20);
 7669              		.loc 1 2098 1 view .LVU1898
 7670 0980 2020     		movs	r0, #32
 7671 0982 FFF7FEFF 		bl	SPI_WriteData
 7672              	.LVL1891:
2099:Module/lcd_cfg.c **** SPI_WriteData(0x28);
 7673              		.loc 1 2099 1 view .LVU1899
 7674 0986 2820     		movs	r0, #40
 7675 0988 FFF7FEFF 		bl	SPI_WriteData
 7676              	.LVL1892:
2100:Module/lcd_cfg.c **** SPI_WriteData(0x30);
 7677              		.loc 1 2100 1 view .LVU1900
 7678 098c 3020     		movs	r0, #48
 7679 098e FFF7FEFF 		bl	SPI_WriteData
 7680              	.LVL1893:
2101:Module/lcd_cfg.c **** SPI_WriteData(0x40);
 7681              		.loc 1 2101 1 view .LVU1901
 7682 0992 4020     		movs	r0, #64
 7683 0994 FFF7FEFF 		bl	SPI_WriteData
 7684              	.LVL1894:
2102:Module/lcd_cfg.c **** 
2103:Module/lcd_cfg.c **** SSD2828_WritePackageSize(17);
 7685              		.loc 1 2103 1 view .LVU1902
 7686 0998 1120     		movs	r0, #17
 7687 099a FFF7FEFF 		bl	SSD2828_WritePackageSize
 7688              	.LVL1895:
2104:Module/lcd_cfg.c **** SPI_WriteData(0xA0);
 7689              		.loc 1 2104 1 view .LVU1903
 7690 099e A020     		movs	r0, #160
 7691 09a0 FFF7FEFF 		bl	SPI_WriteData
 7692              	.LVL1896:
2105:Module/lcd_cfg.c **** SPI_WriteData(0x48);
 7693              		.loc 1 2105 1 view .LVU1904
 7694 09a4 4820     		movs	r0, #72
 7695 09a6 FFF7FEFF 		bl	SPI_WriteData
 7696              	.LVL1897:
2106:Module/lcd_cfg.c **** SPI_WriteData(0x50);
 7697              		.loc 1 2106 1 view .LVU1905
 7698 09aa 5020     		movs	r0, #80
 7699 09ac FFF7FEFF 		bl	SPI_WriteData
 7700              	.LVL1898:
2107:Module/lcd_cfg.c **** SPI_WriteData(0x58);
 7701              		.loc 1 2107 1 view .LVU1906
 7702 09b0 5820     		movs	r0, #88
 7703 09b2 FFF7FEFF 		bl	SPI_WriteData
 7704              	.LVL1899:
ARM GAS  C:\Users\ADMINI~1\AppData\Local\Temp\ccEmAkiv.s 			page 173


2108:Module/lcd_cfg.c **** SPI_WriteData(0x60);
 7705              		.loc 1 2108 1 view .LVU1907
 7706 09b6 6020     		movs	r0, #96
 7707 09b8 FFF7FEFF 		bl	SPI_WriteData
 7708              	.LVL1900:
2109:Module/lcd_cfg.c **** SPI_WriteData(0x20);
 7709              		.loc 1 2109 1 view .LVU1908
 7710 09bc 2020     		movs	r0, #32
 7711 09be FFF7FEFF 		bl	SPI_WriteData
 7712              	.LVL1901:
2110:Module/lcd_cfg.c **** SPI_WriteData(0x28);
 7713              		.loc 1 2110 1 view .LVU1909
 7714 09c2 2820     		movs	r0, #40
 7715 09c4 FFF7FEFF 		bl	SPI_WriteData
 7716              	.LVL1902:
2111:Module/lcd_cfg.c **** SPI_WriteData(0x30);
 7717              		.loc 1 2111 1 view .LVU1910
 7718 09c8 3020     		movs	r0, #48
 7719 09ca FFF7FEFF 		bl	SPI_WriteData
 7720              	.LVL1903:
2112:Module/lcd_cfg.c **** SPI_WriteData(0x38);
 7721              		.loc 1 2112 1 view .LVU1911
 7722 09ce 3820     		movs	r0, #56
 7723 09d0 FFF7FEFF 		bl	SPI_WriteData
 7724              	.LVL1904:
2113:Module/lcd_cfg.c **** SPI_WriteData(0x48);
 7725              		.loc 1 2113 1 view .LVU1912
 7726 09d4 4820     		movs	r0, #72
 7727 09d6 FFF7FEFF 		bl	SPI_WriteData
 7728              	.LVL1905:
2114:Module/lcd_cfg.c **** SPI_WriteData(0x50);
 7729              		.loc 1 2114 1 view .LVU1913
 7730 09da 5020     		movs	r0, #80
 7731 09dc FFF7FEFF 		bl	SPI_WriteData
 7732              	.LVL1906:
2115:Module/lcd_cfg.c **** SPI_WriteData(0x58);
 7733              		.loc 1 2115 1 view .LVU1914
 7734 09e0 5820     		movs	r0, #88
 7735 09e2 FFF7FEFF 		bl	SPI_WriteData
 7736              	.LVL1907:
2116:Module/lcd_cfg.c **** SPI_WriteData(0x60);
 7737              		.loc 1 2116 1 view .LVU1915
 7738 09e6 6020     		movs	r0, #96
 7739 09e8 FFF7FEFF 		bl	SPI_WriteData
 7740              	.LVL1908:
2117:Module/lcd_cfg.c **** SPI_WriteData(0x20);
 7741              		.loc 1 2117 1 view .LVU1916
 7742 09ec 2020     		movs	r0, #32
 7743 09ee FFF7FEFF 		bl	SPI_WriteData
 7744              	.LVL1909:
2118:Module/lcd_cfg.c **** SPI_WriteData(0x28);
 7745              		.loc 1 2118 1 view .LVU1917
 7746 09f2 2820     		movs	r0, #40
 7747 09f4 FFF7FEFF 		bl	SPI_WriteData
 7748              	.LVL1910:
2119:Module/lcd_cfg.c **** SPI_WriteData(0x30);
 7749              		.loc 1 2119 1 view .LVU1918
ARM GAS  C:\Users\ADMINI~1\AppData\Local\Temp\ccEmAkiv.s 			page 174


 7750 09f8 3020     		movs	r0, #48
 7751 09fa FFF7FEFF 		bl	SPI_WriteData
 7752              	.LVL1911:
2120:Module/lcd_cfg.c **** SPI_WriteData(0x38);
 7753              		.loc 1 2120 1 view .LVU1919
 7754 09fe 3820     		movs	r0, #56
 7755 0a00 FFF7FEFF 		bl	SPI_WriteData
 7756              	.LVL1912:
2121:Module/lcd_cfg.c **** 
2122:Module/lcd_cfg.c **** SSD2828_WritePackageSize(17);
 7757              		.loc 1 2122 1 view .LVU1920
 7758 0a04 1120     		movs	r0, #17
 7759 0a06 FFF7FEFF 		bl	SSD2828_WritePackageSize
 7760              	.LVL1913:
2123:Module/lcd_cfg.c **** SPI_WriteData(0xB0);
 7761              		.loc 1 2123 1 view .LVU1921
 7762 0a0a B020     		movs	r0, #176
 7763 0a0c FFF7FEFF 		bl	SPI_WriteData
 7764              	.LVL1914:
2124:Module/lcd_cfg.c **** SPI_WriteData(0x40);
 7765              		.loc 1 2124 1 view .LVU1922
 7766 0a10 4020     		movs	r0, #64
 7767 0a12 FFF7FEFF 		bl	SPI_WriteData
 7768              	.LVL1915:
2125:Module/lcd_cfg.c **** SPI_WriteData(0x50);
 7769              		.loc 1 2125 1 view .LVU1923
 7770 0a16 5020     		movs	r0, #80
 7771 0a18 FFF7FEFF 		bl	SPI_WriteData
 7772              	.LVL1916:
2126:Module/lcd_cfg.c **** SPI_WriteData(0x58);
 7773              		.loc 1 2126 1 view .LVU1924
 7774 0a1c 5820     		movs	r0, #88
 7775 0a1e FFF7FEFF 		bl	SPI_WriteData
 7776              	.LVL1917:
2127:Module/lcd_cfg.c **** SPI_WriteData(0x60);
 7777              		.loc 1 2127 1 view .LVU1925
 7778 0a22 6020     		movs	r0, #96
 7779 0a24 FFF7FEFF 		bl	SPI_WriteData
 7780              	.LVL1918:
2128:Module/lcd_cfg.c **** SPI_WriteData(0x20);
 7781              		.loc 1 2128 1 view .LVU1926
 7782 0a28 2020     		movs	r0, #32
 7783 0a2a FFF7FEFF 		bl	SPI_WriteData
 7784              	.LVL1919:
2129:Module/lcd_cfg.c **** SPI_WriteData(0x28);
 7785              		.loc 1 2129 1 view .LVU1927
 7786 0a2e 2820     		movs	r0, #40
 7787 0a30 FFF7FEFF 		bl	SPI_WriteData
 7788              	.LVL1920:
2130:Module/lcd_cfg.c **** SPI_WriteData(0x30);
 7789              		.loc 1 2130 1 view .LVU1928
 7790 0a34 3020     		movs	r0, #48
 7791 0a36 FFF7FEFF 		bl	SPI_WriteData
 7792              	.LVL1921:
2131:Module/lcd_cfg.c **** SPI_WriteData(0x38);
 7793              		.loc 1 2131 1 view .LVU1929
 7794 0a3a 3820     		movs	r0, #56
ARM GAS  C:\Users\ADMINI~1\AppData\Local\Temp\ccEmAkiv.s 			page 175


 7795 0a3c FFF7FEFF 		bl	SPI_WriteData
 7796              	.LVL1922:
2132:Module/lcd_cfg.c **** SPI_WriteData(0x40);
 7797              		.loc 1 2132 1 view .LVU1930
 7798 0a40 4020     		movs	r0, #64
 7799 0a42 FFF7FEFF 		bl	SPI_WriteData
 7800              	.LVL1923:
2133:Module/lcd_cfg.c **** SPI_WriteData(0x48);
 7801              		.loc 1 2133 1 view .LVU1931
 7802 0a46 4820     		movs	r0, #72
 7803 0a48 FFF7FEFF 		bl	SPI_WriteData
 7804              	.LVL1924:
2134:Module/lcd_cfg.c **** SPI_WriteData(0x58);
 7805              		.loc 1 2134 1 view .LVU1932
 7806 0a4c 5820     		movs	r0, #88
 7807 0a4e FFF7FEFF 		bl	SPI_WriteData
 7808              	.LVL1925:
2135:Module/lcd_cfg.c **** SPI_WriteData(0x60);
 7809              		.loc 1 2135 1 view .LVU1933
 7810 0a52 6020     		movs	r0, #96
 7811 0a54 FFF7FEFF 		bl	SPI_WriteData
 7812              	.LVL1926:
2136:Module/lcd_cfg.c **** SPI_WriteData(0x20);
 7813              		.loc 1 2136 1 view .LVU1934
 7814 0a58 2020     		movs	r0, #32
 7815 0a5a FFF7FEFF 		bl	SPI_WriteData
 7816              	.LVL1927:
2137:Module/lcd_cfg.c **** SPI_WriteData(0x28);
 7817              		.loc 1 2137 1 view .LVU1935
 7818 0a5e 2820     		movs	r0, #40
 7819 0a60 FFF7FEFF 		bl	SPI_WriteData
 7820              	.LVL1928:
2138:Module/lcd_cfg.c **** SPI_WriteData(0x30);
 7821              		.loc 1 2138 1 view .LVU1936
 7822 0a64 3020     		movs	r0, #48
 7823 0a66 FFF7FEFF 		bl	SPI_WriteData
 7824              	.LVL1929:
2139:Module/lcd_cfg.c **** SPI_WriteData(0x38);
 7825              		.loc 1 2139 1 view .LVU1937
 7826 0a6a 3820     		movs	r0, #56
 7827 0a6c FFF7FEFF 		bl	SPI_WriteData
 7828              	.LVL1930:
2140:Module/lcd_cfg.c **** 
2141:Module/lcd_cfg.c **** SSD2828_WritePackageSize(17);
 7829              		.loc 1 2141 1 view .LVU1938
 7830 0a70 1120     		movs	r0, #17
 7831 0a72 FFF7FEFF 		bl	SSD2828_WritePackageSize
 7832              	.LVL1931:
2142:Module/lcd_cfg.c **** SPI_WriteData(0xC0);
 7833              		.loc 1 2142 1 view .LVU1939
 7834 0a76 C020     		movs	r0, #192
 7835 0a78 FFF7FEFF 		bl	SPI_WriteData
 7836              	.LVL1932:
2143:Module/lcd_cfg.c **** SPI_WriteData(0x40);
 7837              		.loc 1 2143 1 view .LVU1940
 7838 0a7c 4020     		movs	r0, #64
 7839 0a7e FFF7FEFF 		bl	SPI_WriteData
ARM GAS  C:\Users\ADMINI~1\AppData\Local\Temp\ccEmAkiv.s 			page 176


 7840              	.LVL1933:
2144:Module/lcd_cfg.c **** SPI_WriteData(0x48);
 7841              		.loc 1 2144 1 view .LVU1941
 7842 0a82 4820     		movs	r0, #72
 7843 0a84 FFF7FEFF 		bl	SPI_WriteData
 7844              	.LVL1934:
2145:Module/lcd_cfg.c **** SPI_WriteData(0x50);
 7845              		.loc 1 2145 1 view .LVU1942
 7846 0a88 5020     		movs	r0, #80
 7847 0a8a FFF7FEFF 		bl	SPI_WriteData
 7848              	.LVL1935:
2146:Module/lcd_cfg.c **** SPI_WriteData(0x60);
 7849              		.loc 1 2146 1 view .LVU1943
 7850 0a8e 6020     		movs	r0, #96
 7851 0a90 FFF7FEFF 		bl	SPI_WriteData
 7852              	.LVL1936:
2147:Module/lcd_cfg.c **** SPI_WriteData(0x20);
 7853              		.loc 1 2147 1 view .LVU1944
 7854 0a94 2020     		movs	r0, #32
 7855 0a96 FFF7FEFF 		bl	SPI_WriteData
 7856              	.LVL1937:
2148:Module/lcd_cfg.c **** SPI_WriteData(0x28);
 7857              		.loc 1 2148 1 view .LVU1945
 7858 0a9a 2820     		movs	r0, #40
 7859 0a9c FFF7FEFF 		bl	SPI_WriteData
 7860              	.LVL1938:
2149:Module/lcd_cfg.c **** SPI_WriteData(0x30);
 7861              		.loc 1 2149 1 view .LVU1946
 7862 0aa0 3020     		movs	r0, #48
 7863 0aa2 FFF7FEFF 		bl	SPI_WriteData
 7864              	.LVL1939:
2150:Module/lcd_cfg.c **** SPI_WriteData(0x38);
 7865              		.loc 1 2150 1 view .LVU1947
 7866 0aa6 3820     		movs	r0, #56
 7867 0aa8 FFF7FEFF 		bl	SPI_WriteData
 7868              	.LVL1940:
2151:Module/lcd_cfg.c **** SPI_WriteData(0x40);
 7869              		.loc 1 2151 1 view .LVU1948
 7870 0aac 4020     		movs	r0, #64
 7871 0aae FFF7FEFF 		bl	SPI_WriteData
 7872              	.LVL1941:
2152:Module/lcd_cfg.c **** SPI_WriteData(0x48);
 7873              		.loc 1 2152 1 view .LVU1949
 7874 0ab2 4820     		movs	r0, #72
 7875 0ab4 FFF7FEFF 		bl	SPI_WriteData
 7876              	.LVL1942:
2153:Module/lcd_cfg.c **** SPI_WriteData(0x50);
 7877              		.loc 1 2153 1 view .LVU1950
 7878 0ab8 5020     		movs	r0, #80
 7879 0aba FFF7FEFF 		bl	SPI_WriteData
 7880              	.LVL1943:
2154:Module/lcd_cfg.c **** SPI_WriteData(0x58);
 7881              		.loc 1 2154 1 view .LVU1951
 7882 0abe 5820     		movs	r0, #88
 7883 0ac0 FFF7FEFF 		bl	SPI_WriteData
 7884              	.LVL1944:
2155:Module/lcd_cfg.c **** SPI_WriteData(0xFF);
ARM GAS  C:\Users\ADMINI~1\AppData\Local\Temp\ccEmAkiv.s 			page 177


 7885              		.loc 1 2155 1 view .LVU1952
 7886 0ac4 FF20     		movs	r0, #255
 7887 0ac6 FFF7FEFF 		bl	SPI_WriteData
 7888              	.LVL1945:
2156:Module/lcd_cfg.c **** SPI_WriteData(0x5A);
 7889              		.loc 1 2156 1 view .LVU1953
 7890 0aca 5A20     		movs	r0, #90
 7891 0acc FFF7FEFF 		bl	SPI_WriteData
 7892              	.LVL1946:
2157:Module/lcd_cfg.c **** SPI_WriteData(0x1E);
 7893              		.loc 1 2157 1 view .LVU1954
 7894 0ad0 1E20     		movs	r0, #30
 7895 0ad2 FFF7FEFF 		bl	SPI_WriteData
 7896              	.LVL1947:
2158:Module/lcd_cfg.c **** SPI_WriteData(0x20);
 7897              		.loc 1 2158 1 view .LVU1955
 7898 0ad6 2020     		movs	r0, #32
 7899 0ad8 FFF7FEFF 		bl	SPI_WriteData
 7900              	.LVL1948:
2159:Module/lcd_cfg.c **** 
2160:Module/lcd_cfg.c **** SSD2828_WritePackageSize(13);
 7901              		.loc 1 2160 1 view .LVU1956
 7902 0adc 0D20     		movs	r0, #13
 7903 0ade FFF7FEFF 		bl	SSD2828_WritePackageSize
 7904              	.LVL1949:
2161:Module/lcd_cfg.c **** SPI_WriteData(0xD0);
 7905              		.loc 1 2161 1 view .LVU1957
 7906 0ae2 D020     		movs	r0, #208
 7907 0ae4 FFF7FEFF 		bl	SPI_WriteData
 7908              	.LVL1950:
2162:Module/lcd_cfg.c **** SPI_WriteData(0x00);
 7909              		.loc 1 2162 1 view .LVU1958
 7910 0ae8 0020     		movs	r0, #0
 7911 0aea FFF7FEFF 		bl	SPI_WriteData
 7912              	.LVL1951:
2163:Module/lcd_cfg.c **** SPI_WriteData(0x02);
 7913              		.loc 1 2163 1 view .LVU1959
 7914 0aee 0220     		movs	r0, #2
 7915 0af0 FFF7FEFF 		bl	SPI_WriteData
 7916              	.LVL1952:
2164:Module/lcd_cfg.c **** SPI_WriteData(0x20);
 7917              		.loc 1 2164 1 view .LVU1960
 7918 0af4 2020     		movs	r0, #32
 7919 0af6 FFF7FEFF 		bl	SPI_WriteData
 7920              	.LVL1953:
2165:Module/lcd_cfg.c **** SPI_WriteData(0x00);
 7921              		.loc 1 2165 1 view .LVU1961
 7922 0afa 0020     		movs	r0, #0
 7923 0afc FFF7FEFF 		bl	SPI_WriteData
 7924              	.LVL1954:
2166:Module/lcd_cfg.c **** SPI_WriteData(0x02);
 7925              		.loc 1 2166 1 view .LVU1962
 7926 0b00 0220     		movs	r0, #2
 7927 0b02 FFF7FEFF 		bl	SPI_WriteData
 7928              	.LVL1955:
2167:Module/lcd_cfg.c **** SPI_WriteData(0x20);
 7929              		.loc 1 2167 1 view .LVU1963
ARM GAS  C:\Users\ADMINI~1\AppData\Local\Temp\ccEmAkiv.s 			page 178


 7930 0b06 2020     		movs	r0, #32
 7931 0b08 FFF7FEFF 		bl	SPI_WriteData
 7932              	.LVL1956:
2168:Module/lcd_cfg.c **** SPI_WriteData(0x00);
 7933              		.loc 1 2168 1 view .LVU1964
 7934 0b0c 0020     		movs	r0, #0
 7935 0b0e FFF7FEFF 		bl	SPI_WriteData
 7936              	.LVL1957:
2169:Module/lcd_cfg.c **** SPI_WriteData(0x02);
 7937              		.loc 1 2169 1 view .LVU1965
 7938 0b12 0220     		movs	r0, #2
 7939 0b14 FFF7FEFF 		bl	SPI_WriteData
 7940              	.LVL1958:
2170:Module/lcd_cfg.c **** SPI_WriteData(0x20);
 7941              		.loc 1 2170 1 view .LVU1966
 7942 0b18 2020     		movs	r0, #32
 7943 0b1a FFF7FEFF 		bl	SPI_WriteData
 7944              	.LVL1959:
2171:Module/lcd_cfg.c **** SPI_WriteData(0x00);
 7945              		.loc 1 2171 1 view .LVU1967
 7946 0b1e 0020     		movs	r0, #0
 7947 0b20 FFF7FEFF 		bl	SPI_WriteData
 7948              	.LVL1960:
2172:Module/lcd_cfg.c **** SPI_WriteData(0x02);
 7949              		.loc 1 2172 1 view .LVU1968
 7950 0b24 0220     		movs	r0, #2
 7951 0b26 FFF7FEFF 		bl	SPI_WriteData
 7952              	.LVL1961:
2173:Module/lcd_cfg.c **** SPI_WriteData(0xFE);
 7953              		.loc 1 2173 1 view .LVU1969
 7954 0b2a FE20     		movs	r0, #254
 7955 0b2c FFF7FEFF 		bl	SPI_WriteData
 7956              	.LVL1962:
2174:Module/lcd_cfg.c **** 
2175:Module/lcd_cfg.c **** //Blank32
2176:Module/lcd_cfg.c **** SSD2828_WritePackageSize(3);
 7957              		.loc 1 2176 1 view .LVU1970
 7958 0b30 0320     		movs	r0, #3
 7959 0b32 FFF7FEFF 		bl	SSD2828_WritePackageSize
 7960              	.LVL1963:
2177:Module/lcd_cfg.c **** SPI_WriteData(0x41);
 7961              		.loc 1 2177 1 view .LVU1971
 7962 0b36 4120     		movs	r0, #65
 7963 0b38 FFF7FEFF 		bl	SPI_WriteData
 7964              	.LVL1964:
2178:Module/lcd_cfg.c **** SPI_WriteData(0x5A);
 7965              		.loc 1 2178 1 view .LVU1972
 7966 0b3c 5A20     		movs	r0, #90
 7967 0b3e FFF7FEFF 		bl	SPI_WriteData
 7968              	.LVL1965:
2179:Module/lcd_cfg.c **** SPI_WriteData(0x20);
 7969              		.loc 1 2179 1 view .LVU1973
 7970 0b42 2020     		movs	r0, #32
 7971 0b44 FFF7FEFF 		bl	SPI_WriteData
 7972              	.LVL1966:
2180:Module/lcd_cfg.c **** 
2181:Module/lcd_cfg.c **** SSD2828_WritePackageSize(17);
ARM GAS  C:\Users\ADMINI~1\AppData\Local\Temp\ccEmAkiv.s 			page 179


 7973              		.loc 1 2181 1 view .LVU1974
 7974 0b48 1120     		movs	r0, #17
 7975 0b4a FFF7FEFF 		bl	SSD2828_WritePackageSize
 7976              	.LVL1967:
2182:Module/lcd_cfg.c **** SPI_WriteData(0x80);
 7977              		.loc 1 2182 1 view .LVU1975
 7978 0b4e 8020     		movs	r0, #128
 7979 0b50 FFF7FEFF 		bl	SPI_WriteData
 7980              	.LVL1968:
2183:Module/lcd_cfg.c **** SPI_WriteData(0x47);
 7981              		.loc 1 2183 1 view .LVU1976
 7982 0b54 4720     		movs	r0, #71
 7983 0b56 FFF7FEFF 		bl	SPI_WriteData
 7984              	.LVL1969:
2184:Module/lcd_cfg.c **** SPI_WriteData(0x73);
 7985              		.loc 1 2184 1 view .LVU1977
 7986 0b5a 7320     		movs	r0, #115
 7987 0b5c FFF7FEFF 		bl	SPI_WriteData
 7988              	.LVL1970:
2185:Module/lcd_cfg.c **** SPI_WriteData(0x03);
 7989              		.loc 1 2185 1 view .LVU1978
 7990 0b60 0320     		movs	r0, #3
 7991 0b62 FFF7FEFF 		bl	SPI_WriteData
 7992              	.LVL1971:
2186:Module/lcd_cfg.c **** SPI_WriteData(0x00);
 7993              		.loc 1 2186 1 view .LVU1979
 7994 0b66 0020     		movs	r0, #0
 7995 0b68 FFF7FEFF 		bl	SPI_WriteData
 7996              	.LVL1972:
2187:Module/lcd_cfg.c **** SPI_WriteData(0x0A);
 7997              		.loc 1 2187 1 view .LVU1980
 7998 0b6c 0A20     		movs	r0, #10
 7999 0b6e FFF7FEFF 		bl	SPI_WriteData
 8000              	.LVL1973:
2188:Module/lcd_cfg.c **** SPI_WriteData(0xF6);
 8001              		.loc 1 2188 1 view .LVU1981
 8002 0b72 F620     		movs	r0, #246
 8003 0b74 FFF7FEFF 		bl	SPI_WriteData
 8004              	.LVL1974:
2189:Module/lcd_cfg.c **** SPI_WriteData(0xFF);
 8005              		.loc 1 2189 1 view .LVU1982
 8006 0b78 FF20     		movs	r0, #255
 8007 0b7a FFF7FEFF 		bl	SPI_WriteData
 8008              	.LVL1975:
2190:Module/lcd_cfg.c **** SPI_WriteData(0xC3);
 8009              		.loc 1 2190 1 view .LVU1983
 8010 0b7e C320     		movs	r0, #195
 8011 0b80 FFF7FEFF 		bl	SPI_WriteData
 8012              	.LVL1976:
2191:Module/lcd_cfg.c **** SPI_WriteData(0x10);
 8013              		.loc 1 2191 1 view .LVU1984
 8014 0b84 1020     		movs	r0, #16
 8015 0b86 FFF7FEFF 		bl	SPI_WriteData
 8016              	.LVL1977:
2192:Module/lcd_cfg.c **** SPI_WriteData(0x08);
 8017              		.loc 1 2192 1 view .LVU1985
 8018 0b8a 0820     		movs	r0, #8
ARM GAS  C:\Users\ADMINI~1\AppData\Local\Temp\ccEmAkiv.s 			page 180


 8019 0b8c FFF7FEFF 		bl	SPI_WriteData
 8020              	.LVL1978:
2193:Module/lcd_cfg.c **** SPI_WriteData(0x02);
 8021              		.loc 1 2193 1 view .LVU1986
 8022 0b90 0220     		movs	r0, #2
 8023 0b92 FFF7FEFF 		bl	SPI_WriteData
 8024              	.LVL1979:
2194:Module/lcd_cfg.c **** SPI_WriteData(0x08);
 8025              		.loc 1 2194 1 view .LVU1987
 8026 0b96 0820     		movs	r0, #8
 8027 0b98 FFF7FEFF 		bl	SPI_WriteData
 8028              	.LVL1980:
2195:Module/lcd_cfg.c **** SPI_WriteData(0x03);
 8029              		.loc 1 2195 1 view .LVU1988
 8030 0b9c 0320     		movs	r0, #3
 8031 0b9e FFF7FEFF 		bl	SPI_WriteData
 8032              	.LVL1981:
2196:Module/lcd_cfg.c **** SPI_WriteData(0x41);
 8033              		.loc 1 2196 1 view .LVU1989
 8034 0ba2 4120     		movs	r0, #65
 8035 0ba4 FFF7FEFF 		bl	SPI_WriteData
 8036              	.LVL1982:
2197:Module/lcd_cfg.c **** SPI_WriteData(0x18);
 8037              		.loc 1 2197 1 view .LVU1990
 8038 0ba8 1820     		movs	r0, #24
 8039 0baa FFF7FEFF 		bl	SPI_WriteData
 8040              	.LVL1983:
2198:Module/lcd_cfg.c **** SPI_WriteData(0x30);
 8041              		.loc 1 2198 1 view .LVU1991
 8042 0bae 3020     		movs	r0, #48
 8043 0bb0 FFF7FEFF 		bl	SPI_WriteData
 8044              	.LVL1984:
2199:Module/lcd_cfg.c **** 
2200:Module/lcd_cfg.c **** SSD2828_WritePackageSize(17);
 8045              		.loc 1 2200 1 view .LVU1992
 8046 0bb4 1120     		movs	r0, #17
 8047 0bb6 FFF7FEFF 		bl	SSD2828_WritePackageSize
 8048              	.LVL1985:
2201:Module/lcd_cfg.c **** SPI_WriteData(0x90);
 8049              		.loc 1 2201 1 view .LVU1993
 8050 0bba 9020     		movs	r0, #144
 8051 0bbc FFF7FEFF 		bl	SPI_WriteData
 8052              	.LVL1986:
2202:Module/lcd_cfg.c **** SPI_WriteData(0x18);
 8053              		.loc 1 2202 1 view .LVU1994
 8054 0bc0 1820     		movs	r0, #24
 8055 0bc2 FFF7FEFF 		bl	SPI_WriteData
 8056              	.LVL1987:
2203:Module/lcd_cfg.c **** SPI_WriteData(0x44);
 8057              		.loc 1 2203 1 view .LVU1995
 8058 0bc6 4420     		movs	r0, #68
 8059 0bc8 FFF7FEFF 		bl	SPI_WriteData
 8060              	.LVL1988:
2204:Module/lcd_cfg.c **** SPI_WriteData(0xE1);
 8061              		.loc 1 2204 1 view .LVU1996
 8062 0bcc E120     		movs	r0, #225
 8063 0bce FFF7FEFF 		bl	SPI_WriteData
ARM GAS  C:\Users\ADMINI~1\AppData\Local\Temp\ccEmAkiv.s 			page 181


 8064              	.LVL1989:
2205:Module/lcd_cfg.c **** SPI_WriteData(0x40);
 8065              		.loc 1 2205 1 view .LVU1997
 8066 0bd2 4020     		movs	r0, #64
 8067 0bd4 FFF7FEFF 		bl	SPI_WriteData
 8068              	.LVL1990:
2206:Module/lcd_cfg.c **** SPI_WriteData(0xE1);
 8069              		.loc 1 2206 1 view .LVU1998
 8070 0bd8 E120     		movs	r0, #225
 8071 0bda FFF7FEFF 		bl	SPI_WriteData
 8072              	.LVL1991:
2207:Module/lcd_cfg.c **** SPI_WriteData(0x20);
 8073              		.loc 1 2207 1 view .LVU1999
 8074 0bde 2020     		movs	r0, #32
 8075 0be0 FFF7FEFF 		bl	SPI_WriteData
 8076              	.LVL1992:
2208:Module/lcd_cfg.c **** SPI_WriteData(0x30);
 8077              		.loc 1 2208 1 view .LVU2000
 8078 0be4 3020     		movs	r0, #48
 8079 0be6 FFF7FEFF 		bl	SPI_WriteData
 8080              	.LVL1993:
2209:Module/lcd_cfg.c **** SPI_WriteData(0x18);
 8081              		.loc 1 2209 1 view .LVU2001
 8082 0bea 1820     		movs	r0, #24
 8083 0bec FFF7FEFF 		bl	SPI_WriteData
 8084              	.LVL1994:
2210:Module/lcd_cfg.c **** SPI_WriteData(0xC8);
 8085              		.loc 1 2210 1 view .LVU2002
 8086 0bf0 C820     		movs	r0, #200
 8087 0bf2 FFF7FEFF 		bl	SPI_WriteData
 8088              	.LVL1995:
2211:Module/lcd_cfg.c **** SPI_WriteData(0x21);
 8089              		.loc 1 2211 1 view .LVU2003
 8090 0bf6 2120     		movs	r0, #33
 8091 0bf8 FFF7FEFF 		bl	SPI_WriteData
 8092              	.LVL1996:
2212:Module/lcd_cfg.c **** SPI_WriteData(0x41);
 8093              		.loc 1 2212 1 view .LVU2004
 8094 0bfc 4120     		movs	r0, #65
 8095 0bfe FFF7FEFF 		bl	SPI_WriteData
 8096              	.LVL1997:
2213:Module/lcd_cfg.c **** SPI_WriteData(0x01);
 8097              		.loc 1 2213 1 view .LVU2005
 8098 0c02 0120     		movs	r0, #1
 8099 0c04 FFF7FEFF 		bl	SPI_WriteData
 8100              	.LVL1998:
2214:Module/lcd_cfg.c **** SPI_WriteData(0x31);
 8101              		.loc 1 2214 1 view .LVU2006
 8102 0c08 3120     		movs	r0, #49
 8103 0c0a FFF7FEFF 		bl	SPI_WriteData
 8104              	.LVL1999:
2215:Module/lcd_cfg.c **** SPI_WriteData(0x13);
 8105              		.loc 1 2215 1 view .LVU2007
 8106 0c0e 1320     		movs	r0, #19
 8107 0c10 FFF7FEFF 		bl	SPI_WriteData
 8108              	.LVL2000:
2216:Module/lcd_cfg.c **** SPI_WriteData(0x44);
ARM GAS  C:\Users\ADMINI~1\AppData\Local\Temp\ccEmAkiv.s 			page 182


 8109              		.loc 1 2216 1 view .LVU2008
 8110 0c14 4420     		movs	r0, #68
 8111 0c16 FFF7FEFF 		bl	SPI_WriteData
 8112              	.LVL2001:
2217:Module/lcd_cfg.c **** SPI_WriteData(0x42);
 8113              		.loc 1 2217 1 view .LVU2009
 8114 0c1a 4220     		movs	r0, #66
 8115 0c1c FFF7FEFF 		bl	SPI_WriteData
 8116              	.LVL2002:
2218:Module/lcd_cfg.c **** 
2219:Module/lcd_cfg.c **** SSD2828_WritePackageSize(17);
 8117              		.loc 1 2219 1 view .LVU2010
 8118 0c20 1120     		movs	r0, #17
 8119 0c22 FFF7FEFF 		bl	SSD2828_WritePackageSize
 8120              	.LVL2003:
2220:Module/lcd_cfg.c **** SPI_WriteData(0xA0);
 8121              		.loc 1 2220 1 view .LVU2011
 8122 0c26 A020     		movs	r0, #160
 8123 0c28 FFF7FEFF 		bl	SPI_WriteData
 8124              	.LVL2004:
2221:Module/lcd_cfg.c **** SPI_WriteData(0x91);
 8125              		.loc 1 2221 1 view .LVU2012
 8126 0c2c 9120     		movs	r0, #145
 8127 0c2e FFF7FEFF 		bl	SPI_WriteData
 8128              	.LVL2005:
2222:Module/lcd_cfg.c **** SPI_WriteData(0x50);
 8129              		.loc 1 2222 1 view .LVU2013
 8130 0c32 5020     		movs	r0, #80
 8131 0c34 FFF7FEFF 		bl	SPI_WriteData
 8132              	.LVL2006:
2223:Module/lcd_cfg.c **** SPI_WriteData(0x28);
 8133              		.loc 1 2223 1 view .LVU2014
 8134 0c38 2820     		movs	r0, #40
 8135 0c3a FFF7FEFF 		bl	SPI_WriteData
 8136              	.LVL2007:
2224:Module/lcd_cfg.c **** SPI_WriteData(0x14);
 8137              		.loc 1 2224 1 view .LVU2015
 8138 0c3e 1420     		movs	r0, #20
 8139 0c40 FFF7FEFF 		bl	SPI_WriteData
 8140              	.LVL2008:
2225:Module/lcd_cfg.c **** SPI_WriteData(0x0A);
 8141              		.loc 1 2225 1 view .LVU2016
 8142 0c44 0A20     		movs	r0, #10
 8143 0c46 FFF7FEFF 		bl	SPI_WriteData
 8144              	.LVL2009:
2226:Module/lcd_cfg.c **** SPI_WriteData(0x85);
 8145              		.loc 1 2226 1 view .LVU2017
 8146 0c4a 8520     		movs	r0, #133
 8147 0c4c FFF7FEFF 		bl	SPI_WriteData
 8148              	.LVL2010:
2227:Module/lcd_cfg.c **** SPI_WriteData(0x83);
 8149              		.loc 1 2227 1 view .LVU2018
 8150 0c50 8320     		movs	r0, #131
 8151 0c52 FFF7FEFF 		bl	SPI_WriteData
 8152              	.LVL2011:
2228:Module/lcd_cfg.c **** SPI_WriteData(0xD2);
 8153              		.loc 1 2228 1 view .LVU2019
ARM GAS  C:\Users\ADMINI~1\AppData\Local\Temp\ccEmAkiv.s 			page 183


 8154 0c56 D220     		movs	r0, #210
 8155 0c58 FFF7FEFF 		bl	SPI_WriteData
 8156              	.LVL2012:
2229:Module/lcd_cfg.c **** SPI_WriteData(0xC0);
 8157              		.loc 1 2229 1 view .LVU2020
 8158 0c5c C020     		movs	r0, #192
 8159 0c5e FFF7FEFF 		bl	SPI_WriteData
 8160              	.LVL2013:
2230:Module/lcd_cfg.c **** SPI_WriteData(0x40);
 8161              		.loc 1 2230 1 view .LVU2021
 8162 0c62 4020     		movs	r0, #64
 8163 0c64 FFF7FEFF 		bl	SPI_WriteData
 8164              	.LVL2014:
2231:Module/lcd_cfg.c **** SPI_WriteData(0x36);
 8165              		.loc 1 2231 1 view .LVU2022
 8166 0c68 3620     		movs	r0, #54
 8167 0c6a FFF7FEFF 		bl	SPI_WriteData
 8168              	.LVL2015:
2232:Module/lcd_cfg.c **** SPI_WriteData(0x7F);
 8169              		.loc 1 2232 1 view .LVU2023
 8170 0c6e 7F20     		movs	r0, #127
 8171 0c70 FFF7FEFF 		bl	SPI_WriteData
 8172              	.LVL2016:
2233:Module/lcd_cfg.c **** SPI_WriteData(0xD0);
 8173              		.loc 1 2233 1 view .LVU2024
 8174 0c74 D020     		movs	r0, #208
 8175 0c76 FFF7FEFF 		bl	SPI_WriteData
 8176              	.LVL2017:
2234:Module/lcd_cfg.c **** SPI_WriteData(0x1F);
 8177              		.loc 1 2234 1 view .LVU2025
 8178 0c7a 1F20     		movs	r0, #31
 8179 0c7c FFF7FEFF 		bl	SPI_WriteData
 8180              	.LVL2018:
2235:Module/lcd_cfg.c **** SPI_WriteData(0x12);
 8181              		.loc 1 2235 1 view .LVU2026
 8182 0c80 1220     		movs	r0, #18
 8183 0c82 FFF7FEFF 		bl	SPI_WriteData
 8184              	.LVL2019:
2236:Module/lcd_cfg.c **** SPI_WriteData(0xE0);
 8185              		.loc 1 2236 1 view .LVU2027
 8186 0c86 E020     		movs	r0, #224
 8187 0c88 FFF7FEFF 		bl	SPI_WriteData
 8188              	.LVL2020:
2237:Module/lcd_cfg.c **** 
2238:Module/lcd_cfg.c **** SSD2828_WritePackageSize(17);
 8189              		.loc 1 2238 1 view .LVU2028
 8190 0c8c 1120     		movs	r0, #17
 8191 0c8e FFF7FEFF 		bl	SSD2828_WritePackageSize
 8192              	.LVL2021:
2239:Module/lcd_cfg.c **** SPI_WriteData(0xB0);
 8193              		.loc 1 2239 1 view .LVU2029
 8194 0c92 B020     		movs	r0, #176
 8195 0c94 FFF7FEFF 		bl	SPI_WriteData
 8196              	.LVL2022:
2240:Module/lcd_cfg.c **** SPI_WriteData(0x18);
 8197              		.loc 1 2240 1 view .LVU2030
 8198 0c98 1820     		movs	r0, #24
ARM GAS  C:\Users\ADMINI~1\AppData\Local\Temp\ccEmAkiv.s 			page 184


 8199 0c9a FFF7FEFF 		bl	SPI_WriteData
 8200              	.LVL2023:
2241:Module/lcd_cfg.c **** SPI_WriteData(0x36);
 8201              		.loc 1 2241 1 view .LVU2031
 8202 0c9e 3620     		movs	r0, #54
 8203 0ca0 FFF7FEFF 		bl	SPI_WriteData
 8204              	.LVL2024:
2242:Module/lcd_cfg.c **** SPI_WriteData(0x1B);
 8205              		.loc 1 2242 1 view .LVU2032
 8206 0ca4 1B20     		movs	r0, #27
 8207 0ca6 FFF7FEFF 		bl	SPI_WriteData
 8208              	.LVL2025:
2243:Module/lcd_cfg.c **** SPI_WriteData(0x11);
 8209              		.loc 1 2243 1 view .LVU2033
 8210 0caa 1120     		movs	r0, #17
 8211 0cac FFF7FEFF 		bl	SPI_WriteData
 8212              	.LVL2026:
2244:Module/lcd_cfg.c **** SPI_WriteData(0x04);
 8213              		.loc 1 2244 1 view .LVU2034
 8214 0cb0 0420     		movs	r0, #4
 8215 0cb2 FFF7FEFF 		bl	SPI_WriteData
 8216              	.LVL2027:
2245:Module/lcd_cfg.c **** SPI_WriteData(0x20);
 8217              		.loc 1 2245 1 view .LVU2035
 8218 0cb6 2020     		movs	r0, #32
 8219 0cb8 FFF7FEFF 		bl	SPI_WriteData
 8220              	.LVL2028:
2246:Module/lcd_cfg.c **** SPI_WriteData(0x02);
 8221              		.loc 1 2246 1 view .LVU2036
 8222 0cbc 0220     		movs	r0, #2
 8223 0cbe FFF7FEFF 		bl	SPI_WriteData
 8224              	.LVL2029:
2247:Module/lcd_cfg.c **** SPI_WriteData(0xD0);
 8225              		.loc 1 2247 1 view .LVU2037
 8226 0cc2 D020     		movs	r0, #208
 8227 0cc4 FFF7FEFF 		bl	SPI_WriteData
 8228              	.LVL2030:
2248:Module/lcd_cfg.c **** SPI_WriteData(0x80);
 8229              		.loc 1 2248 1 view .LVU2038
 8230 0cc8 8020     		movs	r0, #128
 8231 0cca FFF7FEFF 		bl	SPI_WriteData
 8232              	.LVL2031:
2249:Module/lcd_cfg.c **** SPI_WriteData(0xB3);
 8233              		.loc 1 2249 1 view .LVU2039
 8234 0cce B320     		movs	r0, #179
 8235 0cd0 FFF7FEFF 		bl	SPI_WriteData
 8236              	.LVL2032:
2250:Module/lcd_cfg.c **** SPI_WriteData(0x21);
 8237              		.loc 1 2250 1 view .LVU2040
 8238 0cd4 2120     		movs	r0, #33
 8239 0cd6 FFF7FEFF 		bl	SPI_WriteData
 8240              	.LVL2033:
2251:Module/lcd_cfg.c **** SPI_WriteData(0x38);
 8241              		.loc 1 2251 1 view .LVU2041
 8242 0cda 3820     		movs	r0, #56
 8243 0cdc FFF7FEFF 		bl	SPI_WriteData
 8244              	.LVL2034:
ARM GAS  C:\Users\ADMINI~1\AppData\Local\Temp\ccEmAkiv.s 			page 185


2252:Module/lcd_cfg.c **** SPI_WriteData(0x00);
 8245              		.loc 1 2252 1 view .LVU2042
 8246 0ce0 0020     		movs	r0, #0
 8247 0ce2 FFF7FEFF 		bl	SPI_WriteData
 8248              	.LVL2035:
2253:Module/lcd_cfg.c **** SPI_WriteData(0x00);
 8249              		.loc 1 2253 1 view .LVU2043
 8250 0ce6 0020     		movs	r0, #0
 8251 0ce8 FFF7FEFF 		bl	SPI_WriteData
 8252              	.LVL2036:
2254:Module/lcd_cfg.c **** SPI_WriteData(0x88);
 8253              		.loc 1 2254 1 view .LVU2044
 8254 0cec 8820     		movs	r0, #136
 8255 0cee FFF7FEFF 		bl	SPI_WriteData
 8256              	.LVL2037:
2255:Module/lcd_cfg.c **** SPI_WriteData(0x83);
 8257              		.loc 1 2255 1 view .LVU2045
 8258 0cf2 8320     		movs	r0, #131
 8259 0cf4 FFF7FEFF 		bl	SPI_WriteData
 8260              	.LVL2038:
2256:Module/lcd_cfg.c **** 
2257:Module/lcd_cfg.c **** SSD2828_WritePackageSize(17);
 8261              		.loc 1 2257 1 view .LVU2046
 8262 0cf8 1120     		movs	r0, #17
 8263 0cfa FFF7FEFF 		bl	SSD2828_WritePackageSize
 8264              	.LVL2039:
2258:Module/lcd_cfg.c **** SPI_WriteData(0xC0);
 8265              		.loc 1 2258 1 view .LVU2047
 8266 0cfe C020     		movs	r0, #192
 8267 0d00 FFF7FEFF 		bl	SPI_WriteData
 8268              	.LVL2040:
2259:Module/lcd_cfg.c **** SPI_WriteData(0x82);
 8269              		.loc 1 2259 1 view .LVU2048
 8270 0d04 8220     		movs	r0, #130
 8271 0d06 FFF7FEFF 		bl	SPI_WriteData
 8272              	.LVL2041:
2260:Module/lcd_cfg.c **** SPI_WriteData(0x81);
 8273              		.loc 1 2260 1 view .LVU2049
 8274 0d0a 8120     		movs	r0, #129
 8275 0d0c FFF7FEFF 		bl	SPI_WriteData
 8276              	.LVL2042:
2261:Module/lcd_cfg.c **** SPI_WriteData(0x40);
 8277              		.loc 1 2261 1 view .LVU2050
 8278 0d10 4020     		movs	r0, #64
 8279 0d12 FFF7FEFF 		bl	SPI_WriteData
 8280              	.LVL2043:
2262:Module/lcd_cfg.c **** SPI_WriteData(0x70);
 8281              		.loc 1 2262 1 view .LVU2051
 8282 0d16 7020     		movs	r0, #112
 8283 0d18 FFF7FEFF 		bl	SPI_WriteData
 8284              	.LVL2044:
2263:Module/lcd_cfg.c **** SPI_WriteData(0x00);
 8285              		.loc 1 2263 1 view .LVU2052
 8286 0d1c 0020     		movs	r0, #0
 8287 0d1e FFF7FEFF 		bl	SPI_WriteData
 8288              	.LVL2045:
2264:Module/lcd_cfg.c **** SPI_WriteData(0x00);
ARM GAS  C:\Users\ADMINI~1\AppData\Local\Temp\ccEmAkiv.s 			page 186


 8289              		.loc 1 2264 1 view .LVU2053
 8290 0d22 0020     		movs	r0, #0
 8291 0d24 FFF7FEFF 		bl	SPI_WriteData
 8292              	.LVL2046:
2265:Module/lcd_cfg.c **** SPI_WriteData(0x8D);
 8293              		.loc 1 2265 1 view .LVU2054
 8294 0d28 8D20     		movs	r0, #141
 8295 0d2a FFF7FEFF 		bl	SPI_WriteData
 8296              	.LVL2047:
2266:Module/lcd_cfg.c **** SPI_WriteData(0x0D);
 8297              		.loc 1 2266 1 view .LVU2055
 8298 0d2e 0D20     		movs	r0, #13
 8299 0d30 FFF7FEFF 		bl	SPI_WriteData
 8300              	.LVL2048:
2267:Module/lcd_cfg.c **** SPI_WriteData(0xA4);
 8301              		.loc 1 2267 1 view .LVU2056
 8302 0d34 A420     		movs	r0, #164
 8303 0d36 FFF7FEFF 		bl	SPI_WriteData
 8304              	.LVL2049:
2268:Module/lcd_cfg.c **** SPI_WriteData(0xA2);
 8305              		.loc 1 2268 1 view .LVU2057
 8306 0d3a A220     		movs	r0, #162
 8307 0d3c FFF7FEFF 		bl	SPI_WriteData
 8308              	.LVL2050:
2269:Module/lcd_cfg.c **** SPI_WriteData(0x00);
 8309              		.loc 1 2269 1 view .LVU2058
 8310 0d40 0020     		movs	r0, #0
 8311 0d42 FFF7FEFF 		bl	SPI_WriteData
 8312              	.LVL2051:
2270:Module/lcd_cfg.c **** SPI_WriteData(0x80);
 8313              		.loc 1 2270 1 view .LVU2059
 8314 0d46 8020     		movs	r0, #128
 8315 0d48 FFF7FEFF 		bl	SPI_WriteData
 8316              	.LVL2052:
2271:Module/lcd_cfg.c **** SPI_WriteData(0x04);
 8317              		.loc 1 2271 1 view .LVU2060
 8318 0d4c 0420     		movs	r0, #4
 8319 0d4e FFF7FEFF 		bl	SPI_WriteData
 8320              	.LVL2053:
2272:Module/lcd_cfg.c **** SPI_WriteData(0x38);
 8321              		.loc 1 2272 1 view .LVU2061
 8322 0d52 3820     		movs	r0, #56
 8323 0d54 FFF7FEFF 		bl	SPI_WriteData
 8324              	.LVL2054:
2273:Module/lcd_cfg.c **** SPI_WriteData(0x00);
 8325              		.loc 1 2273 1 view .LVU2062
 8326 0d58 0020     		movs	r0, #0
 8327 0d5a FFF7FEFF 		bl	SPI_WriteData
 8328              	.LVL2055:
2274:Module/lcd_cfg.c **** SPI_WriteData(0x50);
 8329              		.loc 1 2274 1 view .LVU2063
 8330 0d5e 5020     		movs	r0, #80
 8331 0d60 FFF7FEFF 		bl	SPI_WriteData
 8332              	.LVL2056:
2275:Module/lcd_cfg.c **** 
2276:Module/lcd_cfg.c **** SSD2828_WritePackageSize(17);
 8333              		.loc 1 2276 1 view .LVU2064
ARM GAS  C:\Users\ADMINI~1\AppData\Local\Temp\ccEmAkiv.s 			page 187


 8334 0d64 1120     		movs	r0, #17
 8335 0d66 FFF7FEFF 		bl	SSD2828_WritePackageSize
 8336              	.LVL2057:
2277:Module/lcd_cfg.c **** SPI_WriteData(0xD0);
 8337              		.loc 1 2277 1 view .LVU2065
 8338 0d6a D020     		movs	r0, #208
 8339 0d6c FFF7FEFF 		bl	SPI_WriteData
 8340              	.LVL2058:
2278:Module/lcd_cfg.c **** SPI_WriteData(0x80);
 8341              		.loc 1 2278 1 view .LVU2066
 8342 0d70 8020     		movs	r0, #128
 8343 0d72 FFF7FEFF 		bl	SPI_WriteData
 8344              	.LVL2059:
2279:Module/lcd_cfg.c **** SPI_WriteData(0x13);
 8345              		.loc 1 2279 1 view .LVU2067
 8346 0d76 1320     		movs	r0, #19
 8347 0d78 FFF7FEFF 		bl	SPI_WriteData
 8348              	.LVL2060:
2280:Module/lcd_cfg.c **** SPI_WriteData(0xE0);
 8349              		.loc 1 2280 1 view .LVU2068
 8350 0d7c E020     		movs	r0, #224
 8351 0d7e FFF7FEFF 		bl	SPI_WriteData
 8352              	.LVL2061:
2281:Module/lcd_cfg.c **** SPI_WriteData(0x00);
 8353              		.loc 1 2281 1 view .LVU2069
 8354 0d82 0020     		movs	r0, #0
 8355 0d84 FFF7FEFF 		bl	SPI_WriteData
 8356              	.LVL2062:
2282:Module/lcd_cfg.c **** SPI_WriteData(0x1C);
 8357              		.loc 1 2282 1 view .LVU2070
 8358 0d88 1C20     		movs	r0, #28
 8359 0d8a FFF7FEFF 		bl	SPI_WriteData
 8360              	.LVL2063:
2283:Module/lcd_cfg.c **** SPI_WriteData(0x80);
 8361              		.loc 1 2283 1 view .LVU2071
 8362 0d8e 8020     		movs	r0, #128
 8363 0d90 FFF7FEFF 		bl	SPI_WriteData
 8364              	.LVL2064:
2284:Module/lcd_cfg.c **** SPI_WriteData(0x50);
 8365              		.loc 1 2284 1 view .LVU2072
 8366 0d94 5020     		movs	r0, #80
 8367 0d96 FFF7FEFF 		bl	SPI_WriteData
 8368              	.LVL2065:
2285:Module/lcd_cfg.c **** SPI_WriteData(0x30);
 8369              		.loc 1 2285 1 view .LVU2073
 8370 0d9a 3020     		movs	r0, #48
 8371 0d9c FFF7FEFF 		bl	SPI_WriteData
 8372              	.LVL2066:
2286:Module/lcd_cfg.c **** SPI_WriteData(0x00);
 8373              		.loc 1 2286 1 view .LVU2074
 8374 0da0 0020     		movs	r0, #0
 8375 0da2 FFF7FEFF 		bl	SPI_WriteData
 8376              	.LVL2067:
2287:Module/lcd_cfg.c **** SPI_WriteData(0xE0);
 8377              		.loc 1 2287 1 view .LVU2075
 8378 0da6 E020     		movs	r0, #224
 8379 0da8 FFF7FEFF 		bl	SPI_WriteData
ARM GAS  C:\Users\ADMINI~1\AppData\Local\Temp\ccEmAkiv.s 			page 188


 8380              	.LVL2068:
2288:Module/lcd_cfg.c **** SPI_WriteData(0x81);
 8381              		.loc 1 2288 1 view .LVU2076
 8382 0dac 8120     		movs	r0, #129
 8383 0dae FFF7FEFF 		bl	SPI_WriteData
 8384              	.LVL2069:
2289:Module/lcd_cfg.c **** SPI_WriteData(0x00);
 8385              		.loc 1 2289 1 view .LVU2077
 8386 0db2 0020     		movs	r0, #0
 8387 0db4 FFF7FEFF 		bl	SPI_WriteData
 8388              	.LVL2070:
2290:Module/lcd_cfg.c **** SPI_WriteData(0x00);
 8389              		.loc 1 2290 1 view .LVU2078
 8390 0db8 0020     		movs	r0, #0
 8391 0dba FFF7FEFF 		bl	SPI_WriteData
 8392              	.LVL2071:
2291:Module/lcd_cfg.c **** SPI_WriteData(0x28);
 8393              		.loc 1 2291 1 view .LVU2079
 8394 0dbe 2820     		movs	r0, #40
 8395 0dc0 FFF7FEFF 		bl	SPI_WriteData
 8396              	.LVL2072:
2292:Module/lcd_cfg.c **** SPI_WriteData(0x0E);
 8397              		.loc 1 2292 1 view .LVU2080
 8398 0dc4 0E20     		movs	r0, #14
 8399 0dc6 FFF7FEFF 		bl	SPI_WriteData
 8400              	.LVL2073:
2293:Module/lcd_cfg.c **** SPI_WriteData(0x06);
 8401              		.loc 1 2293 1 view .LVU2081
 8402 0dca 0620     		movs	r0, #6
 8403 0dcc FFF7FEFF 		bl	SPI_WriteData
 8404              	.LVL2074:
2294:Module/lcd_cfg.c **** 
2295:Module/lcd_cfg.c **** SSD2828_WritePackageSize(17);
 8405              		.loc 1 2295 1 view .LVU2082
 8406 0dd0 1120     		movs	r0, #17
 8407 0dd2 FFF7FEFF 		bl	SSD2828_WritePackageSize
 8408              	.LVL2075:
2296:Module/lcd_cfg.c **** SPI_WriteData(0xE0);
 8409              		.loc 1 2296 1 view .LVU2083
 8410 0dd6 E020     		movs	r0, #224
 8411 0dd8 FFF7FEFF 		bl	SPI_WriteData
 8412              	.LVL2076:
2297:Module/lcd_cfg.c **** SPI_WriteData(0x83);
 8413              		.loc 1 2297 1 view .LVU2084
 8414 0ddc 8320     		movs	r0, #131
 8415 0dde FFF7FEFF 		bl	SPI_WriteData
 8416              	.LVL2077:
2298:Module/lcd_cfg.c **** SPI_WriteData(0x99);
 8417              		.loc 1 2298 1 view .LVU2085
 8418 0de2 9920     		movs	r0, #153
 8419 0de4 FFF7FEFF 		bl	SPI_WriteData
 8420              	.LVL2078:
2299:Module/lcd_cfg.c **** SPI_WriteData(0x99);
 8421              		.loc 1 2299 1 view .LVU2086
 8422 0de8 9920     		movs	r0, #153
 8423 0dea FFF7FEFF 		bl	SPI_WriteData
 8424              	.LVL2079:
ARM GAS  C:\Users\ADMINI~1\AppData\Local\Temp\ccEmAkiv.s 			page 189


2300:Module/lcd_cfg.c **** SPI_WriteData(0x99);
 8425              		.loc 1 2300 1 view .LVU2087
 8426 0dee 9920     		movs	r0, #153
 8427 0df0 FFF7FEFF 		bl	SPI_WriteData
 8428              	.LVL2080:
2301:Module/lcd_cfg.c **** SPI_WriteData(0x99);
 8429              		.loc 1 2301 1 view .LVU2088
 8430 0df4 9920     		movs	r0, #153
 8431 0df6 FFF7FEFF 		bl	SPI_WriteData
 8432              	.LVL2081:
2302:Module/lcd_cfg.c **** SPI_WriteData(0x99);
 8433              		.loc 1 2302 1 view .LVU2089
 8434 0dfa 9920     		movs	r0, #153
 8435 0dfc FFF7FEFF 		bl	SPI_WriteData
 8436              	.LVL2082:
2303:Module/lcd_cfg.c **** SPI_WriteData(0x99);
 8437              		.loc 1 2303 1 view .LVU2090
 8438 0e00 9920     		movs	r0, #153
 8439 0e02 FFF7FEFF 		bl	SPI_WriteData
 8440              	.LVL2083:
2304:Module/lcd_cfg.c **** SPI_WriteData(0x88);
 8441              		.loc 1 2304 1 view .LVU2091
 8442 0e06 8820     		movs	r0, #136
 8443 0e08 FFF7FEFF 		bl	SPI_WriteData
 8444              	.LVL2084:
2305:Module/lcd_cfg.c **** SPI_WriteData(0x88);
 8445              		.loc 1 2305 1 view .LVU2092
 8446 0e0c 8820     		movs	r0, #136
 8447 0e0e FFF7FEFF 		bl	SPI_WriteData
 8448              	.LVL2085:
2306:Module/lcd_cfg.c **** SPI_WriteData(0x88);
 8449              		.loc 1 2306 1 view .LVU2093
 8450 0e12 8820     		movs	r0, #136
 8451 0e14 FFF7FEFF 		bl	SPI_WriteData
 8452              	.LVL2086:
2307:Module/lcd_cfg.c **** SPI_WriteData(0x88);
 8453              		.loc 1 2307 1 view .LVU2094
 8454 0e18 8820     		movs	r0, #136
 8455 0e1a FFF7FEFF 		bl	SPI_WriteData
 8456              	.LVL2087:
2308:Module/lcd_cfg.c **** SPI_WriteData(0x88);
 8457              		.loc 1 2308 1 view .LVU2095
 8458 0e1e 8820     		movs	r0, #136
 8459 0e20 FFF7FEFF 		bl	SPI_WriteData
 8460              	.LVL2088:
2309:Module/lcd_cfg.c **** SPI_WriteData(0x48);
 8461              		.loc 1 2309 1 view .LVU2096
 8462 0e24 4820     		movs	r0, #72
 8463 0e26 FFF7FEFF 		bl	SPI_WriteData
 8464              	.LVL2089:
2310:Module/lcd_cfg.c **** SPI_WriteData(0x08);
 8465              		.loc 1 2310 1 view .LVU2097
 8466 0e2a 0820     		movs	r0, #8
 8467 0e2c FFF7FEFF 		bl	SPI_WriteData
 8468              	.LVL2090:
2311:Module/lcd_cfg.c **** SPI_WriteData(0x82);
 8469              		.loc 1 2311 1 view .LVU2098
ARM GAS  C:\Users\ADMINI~1\AppData\Local\Temp\ccEmAkiv.s 			page 190


 8470 0e30 8220     		movs	r0, #130
 8471 0e32 FFF7FEFF 		bl	SPI_WriteData
 8472              	.LVL2091:
2312:Module/lcd_cfg.c **** SPI_WriteData(0xC6);
 8473              		.loc 1 2312 1 view .LVU2099
 8474 0e36 C620     		movs	r0, #198
 8475 0e38 FFF7FEFF 		bl	SPI_WriteData
 8476              	.LVL2092:
2313:Module/lcd_cfg.c **** 
2314:Module/lcd_cfg.c **** SSD2828_WritePackageSize(17);
 8477              		.loc 1 2314 1 view .LVU2100
 8478 0e3c 1120     		movs	r0, #17
 8479 0e3e FFF7FEFF 		bl	SSD2828_WritePackageSize
 8480              	.LVL2093:
2315:Module/lcd_cfg.c **** SPI_WriteData(0xF0);
 8481              		.loc 1 2315 1 view .LVU2101
 8482 0e42 F020     		movs	r0, #240
 8483 0e44 FFF7FEFF 		bl	SPI_WriteData
 8484              	.LVL2094:
2316:Module/lcd_cfg.c **** SPI_WriteData(0xE0);
 8485              		.loc 1 2316 1 view .LVU2102
 8486 0e48 E020     		movs	r0, #224
 8487 0e4a FFF7FEFF 		bl	SPI_WriteData
 8488              	.LVL2095:
2317:Module/lcd_cfg.c **** SPI_WriteData(0x13);
 8489              		.loc 1 2317 1 view .LVU2103
 8490 0e4e 1320     		movs	r0, #19
 8491 0e50 FFF7FEFF 		bl	SPI_WriteData
 8492              	.LVL2096:
2318:Module/lcd_cfg.c **** SPI_WriteData(0xFF);
 8493              		.loc 1 2318 1 view .LVU2104
 8494 0e54 FF20     		movs	r0, #255
 8495 0e56 FFF7FEFF 		bl	SPI_WriteData
 8496              	.LVL2097:
2319:Module/lcd_cfg.c **** SPI_WriteData(0xC4);
 8497              		.loc 1 2319 1 view .LVU2105
 8498 0e5a C420     		movs	r0, #196
 8499 0e5c FFF7FEFF 		bl	SPI_WriteData
 8500              	.LVL2098:
2320:Module/lcd_cfg.c **** SPI_WriteData(0x7F);
 8501              		.loc 1 2320 1 view .LVU2106
 8502 0e60 7F20     		movs	r0, #127
 8503 0e62 FFF7FEFF 		bl	SPI_WriteData
 8504              	.LVL2099:
2321:Module/lcd_cfg.c **** SPI_WriteData(0x31);
 8505              		.loc 1 2321 1 view .LVU2107
 8506 0e66 3120     		movs	r0, #49
 8507 0e68 FFF7FEFF 		bl	SPI_WriteData
 8508              	.LVL2100:
2322:Module/lcd_cfg.c **** SPI_WriteData(0x43);
 8509              		.loc 1 2322 1 view .LVU2108
 8510 0e6c 4320     		movs	r0, #67
 8511 0e6e FFF7FEFF 		bl	SPI_WriteData
 8512              	.LVL2101:
2323:Module/lcd_cfg.c **** SPI_WriteData(0x88);
 8513              		.loc 1 2323 1 view .LVU2109
 8514 0e72 8820     		movs	r0, #136
ARM GAS  C:\Users\ADMINI~1\AppData\Local\Temp\ccEmAkiv.s 			page 191


 8515 0e74 FFF7FEFF 		bl	SPI_WriteData
 8516              	.LVL2102:
2324:Module/lcd_cfg.c **** SPI_WriteData(0x00);
 8517              		.loc 1 2324 1 view .LVU2110
 8518 0e78 0020     		movs	r0, #0
 8519 0e7a FFF7FEFF 		bl	SPI_WriteData
 8520              	.LVL2103:
2325:Module/lcd_cfg.c **** SPI_WriteData(0x00);
 8521              		.loc 1 2325 1 view .LVU2111
 8522 0e7e 0020     		movs	r0, #0
 8523 0e80 FFF7FEFF 		bl	SPI_WriteData
 8524              	.LVL2104:
2326:Module/lcd_cfg.c **** SPI_WriteData(0x00);
 8525              		.loc 1 2326 1 view .LVU2112
 8526 0e84 0020     		movs	r0, #0
 8527 0e86 FFF7FEFF 		bl	SPI_WriteData
 8528              	.LVL2105:
2327:Module/lcd_cfg.c **** SPI_WriteData(0x00);
 8529              		.loc 1 2327 1 view .LVU2113
 8530 0e8a 0020     		movs	r0, #0
 8531 0e8c FFF7FEFF 		bl	SPI_WriteData
 8532              	.LVL2106:
2328:Module/lcd_cfg.c **** SPI_WriteData(0x40);
 8533              		.loc 1 2328 1 view .LVU2114
 8534 0e90 4020     		movs	r0, #64
 8535 0e92 FFF7FEFF 		bl	SPI_WriteData
 8536              	.LVL2107:
2329:Module/lcd_cfg.c **** SPI_WriteData(0x00);
 8537              		.loc 1 2329 1 view .LVU2115
 8538 0e96 0020     		movs	r0, #0
 8539 0e98 FFF7FEFF 		bl	SPI_WriteData
 8540              	.LVL2108:
2330:Module/lcd_cfg.c **** SPI_WriteData(0x20);
 8541              		.loc 1 2330 1 view .LVU2116
 8542 0e9c 2020     		movs	r0, #32
 8543 0e9e FFF7FEFF 		bl	SPI_WriteData
 8544              	.LVL2109:
2331:Module/lcd_cfg.c **** SPI_WriteData(0x18);
 8545              		.loc 1 2331 1 view .LVU2117
 8546 0ea2 1820     		movs	r0, #24
 8547 0ea4 FFF7FEFF 		bl	SPI_WriteData
 8548              	.LVL2110:
2332:Module/lcd_cfg.c **** 
2333:Module/lcd_cfg.c **** //Blank33
2334:Module/lcd_cfg.c **** SSD2828_WritePackageSize(3);
 8549              		.loc 1 2334 1 view .LVU2118
 8550 0ea8 0320     		movs	r0, #3
 8551 0eaa FFF7FEFF 		bl	SSD2828_WritePackageSize
 8552              	.LVL2111:
2335:Module/lcd_cfg.c **** SPI_WriteData(0x41);
 8553              		.loc 1 2335 1 view .LVU2119
 8554 0eae 4120     		movs	r0, #65
 8555 0eb0 FFF7FEFF 		bl	SPI_WriteData
 8556              	.LVL2112:
2336:Module/lcd_cfg.c **** SPI_WriteData(0x5A);
 8557              		.loc 1 2336 1 view .LVU2120
 8558 0eb4 5A20     		movs	r0, #90
ARM GAS  C:\Users\ADMINI~1\AppData\Local\Temp\ccEmAkiv.s 			page 192


 8559 0eb6 FFF7FEFF 		bl	SPI_WriteData
 8560              	.LVL2113:
2337:Module/lcd_cfg.c **** SPI_WriteData(0x21);
 8561              		.loc 1 2337 1 view .LVU2121
 8562 0eba 2120     		movs	r0, #33
 8563 0ebc FFF7FEFF 		bl	SPI_WriteData
 8564              	.LVL2114:
2338:Module/lcd_cfg.c **** 
2339:Module/lcd_cfg.c **** SSD2828_WritePackageSize(17);
 8565              		.loc 1 2339 1 view .LVU2122
 8566 0ec0 1120     		movs	r0, #17
 8567 0ec2 FFF7FEFF 		bl	SSD2828_WritePackageSize
 8568              	.LVL2115:
2340:Module/lcd_cfg.c **** SPI_WriteData(0x80);
 8569              		.loc 1 2340 1 view .LVU2123
 8570 0ec6 8020     		movs	r0, #128
 8571 0ec8 FFF7FEFF 		bl	SPI_WriteData
 8572              	.LVL2116:
2341:Module/lcd_cfg.c **** SPI_WriteData(0x04);
 8573              		.loc 1 2341 1 view .LVU2124
 8574 0ecc 0420     		movs	r0, #4
 8575 0ece FFF7FEFF 		bl	SPI_WriteData
 8576              	.LVL2117:
2342:Module/lcd_cfg.c **** SPI_WriteData(0x41);
 8577              		.loc 1 2342 1 view .LVU2125
 8578 0ed2 4120     		movs	r0, #65
 8579 0ed4 FFF7FEFF 		bl	SPI_WriteData
 8580              	.LVL2118:
2343:Module/lcd_cfg.c **** SPI_WriteData(0xA6);
 8581              		.loc 1 2343 1 view .LVU2126
 8582 0ed8 A620     		movs	r0, #166
 8583 0eda FFF7FEFF 		bl	SPI_WriteData
 8584              	.LVL2119:
2344:Module/lcd_cfg.c **** SPI_WriteData(0x6D);
 8585              		.loc 1 2344 1 view .LVU2127
 8586 0ede 6D20     		movs	r0, #109
 8587 0ee0 FFF7FEFF 		bl	SPI_WriteData
 8588              	.LVL2120:
2345:Module/lcd_cfg.c **** SPI_WriteData(0x92);
 8589              		.loc 1 2345 1 view .LVU2128
 8590 0ee4 9220     		movs	r0, #146
 8591 0ee6 FFF7FEFF 		bl	SPI_WriteData
 8592              	.LVL2121:
2346:Module/lcd_cfg.c **** SPI_WriteData(0x04);
 8593              		.loc 1 2346 1 view .LVU2129
 8594 0eea 0420     		movs	r0, #4
 8595 0eec FFF7FEFF 		bl	SPI_WriteData
 8596              	.LVL2122:
2347:Module/lcd_cfg.c **** SPI_WriteData(0x49);
 8597              		.loc 1 2347 1 view .LVU2130
 8598 0ef0 4920     		movs	r0, #73
 8599 0ef2 FFF7FEFF 		bl	SPI_WriteData
 8600              	.LVL2123:
2348:Module/lcd_cfg.c **** SPI_WriteData(0x00);
 8601              		.loc 1 2348 1 view .LVU2131
 8602 0ef6 0020     		movs	r0, #0
 8603 0ef8 FFF7FEFF 		bl	SPI_WriteData
ARM GAS  C:\Users\ADMINI~1\AppData\Local\Temp\ccEmAkiv.s 			page 193


 8604              	.LVL2124:
2349:Module/lcd_cfg.c **** SPI_WriteData(0x20);
 8605              		.loc 1 2349 1 view .LVU2132
 8606 0efc 2020     		movs	r0, #32
 8607 0efe FFF7FEFF 		bl	SPI_WriteData
 8608              	.LVL2125:
2350:Module/lcd_cfg.c **** SPI_WriteData(0x49);
 8609              		.loc 1 2350 1 view .LVU2133
 8610 0f02 4920     		movs	r0, #73
 8611 0f04 FFF7FEFF 		bl	SPI_WriteData
 8612              	.LVL2126:
2351:Module/lcd_cfg.c **** SPI_WriteData(0x00);
 8613              		.loc 1 2351 1 view .LVU2134
 8614 0f08 0020     		movs	r0, #0
 8615 0f0a FFF7FEFF 		bl	SPI_WriteData
 8616              	.LVL2127:
2352:Module/lcd_cfg.c **** SPI_WriteData(0x00);
 8617              		.loc 1 2352 1 view .LVU2135
 8618 0f0e 0020     		movs	r0, #0
 8619 0f10 FFF7FEFF 		bl	SPI_WriteData
 8620              	.LVL2128:
2353:Module/lcd_cfg.c **** SPI_WriteData(0x00);
 8621              		.loc 1 2353 1 view .LVU2136
 8622 0f14 0020     		movs	r0, #0
 8623 0f16 FFF7FEFF 		bl	SPI_WriteData
 8624              	.LVL2129:
2354:Module/lcd_cfg.c **** SPI_WriteData(0x00);
 8625              		.loc 1 2354 1 view .LVU2137
 8626 0f1a 0020     		movs	r0, #0
 8627 0f1c FFF7FEFF 		bl	SPI_WriteData
 8628              	.LVL2130:
2355:Module/lcd_cfg.c **** SPI_WriteData(0x20);
 8629              		.loc 1 2355 1 view .LVU2138
 8630 0f20 2020     		movs	r0, #32
 8631 0f22 FFF7FEFF 		bl	SPI_WriteData
 8632              	.LVL2131:
2356:Module/lcd_cfg.c **** SPI_WriteData(0x49);
 8633              		.loc 1 2356 1 view .LVU2139
 8634 0f26 4920     		movs	r0, #73
 8635 0f28 FFF7FEFF 		bl	SPI_WriteData
 8636              	.LVL2132:
2357:Module/lcd_cfg.c **** 
2358:Module/lcd_cfg.c **** SSD2828_WritePackageSize(17);
 8637              		.loc 1 2358 1 view .LVU2140
 8638 0f2c 1120     		movs	r0, #17
 8639 0f2e FFF7FEFF 		bl	SSD2828_WritePackageSize
 8640              	.LVL2133:
2359:Module/lcd_cfg.c **** SPI_WriteData(0x90);
 8641              		.loc 1 2359 1 view .LVU2141
 8642 0f32 9020     		movs	r0, #144
 8643 0f34 FFF7FEFF 		bl	SPI_WriteData
 8644              	.LVL2134:
2360:Module/lcd_cfg.c **** SPI_WriteData(0x92);
 8645              		.loc 1 2360 1 view .LVU2142
 8646 0f38 9220     		movs	r0, #146
 8647 0f3a FFF7FEFF 		bl	SPI_WriteData
 8648              	.LVL2135:
ARM GAS  C:\Users\ADMINI~1\AppData\Local\Temp\ccEmAkiv.s 			page 194


2361:Module/lcd_cfg.c **** SPI_WriteData(0x04);
 8649              		.loc 1 2361 1 view .LVU2143
 8650 0f3e 0420     		movs	r0, #4
 8651 0f40 FFF7FEFF 		bl	SPI_WriteData
 8652              	.LVL2136:
2362:Module/lcd_cfg.c **** SPI_WriteData(0x00);
 8653              		.loc 1 2362 1 view .LVU2144
 8654 0f44 0020     		movs	r0, #0
 8655 0f46 FFF7FEFF 		bl	SPI_WriteData
 8656              	.LVL2137:
2363:Module/lcd_cfg.c **** SPI_WriteData(0x85);
 8657              		.loc 1 2363 1 view .LVU2145
 8658 0f4a 8520     		movs	r0, #133
 8659 0f4c FFF7FEFF 		bl	SPI_WriteData
 8660              	.LVL2138:
2364:Module/lcd_cfg.c **** SPI_WriteData(0x11);
 8661              		.loc 1 2364 1 view .LVU2146
 8662 0f50 1120     		movs	r0, #17
 8663 0f52 FFF7FEFF 		bl	SPI_WriteData
 8664              	.LVL2139:
2365:Module/lcd_cfg.c **** SPI_WriteData(0x0C);
 8665              		.loc 1 2365 1 view .LVU2147
 8666 0f56 0C20     		movs	r0, #12
 8667 0f58 FFF7FEFF 		bl	SPI_WriteData
 8668              	.LVL2140:
2366:Module/lcd_cfg.c **** SPI_WriteData(0x00);
 8669              		.loc 1 2366 1 view .LVU2148
 8670 0f5c 0020     		movs	r0, #0
 8671 0f5e FFF7FEFF 		bl	SPI_WriteData
 8672              	.LVL2141:
2367:Module/lcd_cfg.c **** SPI_WriteData(0x00);
 8673              		.loc 1 2367 1 view .LVU2149
 8674 0f62 0020     		movs	r0, #0
 8675 0f64 FFF7FEFF 		bl	SPI_WriteData
 8676              	.LVL2142:
2368:Module/lcd_cfg.c **** SPI_WriteData(0x40);
 8677              		.loc 1 2368 1 view .LVU2150
 8678 0f68 4020     		movs	r0, #64
 8679 0f6a FFF7FEFF 		bl	SPI_WriteData
 8680              	.LVL2143:
2369:Module/lcd_cfg.c **** SPI_WriteData(0x00);
 8681              		.loc 1 2369 1 view .LVU2151
 8682 0f6e 0020     		movs	r0, #0
 8683 0f70 FFF7FEFF 		bl	SPI_WriteData
 8684              	.LVL2144:
2370:Module/lcd_cfg.c **** SPI_WriteData(0x00);
 8685              		.loc 1 2370 1 view .LVU2152
 8686 0f74 0020     		movs	r0, #0
 8687 0f76 FFF7FEFF 		bl	SPI_WriteData
 8688              	.LVL2145:
2371:Module/lcd_cfg.c **** SPI_WriteData(0x00);
 8689              		.loc 1 2371 1 view .LVU2153
 8690 0f7a 0020     		movs	r0, #0
 8691 0f7c FFF7FEFF 		bl	SPI_WriteData
 8692              	.LVL2146:
2372:Module/lcd_cfg.c **** SPI_WriteData(0x00);
 8693              		.loc 1 2372 1 view .LVU2154
ARM GAS  C:\Users\ADMINI~1\AppData\Local\Temp\ccEmAkiv.s 			page 195


 8694 0f80 0020     		movs	r0, #0
 8695 0f82 FFF7FEFF 		bl	SPI_WriteData
 8696              	.LVL2147:
2373:Module/lcd_cfg.c **** SPI_WriteData(0x16);
 8697              		.loc 1 2373 1 view .LVU2155
 8698 0f86 1620     		movs	r0, #22
 8699 0f88 FFF7FEFF 		bl	SPI_WriteData
 8700              	.LVL2148:
2374:Module/lcd_cfg.c **** SPI_WriteData(0x00);
 8701              		.loc 1 2374 1 view .LVU2156
 8702 0f8c 0020     		movs	r0, #0
 8703 0f8e FFF7FEFF 		bl	SPI_WriteData
 8704              	.LVL2149:
2375:Module/lcd_cfg.c **** SPI_WriteData(0xA5);
 8705              		.loc 1 2375 1 view .LVU2157
 8706 0f92 A520     		movs	r0, #165
 8707 0f94 FFF7FEFF 		bl	SPI_WriteData
 8708              	.LVL2150:
2376:Module/lcd_cfg.c **** 
2377:Module/lcd_cfg.c **** SSD2828_WritePackageSize(17);
 8709              		.loc 1 2377 1 view .LVU2158
 8710 0f98 1120     		movs	r0, #17
 8711 0f9a FFF7FEFF 		bl	SSD2828_WritePackageSize
 8712              	.LVL2151:
2378:Module/lcd_cfg.c **** SPI_WriteData(0xA0);
 8713              		.loc 1 2378 1 view .LVU2159
 8714 0f9e A020     		movs	r0, #160
 8715 0fa0 FFF7FEFF 		bl	SPI_WriteData
 8716              	.LVL2152:
2379:Module/lcd_cfg.c **** SPI_WriteData(0x00);
 8717              		.loc 1 2379 1 view .LVU2160
 8718 0fa4 0020     		movs	r0, #0
 8719 0fa6 FFF7FEFF 		bl	SPI_WriteData
 8720              	.LVL2153:
2380:Module/lcd_cfg.c **** SPI_WriteData(0x08);
 8721              		.loc 1 2380 1 view .LVU2161
 8722 0faa 0820     		movs	r0, #8
 8723 0fac FFF7FEFF 		bl	SPI_WriteData
 8724              	.LVL2154:
2381:Module/lcd_cfg.c **** SPI_WriteData(0x08);
 8725              		.loc 1 2381 1 view .LVU2162
 8726 0fb0 0820     		movs	r0, #8
 8727 0fb2 FFF7FEFF 		bl	SPI_WriteData
 8728              	.LVL2155:
2382:Module/lcd_cfg.c **** SPI_WriteData(0x14);
 8729              		.loc 1 2382 1 view .LVU2163
 8730 0fb6 1420     		movs	r0, #20
 8731 0fb8 FFF7FEFF 		bl	SPI_WriteData
 8732              	.LVL2156:
2383:Module/lcd_cfg.c **** SPI_WriteData(0x10);
 8733              		.loc 1 2383 1 view .LVU2164
 8734 0fbc 1020     		movs	r0, #16
 8735 0fbe FFF7FEFF 		bl	SPI_WriteData
 8736              	.LVL2157:
2384:Module/lcd_cfg.c **** SPI_WriteData(0x49);
 8737              		.loc 1 2384 1 view .LVU2165
 8738 0fc2 4920     		movs	r0, #73
ARM GAS  C:\Users\ADMINI~1\AppData\Local\Temp\ccEmAkiv.s 			page 196


 8739 0fc4 FFF7FEFF 		bl	SPI_WriteData
 8740              	.LVL2158:
2385:Module/lcd_cfg.c **** SPI_WriteData(0x92);
 8741              		.loc 1 2385 1 view .LVU2166
 8742 0fc8 9220     		movs	r0, #146
 8743 0fca FFF7FEFF 		bl	SPI_WriteData
 8744              	.LVL2159:
2386:Module/lcd_cfg.c **** SPI_WriteData(0x24);
 8745              		.loc 1 2386 1 view .LVU2167
 8746 0fce 2420     		movs	r0, #36
 8747 0fd0 FFF7FEFF 		bl	SPI_WriteData
 8748              	.LVL2160:
2387:Module/lcd_cfg.c **** SPI_WriteData(0x49);
 8749              		.loc 1 2387 1 view .LVU2168
 8750 0fd4 4920     		movs	r0, #73
 8751 0fd6 FFF7FEFF 		bl	SPI_WriteData
 8752              	.LVL2161:
2388:Module/lcd_cfg.c **** SPI_WriteData(0x28);
 8753              		.loc 1 2388 1 view .LVU2169
 8754 0fda 2820     		movs	r0, #40
 8755 0fdc FFF7FEFF 		bl	SPI_WriteData
 8756              	.LVL2162:
2389:Module/lcd_cfg.c **** SPI_WriteData(0x20);
 8757              		.loc 1 2389 1 view .LVU2170
 8758 0fe0 2020     		movs	r0, #32
 8759 0fe2 FFF7FEFF 		bl	SPI_WriteData
 8760              	.LVL2163:
2390:Module/lcd_cfg.c **** SPI_WriteData(0x92);
 8761              		.loc 1 2390 1 view .LVU2171
 8762 0fe6 9220     		movs	r0, #146
 8763 0fe8 FFF7FEFF 		bl	SPI_WriteData
 8764              	.LVL2164:
2391:Module/lcd_cfg.c **** SPI_WriteData(0x24);
 8765              		.loc 1 2391 1 view .LVU2172
 8766 0fec 2420     		movs	r0, #36
 8767 0fee FFF7FEFF 		bl	SPI_WriteData
 8768              	.LVL2165:
2392:Module/lcd_cfg.c **** SPI_WriteData(0x49);
 8769              		.loc 1 2392 1 view .LVU2173
 8770 0ff2 4920     		movs	r0, #73
 8771 0ff4 FFF7FEFF 		bl	SPI_WriteData
 8772              	.LVL2166:
2393:Module/lcd_cfg.c **** SPI_WriteData(0x92);
 8773              		.loc 1 2393 1 view .LVU2174
 8774 0ff8 9220     		movs	r0, #146
 8775 0ffa FFF7FEFF 		bl	SPI_WriteData
 8776              	.LVL2167:
2394:Module/lcd_cfg.c **** SPI_WriteData(0x50);
 8777              		.loc 1 2394 1 view .LVU2175
 8778 0ffe 5020     		movs	r0, #80
 8779 1000 FFF7FEFF 		bl	SPI_WriteData
 8780              	.LVL2168:
2395:Module/lcd_cfg.c **** 
2396:Module/lcd_cfg.c **** SSD2828_WritePackageSize(17);
 8781              		.loc 1 2396 1 view .LVU2176
 8782 1004 1120     		movs	r0, #17
 8783 1006 FFF7FEFF 		bl	SSD2828_WritePackageSize
ARM GAS  C:\Users\ADMINI~1\AppData\Local\Temp\ccEmAkiv.s 			page 197


 8784              	.LVL2169:
2397:Module/lcd_cfg.c **** SPI_WriteData(0xB0);
 8785              		.loc 1 2397 1 view .LVU2177
 8786 100a B020     		movs	r0, #176
 8787 100c FFF7FEFF 		bl	SPI_WriteData
 8788              	.LVL2170:
2398:Module/lcd_cfg.c **** SPI_WriteData(0x40);
 8789              		.loc 1 2398 1 view .LVU2178
 8790 1010 4020     		movs	r0, #64
 8791 1012 FFF7FEFF 		bl	SPI_WriteData
 8792              	.LVL2171:
2399:Module/lcd_cfg.c **** SPI_WriteData(0x24);
 8793              		.loc 1 2399 1 view .LVU2179
 8794 1016 2420     		movs	r0, #36
 8795 1018 FFF7FEFF 		bl	SPI_WriteData
 8796              	.LVL2172:
2400:Module/lcd_cfg.c **** SPI_WriteData(0x49);
 8797              		.loc 1 2400 1 view .LVU2180
 8798 101c 4920     		movs	r0, #73
 8799 101e FFF7FEFF 		bl	SPI_WriteData
 8800              	.LVL2173:
2401:Module/lcd_cfg.c **** SPI_WriteData(0x92);
 8801              		.loc 1 2401 1 view .LVU2181
 8802 1022 9220     		movs	r0, #146
 8803 1024 FFF7FEFF 		bl	SPI_WriteData
 8804              	.LVL2174:
2402:Module/lcd_cfg.c **** SPI_WriteData(0x24);
 8805              		.loc 1 2402 1 view .LVU2182
 8806 1028 2420     		movs	r0, #36
 8807 102a FFF7FEFF 		bl	SPI_WriteData
 8808              	.LVL2175:
2403:Module/lcd_cfg.c **** SPI_WriteData(0x49);
 8809              		.loc 1 2403 1 view .LVU2183
 8810 102e 4920     		movs	r0, #73
 8811 1030 FFF7FEFF 		bl	SPI_WriteData
 8812              	.LVL2176:
2404:Module/lcd_cfg.c **** SPI_WriteData(0x92);
 8813              		.loc 1 2404 1 view .LVU2184
 8814 1034 9220     		movs	r0, #146
 8815 1036 FFF7FEFF 		bl	SPI_WriteData
 8816              	.LVL2177:
2405:Module/lcd_cfg.c **** SPI_WriteData(0x24);
 8817              		.loc 1 2405 1 view .LVU2185
 8818 103a 2420     		movs	r0, #36
 8819 103c FFF7FEFF 		bl	SPI_WriteData
 8820              	.LVL2178:
2406:Module/lcd_cfg.c **** SPI_WriteData(0x09);
 8821              		.loc 1 2406 1 view .LVU2186
 8822 1040 0920     		movs	r0, #9
 8823 1042 FFF7FEFF 		bl	SPI_WriteData
 8824              	.LVL2179:
2407:Module/lcd_cfg.c **** SPI_WriteData(0x00);
 8825              		.loc 1 2407 1 view .LVU2187
 8826 1046 0020     		movs	r0, #0
 8827 1048 FFF7FEFF 		bl	SPI_WriteData
 8828              	.LVL2180:
2408:Module/lcd_cfg.c **** SPI_WriteData(0x04);
ARM GAS  C:\Users\ADMINI~1\AppData\Local\Temp\ccEmAkiv.s 			page 198


 8829              		.loc 1 2408 1 view .LVU2188
 8830 104c 0420     		movs	r0, #4
 8831 104e FFF7FEFF 		bl	SPI_WriteData
 8832              	.LVL2181:
2409:Module/lcd_cfg.c **** SPI_WriteData(0x00);
 8833              		.loc 1 2409 1 view .LVU2189
 8834 1052 0020     		movs	r0, #0
 8835 1054 FFF7FEFF 		bl	SPI_WriteData
 8836              	.LVL2182:
2410:Module/lcd_cfg.c **** SPI_WriteData(0x55);
 8837              		.loc 1 2410 1 view .LVU2190
 8838 1058 5520     		movs	r0, #85
 8839 105a FFF7FEFF 		bl	SPI_WriteData
 8840              	.LVL2183:
2411:Module/lcd_cfg.c **** SPI_WriteData(0x10);
 8841              		.loc 1 2411 1 view .LVU2191
 8842 105e 1020     		movs	r0, #16
 8843 1060 FFF7FEFF 		bl	SPI_WriteData
 8844              	.LVL2184:
2412:Module/lcd_cfg.c **** SPI_WriteData(0x01);
 8845              		.loc 1 2412 1 view .LVU2192
 8846 1064 0120     		movs	r0, #1
 8847 1066 FFF7FEFF 		bl	SPI_WriteData
 8848              	.LVL2185:
2413:Module/lcd_cfg.c **** SPI_WriteData(0x08);
 8849              		.loc 1 2413 1 view .LVU2193
 8850 106a 0820     		movs	r0, #8
 8851 106c FFF7FEFF 		bl	SPI_WriteData
 8852              	.LVL2186:
2414:Module/lcd_cfg.c **** 
2415:Module/lcd_cfg.c **** SSD2828_WritePackageSize(17);
 8853              		.loc 1 2415 1 view .LVU2194
 8854 1070 1120     		movs	r0, #17
 8855 1072 FFF7FEFF 		bl	SSD2828_WritePackageSize
 8856              	.LVL2187:
2416:Module/lcd_cfg.c **** SPI_WriteData(0xC0);
 8857              		.loc 1 2416 1 view .LVU2195
 8858 1076 C020     		movs	r0, #192
 8859 1078 FFF7FEFF 		bl	SPI_WriteData
 8860              	.LVL2188:
2417:Module/lcd_cfg.c **** SPI_WriteData(0x01);
 8861              		.loc 1 2417 1 view .LVU2196
 8862 107c 0120     		movs	r0, #1
 8863 107e FFF7FEFF 		bl	SPI_WriteData
 8864              	.LVL2189:
2418:Module/lcd_cfg.c **** SPI_WriteData(0x42);
 8865              		.loc 1 2418 1 view .LVU2197
 8866 1082 4220     		movs	r0, #66
 8867 1084 FFF7FEFF 		bl	SPI_WriteData
 8868              	.LVL2190:
2419:Module/lcd_cfg.c **** SPI_WriteData(0x01);
 8869              		.loc 1 2419 1 view .LVU2198
 8870 1088 0120     		movs	r0, #1
 8871 108a FFF7FEFF 		bl	SPI_WriteData
 8872              	.LVL2191:
2420:Module/lcd_cfg.c **** SPI_WriteData(0x31);
 8873              		.loc 1 2420 1 view .LVU2199
ARM GAS  C:\Users\ADMINI~1\AppData\Local\Temp\ccEmAkiv.s 			page 199


 8874 108e 3120     		movs	r0, #49
 8875 1090 FFF7FEFF 		bl	SPI_WriteData
 8876              	.LVL2192:
2421:Module/lcd_cfg.c **** SPI_WriteData(0x20);
 8877              		.loc 1 2421 1 view .LVU2200
 8878 1094 2020     		movs	r0, #32
 8879 1096 FFF7FEFF 		bl	SPI_WriteData
 8880              	.LVL2193:
2422:Module/lcd_cfg.c **** SPI_WriteData(0x02);
 8881              		.loc 1 2422 1 view .LVU2201
 8882 109a 0220     		movs	r0, #2
 8883 109c FFF7FEFF 		bl	SPI_WriteData
 8884              	.LVL2194:
2423:Module/lcd_cfg.c **** SPI_WriteData(0x10);
 8885              		.loc 1 2423 1 view .LVU2202
 8886 10a0 1020     		movs	r0, #16
 8887 10a2 FFF7FEFF 		bl	SPI_WriteData
 8888              	.LVL2195:
2424:Module/lcd_cfg.c **** SPI_WriteData(0x10);
 8889              		.loc 1 2424 1 view .LVU2203
 8890 10a6 1020     		movs	r0, #16
 8891 10a8 FFF7FEFF 		bl	SPI_WriteData
 8892              	.LVL2196:
2425:Module/lcd_cfg.c **** SPI_WriteData(0x01);
 8893              		.loc 1 2425 1 view .LVU2204
 8894 10ac 0120     		movs	r0, #1
 8895 10ae FFF7FEFF 		bl	SPI_WriteData
 8896              	.LVL2197:
2426:Module/lcd_cfg.c **** SPI_WriteData(0x08);
 8897              		.loc 1 2426 1 view .LVU2205
 8898 10b2 0820     		movs	r0, #8
 8899 10b4 FFF7FEFF 		bl	SPI_WriteData
 8900              	.LVL2198:
2427:Module/lcd_cfg.c **** SPI_WriteData(0x88);
 8901              		.loc 1 2427 1 view .LVU2206
 8902 10b8 8820     		movs	r0, #136
 8903 10ba FFF7FEFF 		bl	SPI_WriteData
 8904              	.LVL2199:
2428:Module/lcd_cfg.c **** SPI_WriteData(0x00);
 8905              		.loc 1 2428 1 view .LVU2207
 8906 10be 0020     		movs	r0, #0
 8907 10c0 FFF7FEFF 		bl	SPI_WriteData
 8908              	.LVL2200:
2429:Module/lcd_cfg.c **** SPI_WriteData(0x04);
 8909              		.loc 1 2429 1 view .LVU2208
 8910 10c4 0420     		movs	r0, #4
 8911 10c6 FFF7FEFF 		bl	SPI_WriteData
 8912              	.LVL2201:
2430:Module/lcd_cfg.c **** SPI_WriteData(0x44);
 8913              		.loc 1 2430 1 view .LVU2209
 8914 10ca 4420     		movs	r0, #68
 8915 10cc FFF7FEFF 		bl	SPI_WriteData
 8916              	.LVL2202:
2431:Module/lcd_cfg.c **** SPI_WriteData(0x00);
 8917              		.loc 1 2431 1 view .LVU2210
 8918 10d0 0020     		movs	r0, #0
 8919 10d2 FFF7FEFF 		bl	SPI_WriteData
ARM GAS  C:\Users\ADMINI~1\AppData\Local\Temp\ccEmAkiv.s 			page 200


 8920              	.LVL2203:
2432:Module/lcd_cfg.c **** SPI_WriteData(0x02);
 8921              		.loc 1 2432 1 view .LVU2211
 8922 10d6 0220     		movs	r0, #2
 8923 10d8 FFF7FEFF 		bl	SPI_WriteData
 8924              	.LVL2204:
2433:Module/lcd_cfg.c **** 
2434:Module/lcd_cfg.c **** SSD2828_WritePackageSize(17);
 8925              		.loc 1 2434 1 view .LVU2212
 8926 10dc 1120     		movs	r0, #17
 8927 10de FFF7FEFF 		bl	SSD2828_WritePackageSize
 8928              	.LVL2205:
2435:Module/lcd_cfg.c **** SPI_WriteData(0xD0);
 8929              		.loc 1 2435 1 view .LVU2213
 8930 10e2 D020     		movs	r0, #208
 8931 10e4 FFF7FEFF 		bl	SPI_WriteData
 8932              	.LVL2206:
2436:Module/lcd_cfg.c **** SPI_WriteData(0x22);
 8933              		.loc 1 2436 1 view .LVU2214
 8934 10e8 2220     		movs	r0, #34
 8935 10ea FFF7FEFF 		bl	SPI_WriteData
 8936              	.LVL2207:
2437:Module/lcd_cfg.c **** SPI_WriteData(0x00);
 8937              		.loc 1 2437 1 view .LVU2215
 8938 10ee 0020     		movs	r0, #0
 8939 10f0 FFF7FEFF 		bl	SPI_WriteData
 8940              	.LVL2208:
2438:Module/lcd_cfg.c **** SPI_WriteData(0x01);
 8941              		.loc 1 2438 1 view .LVU2216
 8942 10f4 0120     		movs	r0, #1
 8943 10f6 FFF7FEFF 		bl	SPI_WriteData
 8944              	.LVL2209:
2439:Module/lcd_cfg.c **** SPI_WriteData(0xA2);
 8945              		.loc 1 2439 1 view .LVU2217
 8946 10fa A220     		movs	r0, #162
 8947 10fc FFF7FEFF 		bl	SPI_WriteData
 8948              	.LVL2210:
2440:Module/lcd_cfg.c **** SPI_WriteData(0x80);
 8949              		.loc 1 2440 1 view .LVU2218
 8950 1100 8020     		movs	r0, #128
 8951 1102 FFF7FEFF 		bl	SPI_WriteData
 8952              	.LVL2211:
2441:Module/lcd_cfg.c **** SPI_WriteData(0x80);
 8953              		.loc 1 2441 1 view .LVU2219
 8954 1106 8020     		movs	r0, #128
 8955 1108 FFF7FEFF 		bl	SPI_WriteData
 8956              	.LVL2212:
2442:Module/lcd_cfg.c **** SPI_WriteData(0x08);
 8957              		.loc 1 2442 1 view .LVU2220
 8958 110c 0820     		movs	r0, #8
 8959 110e FFF7FEFF 		bl	SPI_WriteData
 8960              	.LVL2213:
2443:Module/lcd_cfg.c **** SPI_WriteData(0x40);
 8961              		.loc 1 2443 1 view .LVU2221
 8962 1112 4020     		movs	r0, #64
 8963 1114 FFF7FEFF 		bl	SPI_WriteData
 8964              	.LVL2214:
ARM GAS  C:\Users\ADMINI~1\AppData\Local\Temp\ccEmAkiv.s 			page 201


2444:Module/lcd_cfg.c **** SPI_WriteData(0x40);
 8965              		.loc 1 2444 1 view .LVU2222
 8966 1118 4020     		movs	r0, #64
 8967 111a FFF7FEFF 		bl	SPI_WriteData
 8968              	.LVL2215:
2445:Module/lcd_cfg.c **** SPI_WriteData(0x04);
 8969              		.loc 1 2445 1 view .LVU2223
 8970 111e 0420     		movs	r0, #4
 8971 1120 FFF7FEFF 		bl	SPI_WriteData
 8972              	.LVL2216:
2446:Module/lcd_cfg.c **** SPI_WriteData(0x00);
 8973              		.loc 1 2446 1 view .LVU2224
 8974 1124 0020     		movs	r0, #0
 8975 1126 FFF7FEFF 		bl	SPI_WriteData
 8976              	.LVL2217:
2447:Module/lcd_cfg.c **** SPI_WriteData(0x00);
 8977              		.loc 1 2447 1 view .LVU2225
 8978 112a 0020     		movs	r0, #0
 8979 112c FFF7FEFF 		bl	SPI_WriteData
 8980              	.LVL2218:
2448:Module/lcd_cfg.c **** SPI_WriteData(0x00);
 8981              		.loc 1 2448 1 view .LVU2226
 8982 1130 0020     		movs	r0, #0
 8983 1132 FFF7FEFF 		bl	SPI_WriteData
 8984              	.LVL2219:
2449:Module/lcd_cfg.c **** SPI_WriteData(0x18);
 8985              		.loc 1 2449 1 view .LVU2227
 8986 1136 1820     		movs	r0, #24
 8987 1138 FFF7FEFF 		bl	SPI_WriteData
 8988              	.LVL2220:
2450:Module/lcd_cfg.c **** SPI_WriteData(0x00);
 8989              		.loc 1 2450 1 view .LVU2228
 8990 113c 0020     		movs	r0, #0
 8991 113e FFF7FEFF 		bl	SPI_WriteData
 8992              	.LVL2221:
2451:Module/lcd_cfg.c **** SPI_WriteData(0x16);
 8993              		.loc 1 2451 1 view .LVU2229
 8994 1142 1620     		movs	r0, #22
 8995 1144 FFF7FEFF 		bl	SPI_WriteData
 8996              	.LVL2222:
2452:Module/lcd_cfg.c **** 
2453:Module/lcd_cfg.c **** SSD2828_WritePackageSize(3);
 8997              		.loc 1 2453 1 view .LVU2230
 8998 1148 0320     		movs	r0, #3
 8999 114a FFF7FEFF 		bl	SSD2828_WritePackageSize
 9000              	.LVL2223:
2454:Module/lcd_cfg.c **** SPI_WriteData(0xE0);
 9001              		.loc 1 2454 1 view .LVU2231
 9002 114e E020     		movs	r0, #224
 9003 1150 FFF7FEFF 		bl	SPI_WriteData
 9004              	.LVL2224:
2455:Module/lcd_cfg.c **** SPI_WriteData(0x10);
 9005              		.loc 1 2455 1 view .LVU2232
 9006 1154 1020     		movs	r0, #16
 9007 1156 FFF7FEFF 		bl	SPI_WriteData
 9008              	.LVL2225:
2456:Module/lcd_cfg.c **** SPI_WriteData(0x00);
ARM GAS  C:\Users\ADMINI~1\AppData\Local\Temp\ccEmAkiv.s 			page 202


 9009              		.loc 1 2456 1 view .LVU2233
 9010 115a 0020     		movs	r0, #0
 9011 115c FFF7FEFF 		bl	SPI_WriteData
 9012              	.LVL2226:
2457:Module/lcd_cfg.c **** 
2458:Module/lcd_cfg.c **** //Blank34
2459:Module/lcd_cfg.c **** SSD2828_WritePackageSize(3);
 9013              		.loc 1 2459 1 view .LVU2234
 9014 1160 0320     		movs	r0, #3
 9015 1162 FFF7FEFF 		bl	SSD2828_WritePackageSize
 9016              	.LVL2227:
2460:Module/lcd_cfg.c **** SPI_WriteData(0x41);
 9017              		.loc 1 2460 1 view .LVU2235
 9018 1166 4120     		movs	r0, #65
 9019 1168 FFF7FEFF 		bl	SPI_WriteData
 9020              	.LVL2228:
2461:Module/lcd_cfg.c **** SPI_WriteData(0x5A);
 9021              		.loc 1 2461 1 view .LVU2236
 9022 116c 5A20     		movs	r0, #90
 9023 116e FFF7FEFF 		bl	SPI_WriteData
 9024              	.LVL2229:
2462:Module/lcd_cfg.c **** SPI_WriteData(0x22);
 9025              		.loc 1 2462 1 view .LVU2237
 9026 1172 2220     		movs	r0, #34
 9027 1174 FFF7FEFF 		bl	SPI_WriteData
 9028              	.LVL2230:
2463:Module/lcd_cfg.c **** 
2464:Module/lcd_cfg.c **** SSD2828_WritePackageSize(17);
 9029              		.loc 1 2464 1 view .LVU2238
 9030 1178 1120     		movs	r0, #17
 9031 117a FFF7FEFF 		bl	SSD2828_WritePackageSize
 9032              	.LVL2231:
2465:Module/lcd_cfg.c **** SPI_WriteData(0x80);
 9033              		.loc 1 2465 1 view .LVU2239
 9034 117e 8020     		movs	r0, #128
 9035 1180 FFF7FEFF 		bl	SPI_WriteData
 9036              	.LVL2232:
2466:Module/lcd_cfg.c **** SPI_WriteData(0x29);
 9037              		.loc 1 2466 1 view .LVU2240
 9038 1184 2920     		movs	r0, #41
 9039 1186 FFF7FEFF 		bl	SPI_WriteData
 9040              	.LVL2233:
2467:Module/lcd_cfg.c **** SPI_WriteData(0xD3);
 9041              		.loc 1 2467 1 view .LVU2241
 9042 118a D320     		movs	r0, #211
 9043 118c FFF7FEFF 		bl	SPI_WriteData
 9044              	.LVL2234:
2468:Module/lcd_cfg.c **** SPI_WriteData(0x00);
 9045              		.loc 1 2468 1 view .LVU2242
 9046 1190 0020     		movs	r0, #0
 9047 1192 FFF7FEFF 		bl	SPI_WriteData
 9048              	.LVL2235:
2469:Module/lcd_cfg.c **** SPI_WriteData(0x55);
 9049              		.loc 1 2469 1 view .LVU2243
 9050 1196 5520     		movs	r0, #85
 9051 1198 FFF7FEFF 		bl	SPI_WriteData
 9052              	.LVL2236:
ARM GAS  C:\Users\ADMINI~1\AppData\Local\Temp\ccEmAkiv.s 			page 203


2470:Module/lcd_cfg.c **** SPI_WriteData(0x55);
 9053              		.loc 1 2470 1 view .LVU2244
 9054 119c 5520     		movs	r0, #85
 9055 119e FFF7FEFF 		bl	SPI_WriteData
 9056              	.LVL2237:
2471:Module/lcd_cfg.c **** SPI_WriteData(0x55);
 9057              		.loc 1 2471 1 view .LVU2245
 9058 11a2 5520     		movs	r0, #85
 9059 11a4 FFF7FEFF 		bl	SPI_WriteData
 9060              	.LVL2238:
2472:Module/lcd_cfg.c **** SPI_WriteData(0x55);
 9061              		.loc 1 2472 1 view .LVU2246
 9062 11a8 5520     		movs	r0, #85
 9063 11aa FFF7FEFF 		bl	SPI_WriteData
 9064              	.LVL2239:
2473:Module/lcd_cfg.c **** SPI_WriteData(0x55);
 9065              		.loc 1 2473 1 view .LVU2247
 9066 11ae 5520     		movs	r0, #85
 9067 11b0 FFF7FEFF 		bl	SPI_WriteData
 9068              	.LVL2240:
2474:Module/lcd_cfg.c **** SPI_WriteData(0x55);
 9069              		.loc 1 2474 1 view .LVU2248
 9070 11b4 5520     		movs	r0, #85
 9071 11b6 FFF7FEFF 		bl	SPI_WriteData
 9072              	.LVL2241:
2475:Module/lcd_cfg.c **** SPI_WriteData(0x55);
 9073              		.loc 1 2475 1 view .LVU2249
 9074 11ba 5520     		movs	r0, #85
 9075 11bc FFF7FEFF 		bl	SPI_WriteData
 9076              	.LVL2242:
2476:Module/lcd_cfg.c **** SPI_WriteData(0x55);
 9077              		.loc 1 2476 1 view .LVU2250
 9078 11c0 5520     		movs	r0, #85
 9079 11c2 FFF7FEFF 		bl	SPI_WriteData
 9080              	.LVL2243:
2477:Module/lcd_cfg.c **** SPI_WriteData(0x55);
 9081              		.loc 1 2477 1 view .LVU2251
 9082 11c6 5520     		movs	r0, #85
 9083 11c8 FFF7FEFF 		bl	SPI_WriteData
 9084              	.LVL2244:
2478:Module/lcd_cfg.c **** SPI_WriteData(0x55);
 9085              		.loc 1 2478 1 view .LVU2252
 9086 11cc 5520     		movs	r0, #85
 9087 11ce FFF7FEFF 		bl	SPI_WriteData
 9088              	.LVL2245:
2479:Module/lcd_cfg.c **** SPI_WriteData(0x55);
 9089              		.loc 1 2479 1 view .LVU2253
 9090 11d2 5520     		movs	r0, #85
 9091 11d4 FFF7FEFF 		bl	SPI_WriteData
 9092              	.LVL2246:
2480:Module/lcd_cfg.c **** SPI_WriteData(0x1F);
 9093              		.loc 1 2480 1 view .LVU2254
 9094 11d8 1F20     		movs	r0, #31
 9095 11da FFF7FEFF 		bl	SPI_WriteData
 9096              	.LVL2247:
2481:Module/lcd_cfg.c **** SPI_WriteData(0x70);
 9097              		.loc 1 2481 1 view .LVU2255
ARM GAS  C:\Users\ADMINI~1\AppData\Local\Temp\ccEmAkiv.s 			page 204


 9098 11de 7020     		movs	r0, #112
 9099 11e0 FFF7FEFF 		bl	SPI_WriteData
 9100              	.LVL2248:
2482:Module/lcd_cfg.c **** 
2483:Module/lcd_cfg.c **** SSD2828_WritePackageSize(4);
 9101              		.loc 1 2483 1 view .LVU2256
 9102 11e4 0420     		movs	r0, #4
 9103 11e6 FFF7FEFF 		bl	SSD2828_WritePackageSize
 9104              	.LVL2249:
2484:Module/lcd_cfg.c **** SPI_WriteData(0x90);
 9105              		.loc 1 2484 1 view .LVU2257
 9106 11ea 9020     		movs	r0, #144
 9107 11ec FFF7FEFF 		bl	SPI_WriteData
 9108              	.LVL2250:
2485:Module/lcd_cfg.c **** SPI_WriteData(0xF0);
 9109              		.loc 1 2485 1 view .LVU2258
 9110 11f0 F020     		movs	r0, #240
 9111 11f2 FFF7FEFF 		bl	SPI_WriteData
 9112              	.LVL2251:
2486:Module/lcd_cfg.c **** SPI_WriteData(0x00);
 9113              		.loc 1 2486 1 view .LVU2259
 9114 11f6 0020     		movs	r0, #0
 9115 11f8 FFF7FEFF 		bl	SPI_WriteData
 9116              	.LVL2252:
2487:Module/lcd_cfg.c **** SPI_WriteData(0x00);
 9117              		.loc 1 2487 1 view .LVU2260
 9118 11fc 0020     		movs	r0, #0
 9119 11fe FFF7FEFF 		bl	SPI_WriteData
 9120              	.LVL2253:
2488:Module/lcd_cfg.c **** 
2489:Module/lcd_cfg.c **** //Blank35
2490:Module/lcd_cfg.c **** SSD2828_WritePackageSize(3);
 9121              		.loc 1 2490 1 view .LVU2261
 9122 1202 0320     		movs	r0, #3
 9123 1204 FFF7FEFF 		bl	SSD2828_WritePackageSize
 9124              	.LVL2254:
2491:Module/lcd_cfg.c **** SPI_WriteData(0x41);
 9125              		.loc 1 2491 1 view .LVU2262
 9126 1208 4120     		movs	r0, #65
 9127 120a FFF7FEFF 		bl	SPI_WriteData
 9128              	.LVL2255:
2492:Module/lcd_cfg.c **** SPI_WriteData(0x5A);
 9129              		.loc 1 2492 1 view .LVU2263
 9130 120e 5A20     		movs	r0, #90
 9131 1210 FFF7FEFF 		bl	SPI_WriteData
 9132              	.LVL2256:
2493:Module/lcd_cfg.c **** SPI_WriteData(0x23);
 9133              		.loc 1 2493 1 view .LVU2264
 9134 1214 2320     		movs	r0, #35
 9135 1216 FFF7FEFF 		bl	SPI_WriteData
 9136              	.LVL2257:
2494:Module/lcd_cfg.c **** 
2495:Module/lcd_cfg.c **** SSD2828_WritePackageSize(17);
 9137              		.loc 1 2495 1 view .LVU2265
 9138 121a 1120     		movs	r0, #17
 9139 121c FFF7FEFF 		bl	SSD2828_WritePackageSize
 9140              	.LVL2258:
ARM GAS  C:\Users\ADMINI~1\AppData\Local\Temp\ccEmAkiv.s 			page 205


2496:Module/lcd_cfg.c **** SPI_WriteData(0x80);
 9141              		.loc 1 2496 1 view .LVU2266
 9142 1220 8020     		movs	r0, #128
 9143 1222 FFF7FEFF 		bl	SPI_WriteData
 9144              	.LVL2259:
2497:Module/lcd_cfg.c **** SPI_WriteData(0x09);
 9145              		.loc 1 2497 1 view .LVU2267
 9146 1226 0920     		movs	r0, #9
 9147 1228 FFF7FEFF 		bl	SPI_WriteData
 9148              	.LVL2260:
2498:Module/lcd_cfg.c **** SPI_WriteData(0x01);
 9149              		.loc 1 2498 1 view .LVU2268
 9150 122c 0120     		movs	r0, #1
 9151 122e FFF7FEFF 		bl	SPI_WriteData
 9152              	.LVL2261:
2499:Module/lcd_cfg.c **** SPI_WriteData(0x02);
 9153              		.loc 1 2499 1 view .LVU2269
 9154 1232 0220     		movs	r0, #2
 9155 1234 FFF7FEFF 		bl	SPI_WriteData
 9156              	.LVL2262:
2500:Module/lcd_cfg.c **** SPI_WriteData(0x05);
 9157              		.loc 1 2500 1 view .LVU2270
 9158 1238 0520     		movs	r0, #5
 9159 123a FFF7FEFF 		bl	SPI_WriteData
 9160              	.LVL2263:
2501:Module/lcd_cfg.c **** SPI_WriteData(0x00);
 9161              		.loc 1 2501 1 view .LVU2271
 9162 123e 0020     		movs	r0, #0
 9163 1240 FFF7FEFF 		bl	SPI_WriteData
 9164              	.LVL2264:
2502:Module/lcd_cfg.c **** SPI_WriteData(0x05);
 9165              		.loc 1 2502 1 view .LVU2272
 9166 1244 0520     		movs	r0, #5
 9167 1246 FFF7FEFF 		bl	SPI_WriteData
 9168              	.LVL2265:
2503:Module/lcd_cfg.c **** SPI_WriteData(0x04);
 9169              		.loc 1 2503 1 view .LVU2273
 9170 124a 0420     		movs	r0, #4
 9171 124c FFF7FEFF 		bl	SPI_WriteData
 9172              	.LVL2266:
2504:Module/lcd_cfg.c **** SPI_WriteData(0x00);
 9173              		.loc 1 2504 1 view .LVU2274
 9174 1250 0020     		movs	r0, #0
 9175 1252 FFF7FEFF 		bl	SPI_WriteData
 9176              	.LVL2267:
2505:Module/lcd_cfg.c **** SPI_WriteData(0x00);
 9177              		.loc 1 2505 1 view .LVU2275
 9178 1256 0020     		movs	r0, #0
 9179 1258 FFF7FEFF 		bl	SPI_WriteData
 9180              	.LVL2268:
2506:Module/lcd_cfg.c **** SPI_WriteData(0x00);
 9181              		.loc 1 2506 1 view .LVU2276
 9182 125c 0020     		movs	r0, #0
 9183 125e FFF7FEFF 		bl	SPI_WriteData
 9184              	.LVL2269:
2507:Module/lcd_cfg.c **** SPI_WriteData(0x00);
 9185              		.loc 1 2507 1 view .LVU2277
ARM GAS  C:\Users\ADMINI~1\AppData\Local\Temp\ccEmAkiv.s 			page 206


 9186 1262 0020     		movs	r0, #0
 9187 1264 FFF7FEFF 		bl	SPI_WriteData
 9188              	.LVL2270:
2508:Module/lcd_cfg.c **** SPI_WriteData(0x00);
 9189              		.loc 1 2508 1 view .LVU2278
 9190 1268 0020     		movs	r0, #0
 9191 126a FFF7FEFF 		bl	SPI_WriteData
 9192              	.LVL2271:
2509:Module/lcd_cfg.c **** SPI_WriteData(0x00);
 9193              		.loc 1 2509 1 view .LVU2279
 9194 126e 0020     		movs	r0, #0
 9195 1270 FFF7FEFF 		bl	SPI_WriteData
 9196              	.LVL2272:
2510:Module/lcd_cfg.c **** SPI_WriteData(0x00);
 9197              		.loc 1 2510 1 view .LVU2280
 9198 1274 0020     		movs	r0, #0
 9199 1276 FFF7FEFF 		bl	SPI_WriteData
 9200              	.LVL2273:
2511:Module/lcd_cfg.c **** SPI_WriteData(0x00);
 9201              		.loc 1 2511 1 view .LVU2281
 9202 127a 0020     		movs	r0, #0
 9203 127c FFF7FEFF 		bl	SPI_WriteData
 9204              	.LVL2274:
2512:Module/lcd_cfg.c **** SPI_WriteData(0x00);
 9205              		.loc 1 2512 1 view .LVU2282
 9206 1280 0020     		movs	r0, #0
 9207 1282 FFF7FEFF 		bl	SPI_WriteData
 9208              	.LVL2275:
2513:Module/lcd_cfg.c **** 
2514:Module/lcd_cfg.c **** SSD2828_WritePackageSize(10);
 9209              		.loc 1 2514 1 view .LVU2283
 9210 1286 0A20     		movs	r0, #10
 9211 1288 FFF7FEFF 		bl	SSD2828_WritePackageSize
 9212              	.LVL2276:
2515:Module/lcd_cfg.c **** SPI_WriteData(0x90);
 9213              		.loc 1 2515 1 view .LVU2284
 9214 128c 9020     		movs	r0, #144
 9215 128e FFF7FEFF 		bl	SPI_WriteData
 9216              	.LVL2277:
2516:Module/lcd_cfg.c **** SPI_WriteData(0x00);
 9217              		.loc 1 2516 1 view .LVU2285
 9218 1292 0020     		movs	r0, #0
 9219 1294 FFF7FEFF 		bl	SPI_WriteData
 9220              	.LVL2278:
2517:Module/lcd_cfg.c **** SPI_WriteData(0xFF);
 9221              		.loc 1 2517 1 view .LVU2286
 9222 1298 FF20     		movs	r0, #255
 9223 129a FFF7FEFF 		bl	SPI_WriteData
 9224              	.LVL2279:
2518:Module/lcd_cfg.c **** SPI_WriteData(0x1F);
 9225              		.loc 1 2518 1 view .LVU2287
 9226 129e 1F20     		movs	r0, #31
 9227 12a0 FFF7FEFF 		bl	SPI_WriteData
 9228              	.LVL2280:
2519:Module/lcd_cfg.c **** SPI_WriteData(0x20);
 9229              		.loc 1 2519 1 view .LVU2288
 9230 12a4 2020     		movs	r0, #32
ARM GAS  C:\Users\ADMINI~1\AppData\Local\Temp\ccEmAkiv.s 			page 207


 9231 12a6 FFF7FEFF 		bl	SPI_WriteData
 9232              	.LVL2281:
2520:Module/lcd_cfg.c **** SPI_WriteData(0x00);
 9233              		.loc 1 2520 1 view .LVU2289
 9234 12aa 0020     		movs	r0, #0
 9235 12ac FFF7FEFF 		bl	SPI_WriteData
 9236              	.LVL2282:
2521:Module/lcd_cfg.c **** SPI_WriteData(0x01);
 9237              		.loc 1 2521 1 view .LVU2290
 9238 12b0 0120     		movs	r0, #1
 9239 12b2 FFF7FEFF 		bl	SPI_WriteData
 9240              	.LVL2283:
2522:Module/lcd_cfg.c **** SPI_WriteData(0x00);
 9241              		.loc 1 2522 1 view .LVU2291
 9242 12b6 0020     		movs	r0, #0
 9243 12b8 FFF7FEFF 		bl	SPI_WriteData
 9244              	.LVL2284:
2523:Module/lcd_cfg.c **** SPI_WriteData(0x00);
 9245              		.loc 1 2523 1 view .LVU2292
 9246 12bc 0020     		movs	r0, #0
 9247 12be FFF7FEFF 		bl	SPI_WriteData
 9248              	.LVL2285:
2524:Module/lcd_cfg.c **** SPI_WriteData(0xFE);
 9249              		.loc 1 2524 1 view .LVU2293
 9250 12c2 FE20     		movs	r0, #254
 9251 12c4 FFF7FEFF 		bl	SPI_WriteData
 9252              	.LVL2286:
2525:Module/lcd_cfg.c **** 
2526:Module/lcd_cfg.c **** //Blank36
2527:Module/lcd_cfg.c **** SSD2828_WritePackageSize(3);
 9253              		.loc 1 2527 1 view .LVU2294
 9254 12c8 0320     		movs	r0, #3
 9255 12ca FFF7FEFF 		bl	SSD2828_WritePackageSize
 9256              	.LVL2287:
2528:Module/lcd_cfg.c **** SPI_WriteData(0x41);
 9257              		.loc 1 2528 1 view .LVU2295
 9258 12ce 4120     		movs	r0, #65
 9259 12d0 FFF7FEFF 		bl	SPI_WriteData
 9260              	.LVL2288:
2529:Module/lcd_cfg.c **** SPI_WriteData(0x5A);
 9261              		.loc 1 2529 1 view .LVU2296
 9262 12d4 5A20     		movs	r0, #90
 9263 12d6 FFF7FEFF 		bl	SPI_WriteData
 9264              	.LVL2289:
2530:Module/lcd_cfg.c **** SPI_WriteData(0x24);
 9265              		.loc 1 2530 1 view .LVU2297
 9266 12da 2420     		movs	r0, #36
 9267 12dc FFF7FEFF 		bl	SPI_WriteData
 9268              	.LVL2290:
2531:Module/lcd_cfg.c **** 
2532:Module/lcd_cfg.c **** SSD2828_WritePackageSize(17);
 9269              		.loc 1 2532 1 view .LVU2298
 9270 12e0 1120     		movs	r0, #17
 9271 12e2 FFF7FEFF 		bl	SSD2828_WritePackageSize
 9272              	.LVL2291:
2533:Module/lcd_cfg.c **** SPI_WriteData(0x80);
 9273              		.loc 1 2533 1 view .LVU2299
ARM GAS  C:\Users\ADMINI~1\AppData\Local\Temp\ccEmAkiv.s 			page 208


 9274 12e6 8020     		movs	r0, #128
 9275 12e8 FFF7FEFF 		bl	SPI_WriteData
 9276              	.LVL2292:
2534:Module/lcd_cfg.c **** SPI_WriteData(0x00);
 9277              		.loc 1 2534 1 view .LVU2300
 9278 12ec 0020     		movs	r0, #0
 9279 12ee FFF7FEFF 		bl	SPI_WriteData
 9280              	.LVL2293:
2535:Module/lcd_cfg.c **** SPI_WriteData(0x03);
 9281              		.loc 1 2535 1 view .LVU2301
 9282 12f2 0320     		movs	r0, #3
 9283 12f4 FFF7FEFF 		bl	SPI_WriteData
 9284              	.LVL2294:
2536:Module/lcd_cfg.c **** SPI_WriteData(0x00);
 9285              		.loc 1 2536 1 view .LVU2302
 9286 12f8 0020     		movs	r0, #0
 9287 12fa FFF7FEFF 		bl	SPI_WriteData
 9288              	.LVL2295:
2537:Module/lcd_cfg.c **** SPI_WriteData(0xFF);
 9289              		.loc 1 2537 1 view .LVU2303
 9290 12fe FF20     		movs	r0, #255
 9291 1300 FFF7FEFF 		bl	SPI_WriteData
 9292              	.LVL2296:
2538:Module/lcd_cfg.c **** SPI_WriteData(0xFF);
 9293              		.loc 1 2538 1 view .LVU2304
 9294 1304 FF20     		movs	r0, #255
 9295 1306 FFF7FEFF 		bl	SPI_WriteData
 9296              	.LVL2297:
2539:Module/lcd_cfg.c **** SPI_WriteData(0x66);
 9297              		.loc 1 2539 1 view .LVU2305
 9298 130a 6620     		movs	r0, #102
 9299 130c FFF7FEFF 		bl	SPI_WriteData
 9300              	.LVL2298:
2540:Module/lcd_cfg.c **** SPI_WriteData(0x00);
 9301              		.loc 1 2540 1 view .LVU2306
 9302 1310 0020     		movs	r0, #0
 9303 1312 FFF7FEFF 		bl	SPI_WriteData
 9304              	.LVL2299:
2541:Module/lcd_cfg.c **** SPI_WriteData(0x00);
 9305              		.loc 1 2541 1 view .LVU2307
 9306 1316 0020     		movs	r0, #0
 9307 1318 FFF7FEFF 		bl	SPI_WriteData
 9308              	.LVL2300:
2542:Module/lcd_cfg.c **** SPI_WriteData(0x00);
 9309              		.loc 1 2542 1 view .LVU2308
 9310 131c 0020     		movs	r0, #0
 9311 131e FFF7FEFF 		bl	SPI_WriteData
 9312              	.LVL2301:
2543:Module/lcd_cfg.c **** SPI_WriteData(0x00);
 9313              		.loc 1 2543 1 view .LVU2309
 9314 1322 0020     		movs	r0, #0
 9315 1324 FFF7FEFF 		bl	SPI_WriteData
 9316              	.LVL2302:
2544:Module/lcd_cfg.c **** SPI_WriteData(0x00);
 9317              		.loc 1 2544 1 view .LVU2310
 9318 1328 0020     		movs	r0, #0
 9319 132a FFF7FEFF 		bl	SPI_WriteData
ARM GAS  C:\Users\ADMINI~1\AppData\Local\Temp\ccEmAkiv.s 			page 209


 9320              	.LVL2303:
2545:Module/lcd_cfg.c **** SPI_WriteData(0x00);
 9321              		.loc 1 2545 1 view .LVU2311
 9322 132e 0020     		movs	r0, #0
 9323 1330 FFF7FEFF 		bl	SPI_WriteData
 9324              	.LVL2304:
2546:Module/lcd_cfg.c **** SPI_WriteData(0x00);
 9325              		.loc 1 2546 1 view .LVU2312
 9326 1334 0020     		movs	r0, #0
 9327 1336 FFF7FEFF 		bl	SPI_WriteData
 9328              	.LVL2305:
2547:Module/lcd_cfg.c **** SPI_WriteData(0x00);
 9329              		.loc 1 2547 1 view .LVU2313
 9330 133a 0020     		movs	r0, #0
 9331 133c FFF7FEFF 		bl	SPI_WriteData
 9332              	.LVL2306:
2548:Module/lcd_cfg.c **** SPI_WriteData(0x08);
 9333              		.loc 1 2548 1 view .LVU2314
 9334 1340 0820     		movs	r0, #8
 9335 1342 FFF7FEFF 		bl	SPI_WriteData
 9336              	.LVL2307:
2549:Module/lcd_cfg.c **** SPI_WriteData(0x2A);
 9337              		.loc 1 2549 1 view .LVU2315
 9338 1346 2A20     		movs	r0, #42
 9339 1348 FFF7FEFF 		bl	SPI_WriteData
 9340              	.LVL2308:
2550:Module/lcd_cfg.c **** 
2551:Module/lcd_cfg.c **** SSD2828_WritePackageSize(15);
 9341              		.loc 1 2551 1 view .LVU2316
 9342 134c 0F20     		movs	r0, #15
 9343 134e FFF7FEFF 		bl	SSD2828_WritePackageSize
 9344              	.LVL2309:
2552:Module/lcd_cfg.c **** SPI_WriteData(0x90);
 9345              		.loc 1 2552 1 view .LVU2317
 9346 1352 9020     		movs	r0, #144
 9347 1354 FFF7FEFF 		bl	SPI_WriteData
 9348              	.LVL2310:
2553:Module/lcd_cfg.c **** SPI_WriteData(0x5A);
 9349              		.loc 1 2553 1 view .LVU2318
 9350 1358 5A20     		movs	r0, #90
 9351 135a FFF7FEFF 		bl	SPI_WriteData
 9352              	.LVL2311:
2554:Module/lcd_cfg.c **** SPI_WriteData(0xA5);
 9353              		.loc 1 2554 1 view .LVU2319
 9354 135e A520     		movs	r0, #165
 9355 1360 FFF7FEFF 		bl	SPI_WriteData
 9356              	.LVL2312:
2555:Module/lcd_cfg.c **** SPI_WriteData(0x5A);
 9357              		.loc 1 2555 1 view .LVU2320
 9358 1364 5A20     		movs	r0, #90
 9359 1366 FFF7FEFF 		bl	SPI_WriteData
 9360              	.LVL2313:
2556:Module/lcd_cfg.c **** SPI_WriteData(0x00);
 9361              		.loc 1 2556 1 view .LVU2321
 9362 136a 0020     		movs	r0, #0
 9363 136c FFF7FEFF 		bl	SPI_WriteData
 9364              	.LVL2314:
ARM GAS  C:\Users\ADMINI~1\AppData\Local\Temp\ccEmAkiv.s 			page 210


2557:Module/lcd_cfg.c **** SPI_WriteData(0x00);
 9365              		.loc 1 2557 1 view .LVU2322
 9366 1370 0020     		movs	r0, #0
 9367 1372 FFF7FEFF 		bl	SPI_WriteData
 9368              	.LVL2315:
2558:Module/lcd_cfg.c **** SPI_WriteData(0x00);
 9369              		.loc 1 2558 1 view .LVU2323
 9370 1376 0020     		movs	r0, #0
 9371 1378 FFF7FEFF 		bl	SPI_WriteData
 9372              	.LVL2316:
2559:Module/lcd_cfg.c **** SPI_WriteData(0x00);
 9373              		.loc 1 2559 1 view .LVU2324
 9374 137c 0020     		movs	r0, #0
 9375 137e FFF7FEFF 		bl	SPI_WriteData
 9376              	.LVL2317:
2560:Module/lcd_cfg.c **** SPI_WriteData(0x22);
 9377              		.loc 1 2560 1 view .LVU2325
 9378 1382 2220     		movs	r0, #34
 9379 1384 FFF7FEFF 		bl	SPI_WriteData
 9380              	.LVL2318:
2561:Module/lcd_cfg.c **** SPI_WriteData(0x22);
 9381              		.loc 1 2561 1 view .LVU2326
 9382 1388 2220     		movs	r0, #34
 9383 138a FFF7FEFF 		bl	SPI_WriteData
 9384              	.LVL2319:
2562:Module/lcd_cfg.c **** SPI_WriteData(0x3A);
 9385              		.loc 1 2562 1 view .LVU2327
 9386 138e 3A20     		movs	r0, #58
 9387 1390 FFF7FEFF 		bl	SPI_WriteData
 9388              	.LVL2320:
2563:Module/lcd_cfg.c **** SPI_WriteData(0x22);
 9389              		.loc 1 2563 1 view .LVU2328
 9390 1394 2220     		movs	r0, #34
 9391 1396 FFF7FEFF 		bl	SPI_WriteData
 9392              	.LVL2321:
2564:Module/lcd_cfg.c **** SPI_WriteData(0x00);
 9393              		.loc 1 2564 1 view .LVU2329
 9394 139a 0020     		movs	r0, #0
 9395 139c FFF7FEFF 		bl	SPI_WriteData
 9396              	.LVL2322:
2565:Module/lcd_cfg.c **** SPI_WriteData(0x00);
 9397              		.loc 1 2565 1 view .LVU2330
 9398 13a0 0020     		movs	r0, #0
 9399 13a2 FFF7FEFF 		bl	SPI_WriteData
 9400              	.LVL2323:
2566:Module/lcd_cfg.c **** SPI_WriteData(0x00);
 9401              		.loc 1 2566 1 view .LVU2331
 9402 13a6 0020     		movs	r0, #0
 9403 13a8 FFF7FEFF 		bl	SPI_WriteData
 9404              	.LVL2324:
2567:Module/lcd_cfg.c **** 
2568:Module/lcd_cfg.c **** 
2569:Module/lcd_cfg.c **** 
2570:Module/lcd_cfg.c **** //SPInotFINISH
2571:Module/lcd_cfg.c **** //SSD2828_WritePackageSize(1);
2572:Module/lcd_cfg.c **** //SPI_WriteData(0x90);
2573:Module/lcd_cfg.c **** //SPI_WriteData(0x5A);
ARM GAS  C:\Users\ADMINI~1\AppData\Local\Temp\ccEmAkiv.s 			page 211


2574:Module/lcd_cfg.c **** 
2575:Module/lcd_cfg.c **** //SPIFINISH
2576:Module/lcd_cfg.c **** 
2577:Module/lcd_cfg.c **** SSD2828_WritePackageSize(3);
 9405              		.loc 1 2577 1 view .LVU2332
 9406 13ac 0320     		movs	r0, #3
 9407 13ae FFF7FEFF 		bl	SSD2828_WritePackageSize
 9408              	.LVL2325:
2578:Module/lcd_cfg.c **** SPI_WriteData(0x41);
 9409              		.loc 1 2578 1 view .LVU2333
 9410 13b2 4120     		movs	r0, #65
 9411 13b4 FFF7FEFF 		bl	SPI_WriteData
 9412              	.LVL2326:
2579:Module/lcd_cfg.c **** SPI_WriteData(0x5A);
 9413              		.loc 1 2579 1 view .LVU2334
 9414 13b8 5A20     		movs	r0, #90
 9415 13ba FFF7FEFF 		bl	SPI_WriteData
 9416              	.LVL2327:
2580:Module/lcd_cfg.c **** SPI_WriteData(0x24);
 9417              		.loc 1 2580 1 view .LVU2335
 9418 13be 2420     		movs	r0, #36
 9419 13c0 FFF7FEFF 		bl	SPI_WriteData
 9420              	.LVL2328:
2581:Module/lcd_cfg.c **** 
2582:Module/lcd_cfg.c **** SSD2828_WritePackageSize(2);
 9421              		.loc 1 2582 1 view .LVU2336
 9422 13c4 0220     		movs	r0, #2
 9423 13c6 FFF7FEFF 		bl	SSD2828_WritePackageSize
 9424              	.LVL2329:
2583:Module/lcd_cfg.c **** SPI_WriteData(0x90);
 9425              		.loc 1 2583 1 view .LVU2337
 9426 13ca 9020     		movs	r0, #144
 9427 13cc FFF7FEFF 		bl	SPI_WriteData
 9428              	.LVL2330:
2584:Module/lcd_cfg.c **** SPI_WriteData(0xA5);
 9429              		.loc 1 2584 1 view .LVU2338
 9430 13d0 A520     		movs	r0, #165
 9431 13d2 FFF7FEFF 		bl	SPI_WriteData
 9432              	.LVL2331:
2585:Module/lcd_cfg.c **** 
2586:Module/lcd_cfg.c **** 
2587:Module/lcd_cfg.c **** //Blankselect2F
2588:Module/lcd_cfg.c **** SSD2828_WritePackageSize(3);
 9433              		.loc 1 2588 1 view .LVU2339
 9434 13d6 0320     		movs	r0, #3
 9435 13d8 FFF7FEFF 		bl	SSD2828_WritePackageSize
 9436              	.LVL2332:
2589:Module/lcd_cfg.c **** SPI_WriteData(0x41);
 9437              		.loc 1 2589 1 view .LVU2340
 9438 13dc 4120     		movs	r0, #65
 9439 13de FFF7FEFF 		bl	SPI_WriteData
 9440              	.LVL2333:
2590:Module/lcd_cfg.c **** SPI_WriteData(0x5A);
 9441              		.loc 1 2590 1 view .LVU2341
 9442 13e2 5A20     		movs	r0, #90
 9443 13e4 FFF7FEFF 		bl	SPI_WriteData
 9444              	.LVL2334:
ARM GAS  C:\Users\ADMINI~1\AppData\Local\Temp\ccEmAkiv.s 			page 212


2591:Module/lcd_cfg.c **** SPI_WriteData(0x2F);
 9445              		.loc 1 2591 1 view .LVU2342
 9446 13e8 2F20     		movs	r0, #47
 9447 13ea FFF7FEFF 		bl	SPI_WriteData
 9448              	.LVL2335:
2592:Module/lcd_cfg.c **** 
2593:Module/lcd_cfg.c **** //INTCANCEL__TP_I2Cmode
2594:Module/lcd_cfg.c **** SSD2828_WritePackageSize(2);
 9449              		.loc 1 2594 1 view .LVU2343
 9450 13ee 0220     		movs	r0, #2
 9451 13f0 FFF7FEFF 		bl	SSD2828_WritePackageSize
 9452              	.LVL2336:
2595:Module/lcd_cfg.c **** SPI_WriteData(0x4C);
 9453              		.loc 1 2595 1 view .LVU2344
 9454 13f4 4C20     		movs	r0, #76
 9455 13f6 FFF7FEFF 		bl	SPI_WriteData
 9456              	.LVL2337:
2596:Module/lcd_cfg.c **** SPI_WriteData(0x03);
 9457              		.loc 1 2596 1 view .LVU2345
 9458 13fa 0320     		movs	r0, #3
 9459 13fc FFF7FEFF 		bl	SPI_WriteData
 9460              	.LVL2338:
2597:Module/lcd_cfg.c **** 
2598:Module/lcd_cfg.c **** //BypassorFIFOmode
2599:Module/lcd_cfg.c **** SSD2828_WritePackageSize(2);
 9461              		.loc 1 2599 1 view .LVU2346
 9462 1400 0220     		movs	r0, #2
 9463 1402 FFF7FEFF 		bl	SSD2828_WritePackageSize
 9464              	.LVL2339:
2600:Module/lcd_cfg.c **** SPI_WriteData(0x09);
 9465              		.loc 1 2600 1 view .LVU2347
 9466 1406 0920     		movs	r0, #9
 9467 1408 FFF7FEFF 		bl	SPI_WriteData
 9468              	.LVL2340:
2601:Module/lcd_cfg.c **** SPI_WriteData(0x01);
 9469              		.loc 1 2601 1 view .LVU2348
 9470 140c 0120     		movs	r0, #1
 9471 140e FFF7FEFF 		bl	SPI_WriteData
 9472              	.LVL2341:
2602:Module/lcd_cfg.c **** 
2603:Module/lcd_cfg.c **** //CMD1LEDPWMset
2604:Module/lcd_cfg.c **** SSD2828_WritePackageSize(3);
 9473              		.loc 1 2604 1 view .LVU2349
 9474 1412 0320     		movs	r0, #3
 9475 1414 FFF7FEFF 		bl	SSD2828_WritePackageSize
 9476              	.LVL2342:
2605:Module/lcd_cfg.c **** SPI_WriteData(0x51);
 9477              		.loc 1 2605 1 view .LVU2350
 9478 1418 5120     		movs	r0, #81
 9479 141a FFF7FEFF 		bl	SPI_WriteData
 9480              	.LVL2343:
2606:Module/lcd_cfg.c **** SPI_WriteData(0xff);
 9481              		.loc 1 2606 1 view .LVU2351
 9482 141e FF20     		movs	r0, #255
 9483 1420 FFF7FEFF 		bl	SPI_WriteData
 9484              	.LVL2344:
2607:Module/lcd_cfg.c **** SPI_WriteData(0x0f);
ARM GAS  C:\Users\ADMINI~1\AppData\Local\Temp\ccEmAkiv.s 			page 213


 9485              		.loc 1 2607 1 view .LVU2352
 9486 1424 0F20     		movs	r0, #15
 9487 1426 FFF7FEFF 		bl	SPI_WriteData
 9488              	.LVL2345:
2608:Module/lcd_cfg.c **** 
2609:Module/lcd_cfg.c **** SSD2828_WritePackageSize(2);
 9489              		.loc 1 2609 1 view .LVU2353
 9490 142a 0220     		movs	r0, #2
 9491 142c FFF7FEFF 		bl	SSD2828_WritePackageSize
 9492              	.LVL2346:
2610:Module/lcd_cfg.c **** SPI_WriteData(0x53);
 9493              		.loc 1 2610 1 view .LVU2354
 9494 1430 5320     		movs	r0, #83
 9495 1432 FFF7FEFF 		bl	SPI_WriteData
 9496              	.LVL2347:
2611:Module/lcd_cfg.c **** SPI_WriteData(0x24);
 9497              		.loc 1 2611 1 view .LVU2355
 9498 1436 2420     		movs	r0, #36
 9499 1438 FFF7FEFF 		bl	SPI_WriteData
 9500              	.LVL2348:
2612:Module/lcd_cfg.c **** 
2613:Module/lcd_cfg.c **** SSD2828_WritePackageSize(2);
 9501              		.loc 1 2613 1 view .LVU2356
 9502 143c 0220     		movs	r0, #2
 9503 143e FFF7FEFF 		bl	SSD2828_WritePackageSize
 9504              	.LVL2349:
2614:Module/lcd_cfg.c **** SPI_WriteData(0x55);
 9505              		.loc 1 2614 1 view .LVU2357
 9506 1442 5520     		movs	r0, #85
 9507 1444 FFF7FEFF 		bl	SPI_WriteData
 9508              	.LVL2350:
2615:Module/lcd_cfg.c **** SPI_WriteData(0x00);
 9509              		.loc 1 2615 1 view .LVU2358
 9510 1448 0020     		movs	r0, #0
 9511 144a FFF7FEFF 		bl	SPI_WriteData
 9512              	.LVL2351:
2616:Module/lcd_cfg.c **** }
 9513              		.loc 1 2616 1 is_stmt 0 view .LVU2359
 9514 144e 08BD     		pop	{r3, pc}
 9515              		.cfi_endproc
 9516              	.LFE122:
 9518              		.section	.text.Initial_LCM_CODE,"ax",%progbits
 9519              		.align	1
 9520              		.global	Initial_LCM_CODE
 9521              		.syntax unified
 9522              		.thumb
 9523              		.thumb_func
 9525              	Initial_LCM_CODE:
 9526              	.LFB123:
2617:Module/lcd_cfg.c **** void Initial_LCM_CODE(void)
2618:Module/lcd_cfg.c **** {
 9527              		.loc 1 2618 1 is_stmt 1 view -0
 9528              		.cfi_startproc
 9529              		@ args = 0, pretend = 0, frame = 0
 9530              		@ frame_needed = 0, uses_anonymous_args = 0
 9531 0000 08B5     		push	{r3, lr}
 9532              	.LCFI4:
ARM GAS  C:\Users\ADMINI~1\AppData\Local\Temp\ccEmAkiv.s 			page 214


 9533              		.cfi_def_cfa_offset 8
 9534              		.cfi_offset 3, -8
 9535              		.cfi_offset 14, -4
2619:Module/lcd_cfg.c **** 
2620:Module/lcd_cfg.c ****     SPI_WriteCmd(0xB7);
 9536              		.loc 1 2620 5 view .LVU2361
 9537 0002 B720     		movs	r0, #183
 9538 0004 FFF7FEFF 		bl	SPI_WriteCmd
 9539              	.LVL2352:
2621:Module/lcd_cfg.c **** 	SPI_WriteData(0x50);//10=TX_CLK 30=PCLK
 9540              		.loc 1 2621 2 view .LVU2362
 9541 0008 5020     		movs	r0, #80
 9542 000a FFF7FEFF 		bl	SPI_WriteData
 9543              	.LVL2353:
2622:Module/lcd_cfg.c **** 	SPI_WriteData(0x02);
 9544              		.loc 1 2622 2 view .LVU2363
 9545 000e 0220     		movs	r0, #2
 9546 0010 FFF7FEFF 		bl	SPI_WriteData
 9547              	.LVL2354:
2623:Module/lcd_cfg.c **** 	SPI_WriteCmd(0xBD);
 9548              		.loc 1 2623 2 view .LVU2364
 9549 0014 BD20     		movs	r0, #189
 9550 0016 FFF7FEFF 		bl	SPI_WriteCmd
 9551              	.LVL2355:
2624:Module/lcd_cfg.c **** 	SPI_WriteData(0x00);
 9552              		.loc 1 2624 2 view .LVU2365
 9553 001a 0020     		movs	r0, #0
 9554 001c FFF7FEFF 		bl	SPI_WriteData
 9555              	.LVL2356:
2625:Module/lcd_cfg.c **** 	SPI_WriteData(0x00);
 9556              		.loc 1 2625 2 view .LVU2366
 9557 0020 0020     		movs	r0, #0
 9558 0022 FFF7FEFF 		bl	SPI_WriteData
 9559              	.LVL2357:
2626:Module/lcd_cfg.c **** 
2627:Module/lcd_cfg.c ****     fun1();
 9560              		.loc 1 2627 5 view .LVU2367
 9561 0026 FFF7FEFF 		bl	fun1
 9562              	.LVL2358:
2628:Module/lcd_cfg.c ****     fun2();
 9563              		.loc 1 2628 5 view .LVU2368
 9564 002a FFF7FEFF 		bl	fun2
 9565              	.LVL2359:
2629:Module/lcd_cfg.c ****     fun3();
 9566              		.loc 1 2629 5 view .LVU2369
 9567 002e FFF7FEFF 		bl	fun3
 9568              	.LVL2360:
2630:Module/lcd_cfg.c ****     fun4();
 9569              		.loc 1 2630 5 view .LVU2370
 9570 0032 FFF7FEFF 		bl	fun4
 9571              	.LVL2361:
2631:Module/lcd_cfg.c **** 
2632:Module/lcd_cfg.c **** 
2633:Module/lcd_cfg.c **** 
2634:Module/lcd_cfg.c **** 
2635:Module/lcd_cfg.c **** //SSD2828_WritePackageSize(2);
2636:Module/lcd_cfg.c **** //SPI_WriteData(0x02);
ARM GAS  C:\Users\ADMINI~1\AppData\Local\Temp\ccEmAkiv.s 			page 215


2637:Module/lcd_cfg.c **** //SPI_WriteData(0x5A);
2638:Module/lcd_cfg.c **** bsp_DelayMS(40);
 9572              		.loc 1 2638 1 view .LVU2371
 9573 0036 2820     		movs	r0, #40
 9574 0038 FFF7FEFF 		bl	bsp_DelayMS
 9575              	.LVL2362:
2639:Module/lcd_cfg.c **** SSD2828_WritePackageSize(1);
 9576              		.loc 1 2639 1 view .LVU2372
 9577 003c 0120     		movs	r0, #1
 9578 003e FFF7FEFF 		bl	SSD2828_WritePackageSize
 9579              	.LVL2363:
2640:Module/lcd_cfg.c **** SPI_WriteData(0x11);
 9580              		.loc 1 2640 1 view .LVU2373
 9581 0042 1120     		movs	r0, #17
 9582 0044 FFF7FEFF 		bl	SPI_WriteData
 9583              	.LVL2364:
2641:Module/lcd_cfg.c **** bsp_DelayMS(140);
 9584              		.loc 1 2641 1 view .LVU2374
 9585 0048 8C20     		movs	r0, #140
 9586 004a FFF7FEFF 		bl	bsp_DelayMS
 9587              	.LVL2365:
2642:Module/lcd_cfg.c **** SSD2828_WritePackageSize(1);
 9588              		.loc 1 2642 1 view .LVU2375
 9589 004e 0120     		movs	r0, #1
 9590 0050 FFF7FEFF 		bl	SSD2828_WritePackageSize
 9591              	.LVL2366:
2643:Module/lcd_cfg.c **** SPI_WriteData(0x29);
 9592              		.loc 1 2643 1 view .LVU2376
 9593 0054 2920     		movs	r0, #41
 9594 0056 FFF7FEFF 		bl	SPI_WriteData
 9595              	.LVL2367:
2644:Module/lcd_cfg.c **** bsp_DelayMS(40);
 9596              		.loc 1 2644 1 view .LVU2377
 9597 005a 2820     		movs	r0, #40
 9598 005c FFF7FEFF 		bl	bsp_DelayMS
 9599              	.LVL2368:
2645:Module/lcd_cfg.c **** 
2646:Module/lcd_cfg.c **** 
2647:Module/lcd_cfg.c **** 
2648:Module/lcd_cfg.c **** }
 9600              		.loc 1 2648 1 is_stmt 0 view .LVU2378
 9601 0060 08BD     		pop	{r3, pc}
 9602              		.cfi_endproc
 9603              	.LFE123:
 9605              		.text
 9606              	.Letext0:
 9607              		.file 2 "Module/pport_spi.h"
 9608              		.file 3 "Soft_Drive/timer.h"
ARM GAS  C:\Users\ADMINI~1\AppData\Local\Temp\ccEmAkiv.s 			page 216


DEFINED SYMBOLS
                            *ABS*:00000000 lcd_cfg.c
C:\Users\ADMINI~1\AppData\Local\Temp\ccEmAkiv.s:18     .text.fun1:00000000 $t
C:\Users\ADMINI~1\AppData\Local\Temp\ccEmAkiv.s:24     .text.fun1:00000000 fun1
C:\Users\ADMINI~1\AppData\Local\Temp\ccEmAkiv.s:3010   .text.fun2:00000000 $t
C:\Users\ADMINI~1\AppData\Local\Temp\ccEmAkiv.s:3016   .text.fun2:00000000 fun2
C:\Users\ADMINI~1\AppData\Local\Temp\ccEmAkiv.s:5433   .text.fun3:00000000 $t
C:\Users\ADMINI~1\AppData\Local\Temp\ccEmAkiv.s:5439   .text.fun3:00000000 fun3
C:\Users\ADMINI~1\AppData\Local\Temp\ccEmAkiv.s:6032   .text.fun4:00000000 $t
C:\Users\ADMINI~1\AppData\Local\Temp\ccEmAkiv.s:6038   .text.fun4:00000000 fun4
C:\Users\ADMINI~1\AppData\Local\Temp\ccEmAkiv.s:9519   .text.Initial_LCM_CODE:00000000 $t
C:\Users\ADMINI~1\AppData\Local\Temp\ccEmAkiv.s:9525   .text.Initial_LCM_CODE:00000000 Initial_LCM_CODE

UNDEFINED SYMBOLS
SSD2828_WritePackageSize
SPI_WriteData
bsp_DelayMS
SPI_WriteCmd
