ARM GAS  C:\Users\ADMINI~1\AppData\Local\Temp\ccttuXL8.s 			page 1


   1              		.cpu cortex-m4
   2              		.arch armv7e-m
   3              		.fpu softvfp
   4              		.eabi_attribute 20, 1
   5              		.eabi_attribute 21, 1
   6              		.eabi_attribute 23, 3
   7              		.eabi_attribute 24, 1
   8              		.eabi_attribute 25, 1
   9              		.eabi_attribute 26, 1
  10              		.eabi_attribute 30, 1
  11              		.eabi_attribute 34, 1
  12              		.eabi_attribute 18, 4
  13              		.file	"ssd_2832.c"
  14              		.text
  15              	.Ltext0:
  16              		.cfi_sections	.debug_frame
  17              		.section	.text.SSD2832_GPIO_Init,"ax",%progbits
  18              		.align	1
  19              		.global	SSD2832_GPIO_Init
  20              		.syntax unified
  21              		.thumb
  22              		.thumb_func
  24              	SSD2832_GPIO_Init:
  25              	.LFB119:
  26              		.file 1 "Module/ssd_2832.c"
   1:Module/ssd_2832.c **** #include <math.h>
   2:Module/ssd_2832.c **** #include <stdint.h>
   3:Module/ssd_2832.c **** #include <stddef.h>
   4:Module/ssd_2832.c **** #include "ssd_2832.h"
   5:Module/ssd_2832.c **** #include "common.h"
   6:Module/ssd_2832.c **** #include "log.h"
   7:Module/ssd_2832.c **** #include "malloc.h"
   8:Module/ssd_2832.c **** #include "user_config.h"
   9:Module/ssd_2832.c **** 
  10:Module/ssd_2832.c **** #define  SSD2832_CS_PIN    GPIO_PIN_4
  11:Module/ssd_2832.c **** #define  SSD2832_CS_PORT   GPIOA
  12:Module/ssd_2832.c **** 
  13:Module/ssd_2832.c **** #define  SSD2832_SCK_PIN    GPIO_PIN_5
  14:Module/ssd_2832.c **** #define  SSD2832_SCK_PORT   GPIOA
  15:Module/ssd_2832.c **** 
  16:Module/ssd_2832.c **** #define  SSD2832_MOSI_PIN    GPIO_PIN_7
  17:Module/ssd_2832.c **** #define  SSD2832_MOSI_PORT   GPIOA
  18:Module/ssd_2832.c **** 
  19:Module/ssd_2832.c **** #define  SSD2832_MISO_PIN    GPIO_PIN_6
  20:Module/ssd_2832.c **** #define  SSD2832_MISO_PORT   GPIOA
  21:Module/ssd_2832.c **** 
  22:Module/ssd_2832.c **** #define  SSD2832_RST_PIN    GPIO_PIN_2
  23:Module/ssd_2832.c **** #define  SSD2832_RST_PORT   GPIOC
  24:Module/ssd_2832.c **** 
  25:Module/ssd_2832.c **** #define  SSD2832_CDPHYSEL_PIN    GPIO_PIN_1
  26:Module/ssd_2832.c **** #define  SSD2832_CDPHYSEL_PORT   GPIOB
  27:Module/ssd_2832.c **** 
  28:Module/ssd_2832.c **** #define  SSD2832_8B24B_PIN    GPIO_PIN_12
  29:Module/ssd_2832.c **** #define  SSD2832_8B24B_PORT   GPIOB
  30:Module/ssd_2832.c **** 
  31:Module/ssd_2832.c **** 
  32:Module/ssd_2832.c **** 
ARM GAS  C:\Users\ADMINI~1\AppData\Local\Temp\ccttuXL8.s 			page 2


  33:Module/ssd_2832.c **** #define  SSD2832_CS_L()   	GPIO_BC(SSD2832_CS_PORT) = (uint32_t)SSD2832_CS_PIN;
  34:Module/ssd_2832.c **** #define  SSD2832_CS_H()    	GPIO_BOP(SSD2832_CS_PORT) = (uint32_t)SSD2832_CS_PIN;
  35:Module/ssd_2832.c **** 
  36:Module/ssd_2832.c **** #define  SSD2832_SCK_L()   	GPIO_BC(SSD2832_SCK_PORT) = (uint32_t)SSD2832_SCK_PIN;
  37:Module/ssd_2832.c **** #define  SSD2832_SCK_H()   	GPIO_BOP(SSD2832_SCK_PORT) = (uint32_t)SSD2832_SCK_PIN;
  38:Module/ssd_2832.c **** 
  39:Module/ssd_2832.c **** #define  SSD2832_MOSI_L()   	GPIO_BC(SSD2832_MOSI_PORT) = (uint32_t)SSD2832_MOSI_PIN;
  40:Module/ssd_2832.c **** #define  SSD2832_MOSI_H()   	GPIO_BOP(SSD2832_MOSI_PORT) = (uint32_t)SSD2832_MOSI_PIN;
  41:Module/ssd_2832.c **** 
  42:Module/ssd_2832.c **** #define  SSD2832_RST_L()   	GPIO_BC(SSD2832_RST_PORT) = (uint32_t)SSD2832_RST_PIN;
  43:Module/ssd_2832.c **** #define  SSD2832_RST_H()   	GPIO_BOP(SSD2832_RST_PORT) = (uint32_t)SSD2832_RST_PIN;
  44:Module/ssd_2832.c **** 
  45:Module/ssd_2832.c **** #define  SSD2832_CDPHYSEL_L()   	GPIO_BC(SSD2832_CDPHYSEL_PORT) = (uint32_t)SSD2832_CDPHYSEL_PIN;
  46:Module/ssd_2832.c **** #define  SSD2832_CDPHYSEL_H()   	GPIO_BOP(SSD2832_CDPHYSEL_PORT) = (uint32_t)SSD2832_CDPHYSEL_PIN;
  47:Module/ssd_2832.c **** 
  48:Module/ssd_2832.c **** #define  SSD2832_8B24B_L()   	GPIO_BC(SSD2832_8B24B_PORT) = (uint32_t)SSD2832_8B24B_PIN;
  49:Module/ssd_2832.c **** #define  SSD2832_8B24B_H()   	GPIO_BOP(SSD2832_8B24B_PORT) = (uint32_t)SSD2832_8B24B_PIN;
  50:Module/ssd_2832.c **** 
  51:Module/ssd_2832.c **** 
  52:Module/ssd_2832.c **** #define  SSD2832_MOSI_READ()   gpio_input_bit_get(SSD2832_MISO_PORT,SSD2832_MISO_PIN)
  53:Module/ssd_2832.c **** 
  54:Module/ssd_2832.c **** #define SDD2828_SPI_WR_DELAY  {bsp_DelayUS(8);}
  55:Module/ssd_2832.c **** 
  56:Module/ssd_2832.c **** int mipi_write_regs(struct mipi_port *port, uint8_t *frame,uint32_t len);
  57:Module/ssd_2832.c **** int mipi_read_regs(struct mipi_port *port, uint8_t *frame,uint32_t len);
  58:Module/ssd_2832.c **** 
  59:Module/ssd_2832.c **** 
  60:Module/ssd_2832.c **** #define SSD_SPI_BUFF_LEN (256)
  61:Module/ssd_2832.c **** 
  62:Module/ssd_2832.c **** static unsigned char bridge_write_buff[SSD_SPI_BUFF_LEN] = {0};
  63:Module/ssd_2832.c **** static uint32_t bridge_mem_reg_b6[BRIDGE_PORT_COUNT] = {0,0};
  64:Module/ssd_2832.c **** static uint32_t bridge_mem_reg_b7[BRIDGE_PORT_COUNT] = {0,0};
  65:Module/ssd_2832.c **** static uint32_t bridge_mem_reg_bd[BRIDGE_PORT_COUNT] = {0,0};
  66:Module/ssd_2832.c **** static uint32_t bridge_mem_reg_de[BRIDGE_PORT_COUNT] = {0,0};
  67:Module/ssd_2832.c **** 
  68:Module/ssd_2832.c **** volatile uint8_t vblank_changeFrom = 0;
  69:Module/ssd_2832.c **** 
  70:Module/ssd_2832.c **** void SSD2832_GPIO_Init(void)
  71:Module/ssd_2832.c **** {
  27              		.loc 1 71 1 view -0
  28              		.cfi_startproc
  29              		@ args = 0, pretend = 0, frame = 0
  30              		@ frame_needed = 0, uses_anonymous_args = 0
  31 0000 70B5     		push	{r4, r5, r6, lr}
  32              	.LCFI0:
  33              		.cfi_def_cfa_offset 16
  34              		.cfi_offset 4, -16
  35              		.cfi_offset 5, -12
  36              		.cfi_offset 6, -8
  37              		.cfi_offset 14, -4
  72:Module/ssd_2832.c **** 	rcu_periph_clock_enable(RCU_GPIOA);
  38              		.loc 1 72 2 view .LVU1
  39 0002 40F20260 		movw	r0, #1538
  40 0006 FFF7FEFF 		bl	rcu_periph_clock_enable
  41              	.LVL0:
  73:Module/ssd_2832.c ****   rcu_periph_clock_enable(RCU_GPIOB);
  42              		.loc 1 73 3 view .LVU2
ARM GAS  C:\Users\ADMINI~1\AppData\Local\Temp\ccttuXL8.s 			page 3


  43 000a 40F20360 		movw	r0, #1539
  44 000e FFF7FEFF 		bl	rcu_periph_clock_enable
  45              	.LVL1:
  74:Module/ssd_2832.c **** 	rcu_periph_clock_enable(RCU_GPIOC);
  46              		.loc 1 74 2 view .LVU3
  47 0012 40F20460 		movw	r0, #1540
  48 0016 FFF7FEFF 		bl	rcu_periph_clock_enable
  49              	.LVL2:
  75:Module/ssd_2832.c **** 	
  76:Module/ssd_2832.c **** 	gpio_init(SSD2832_CS_PORT, GPIO_MODE_OUT_PP, GPIO_OSPEED_50MHZ, SSD2832_CS_PIN);
  50              		.loc 1 76 2 view .LVU4
  51 001a 244C     		ldr	r4, .L3
  52 001c 1023     		movs	r3, #16
  53 001e 0322     		movs	r2, #3
  54 0020 1946     		mov	r1, r3
  55 0022 2046     		mov	r0, r4
  56 0024 FFF7FEFF 		bl	gpio_init
  57              	.LVL3:
  77:Module/ssd_2832.c **** 	gpio_init(SSD2832_SCK_PORT, GPIO_MODE_OUT_PP, GPIO_OSPEED_50MHZ, SSD2832_SCK_PIN);
  58              		.loc 1 77 2 view .LVU5
  59 0028 2023     		movs	r3, #32
  60 002a 0322     		movs	r2, #3
  61 002c 1021     		movs	r1, #16
  62 002e 2046     		mov	r0, r4
  63 0030 FFF7FEFF 		bl	gpio_init
  64              	.LVL4:
  78:Module/ssd_2832.c **** 	gpio_init(SSD2832_MOSI_PORT, GPIO_MODE_OUT_PP, GPIO_OSPEED_50MHZ, SSD2832_MOSI_PIN);
  65              		.loc 1 78 2 view .LVU6
  66 0034 8023     		movs	r3, #128
  67 0036 0322     		movs	r2, #3
  68 0038 1021     		movs	r1, #16
  69 003a 2046     		mov	r0, r4
  70 003c FFF7FEFF 		bl	gpio_init
  71              	.LVL5:
  79:Module/ssd_2832.c **** 	gpio_init(SSD2832_RST_PORT, GPIO_MODE_OUT_PP, GPIO_OSPEED_50MHZ, SSD2832_RST_PIN);
  72              		.loc 1 79 2 view .LVU7
  73 0040 1B4E     		ldr	r6, .L3+4
  74 0042 0423     		movs	r3, #4
  75 0044 0322     		movs	r2, #3
  76 0046 1021     		movs	r1, #16
  77 0048 3046     		mov	r0, r6
  78 004a FFF7FEFF 		bl	gpio_init
  79              	.LVL6:
  80:Module/ssd_2832.c **** 	gpio_init(SSD2832_CDPHYSEL_PORT, GPIO_MODE_OUT_PP, GPIO_OSPEED_50MHZ, SSD2832_CDPHYSEL_PIN);
  80              		.loc 1 80 2 view .LVU8
  81 004e 194D     		ldr	r5, .L3+8
  82 0050 0223     		movs	r3, #2
  83 0052 0322     		movs	r2, #3
  84 0054 1021     		movs	r1, #16
  85 0056 2846     		mov	r0, r5
  86 0058 FFF7FEFF 		bl	gpio_init
  87              	.LVL7:
  81:Module/ssd_2832.c **** 	gpio_init(SSD2832_8B24B_PORT, GPIO_MODE_OUT_PP, GPIO_OSPEED_50MHZ, SSD2832_8B24B_PIN);
  88              		.loc 1 81 2 view .LVU9
  89 005c 4FF48053 		mov	r3, #4096
  90 0060 0322     		movs	r2, #3
  91 0062 1021     		movs	r1, #16
ARM GAS  C:\Users\ADMINI~1\AppData\Local\Temp\ccttuXL8.s 			page 4


  92 0064 2846     		mov	r0, r5
  93 0066 FFF7FEFF 		bl	gpio_init
  94              	.LVL8:
  82:Module/ssd_2832.c **** 	gpio_init(SSD2832_MISO_PORT, GPIO_MODE_IN_FLOATING, GPIO_OSPEED_50MHZ, SSD2832_MISO_PIN);
  95              		.loc 1 82 2 view .LVU10
  96 006a 4023     		movs	r3, #64
  97 006c 0322     		movs	r2, #3
  98 006e 0421     		movs	r1, #4
  99 0070 2046     		mov	r0, r4
 100 0072 FFF7FEFF 		bl	gpio_init
 101              	.LVL9:
  83:Module/ssd_2832.c **** 	gpio_bit_set(SSD2832_RST_PORT, SSD2832_RST_PIN);
 102              		.loc 1 83 2 view .LVU11
 103 0076 0421     		movs	r1, #4
 104 0078 3046     		mov	r0, r6
 105 007a FFF7FEFF 		bl	gpio_bit_set
 106              	.LVL10:
  84:Module/ssd_2832.c **** 	gpio_bit_reset(SSD2832_8B24B_PORT, SSD2832_8B24B_PIN); // 0:SPI-24BIT  1:SPI-8BIT
 107              		.loc 1 84 2 view .LVU12
 108 007e 4FF48051 		mov	r1, #4096
 109 0082 2846     		mov	r0, r5
 110 0084 FFF7FEFF 		bl	gpio_bit_reset
 111              	.LVL11:
  85:Module/ssd_2832.c **** 	
  86:Module/ssd_2832.c **** 	gpio_bit_reset(SSD2832_CDPHYSEL_PORT, SSD2832_CDPHYSEL_PIN);//0:C PHY  1:D PHY 
 112              		.loc 1 86 2 view .LVU13
 113 0088 0221     		movs	r1, #2
 114 008a 2846     		mov	r0, r5
 115 008c FFF7FEFF 		bl	gpio_bit_reset
 116              	.LVL12:
  87:Module/ssd_2832.c **** 	
  88:Module/ssd_2832.c **** 	gpio_bit_set(SSD2832_CS_PORT, SSD2832_CS_PIN);
 117              		.loc 1 88 2 view .LVU14
 118 0090 1021     		movs	r1, #16
 119 0092 2046     		mov	r0, r4
 120 0094 FFF7FEFF 		bl	gpio_bit_set
 121              	.LVL13:
  89:Module/ssd_2832.c **** 	gpio_bit_set(SSD2832_SCK_PORT, SSD2832_SCK_PIN);
 122              		.loc 1 89 2 view .LVU15
 123 0098 2021     		movs	r1, #32
 124 009a 2046     		mov	r0, r4
 125 009c FFF7FEFF 		bl	gpio_bit_set
 126              	.LVL14:
  90:Module/ssd_2832.c **** 	gpio_bit_set(SSD2832_MOSI_PORT, SSD2832_MOSI_PIN);	
 127              		.loc 1 90 2 view .LVU16
 128 00a0 8021     		movs	r1, #128
 129 00a2 2046     		mov	r0, r4
 130 00a4 FFF7FEFF 		bl	gpio_bit_set
 131              	.LVL15:
  91:Module/ssd_2832.c **** 
  92:Module/ssd_2832.c **** 	
  93:Module/ssd_2832.c **** }
 132              		.loc 1 93 1 is_stmt 0 view .LVU17
 133 00a8 70BD     		pop	{r4, r5, r6, pc}
 134              	.L4:
 135 00aa 00BF     		.align	2
 136              	.L3:
ARM GAS  C:\Users\ADMINI~1\AppData\Local\Temp\ccttuXL8.s 			page 5


 137 00ac 00080140 		.word	1073809408
 138 00b0 00100140 		.word	1073811456
 139 00b4 000C0140 		.word	1073810432
 140              		.cfi_endproc
 141              	.LFE119:
 143              		.section	.text.malloc,"ax",%progbits
 144              		.align	1
 145              		.global	malloc
 146              		.syntax unified
 147              		.thumb
 148              		.thumb_func
 150              	malloc:
 151              	.LVL16:
 152              	.LFB120:
  94:Module/ssd_2832.c **** 
  95:Module/ssd_2832.c **** 
  96:Module/ssd_2832.c **** 
  97:Module/ssd_2832.c **** 
  98:Module/ssd_2832.c **** void *malloc(uint32_t size)
  99:Module/ssd_2832.c **** {
 153              		.loc 1 99 1 is_stmt 1 view -0
 154              		.cfi_startproc
 155              		@ args = 0, pretend = 0, frame = 0
 156              		@ frame_needed = 0, uses_anonymous_args = 0
 157              		.loc 1 99 1 is_stmt 0 view .LVU19
 158 0000 08B5     		push	{r3, lr}
 159              	.LCFI1:
 160              		.cfi_def_cfa_offset 8
 161              		.cfi_offset 3, -8
 162              		.cfi_offset 14, -4
 163 0002 0146     		mov	r1, r0
 100:Module/ssd_2832.c **** 	return	mymalloc(SRAMIN, size);	
 164              		.loc 1 100 2 is_stmt 1 view .LVU20
 165              		.loc 1 100 9 is_stmt 0 view .LVU21
 166 0004 0020     		movs	r0, #0
 167              	.LVL17:
 168              		.loc 1 100 9 view .LVU22
 169 0006 FFF7FEFF 		bl	mymalloc
 170              	.LVL18:
 101:Module/ssd_2832.c **** }
 171              		.loc 1 101 1 view .LVU23
 172 000a 08BD     		pop	{r3, pc}
 173              		.cfi_endproc
 174              	.LFE120:
 176              		.section	.text.free,"ax",%progbits
 177              		.align	1
 178              		.global	free
 179              		.syntax unified
 180              		.thumb
 181              		.thumb_func
 183              	free:
 184              	.LVL19:
 185              	.LFB121:
 102:Module/ssd_2832.c **** 
 103:Module/ssd_2832.c **** void free(void * buff)
 104:Module/ssd_2832.c **** {
 186              		.loc 1 104 1 is_stmt 1 view -0
ARM GAS  C:\Users\ADMINI~1\AppData\Local\Temp\ccttuXL8.s 			page 6


 187              		.cfi_startproc
 188              		@ args = 0, pretend = 0, frame = 0
 189              		@ frame_needed = 0, uses_anonymous_args = 0
 190              		.loc 1 104 1 is_stmt 0 view .LVU25
 191 0000 08B5     		push	{r3, lr}
 192              	.LCFI2:
 193              		.cfi_def_cfa_offset 8
 194              		.cfi_offset 3, -8
 195              		.cfi_offset 14, -4
 196 0002 0146     		mov	r1, r0
 105:Module/ssd_2832.c **** 	myfree(SRAMIN,buff);
 197              		.loc 1 105 2 is_stmt 1 view .LVU26
 198 0004 0020     		movs	r0, #0
 199              	.LVL20:
 200              		.loc 1 105 2 is_stmt 0 view .LVU27
 201 0006 FFF7FEFF 		bl	myfree
 202              	.LVL21:
 106:Module/ssd_2832.c **** }
 203              		.loc 1 106 1 view .LVU28
 204 000a 08BD     		pop	{r3, pc}
 205              		.cfi_endproc
 206              	.LFE121:
 208              		.section	.text.usleep,"ax",%progbits
 209              		.align	1
 210              		.global	usleep
 211              		.syntax unified
 212              		.thumb
 213              		.thumb_func
 215              	usleep:
 216              	.LVL22:
 217              	.LFB122:
 107:Module/ssd_2832.c **** 
 108:Module/ssd_2832.c **** void usleep(uint32_t us)
 109:Module/ssd_2832.c **** {
 218              		.loc 1 109 1 is_stmt 1 view -0
 219              		.cfi_startproc
 220              		@ args = 0, pretend = 0, frame = 0
 221              		@ frame_needed = 0, uses_anonymous_args = 0
 222              		.loc 1 109 1 is_stmt 0 view .LVU30
 223 0000 08B5     		push	{r3, lr}
 224              	.LCFI3:
 225              		.cfi_def_cfa_offset 8
 226              		.cfi_offset 3, -8
 227              		.cfi_offset 14, -4
 110:Module/ssd_2832.c **** 	bsp_DelayUS(us);
 228              		.loc 1 110 2 is_stmt 1 view .LVU31
 229 0002 FFF7FEFF 		bl	bsp_DelayUS
 230              	.LVL23:
 111:Module/ssd_2832.c **** }
 231              		.loc 1 111 1 is_stmt 0 view .LVU32
 232 0006 08BD     		pop	{r3, pc}
 233              		.cfi_endproc
 234              	.LFE122:
 236              		.section	.text.bridge_select_phy,"ax",%progbits
 237              		.align	1
 238              		.global	bridge_select_phy
 239              		.syntax unified
ARM GAS  C:\Users\ADMINI~1\AppData\Local\Temp\ccttuXL8.s 			page 7


 240              		.thumb
 241              		.thumb_func
 243              	bridge_select_phy:
 244              	.LVL24:
 245              	.LFB123:
 112:Module/ssd_2832.c **** 
 113:Module/ssd_2832.c **** void bridge_select_phy(uint8_t value)
 114:Module/ssd_2832.c **** {
 246              		.loc 1 114 1 is_stmt 1 view -0
 247              		.cfi_startproc
 248              		@ args = 0, pretend = 0, frame = 0
 249              		@ frame_needed = 0, uses_anonymous_args = 0
 250              		@ link register save eliminated.
 115:Module/ssd_2832.c **** if(value==0)
 251              		.loc 1 115 1 view .LVU34
 252              		.loc 1 115 3 is_stmt 0 view .LVU35
 253 0000 20B9     		cbnz	r0, .L12
 116:Module/ssd_2832.c **** {
 117:Module/ssd_2832.c **** 	SSD2832_CDPHYSEL_L();
 254              		.loc 1 117 2 is_stmt 1 view .LVU36
 255 0002 054B     		ldr	r3, .L14
 256 0004 0222     		movs	r2, #2
 257 0006 C3F8142C 		str	r2, [r3, #3092]
 258              		.loc 1 117 22 view .LVU37
 259 000a 7047     		bx	lr
 260              	.L12:
 118:Module/ssd_2832.c **** }else 
 119:Module/ssd_2832.c **** {
 120:Module/ssd_2832.c **** 	SSD2832_CDPHYSEL_H();
 261              		.loc 1 120 2 view .LVU38
 262 000c 024B     		ldr	r3, .L14
 263 000e 0222     		movs	r2, #2
 264 0010 C3F8102C 		str	r2, [r3, #3088]
 265              		.loc 1 120 22 view .LVU39
 121:Module/ssd_2832.c **** }
 122:Module/ssd_2832.c **** }
 266              		.loc 1 122 1 is_stmt 0 view .LVU40
 267 0014 7047     		bx	lr
 268              	.L15:
 269 0016 00BF     		.align	2
 270              	.L14:
 271 0018 00000140 		.word	1073807360
 272              		.cfi_endproc
 273              	.LFE123:
 275              		.section	.text.SSD2832_Write_Command,"ax",%progbits
 276              		.align	1
 277              		.global	SSD2832_Write_Command
 278              		.syntax unified
 279              		.thumb
 280              		.thumb_func
 282              	SSD2832_Write_Command:
 283              	.LVL25:
 284              	.LFB124:
 123:Module/ssd_2832.c **** 
 124:Module/ssd_2832.c **** 
 125:Module/ssd_2832.c **** void SSD2832_Write_Command(uint8_t cmd)
 126:Module/ssd_2832.c **** {
ARM GAS  C:\Users\ADMINI~1\AppData\Local\Temp\ccttuXL8.s 			page 8


 285              		.loc 1 126 1 is_stmt 1 view -0
 286              		.cfi_startproc
 287              		@ args = 0, pretend = 0, frame = 0
 288              		@ frame_needed = 0, uses_anonymous_args = 0
 289              		.loc 1 126 1 is_stmt 0 view .LVU42
 290 0000 F8B5     		push	{r3, r4, r5, r6, r7, lr}
 291              	.LCFI4:
 292              		.cfi_def_cfa_offset 24
 293              		.cfi_offset 3, -24
 294              		.cfi_offset 4, -20
 295              		.cfi_offset 5, -16
 296              		.cfi_offset 6, -12
 297              		.cfi_offset 7, -8
 298              		.cfi_offset 14, -4
 299 0002 0446     		mov	r4, r0
 127:Module/ssd_2832.c ****     uint8_t i;
 300              		.loc 1 127 5 is_stmt 1 view .LVU43
 128:Module/ssd_2832.c **** //    SSD2832_CS_H();
 129:Module/ssd_2832.c **** //    SSD2832_MOSI_H();
 130:Module/ssd_2832.c **** //    SSD2832_SCK_H();
 131:Module/ssd_2832.c **** //    SDD2828_SPI_WR_DELAY;
 132:Module/ssd_2832.c **** 
 133:Module/ssd_2832.c **** //    SSD2832_CS_L();
 134:Module/ssd_2832.c **** //    SDD2828_SPI_WR_DELAY;
 135:Module/ssd_2832.c **** //    SSD2832_MOSI_L(); 
 136:Module/ssd_2832.c **** //    SDD2828_SPI_WR_DELAY;
 137:Module/ssd_2832.c **** //    SSD2832_SCK_L();
 138:Module/ssd_2832.c **** //    SDD2828_SPI_WR_DELAY;
 139:Module/ssd_2832.c **** //    SSD2832_SCK_H(); 
 140:Module/ssd_2832.c ****     for (i = 0; i < 8; i++)
 301              		.loc 1 140 5 view .LVU44
 302              	.LVL26:
 303              		.loc 1 140 17 view .LVU45
 126:Module/ssd_2832.c ****     uint8_t i;
 304              		.loc 1 126 1 is_stmt 0 view .LVU46
 305 0004 0825     		movs	r5, #8
 141:Module/ssd_2832.c ****     {
 142:Module/ssd_2832.c ****         if (cmd & 0x80)
 143:Module/ssd_2832.c ****         {
 144:Module/ssd_2832.c ****             SSD2832_MOSI_H();
 145:Module/ssd_2832.c ****         }
 146:Module/ssd_2832.c ****         else
 147:Module/ssd_2832.c ****         {
 148:Module/ssd_2832.c ****             SSD2832_MOSI_L();
 306              		.loc 1 148 13 view .LVU47
 307 0006 114E     		ldr	r6, .L22
 149:Module/ssd_2832.c ****         }
 150:Module/ssd_2832.c ****         cmd <<= 1;
 151:Module/ssd_2832.c ****         SSD2832_SCK_L();
 308              		.loc 1 151 9 view .LVU48
 309 0008 2027     		movs	r7, #32
 310              	.LVL27:
 311              	.L19:
 142:Module/ssd_2832.c ****         {
 312              		.loc 1 142 9 is_stmt 1 view .LVU49
 142:Module/ssd_2832.c ****         {
 313              		.loc 1 142 12 is_stmt 0 view .LVU50
ARM GAS  C:\Users\ADMINI~1\AppData\Local\Temp\ccttuXL8.s 			page 9


 314 000a 14F0800F 		tst	r4, #128
 144:Module/ssd_2832.c ****         }
 315              		.loc 1 144 13 is_stmt 1 view .LVU51
 316 000e 4FF08003 		mov	r3, #128
 317 0012 14BF     		ite	ne
 318 0014 C6F81038 		strne	r3, [r6, #2064]
 144:Module/ssd_2832.c ****         }
 319              		.loc 1 144 29 view .LVU52
 148:Module/ssd_2832.c ****         }
 320              		.loc 1 148 13 view .LVU53
 321 0018 C6F81438 		streq	r3, [r6, #2068]
 148:Module/ssd_2832.c ****         }
 322              		.loc 1 148 29 view .LVU54
 150:Module/ssd_2832.c ****         SSD2832_SCK_L();
 323              		.loc 1 150 9 view .LVU55
 150:Module/ssd_2832.c ****         SSD2832_SCK_L();
 324              		.loc 1 150 13 is_stmt 0 view .LVU56
 325 001c 6400     		lsls	r4, r4, #1
 326              	.LVL28:
 150:Module/ssd_2832.c ****         SSD2832_SCK_L();
 327              		.loc 1 150 13 view .LVU57
 328 001e E4B2     		uxtb	r4, r4
 329              	.LVL29:
 330              		.loc 1 151 9 is_stmt 1 view .LVU58
 331 0020 C6F81478 		str	r7, [r6, #2068]
 332              		.loc 1 151 24 view .LVU59
 152:Module/ssd_2832.c ****         SDD2828_SPI_WR_DELAY;
 333              		.loc 1 152 9 view .LVU60
 334 0024 0820     		movs	r0, #8
 335 0026 FFF7FEFF 		bl	bsp_DelayUS
 336              	.LVL30:
 337              		.loc 1 152 29 view .LVU61
 153:Module/ssd_2832.c ****         SSD2832_SCK_H();
 338              		.loc 1 153 9 view .LVU62
 339 002a C6F81078 		str	r7, [r6, #2064]
 340              		.loc 1 153 24 view .LVU63
 154:Module/ssd_2832.c ****         SDD2828_SPI_WR_DELAY;
 341              		.loc 1 154 9 view .LVU64
 342 002e 0820     		movs	r0, #8
 343 0030 FFF7FEFF 		bl	bsp_DelayUS
 344              	.LVL31:
 345              		.loc 1 154 29 view .LVU65
 140:Module/ssd_2832.c ****     {
 346              		.loc 1 140 24 view .LVU66
 140:Module/ssd_2832.c ****     {
 347              		.loc 1 140 17 view .LVU67
 140:Module/ssd_2832.c ****     {
 348              		.loc 1 140 5 is_stmt 0 view .LVU68
 349 0034 6B1E     		subs	r3, r5, #1
 350 0036 13F0FF05 		ands	r5, r3, #255
 351              	.LVL32:
 140:Module/ssd_2832.c ****     {
 352              		.loc 1 140 5 view .LVU69
 353 003a E6D1     		bne	.L19
 155:Module/ssd_2832.c ****     }
 156:Module/ssd_2832.c ****     SSD2832_MOSI_H();
 354              		.loc 1 156 5 is_stmt 1 view .LVU70
ARM GAS  C:\Users\ADMINI~1\AppData\Local\Temp\ccttuXL8.s 			page 10


 355 003c 034B     		ldr	r3, .L22
 356 003e 8022     		movs	r2, #128
 357 0040 C3F81028 		str	r2, [r3, #2064]
 358              		.loc 1 156 21 view .LVU71
 157:Module/ssd_2832.c ****     SDD2828_SPI_WR_DELAY;
 359              		.loc 1 157 5 view .LVU72
 360 0044 0820     		movs	r0, #8
 361 0046 FFF7FEFF 		bl	bsp_DelayUS
 362              	.LVL33:
 363              		.loc 1 157 25 view .LVU73
 158:Module/ssd_2832.c **** //    SSD2832_CS_H();
 159:Module/ssd_2832.c **** }
 364              		.loc 1 159 1 is_stmt 0 view .LVU74
 365 004a F8BD     		pop	{r3, r4, r5, r6, r7, pc}
 366              	.LVL34:
 367              	.L23:
 368              		.loc 1 159 1 view .LVU75
 369              		.align	2
 370              	.L22:
 371 004c 00000140 		.word	1073807360
 372              		.cfi_endproc
 373              	.LFE124:
 375              		.section	.text.SSD2832_Write_Data,"ax",%progbits
 376              		.align	1
 377              		.global	SSD2832_Write_Data
 378              		.syntax unified
 379              		.thumb
 380              		.thumb_func
 382              	SSD2832_Write_Data:
 383              	.LVL35:
 384              	.LFB125:
 160:Module/ssd_2832.c **** 
 161:Module/ssd_2832.c **** 
 162:Module/ssd_2832.c **** 
 163:Module/ssd_2832.c **** void SSD2832_Write_Data(uint8_t data)
 164:Module/ssd_2832.c **** {
 385              		.loc 1 164 1 is_stmt 1 view -0
 386              		.cfi_startproc
 387              		@ args = 0, pretend = 0, frame = 0
 388              		@ frame_needed = 0, uses_anonymous_args = 0
 389              		.loc 1 164 1 is_stmt 0 view .LVU77
 390 0000 F8B5     		push	{r3, r4, r5, r6, r7, lr}
 391              	.LCFI5:
 392              		.cfi_def_cfa_offset 24
 393              		.cfi_offset 3, -24
 394              		.cfi_offset 4, -20
 395              		.cfi_offset 5, -16
 396              		.cfi_offset 6, -12
 397              		.cfi_offset 7, -8
 398              		.cfi_offset 14, -4
 399 0002 0446     		mov	r4, r0
 165:Module/ssd_2832.c ****     uint8_t i;
 400              		.loc 1 165 5 is_stmt 1 view .LVU78
 166:Module/ssd_2832.c **** //    SSD2832_CS_H();
 167:Module/ssd_2832.c **** //    SSD2832_MOSI_H();
 168:Module/ssd_2832.c **** //    SSD2832_SCK_H();
 169:Module/ssd_2832.c **** //    SDD2828_SPI_WR_DELAY;
ARM GAS  C:\Users\ADMINI~1\AppData\Local\Temp\ccttuXL8.s 			page 11


 170:Module/ssd_2832.c **** 
 171:Module/ssd_2832.c **** //    SSD2832_CS_L();
 172:Module/ssd_2832.c **** //    SDD2828_SPI_WR_DELAY;
 173:Module/ssd_2832.c **** //    SSD2832_MOSI_H(); 
 174:Module/ssd_2832.c **** //    SDD2828_SPI_WR_DELAY;
 175:Module/ssd_2832.c **** //    SSD2832_SCK_L();
 176:Module/ssd_2832.c **** //    SDD2828_SPI_WR_DELAY;
 177:Module/ssd_2832.c **** //    SSD2832_SCK_H(); 
 178:Module/ssd_2832.c ****     for (i = 0; i < 8; i++)
 401              		.loc 1 178 5 view .LVU79
 402              	.LVL36:
 403              		.loc 1 178 17 view .LVU80
 164:Module/ssd_2832.c ****     uint8_t i;
 404              		.loc 1 164 1 is_stmt 0 view .LVU81
 405 0004 0825     		movs	r5, #8
 179:Module/ssd_2832.c ****     {
 180:Module/ssd_2832.c ****         if (data & 0x80)
 181:Module/ssd_2832.c ****         {
 182:Module/ssd_2832.c ****             SSD2832_MOSI_H();
 183:Module/ssd_2832.c ****         }
 184:Module/ssd_2832.c ****         else
 185:Module/ssd_2832.c ****         {
 186:Module/ssd_2832.c ****             SSD2832_MOSI_L();
 406              		.loc 1 186 13 view .LVU82
 407 0006 114E     		ldr	r6, .L30
 187:Module/ssd_2832.c ****         }
 188:Module/ssd_2832.c ****         data <<= 1;
 189:Module/ssd_2832.c ****         SSD2832_SCK_L();
 408              		.loc 1 189 9 view .LVU83
 409 0008 2027     		movs	r7, #32
 410              	.LVL37:
 411              	.L27:
 180:Module/ssd_2832.c ****         {
 412              		.loc 1 180 9 is_stmt 1 view .LVU84
 180:Module/ssd_2832.c ****         {
 413              		.loc 1 180 12 is_stmt 0 view .LVU85
 414 000a 14F0800F 		tst	r4, #128
 182:Module/ssd_2832.c ****         }
 415              		.loc 1 182 13 is_stmt 1 view .LVU86
 416 000e 4FF08003 		mov	r3, #128
 417 0012 14BF     		ite	ne
 418 0014 C6F81038 		strne	r3, [r6, #2064]
 182:Module/ssd_2832.c ****         }
 419              		.loc 1 182 29 view .LVU87
 186:Module/ssd_2832.c ****         }
 420              		.loc 1 186 13 view .LVU88
 421 0018 C6F81438 		streq	r3, [r6, #2068]
 186:Module/ssd_2832.c ****         }
 422              		.loc 1 186 29 view .LVU89
 188:Module/ssd_2832.c ****         SSD2832_SCK_L();
 423              		.loc 1 188 9 view .LVU90
 188:Module/ssd_2832.c ****         SSD2832_SCK_L();
 424              		.loc 1 188 14 is_stmt 0 view .LVU91
 425 001c 6400     		lsls	r4, r4, #1
 426              	.LVL38:
 188:Module/ssd_2832.c ****         SSD2832_SCK_L();
 427              		.loc 1 188 14 view .LVU92
ARM GAS  C:\Users\ADMINI~1\AppData\Local\Temp\ccttuXL8.s 			page 12


 428 001e E4B2     		uxtb	r4, r4
 429              	.LVL39:
 430              		.loc 1 189 9 is_stmt 1 view .LVU93
 431 0020 C6F81478 		str	r7, [r6, #2068]
 432              		.loc 1 189 24 view .LVU94
 190:Module/ssd_2832.c ****         SDD2828_SPI_WR_DELAY;
 433              		.loc 1 190 9 view .LVU95
 434 0024 0820     		movs	r0, #8
 435 0026 FFF7FEFF 		bl	bsp_DelayUS
 436              	.LVL40:
 437              		.loc 1 190 29 view .LVU96
 191:Module/ssd_2832.c ****         SSD2832_SCK_H();
 438              		.loc 1 191 9 view .LVU97
 439 002a C6F81078 		str	r7, [r6, #2064]
 440              		.loc 1 191 24 view .LVU98
 192:Module/ssd_2832.c ****         SDD2828_SPI_WR_DELAY;
 441              		.loc 1 192 9 view .LVU99
 442 002e 0820     		movs	r0, #8
 443 0030 FFF7FEFF 		bl	bsp_DelayUS
 444              	.LVL41:
 445              		.loc 1 192 29 view .LVU100
 178:Module/ssd_2832.c ****     {
 446              		.loc 1 178 24 view .LVU101
 178:Module/ssd_2832.c ****     {
 447              		.loc 1 178 17 view .LVU102
 178:Module/ssd_2832.c ****     {
 448              		.loc 1 178 5 is_stmt 0 view .LVU103
 449 0034 6B1E     		subs	r3, r5, #1
 450 0036 13F0FF05 		ands	r5, r3, #255
 451              	.LVL42:
 178:Module/ssd_2832.c ****     {
 452              		.loc 1 178 5 view .LVU104
 453 003a E6D1     		bne	.L27
 193:Module/ssd_2832.c ****     }
 194:Module/ssd_2832.c ****     SSD2832_MOSI_H();
 454              		.loc 1 194 5 is_stmt 1 view .LVU105
 455 003c 034B     		ldr	r3, .L30
 456 003e 8022     		movs	r2, #128
 457 0040 C3F81028 		str	r2, [r3, #2064]
 458              		.loc 1 194 21 view .LVU106
 195:Module/ssd_2832.c ****     SDD2828_SPI_WR_DELAY;
 459              		.loc 1 195 5 view .LVU107
 460 0044 0820     		movs	r0, #8
 461 0046 FFF7FEFF 		bl	bsp_DelayUS
 462              	.LVL43:
 463              		.loc 1 195 25 view .LVU108
 196:Module/ssd_2832.c **** //    SSD2832_CS_H();
 197:Module/ssd_2832.c **** }
 464              		.loc 1 197 1 is_stmt 0 view .LVU109
 465 004a F8BD     		pop	{r3, r4, r5, r6, r7, pc}
 466              	.LVL44:
 467              	.L31:
 468              		.loc 1 197 1 view .LVU110
 469              		.align	2
 470              	.L30:
 471 004c 00000140 		.word	1073807360
 472              		.cfi_endproc
ARM GAS  C:\Users\ADMINI~1\AppData\Local\Temp\ccttuXL8.s 			page 13


 473              	.LFE125:
 475              		.section	.text.SSD2832_Read,"ax",%progbits
 476              		.align	1
 477              		.global	SSD2832_Read
 478              		.syntax unified
 479              		.thumb
 480              		.thumb_func
 482              	SSD2832_Read:
 483              	.LFB126:
 198:Module/ssd_2832.c **** 
 199:Module/ssd_2832.c **** uint8_t  SSD2832_Read(void)
 200:Module/ssd_2832.c **** {
 484              		.loc 1 200 1 is_stmt 1 view -0
 485              		.cfi_startproc
 486              		@ args = 0, pretend = 0, frame = 0
 487              		@ frame_needed = 0, uses_anonymous_args = 0
 488 0000 2DE9F047 		push	{r4, r5, r6, r7, r8, r9, r10, lr}
 489              	.LCFI6:
 490              		.cfi_def_cfa_offset 32
 491              		.cfi_offset 4, -32
 492              		.cfi_offset 5, -28
 493              		.cfi_offset 6, -24
 494              		.cfi_offset 7, -20
 495              		.cfi_offset 8, -16
 496              		.cfi_offset 9, -12
 497              		.cfi_offset 10, -8
 498              		.cfi_offset 14, -4
 201:Module/ssd_2832.c **** 		uint8_t i;
 499              		.loc 1 201 3 view .LVU112
 202:Module/ssd_2832.c ****     uint8_t tmp = 0;
 500              		.loc 1 202 5 view .LVU113
 501              	.LVL45:
 203:Module/ssd_2832.c ****     SSD2832_CS_L();
 502              		.loc 1 203 5 view .LVU114
 503 0004 184B     		ldr	r3, .L38
 504 0006 1022     		movs	r2, #16
 505 0008 C3F81428 		str	r2, [r3, #2068]
 506              		.loc 1 203 19 view .LVU115
 204:Module/ssd_2832.c ****     SDD2828_SPI_WR_DELAY;
 507              		.loc 1 204 5 view .LVU116
 508 000c 0820     		movs	r0, #8
 509 000e FFF7FEFF 		bl	bsp_DelayUS
 510              	.LVL46:
 511              		.loc 1 204 25 view .LVU117
 205:Module/ssd_2832.c ****     for (i = 0; i < 8; i++)
 512              		.loc 1 205 5 view .LVU118
 513              		.loc 1 205 17 view .LVU119
 204:Module/ssd_2832.c ****     SDD2828_SPI_WR_DELAY;
 514              		.loc 1 204 5 is_stmt 0 view .LVU120
 515 0012 0825     		movs	r5, #8
 202:Module/ssd_2832.c ****     SSD2832_CS_L();
 516              		.loc 1 202 13 view .LVU121
 517 0014 0024     		movs	r4, #0
 206:Module/ssd_2832.c ****     {
 207:Module/ssd_2832.c ****         SSD2832_SCK_L();
 518              		.loc 1 207 9 view .LVU122
 519 0016 DFF85080 		ldr	r8, .L38
ARM GAS  C:\Users\ADMINI~1\AppData\Local\Temp\ccttuXL8.s 			page 14


 520 001a 2027     		movs	r7, #32
 208:Module/ssd_2832.c ****         SDD2828_SPI_WR_DELAY;
 521              		.loc 1 208 9 view .LVU123
 522 001c 2E46     		mov	r6, r5
 209:Module/ssd_2832.c ****         SSD2832_SCK_H();
 210:Module/ssd_2832.c ****         SDD2828_SPI_WR_DELAY;
 211:Module/ssd_2832.c ****         tmp <<= 1;
 212:Module/ssd_2832.c ****         if (SSD2832_MOSI_READ())
 523              		.loc 1 212 13 view .LVU124
 524 001e DFF84CA0 		ldr	r10, .L38+4
 525 0022 4FF04009 		mov	r9, #64
 526 0026 03E0     		b	.L34
 527              	.LVL47:
 528              	.L33:
 205:Module/ssd_2832.c ****     {
 529              		.loc 1 205 24 is_stmt 1 discriminator 2 view .LVU125
 205:Module/ssd_2832.c ****     {
 530              		.loc 1 205 17 discriminator 2 view .LVU126
 205:Module/ssd_2832.c ****     {
 531              		.loc 1 205 5 is_stmt 0 discriminator 2 view .LVU127
 532 0028 6B1E     		subs	r3, r5, #1
 533 002a 13F0FF05 		ands	r5, r3, #255
 534              	.LVL48:
 205:Module/ssd_2832.c ****     {
 535              		.loc 1 205 5 discriminator 2 view .LVU128
 536 002e 14D0     		beq	.L37
 537              	.LVL49:
 538              	.L34:
 207:Module/ssd_2832.c ****         SDD2828_SPI_WR_DELAY;
 539              		.loc 1 207 9 is_stmt 1 view .LVU129
 540 0030 C8F81478 		str	r7, [r8, #2068]
 207:Module/ssd_2832.c ****         SDD2828_SPI_WR_DELAY;
 541              		.loc 1 207 24 view .LVU130
 208:Module/ssd_2832.c ****         SSD2832_SCK_H();
 542              		.loc 1 208 9 view .LVU131
 543 0034 3046     		mov	r0, r6
 544 0036 FFF7FEFF 		bl	bsp_DelayUS
 545              	.LVL50:
 208:Module/ssd_2832.c ****         SSD2832_SCK_H();
 546              		.loc 1 208 29 view .LVU132
 209:Module/ssd_2832.c ****         SDD2828_SPI_WR_DELAY;
 547              		.loc 1 209 9 view .LVU133
 548 003a C8F81078 		str	r7, [r8, #2064]
 209:Module/ssd_2832.c ****         SDD2828_SPI_WR_DELAY;
 549              		.loc 1 209 24 view .LVU134
 210:Module/ssd_2832.c ****         tmp <<= 1;
 550              		.loc 1 210 9 view .LVU135
 551 003e 3046     		mov	r0, r6
 552 0040 FFF7FEFF 		bl	bsp_DelayUS
 553              	.LVL51:
 210:Module/ssd_2832.c ****         tmp <<= 1;
 554              		.loc 1 210 29 view .LVU136
 211:Module/ssd_2832.c ****         if (SSD2832_MOSI_READ())
 555              		.loc 1 211 9 view .LVU137
 211:Module/ssd_2832.c ****         if (SSD2832_MOSI_READ())
 556              		.loc 1 211 13 is_stmt 0 view .LVU138
 557 0044 6400     		lsls	r4, r4, #1
ARM GAS  C:\Users\ADMINI~1\AppData\Local\Temp\ccttuXL8.s 			page 15


 558              	.LVL52:
 211:Module/ssd_2832.c ****         if (SSD2832_MOSI_READ())
 559              		.loc 1 211 13 view .LVU139
 560 0046 E4B2     		uxtb	r4, r4
 561              	.LVL53:
 562              		.loc 1 212 9 is_stmt 1 view .LVU140
 563              		.loc 1 212 13 is_stmt 0 view .LVU141
 564 0048 4946     		mov	r1, r9
 565 004a 5046     		mov	r0, r10
 566 004c FFF7FEFF 		bl	gpio_input_bit_get
 567              	.LVL54:
 568              		.loc 1 212 12 view .LVU142
 569 0050 0028     		cmp	r0, #0
 570 0052 E9D0     		beq	.L33
 213:Module/ssd_2832.c ****         {
 214:Module/ssd_2832.c ****             tmp |= 0x01;
 571              		.loc 1 214 13 is_stmt 1 view .LVU143
 572              		.loc 1 214 17 is_stmt 0 view .LVU144
 573 0054 44F00104 		orr	r4, r4, #1
 574              	.LVL55:
 575              		.loc 1 214 17 view .LVU145
 576 0058 E6E7     		b	.L33
 577              	.LVL56:
 578              	.L37:
 215:Module/ssd_2832.c ****         } 
 216:Module/ssd_2832.c ****     }
 217:Module/ssd_2832.c ****     SSD2832_CS_H();
 579              		.loc 1 217 5 is_stmt 1 view .LVU146
 580 005a 034B     		ldr	r3, .L38
 581 005c 1022     		movs	r2, #16
 582 005e C3F81028 		str	r2, [r3, #2064]
 583              		.loc 1 217 19 view .LVU147
 218:Module/ssd_2832.c ****     return tmp;
 584              		.loc 1 218 5 view .LVU148
 219:Module/ssd_2832.c **** }
 585              		.loc 1 219 1 is_stmt 0 view .LVU149
 586 0062 2046     		mov	r0, r4
 587 0064 BDE8F087 		pop	{r4, r5, r6, r7, r8, r9, r10, pc}
 588              	.LVL57:
 589              	.L39:
 590              		.loc 1 219 1 view .LVU150
 591              		.align	2
 592              	.L38:
 593 0068 00000140 		.word	1073807360
 594 006c 00080140 		.word	1073809408
 595              		.cfi_endproc
 596              	.LFE126:
 598              		.section	.text.bridge_a_spi_read,"ax",%progbits
 599              		.align	1
 600              		.global	bridge_a_spi_read
 601              		.syntax unified
 602              		.thumb
 603              		.thumb_func
 605              	bridge_a_spi_read:
 606              	.LVL58:
 607              	.LFB127:
 220:Module/ssd_2832.c **** 
ARM GAS  C:\Users\ADMINI~1\AppData\Local\Temp\ccttuXL8.s 			page 16


 221:Module/ssd_2832.c **** 
 222:Module/ssd_2832.c **** int bridge_a_spi_read(unsigned char *frame,int len)
 223:Module/ssd_2832.c **** {
 608              		.loc 1 223 1 is_stmt 1 view -0
 609              		.cfi_startproc
 610              		@ args = 0, pretend = 0, frame = 0
 611              		@ frame_needed = 0, uses_anonymous_args = 0
 224:Module/ssd_2832.c **** 	if((len>0)&&(frame!=NULL))
 612              		.loc 1 224 2 view .LVU152
 613              		.loc 1 224 4 is_stmt 0 view .LVU153
 614 0000 0029     		cmp	r1, #0
 615              		.loc 1 224 4 view .LVU154
 616 0002 0BDD     		ble	.L43
 617              		.loc 1 224 12 discriminator 1 view .LVU155
 618 0004 68B1     		cbz	r0, .L44
 223:Module/ssd_2832.c **** 	if((len>0)&&(frame!=NULL))
 619              		.loc 1 223 1 view .LVU156
 620 0006 38B5     		push	{r3, r4, r5, lr}
 621              	.LCFI7:
 622              		.cfi_def_cfa_offset 16
 623              		.cfi_offset 3, -16
 624              		.cfi_offset 4, -12
 625              		.cfi_offset 5, -8
 626              		.cfi_offset 14, -4
 627 0008 441E     		subs	r4, r0, #1
 628 000a 6518     		adds	r5, r4, r1
 629              	.LVL59:
 630              	.L42:
 631              	.LBB2:
 225:Module/ssd_2832.c **** 	{
 226:Module/ssd_2832.c ****   for(int i=0;i<len;i++)
 227:Module/ssd_2832.c **** 	{
 228:Module/ssd_2832.c **** 	   frame[i]=SSD2832_Read();
 632              		.loc 1 228 5 is_stmt 1 discriminator 3 view .LVU157
 633              		.loc 1 228 14 is_stmt 0 discriminator 3 view .LVU158
 634 000c FFF7FEFF 		bl	SSD2832_Read
 635              	.LVL60:
 636              		.loc 1 228 13 discriminator 3 view .LVU159
 637 0010 04F8010F 		strb	r0, [r4, #1]!
 638              	.LVL61:
 226:Module/ssd_2832.c **** 	{
 639              		.loc 1 226 21 is_stmt 1 discriminator 3 view .LVU160
 226:Module/ssd_2832.c **** 	{
 640              		.loc 1 226 15 discriminator 3 view .LVU161
 226:Module/ssd_2832.c **** 	{
 641              		.loc 1 226 3 is_stmt 0 discriminator 3 view .LVU162
 642 0014 AC42     		cmp	r4, r5
 643 0016 F9D1     		bne	.L42
 644              	.LBE2:
 229:Module/ssd_2832.c **** 	}
 230:Module/ssd_2832.c **** 	 return 1;
 645              		.loc 1 230 10 view .LVU163
 646 0018 0120     		movs	r0, #1
 231:Module/ssd_2832.c **** 	}
 232:Module/ssd_2832.c **** 	return -1;
 233:Module/ssd_2832.c **** }
 647              		.loc 1 233 1 view .LVU164
ARM GAS  C:\Users\ADMINI~1\AppData\Local\Temp\ccttuXL8.s 			page 17


 648 001a 38BD     		pop	{r3, r4, r5, pc}
 649              	.LVL62:
 650              	.L43:
 651              	.LCFI8:
 652              		.cfi_def_cfa_offset 0
 653              		.cfi_restore 3
 654              		.cfi_restore 4
 655              		.cfi_restore 5
 656              		.cfi_restore 14
 232:Module/ssd_2832.c **** }
 657              		.loc 1 232 9 view .LVU165
 658 001c 4FF0FF30 		mov	r0, #-1
 659              	.LVL63:
 232:Module/ssd_2832.c **** }
 660              		.loc 1 232 9 view .LVU166
 661 0020 7047     		bx	lr
 662              	.LVL64:
 663              	.L44:
 232:Module/ssd_2832.c **** }
 664              		.loc 1 232 9 view .LVU167
 665 0022 4FF0FF30 		mov	r0, #-1
 666              	.LVL65:
 667              		.loc 1 233 1 view .LVU168
 668 0026 7047     		bx	lr
 669              		.cfi_endproc
 670              	.LFE127:
 672              		.section	.rodata.bridge_spi_read.str1.4,"aMS",%progbits,1
 673              		.align	2
 674              	.LC0:
 675 0000 4D6F6475 		.ascii	"Module/ssd_2832.c\000"
 675      6C652F73 
 675      73645F32 
 675      3833322E 
 675      6300
 676 0012 0000     		.align	2
 677              	.LC1:
 678 0014 43583930 		.ascii	"CX900\000"
 678      3000
 679 001a 0000     		.align	2
 680              	.LC2:
 681 001c 25733A5B 		.ascii	"%s:[%s@%s,%d]fail\012\015\012\000"
 681      25734025 
 681      732C2564 
 681      5D666169 
 681      6C0A0D0A 
 682              		.section	.text.bridge_spi_read,"ax",%progbits
 683              		.align	1
 684              		.syntax unified
 685              		.thumb
 686              		.thumb_func
 688              	bridge_spi_read:
 689              	.LVL66:
 690              	.LFB130:
 234:Module/ssd_2832.c **** 
 235:Module/ssd_2832.c **** int bridge_a_spi_write(unsigned char *frame,int len)
 236:Module/ssd_2832.c **** {
 237:Module/ssd_2832.c **** 	if((len>0)&&(frame!=NULL))
ARM GAS  C:\Users\ADMINI~1\AppData\Local\Temp\ccttuXL8.s 			page 18


 238:Module/ssd_2832.c **** 	{
 239:Module/ssd_2832.c **** 		for(int i=0;i<len;i++)
 240:Module/ssd_2832.c **** 		{
 241:Module/ssd_2832.c **** 			SSD2832_Write_Data(frame[i]);
 242:Module/ssd_2832.c **** 		}
 243:Module/ssd_2832.c **** 		return 1;
 244:Module/ssd_2832.c **** 	}
 245:Module/ssd_2832.c **** 	return -1;  
 246:Module/ssd_2832.c **** }
 247:Module/ssd_2832.c **** 
 248:Module/ssd_2832.c **** 
 249:Module/ssd_2832.c **** 
 250:Module/ssd_2832.c **** 
 251:Module/ssd_2832.c **** /******************************************************************************/
 252:Module/ssd_2832.c **** /// Description:return bridge reg buffer
 253:Module/ssd_2832.c **** /// @note:
 254:Module/ssd_2832.c **** /// @param reg address
 255:Module/ssd_2832.c **** /// @param output:reg buffer value
 256:Module/ssd_2832.c **** /// @return
 257:Module/ssd_2832.c **** /******************************************************************************/
 258:Module/ssd_2832.c **** uint32_t bridge_read_mem_reg(unsigned char reg)
 259:Module/ssd_2832.c **** {
 260:Module/ssd_2832.c ****     if(reg == 0xB6)
 261:Module/ssd_2832.c ****         return bridge_mem_reg_b6[0];
 262:Module/ssd_2832.c **** 	
 263:Module/ssd_2832.c ****     if(reg == 0xB7)
 264:Module/ssd_2832.c ****         return bridge_mem_reg_b7[0];
 265:Module/ssd_2832.c **** 	
 266:Module/ssd_2832.c ****     if(reg == 0xBD)
 267:Module/ssd_2832.c ****         return bridge_mem_reg_bd[0];
 268:Module/ssd_2832.c **** 	
 269:Module/ssd_2832.c ****     if(reg == 0xDE)
 270:Module/ssd_2832.c ****         return bridge_mem_reg_de[0];
 271:Module/ssd_2832.c **** 	
 272:Module/ssd_2832.c ****     return 0;
 273:Module/ssd_2832.c **** }
 274:Module/ssd_2832.c **** 
 275:Module/ssd_2832.c **** 
 276:Module/ssd_2832.c **** 
 277:Module/ssd_2832.c **** /******************************************************************************/
 278:Module/ssd_2832.c **** /// Description:static spi read from ssd2829
 279:Module/ssd_2832.c **** /// @note:
 280:Module/ssd_2832.c **** /// @param input:len,opt
 281:Module/ssd_2832.c **** /// @param output:data
 282:Module/ssd_2832.c **** /// @return
 283:Module/ssd_2832.c **** /******************************************************************************/
 284:Module/ssd_2832.c **** static int bridge_spi_read(unsigned char *frame,uint32_t len)
 285:Module/ssd_2832.c **** {
 691              		.loc 1 285 1 is_stmt 1 view -0
 692              		.cfi_startproc
 693              		@ args = 0, pretend = 0, frame = 0
 694              		@ frame_needed = 0, uses_anonymous_args = 0
 695              		.loc 1 285 1 is_stmt 0 view .LVU170
 696 0000 00B5     		push	{lr}
 697              	.LCFI9:
 698              		.cfi_def_cfa_offset 4
 699              		.cfi_offset 14, -4
ARM GAS  C:\Users\ADMINI~1\AppData\Local\Temp\ccttuXL8.s 			page 19


 700 0002 83B0     		sub	sp, sp, #12
 701              	.LCFI10:
 702              		.cfi_def_cfa_offset 16
 286:Module/ssd_2832.c ****     int ret = 0;
 703              		.loc 1 286 5 is_stmt 1 view .LVU171
 704              	.LVL67:
 287:Module/ssd_2832.c **** 		ret = bridge_a_spi_read(frame,len);
 705              		.loc 1 287 3 view .LVU172
 706              		.loc 1 287 9 is_stmt 0 view .LVU173
 707 0004 FFF7FEFF 		bl	bridge_a_spi_read
 708              	.LVL68:
 288:Module/ssd_2832.c ****     if(ret > 0)
 709              		.loc 1 288 5 is_stmt 1 view .LVU174
 710              		.loc 1 288 7 is_stmt 0 view .LVU175
 711 0008 0028     		cmp	r0, #0
 712 000a 03DD     		ble	.L54
 289:Module/ssd_2832.c ****     {
 290:Module/ssd_2832.c ****         return 1;
 713              		.loc 1 290 16 view .LVU176
 714 000c 0120     		movs	r0, #1
 715              	.LVL69:
 716              	.L50:
 291:Module/ssd_2832.c ****     }
 292:Module/ssd_2832.c **** 
 293:Module/ssd_2832.c ****     log_err("fail\n");
 294:Module/ssd_2832.c ****     return -1;
 295:Module/ssd_2832.c **** }
 717              		.loc 1 295 1 view .LVU177
 718 000e 03B0     		add	sp, sp, #12
 719              	.LCFI11:
 720              		.cfi_remember_state
 721              		.cfi_def_cfa_offset 4
 722              		@ sp needed
 723 0010 5DF804FB 		ldr	pc, [sp], #4
 724              	.LVL70:
 725              	.L54:
 726              	.LCFI12:
 727              		.cfi_restore_state
 293:Module/ssd_2832.c ****     return -1;
 728              		.loc 1 293 5 is_stmt 1 view .LVU178
 729 0014 40F22513 		movw	r3, #293
 730 0018 0093     		str	r3, [sp]
 731 001a 044B     		ldr	r3, .L55
 732 001c 044A     		ldr	r2, .L55+4
 733 001e 0549     		ldr	r1, .L55+8
 734 0020 0548     		ldr	r0, .L55+12
 735              	.LVL71:
 293:Module/ssd_2832.c ****     return -1;
 736              		.loc 1 293 5 is_stmt 0 view .LVU179
 737 0022 FFF7FEFF 		bl	printf
 738              	.LVL72:
 294:Module/ssd_2832.c **** }
 739              		.loc 1 294 5 is_stmt 1 view .LVU180
 294:Module/ssd_2832.c **** }
 740              		.loc 1 294 12 is_stmt 0 view .LVU181
 741 0026 4FF0FF30 		mov	r0, #-1
 742 002a F0E7     		b	.L50
ARM GAS  C:\Users\ADMINI~1\AppData\Local\Temp\ccttuXL8.s 			page 20


 743              	.L56:
 744              		.align	2
 745              	.L55:
 746 002c 00000000 		.word	.LC0
 747 0030 00000000 		.word	.LANCHOR0
 748 0034 14000000 		.word	.LC1
 749 0038 1C000000 		.word	.LC2
 750              		.cfi_endproc
 751              	.LFE130:
 753              		.section	.text.bridge_a_spi_write,"ax",%progbits
 754              		.align	1
 755              		.global	bridge_a_spi_write
 756              		.syntax unified
 757              		.thumb
 758              		.thumb_func
 760              	bridge_a_spi_write:
 761              	.LVL73:
 762              	.LFB128:
 236:Module/ssd_2832.c **** 	if((len>0)&&(frame!=NULL))
 763              		.loc 1 236 1 is_stmt 1 view -0
 764              		.cfi_startproc
 765              		@ args = 0, pretend = 0, frame = 0
 766              		@ frame_needed = 0, uses_anonymous_args = 0
 237:Module/ssd_2832.c **** 	{
 767              		.loc 1 237 2 view .LVU183
 237:Module/ssd_2832.c **** 	{
 768              		.loc 1 237 4 is_stmt 0 view .LVU184
 769 0000 0029     		cmp	r1, #0
 237:Module/ssd_2832.c **** 	{
 770              		.loc 1 237 4 view .LVU185
 771 0002 0BDD     		ble	.L60
 237:Module/ssd_2832.c **** 	{
 772              		.loc 1 237 12 discriminator 1 view .LVU186
 773 0004 68B1     		cbz	r0, .L61
 236:Module/ssd_2832.c **** 	if((len>0)&&(frame!=NULL))
 774              		.loc 1 236 1 view .LVU187
 775 0006 38B5     		push	{r3, r4, r5, lr}
 776              	.LCFI13:
 777              		.cfi_def_cfa_offset 16
 778              		.cfi_offset 3, -16
 779              		.cfi_offset 4, -12
 780              		.cfi_offset 5, -8
 781              		.cfi_offset 14, -4
 782 0008 441E     		subs	r4, r0, #1
 783 000a 6518     		adds	r5, r4, r1
 784              	.LVL74:
 785              	.L59:
 786              	.LBB3:
 241:Module/ssd_2832.c **** 		}
 787              		.loc 1 241 4 is_stmt 1 discriminator 3 view .LVU188
 788 000c 14F8010F 		ldrb	r0, [r4, #1]!	@ zero_extendqisi2
 789              	.LVL75:
 241:Module/ssd_2832.c **** 		}
 790              		.loc 1 241 4 is_stmt 0 discriminator 3 view .LVU189
 791 0010 FFF7FEFF 		bl	SSD2832_Write_Data
 792              	.LVL76:
 239:Module/ssd_2832.c **** 		{
ARM GAS  C:\Users\ADMINI~1\AppData\Local\Temp\ccttuXL8.s 			page 21


 793              		.loc 1 239 21 is_stmt 1 discriminator 3 view .LVU190
 239:Module/ssd_2832.c **** 		{
 794              		.loc 1 239 15 discriminator 3 view .LVU191
 239:Module/ssd_2832.c **** 		{
 795              		.loc 1 239 3 is_stmt 0 discriminator 3 view .LVU192
 796 0014 AC42     		cmp	r4, r5
 797 0016 F9D1     		bne	.L59
 798              	.LBE3:
 243:Module/ssd_2832.c **** 	}
 799              		.loc 1 243 10 view .LVU193
 800 0018 0120     		movs	r0, #1
 246:Module/ssd_2832.c **** 
 801              		.loc 1 246 1 view .LVU194
 802 001a 38BD     		pop	{r3, r4, r5, pc}
 803              	.LVL77:
 804              	.L60:
 805              	.LCFI14:
 806              		.cfi_def_cfa_offset 0
 807              		.cfi_restore 3
 808              		.cfi_restore 4
 809              		.cfi_restore 5
 810              		.cfi_restore 14
 245:Module/ssd_2832.c **** }
 811              		.loc 1 245 9 view .LVU195
 812 001c 4FF0FF30 		mov	r0, #-1
 813              	.LVL78:
 245:Module/ssd_2832.c **** }
 814              		.loc 1 245 9 view .LVU196
 815 0020 7047     		bx	lr
 816              	.LVL79:
 817              	.L61:
 245:Module/ssd_2832.c **** }
 818              		.loc 1 245 9 view .LVU197
 819 0022 4FF0FF30 		mov	r0, #-1
 820              	.LVL80:
 246:Module/ssd_2832.c **** 
 821              		.loc 1 246 1 view .LVU198
 822 0026 7047     		bx	lr
 823              		.cfi_endproc
 824              	.LFE128:
 826              		.section	.text.bridge_spi_write,"ax",%progbits
 827              		.align	1
 828              		.syntax unified
 829              		.thumb
 830              		.thumb_func
 832              	bridge_spi_write:
 833              	.LVL81:
 834              	.LFB131:
 296:Module/ssd_2832.c **** /******************************************************************************/
 297:Module/ssd_2832.c **** /// Description:ssd2829 write start
 298:Module/ssd_2832.c **** /// @note:
 299:Module/ssd_2832.c **** /// @param input:data,len
 300:Module/ssd_2832.c **** /// @param output:null
 301:Module/ssd_2832.c **** /// @return
 302:Module/ssd_2832.c **** /******************************************************************************/
 303:Module/ssd_2832.c **** static int bridge_spi_write(unsigned char *frame,uint32_t len)
 304:Module/ssd_2832.c **** {
ARM GAS  C:\Users\ADMINI~1\AppData\Local\Temp\ccttuXL8.s 			page 22


 835              		.loc 1 304 1 is_stmt 1 view -0
 836              		.cfi_startproc
 837              		@ args = 0, pretend = 0, frame = 0
 838              		@ frame_needed = 0, uses_anonymous_args = 0
 839              		.loc 1 304 1 is_stmt 0 view .LVU200
 840 0000 30B5     		push	{r4, r5, lr}
 841              	.LCFI15:
 842              		.cfi_def_cfa_offset 12
 843              		.cfi_offset 4, -12
 844              		.cfi_offset 5, -8
 845              		.cfi_offset 14, -4
 846 0002 83B0     		sub	sp, sp, #12
 847              	.LCFI16:
 848              		.cfi_def_cfa_offset 24
 305:Module/ssd_2832.c ****     int ret = 0;
 849              		.loc 1 305 5 is_stmt 1 view .LVU201
 850              	.LVL82:
 306:Module/ssd_2832.c **** 
 307:Module/ssd_2832.c **** 
 308:Module/ssd_2832.c **** 		SSD2832_CS_L();		
 851              		.loc 1 308 3 view .LVU202
 852 0004 0C4C     		ldr	r4, .L72
 853 0006 1025     		movs	r5, #16
 854 0008 C4F81458 		str	r5, [r4, #2068]
 855              		.loc 1 308 17 view .LVU203
 309:Module/ssd_2832.c **** 		ret = bridge_a_spi_write(frame,len);
 856              		.loc 1 309 3 view .LVU204
 857              		.loc 1 309 9 is_stmt 0 view .LVU205
 858 000c FFF7FEFF 		bl	bridge_a_spi_write
 859              	.LVL83:
 310:Module/ssd_2832.c **** 		SSD2832_CS_H();		
 860              		.loc 1 310 3 is_stmt 1 view .LVU206
 861 0010 C4F81058 		str	r5, [r4, #2064]
 862              		.loc 1 310 17 view .LVU207
 311:Module/ssd_2832.c ****     if(ret > 0)
 863              		.loc 1 311 5 view .LVU208
 864              		.loc 1 311 7 is_stmt 0 view .LVU209
 865 0014 0028     		cmp	r0, #0
 866 0016 02DD     		ble	.L71
 312:Module/ssd_2832.c ****     {
 313:Module/ssd_2832.c ****         return 1;
 867              		.loc 1 313 16 view .LVU210
 868 0018 0120     		movs	r0, #1
 869              	.LVL84:
 870              	.L67:
 314:Module/ssd_2832.c ****     }
 315:Module/ssd_2832.c **** 
 316:Module/ssd_2832.c ****     log_err("fail\n");
 317:Module/ssd_2832.c ****     return -1;
 318:Module/ssd_2832.c **** }
 871              		.loc 1 318 1 view .LVU211
 872 001a 03B0     		add	sp, sp, #12
 873              	.LCFI17:
 874              		.cfi_remember_state
 875              		.cfi_def_cfa_offset 12
 876              		@ sp needed
 877 001c 30BD     		pop	{r4, r5, pc}
ARM GAS  C:\Users\ADMINI~1\AppData\Local\Temp\ccttuXL8.s 			page 23


 878              	.LVL85:
 879              	.L71:
 880              	.LCFI18:
 881              		.cfi_restore_state
 316:Module/ssd_2832.c ****     return -1;
 882              		.loc 1 316 5 is_stmt 1 view .LVU212
 883 001e 4FF49E73 		mov	r3, #316
 884 0022 0093     		str	r3, [sp]
 885 0024 054B     		ldr	r3, .L72+4
 886 0026 064A     		ldr	r2, .L72+8
 887 0028 0649     		ldr	r1, .L72+12
 888 002a 0748     		ldr	r0, .L72+16
 889              	.LVL86:
 316:Module/ssd_2832.c ****     return -1;
 890              		.loc 1 316 5 is_stmt 0 view .LVU213
 891 002c FFF7FEFF 		bl	printf
 892              	.LVL87:
 317:Module/ssd_2832.c **** }
 893              		.loc 1 317 5 is_stmt 1 view .LVU214
 317:Module/ssd_2832.c **** }
 894              		.loc 1 317 12 is_stmt 0 view .LVU215
 895 0030 4FF0FF30 		mov	r0, #-1
 896 0034 F1E7     		b	.L67
 897              	.L73:
 898 0036 00BF     		.align	2
 899              	.L72:
 900 0038 00000140 		.word	1073807360
 901 003c 00000000 		.word	.LC0
 902 0040 00000000 		.word	.LANCHOR1
 903 0044 14000000 		.word	.LC1
 904 0048 1C000000 		.word	.LC2
 905              		.cfi_endproc
 906              	.LFE131:
 908              		.section	.text.bridge_write_data,"ax",%progbits
 909              		.align	1
 910              		.syntax unified
 911              		.thumb
 912              		.thumb_func
 914              	bridge_write_data:
 915              	.LVL88:
 916              	.LFB134:
 319:Module/ssd_2832.c **** /******************************************************************************/
 320:Module/ssd_2832.c **** /// Description:ssd2829 read data
 321:Module/ssd_2832.c **** /// @note:ssd2829 read data
 322:Module/ssd_2832.c **** /// @param input:data,len
 323:Module/ssd_2832.c **** /// @param output:null
 324:Module/ssd_2832.c **** /// @return value
 325:Module/ssd_2832.c **** /******************************************************************************/
 326:Module/ssd_2832.c **** static int bridge_spi_read_data(unsigned char *frame,uint32_t len)
 327:Module/ssd_2832.c **** {
 328:Module/ssd_2832.c ****     int i = 0;
 329:Module/ssd_2832.c ****     int ret = 0;
 330:Module/ssd_2832.c ****     unsigned char* data_buffer =(unsigned char*)malloc(len + 1);
 331:Module/ssd_2832.c **** 
 332:Module/ssd_2832.c ****     for(i = 0; i < len; i += 2)
 333:Module/ssd_2832.c ****     {
 334:Module/ssd_2832.c ****         bridge_write_buff[0] = 0x73;
ARM GAS  C:\Users\ADMINI~1\AppData\Local\Temp\ccttuXL8.s 			page 24


 335:Module/ssd_2832.c ****         ret = bridge_spi_write(bridge_write_buff,1);		
 336:Module/ssd_2832.c ****         ret = bridge_spi_read(frame + i,2);
 337:Module/ssd_2832.c ****     }
 338:Module/ssd_2832.c ****     return ret;
 339:Module/ssd_2832.c **** }
 340:Module/ssd_2832.c **** /******************************************************************************/
 341:Module/ssd_2832.c **** /// Description:ssd2829 write command
 342:Module/ssd_2832.c **** /// @note:ssd2829 write command,use 24Bit mode
 343:Module/ssd_2832.c **** /// @param input:addr
 344:Module/ssd_2832.c **** /// @param output:null
 345:Module/ssd_2832.c **** /// @return value
 346:Module/ssd_2832.c **** /******************************************************************************/
 347:Module/ssd_2832.c **** static int bridge_write_cmd(unsigned char addr)
 348:Module/ssd_2832.c **** {
 349:Module/ssd_2832.c ****     int i = 0;
 350:Module/ssd_2832.c **** 
 351:Module/ssd_2832.c ****     bridge_write_buff[i++] = 0x70;
 352:Module/ssd_2832.c ****     bridge_write_buff[i++] = 0x00;
 353:Module/ssd_2832.c ****     bridge_write_buff[i++] = addr;
 354:Module/ssd_2832.c **** 
 355:Module/ssd_2832.c ****     return bridge_spi_write(bridge_write_buff,i);
 356:Module/ssd_2832.c **** }
 357:Module/ssd_2832.c **** /******************************************************************************/
 358:Module/ssd_2832.c **** /// Description:ssd2829 write data
 359:Module/ssd_2832.c **** /// @note:ssd2829 write data,use 24Bit mode,MSB First
 360:Module/ssd_2832.c **** /// @param input:data,len
 361:Module/ssd_2832.c **** /// @param output:null
 362:Module/ssd_2832.c **** /// @return value
 363:Module/ssd_2832.c **** /******************************************************************************/
 364:Module/ssd_2832.c **** static int bridge_write_data(unsigned char *frame,uint32_t len)
 365:Module/ssd_2832.c **** {
 917              		.loc 1 365 1 is_stmt 1 view -0
 918              		.cfi_startproc
 919              		@ args = 0, pretend = 0, frame = 0
 920              		@ frame_needed = 0, uses_anonymous_args = 0
 921              		.loc 1 365 1 is_stmt 0 view .LVU217
 922 0000 2DE9F047 		push	{r4, r5, r6, r7, r8, r9, r10, lr}
 923              	.LCFI19:
 924              		.cfi_def_cfa_offset 32
 925              		.cfi_offset 4, -32
 926              		.cfi_offset 5, -28
 927              		.cfi_offset 6, -24
 928              		.cfi_offset 7, -20
 929              		.cfi_offset 8, -16
 930              		.cfi_offset 9, -12
 931              		.cfi_offset 10, -8
 932              		.cfi_offset 14, -4
 933 0004 8146     		mov	r9, r0
 366:Module/ssd_2832.c ****     int i = 0;
 934              		.loc 1 366 5 is_stmt 1 view .LVU218
 935              	.LVL89:
 367:Module/ssd_2832.c ****     int ret = 0;
 936              		.loc 1 367 5 view .LVU219
 368:Module/ssd_2832.c ****     int count = 0;
 937              		.loc 1 368 5 view .LVU220
 369:Module/ssd_2832.c **** 
 370:Module/ssd_2832.c ****     count = len % 2;   
ARM GAS  C:\Users\ADMINI~1\AppData\Local\Temp\ccttuXL8.s 			page 25


 938              		.loc 1 370 5 view .LVU221
 939              		.loc 1 370 11 is_stmt 0 view .LVU222
 940 0006 01F0010A 		and	r10, r1, #1
 941              	.LVL90:
 371:Module/ssd_2832.c ****     for(i = 0; i < len - count; i += 2)
 942              		.loc 1 371 5 is_stmt 1 view .LVU223
 943              		.loc 1 371 16 view .LVU224
 944              		.loc 1 371 5 is_stmt 0 view .LVU225
 945 000a 31F00106 		bics	r6, r1, #1
 946 000e 1CD0     		beq	.L78
 947 0010 841C     		adds	r4, r0, #2
 372:Module/ssd_2832.c ****     {
 373:Module/ssd_2832.c ****         bridge_write_buff[0] = 0x72;
 948              		.loc 1 373 30 view .LVU226
 949 0012 154D     		ldr	r5, .L82
 950 0014 4FF07208 		mov	r8, #114
 371:Module/ssd_2832.c ****     for(i = 0; i < len - count; i += 2)
 951              		.loc 1 371 5 view .LVU227
 952 0018 6FF00107 		mvn	r7, #1
 953 001c 3F1A     		subs	r7, r7, r0
 954              	.LVL91:
 955              	.L76:
 956              		.loc 1 373 9 is_stmt 1 discriminator 3 view .LVU228
 957              		.loc 1 373 30 is_stmt 0 discriminator 3 view .LVU229
 958 001e 85F80080 		strb	r8, [r5]
 374:Module/ssd_2832.c ****     	bridge_write_buff[1] = *frame++;
 959              		.loc 1 374 6 is_stmt 1 discriminator 3 view .LVU230
 960              	.LVL92:
 961              		.loc 1 374 29 is_stmt 0 discriminator 3 view .LVU231
 962 0022 14F8023C 		ldrb	r3, [r4, #-2]	@ zero_extendqisi2
 963              		.loc 1 374 27 discriminator 3 view .LVU232
 964 0026 6B70     		strb	r3, [r5, #1]
 375:Module/ssd_2832.c ****         bridge_write_buff[2] = *frame++;
 965              		.loc 1 375 9 is_stmt 1 discriminator 3 view .LVU233
 966              	.LVL93:
 967              		.loc 1 375 32 is_stmt 0 discriminator 3 view .LVU234
 968 0028 14F8013C 		ldrb	r3, [r4, #-1]	@ zero_extendqisi2
 969              		.loc 1 375 30 discriminator 3 view .LVU235
 970 002c AB70     		strb	r3, [r5, #2]
 376:Module/ssd_2832.c **** 
 377:Module/ssd_2832.c ****         ret = bridge_spi_write(bridge_write_buff,3);
 971              		.loc 1 377 9 is_stmt 1 discriminator 3 view .LVU236
 972              		.loc 1 377 15 is_stmt 0 discriminator 3 view .LVU237
 973 002e 0321     		movs	r1, #3
 974 0030 2846     		mov	r0, r5
 975 0032 FFF7FEFF 		bl	bridge_spi_write
 976              	.LVL94:
 371:Module/ssd_2832.c ****     {
 977              		.loc 1 371 33 is_stmt 1 discriminator 3 view .LVU238
 371:Module/ssd_2832.c ****     {
 978              		.loc 1 371 16 discriminator 3 view .LVU239
 371:Module/ssd_2832.c ****     {
 979              		.loc 1 371 5 is_stmt 0 discriminator 3 view .LVU240
 980 0036 0234     		adds	r4, r4, #2
 981              	.LVL95:
 371:Module/ssd_2832.c ****     {
 982              		.loc 1 371 5 discriminator 3 view .LVU241
ARM GAS  C:\Users\ADMINI~1\AppData\Local\Temp\ccttuXL8.s 			page 26


 983 0038 3B19     		adds	r3, r7, r4
 984 003a 9E42     		cmp	r6, r3
 985 003c EFD8     		bhi	.L76
 375:Module/ssd_2832.c ****         bridge_write_buff[2] = *frame++;
 986              		.loc 1 375 38 view .LVU242
 987 003e B144     		add	r9, r9, r6
 988              	.LVL96:
 989              	.L75:
 378:Module/ssd_2832.c ****     }
 379:Module/ssd_2832.c **** 
 380:Module/ssd_2832.c **** 	if(count)
 990              		.loc 1 380 2 is_stmt 1 view .LVU243
 991              		.loc 1 380 4 is_stmt 0 view .LVU244
 992 0040 BAF1000F 		cmp	r10, #0
 993 0044 03D1     		bne	.L81
 994              	.L74:
 381:Module/ssd_2832.c **** 	{
 382:Module/ssd_2832.c ****         bridge_write_buff[0] = 0x72;
 383:Module/ssd_2832.c ****     	bridge_write_buff[1] = 0x00;
 384:Module/ssd_2832.c ****         bridge_write_buff[2] = *frame;
 385:Module/ssd_2832.c **** 
 386:Module/ssd_2832.c ****         ret = bridge_spi_write(bridge_write_buff,3);
 387:Module/ssd_2832.c **** 	}
 388:Module/ssd_2832.c ****     return ret;
 389:Module/ssd_2832.c **** }
 995              		.loc 1 389 1 view .LVU245
 996 0046 BDE8F087 		pop	{r4, r5, r6, r7, r8, r9, r10, pc}
 997              	.LVL97:
 998              	.L78:
 367:Module/ssd_2832.c ****     int count = 0;
 999              		.loc 1 367 9 view .LVU246
 1000 004a 0020     		movs	r0, #0
 1001              	.LVL98:
 367:Module/ssd_2832.c ****     int count = 0;
 1002              		.loc 1 367 9 view .LVU247
 1003 004c F8E7     		b	.L75
 1004              	.LVL99:
 1005              	.L81:
 382:Module/ssd_2832.c ****     	bridge_write_buff[1] = 0x00;
 1006              		.loc 1 382 9 is_stmt 1 view .LVU248
 382:Module/ssd_2832.c ****     	bridge_write_buff[1] = 0x00;
 1007              		.loc 1 382 30 is_stmt 0 view .LVU249
 1008 004e 0648     		ldr	r0, .L82
 1009 0050 7223     		movs	r3, #114
 1010 0052 0370     		strb	r3, [r0]
 383:Module/ssd_2832.c ****         bridge_write_buff[2] = *frame;
 1011              		.loc 1 383 6 is_stmt 1 view .LVU250
 383:Module/ssd_2832.c ****         bridge_write_buff[2] = *frame;
 1012              		.loc 1 383 27 is_stmt 0 view .LVU251
 1013 0054 0023     		movs	r3, #0
 1014 0056 4370     		strb	r3, [r0, #1]
 384:Module/ssd_2832.c **** 
 1015              		.loc 1 384 9 is_stmt 1 view .LVU252
 384:Module/ssd_2832.c **** 
 1016              		.loc 1 384 32 is_stmt 0 view .LVU253
 1017 0058 99F80030 		ldrb	r3, [r9]	@ zero_extendqisi2
 384:Module/ssd_2832.c **** 
ARM GAS  C:\Users\ADMINI~1\AppData\Local\Temp\ccttuXL8.s 			page 27


 1018              		.loc 1 384 30 view .LVU254
 1019 005c 8370     		strb	r3, [r0, #2]
 386:Module/ssd_2832.c **** 	}
 1020              		.loc 1 386 9 is_stmt 1 view .LVU255
 386:Module/ssd_2832.c **** 	}
 1021              		.loc 1 386 15 is_stmt 0 view .LVU256
 1022 005e 0321     		movs	r1, #3
 1023 0060 FFF7FEFF 		bl	bridge_spi_write
 1024              	.LVL100:
 388:Module/ssd_2832.c **** }
 1025              		.loc 1 388 5 is_stmt 1 view .LVU257
 388:Module/ssd_2832.c **** }
 1026              		.loc 1 388 12 is_stmt 0 view .LVU258
 1027 0064 EFE7     		b	.L74
 1028              	.L83:
 1029 0066 00BF     		.align	2
 1030              	.L82:
 1031 0068 00000000 		.word	.LANCHOR2
 1032              		.cfi_endproc
 1033              	.LFE134:
 1035              		.section	.text.bridge_write_cmd,"ax",%progbits
 1036              		.align	1
 1037              		.syntax unified
 1038              		.thumb
 1039              		.thumb_func
 1041              	bridge_write_cmd:
 1042              	.LVL101:
 1043              	.LFB133:
 348:Module/ssd_2832.c ****     int i = 0;
 1044              		.loc 1 348 1 is_stmt 1 view -0
 1045              		.cfi_startproc
 1046              		@ args = 0, pretend = 0, frame = 0
 1047              		@ frame_needed = 0, uses_anonymous_args = 0
 348:Module/ssd_2832.c ****     int i = 0;
 1048              		.loc 1 348 1 is_stmt 0 view .LVU260
 1049 0000 08B5     		push	{r3, lr}
 1050              	.LCFI20:
 1051              		.cfi_def_cfa_offset 8
 1052              		.cfi_offset 3, -8
 1053              		.cfi_offset 14, -4
 349:Module/ssd_2832.c **** 
 1054              		.loc 1 349 5 is_stmt 1 view .LVU261
 1055              	.LVL102:
 351:Module/ssd_2832.c ****     bridge_write_buff[i++] = 0x00;
 1056              		.loc 1 351 5 view .LVU262
 351:Module/ssd_2832.c ****     bridge_write_buff[i++] = 0x00;
 1057              		.loc 1 351 28 is_stmt 0 view .LVU263
 1058 0002 054B     		ldr	r3, .L86
 1059 0004 7022     		movs	r2, #112
 1060 0006 1A70     		strb	r2, [r3]
 352:Module/ssd_2832.c ****     bridge_write_buff[i++] = addr;
 1061              		.loc 1 352 5 is_stmt 1 view .LVU264
 1062              	.LVL103:
 352:Module/ssd_2832.c ****     bridge_write_buff[i++] = addr;
 1063              		.loc 1 352 28 is_stmt 0 view .LVU265
 1064 0008 0022     		movs	r2, #0
 1065 000a 5A70     		strb	r2, [r3, #1]
ARM GAS  C:\Users\ADMINI~1\AppData\Local\Temp\ccttuXL8.s 			page 28


 353:Module/ssd_2832.c **** 
 1066              		.loc 1 353 5 is_stmt 1 view .LVU266
 1067              	.LVL104:
 353:Module/ssd_2832.c **** 
 1068              		.loc 1 353 28 is_stmt 0 view .LVU267
 1069 000c 9870     		strb	r0, [r3, #2]
 355:Module/ssd_2832.c **** }
 1070              		.loc 1 355 5 is_stmt 1 view .LVU268
 355:Module/ssd_2832.c **** }
 1071              		.loc 1 355 12 is_stmt 0 view .LVU269
 1072 000e 0321     		movs	r1, #3
 1073 0010 1846     		mov	r0, r3
 1074              	.LVL105:
 355:Module/ssd_2832.c **** }
 1075              		.loc 1 355 12 view .LVU270
 1076 0012 FFF7FEFF 		bl	bridge_spi_write
 1077              	.LVL106:
 356:Module/ssd_2832.c **** /******************************************************************************/
 1078              		.loc 1 356 1 view .LVU271
 1079 0016 08BD     		pop	{r3, pc}
 1080              	.L87:
 1081              		.align	2
 1082              	.L86:
 1083 0018 00000000 		.word	.LANCHOR2
 1084              		.cfi_endproc
 1085              	.LFE133:
 1087              		.section	.text.bridge_spi_read_data,"ax",%progbits
 1088              		.align	1
 1089              		.syntax unified
 1090              		.thumb
 1091              		.thumb_func
 1093              	bridge_spi_read_data:
 1094              	.LVL107:
 1095              	.LFB132:
 327:Module/ssd_2832.c ****     int i = 0;
 1096              		.loc 1 327 1 is_stmt 1 view -0
 1097              		.cfi_startproc
 1098              		@ args = 0, pretend = 0, frame = 0
 1099              		@ frame_needed = 0, uses_anonymous_args = 0
 328:Module/ssd_2832.c ****     int ret = 0;
 1100              		.loc 1 328 5 view .LVU273
 329:Module/ssd_2832.c ****     unsigned char* data_buffer =(unsigned char*)malloc(len + 1);
 1101              		.loc 1 329 5 view .LVU274
 330:Module/ssd_2832.c **** 
 1102              		.loc 1 330 5 view .LVU275
 332:Module/ssd_2832.c ****     {
 1103              		.loc 1 332 5 view .LVU276
 332:Module/ssd_2832.c ****     {
 1104              		.loc 1 332 16 view .LVU277
 332:Module/ssd_2832.c ****     {
 1105              		.loc 1 332 5 is_stmt 0 view .LVU278
 1106 0000 C1B1     		cbz	r1, .L91
 327:Module/ssd_2832.c ****     int i = 0;
 1107              		.loc 1 327 1 view .LVU279
 1108 0002 2DE9F843 		push	{r3, r4, r5, r6, r7, r8, r9, lr}
 1109              	.LCFI21:
 1110              		.cfi_def_cfa_offset 32
ARM GAS  C:\Users\ADMINI~1\AppData\Local\Temp\ccttuXL8.s 			page 29


 1111              		.cfi_offset 3, -32
 1112              		.cfi_offset 4, -28
 1113              		.cfi_offset 5, -24
 1114              		.cfi_offset 6, -20
 1115              		.cfi_offset 7, -16
 1116              		.cfi_offset 8, -12
 1117              		.cfi_offset 9, -8
 1118              		.cfi_offset 14, -4
 1119 0006 0646     		mov	r6, r0
 1120 0008 0F46     		mov	r7, r1
 332:Module/ssd_2832.c ****     {
 1121              		.loc 1 332 11 view .LVU280
 1122 000a 0024     		movs	r4, #0
 334:Module/ssd_2832.c ****         ret = bridge_spi_write(bridge_write_buff,1);		
 1123              		.loc 1 334 30 view .LVU281
 1124 000c 0A4D     		ldr	r5, .L97
 1125 000e 4FF07309 		mov	r9, #115
 335:Module/ssd_2832.c ****         ret = bridge_spi_read(frame + i,2);
 1126              		.loc 1 335 15 view .LVU282
 1127 0012 4FF00108 		mov	r8, #1
 1128              	.LVL108:
 1129              	.L90:
 334:Module/ssd_2832.c ****         ret = bridge_spi_write(bridge_write_buff,1);		
 1130              		.loc 1 334 9 is_stmt 1 discriminator 3 view .LVU283
 334:Module/ssd_2832.c ****         ret = bridge_spi_write(bridge_write_buff,1);		
 1131              		.loc 1 334 30 is_stmt 0 discriminator 3 view .LVU284
 1132 0016 85F80090 		strb	r9, [r5]
 335:Module/ssd_2832.c ****         ret = bridge_spi_read(frame + i,2);
 1133              		.loc 1 335 9 is_stmt 1 discriminator 3 view .LVU285
 335:Module/ssd_2832.c ****         ret = bridge_spi_read(frame + i,2);
 1134              		.loc 1 335 15 is_stmt 0 discriminator 3 view .LVU286
 1135 001a 4146     		mov	r1, r8
 1136 001c 2846     		mov	r0, r5
 1137 001e FFF7FEFF 		bl	bridge_spi_write
 1138              	.LVL109:
 336:Module/ssd_2832.c ****     }
 1139              		.loc 1 336 9 is_stmt 1 discriminator 3 view .LVU287
 336:Module/ssd_2832.c ****     }
 1140              		.loc 1 336 15 is_stmt 0 discriminator 3 view .LVU288
 1141 0022 0221     		movs	r1, #2
 1142 0024 3019     		adds	r0, r6, r4
 1143 0026 FFF7FEFF 		bl	bridge_spi_read
 1144              	.LVL110:
 332:Module/ssd_2832.c ****     {
 1145              		.loc 1 332 25 is_stmt 1 discriminator 3 view .LVU289
 332:Module/ssd_2832.c ****     {
 1146              		.loc 1 332 27 is_stmt 0 discriminator 3 view .LVU290
 1147 002a 0234     		adds	r4, r4, #2
 1148              	.LVL111:
 332:Module/ssd_2832.c ****     {
 1149              		.loc 1 332 16 is_stmt 1 discriminator 3 view .LVU291
 332:Module/ssd_2832.c ****     {
 1150              		.loc 1 332 5 is_stmt 0 discriminator 3 view .LVU292
 1151 002c A742     		cmp	r7, r4
 1152 002e F2D8     		bhi	.L90
 339:Module/ssd_2832.c **** /******************************************************************************/
 1153              		.loc 1 339 1 view .LVU293
ARM GAS  C:\Users\ADMINI~1\AppData\Local\Temp\ccttuXL8.s 			page 30


 1154 0030 BDE8F883 		pop	{r3, r4, r5, r6, r7, r8, r9, pc}
 1155              	.LVL112:
 1156              	.L91:
 1157              	.LCFI22:
 1158              		.cfi_def_cfa_offset 0
 1159              		.cfi_restore 3
 1160              		.cfi_restore 4
 1161              		.cfi_restore 5
 1162              		.cfi_restore 6
 1163              		.cfi_restore 7
 1164              		.cfi_restore 8
 1165              		.cfi_restore 9
 1166              		.cfi_restore 14
 329:Module/ssd_2832.c ****     unsigned char* data_buffer =(unsigned char*)malloc(len + 1);
 1167              		.loc 1 329 9 view .LVU294
 1168 0034 0020     		movs	r0, #0
 1169              	.LVL113:
 338:Module/ssd_2832.c **** }
 1170              		.loc 1 338 5 is_stmt 1 view .LVU295
 339:Module/ssd_2832.c **** /******************************************************************************/
 1171              		.loc 1 339 1 is_stmt 0 view .LVU296
 1172 0036 7047     		bx	lr
 1173              	.L98:
 1174              		.align	2
 1175              	.L97:
 1176 0038 00000000 		.word	.LANCHOR2
 1177              		.cfi_endproc
 1178              	.LFE132:
 1180              		.section	.text.bridge_read_mem_reg,"ax",%progbits
 1181              		.align	1
 1182              		.global	bridge_read_mem_reg
 1183              		.syntax unified
 1184              		.thumb
 1185              		.thumb_func
 1187              	bridge_read_mem_reg:
 1188              	.LVL114:
 1189              	.LFB129:
 259:Module/ssd_2832.c ****     if(reg == 0xB6)
 1190              		.loc 1 259 1 is_stmt 1 view -0
 1191              		.cfi_startproc
 1192              		@ args = 0, pretend = 0, frame = 0
 1193              		@ frame_needed = 0, uses_anonymous_args = 0
 1194              		@ link register save eliminated.
 260:Module/ssd_2832.c ****         return bridge_mem_reg_b6[0];
 1195              		.loc 1 260 5 view .LVU298
 260:Module/ssd_2832.c ****         return bridge_mem_reg_b6[0];
 1196              		.loc 1 260 7 is_stmt 0 view .LVU299
 1197 0000 B628     		cmp	r0, #182
 1198 0002 09D0     		beq	.L105
 263:Module/ssd_2832.c ****         return bridge_mem_reg_b7[0];
 1199              		.loc 1 263 5 is_stmt 1 view .LVU300
 263:Module/ssd_2832.c ****         return bridge_mem_reg_b7[0];
 1200              		.loc 1 263 7 is_stmt 0 view .LVU301
 1201 0004 B728     		cmp	r0, #183
 1202 0006 0AD0     		beq	.L106
 266:Module/ssd_2832.c ****         return bridge_mem_reg_bd[0];
 1203              		.loc 1 266 5 is_stmt 1 view .LVU302
ARM GAS  C:\Users\ADMINI~1\AppData\Local\Temp\ccttuXL8.s 			page 31


 266:Module/ssd_2832.c ****         return bridge_mem_reg_bd[0];
 1204              		.loc 1 266 7 is_stmt 0 view .LVU303
 1205 0008 BD28     		cmp	r0, #189
 1206 000a 0BD0     		beq	.L107
 269:Module/ssd_2832.c ****         return bridge_mem_reg_de[0];
 1207              		.loc 1 269 5 is_stmt 1 view .LVU304
 269:Module/ssd_2832.c ****         return bridge_mem_reg_de[0];
 1208              		.loc 1 269 7 is_stmt 0 view .LVU305
 1209 000c DE28     		cmp	r0, #222
 270:Module/ssd_2832.c **** 	
 1210              		.loc 1 270 9 is_stmt 1 view .LVU306
 270:Module/ssd_2832.c **** 	
 1211              		.loc 1 270 33 is_stmt 0 view .LVU307
 1212 000e 06BF     		itte	eq
 1213 0010 064B     		ldreq	r3, .L108
 1214 0012 1868     		ldreq	r0, [r3]
 1215              	.LVL115:
 272:Module/ssd_2832.c **** }
 1216              		.loc 1 272 12 view .LVU308
 1217 0014 0020     		movne	r0, #0
 273:Module/ssd_2832.c **** 
 1218              		.loc 1 273 1 view .LVU309
 1219 0016 7047     		bx	lr
 1220              	.LVL116:
 1221              	.L105:
 261:Module/ssd_2832.c **** 	
 1222              		.loc 1 261 9 is_stmt 1 view .LVU310
 261:Module/ssd_2832.c **** 	
 1223              		.loc 1 261 33 is_stmt 0 view .LVU311
 1224 0018 054B     		ldr	r3, .L108+4
 1225 001a 1868     		ldr	r0, [r3]
 1226              	.LVL117:
 261:Module/ssd_2832.c **** 	
 1227              		.loc 1 261 33 view .LVU312
 1228 001c 7047     		bx	lr
 1229              	.LVL118:
 1230              	.L106:
 264:Module/ssd_2832.c **** 	
 1231              		.loc 1 264 9 is_stmt 1 view .LVU313
 264:Module/ssd_2832.c **** 	
 1232              		.loc 1 264 33 is_stmt 0 view .LVU314
 1233 001e 054B     		ldr	r3, .L108+8
 1234 0020 1868     		ldr	r0, [r3]
 1235              	.LVL119:
 264:Module/ssd_2832.c **** 	
 1236              		.loc 1 264 33 view .LVU315
 1237 0022 7047     		bx	lr
 1238              	.LVL120:
 1239              	.L107:
 267:Module/ssd_2832.c **** 	
 1240              		.loc 1 267 9 is_stmt 1 view .LVU316
 267:Module/ssd_2832.c **** 	
 1241              		.loc 1 267 33 is_stmt 0 view .LVU317
 1242 0024 044B     		ldr	r3, .L108+12
 1243 0026 1868     		ldr	r0, [r3]
 1244              	.LVL121:
 267:Module/ssd_2832.c **** 	
ARM GAS  C:\Users\ADMINI~1\AppData\Local\Temp\ccttuXL8.s 			page 32


 1245              		.loc 1 267 33 view .LVU318
 1246 0028 7047     		bx	lr
 1247              	.L109:
 1248 002a 00BF     		.align	2
 1249              	.L108:
 1250 002c 00000000 		.word	.LANCHOR6
 1251 0030 00000000 		.word	.LANCHOR3
 1252 0034 00000000 		.word	.LANCHOR4
 1253 0038 00000000 		.word	.LANCHOR5
 1254              		.cfi_endproc
 1255              	.LFE129:
 1257              		.section	.rodata.Read_SSD2832_Id.str1.4,"aMS",%progbits,1
 1258              		.align	2
 1259              	.LC3:
 1260 0000 25733A49 		.ascii	"%s:ID: 0x%x\015\012\000"
 1260      443A2030 
 1260      7825780D 
 1260      0A00
 1261              		.section	.text.Read_SSD2832_Id,"ax",%progbits
 1262              		.align	1
 1263              		.global	Read_SSD2832_Id
 1264              		.syntax unified
 1265              		.thumb
 1266              		.thumb_func
 1268              	Read_SSD2832_Id:
 1269              	.LFB135:
 390:Module/ssd_2832.c **** 
 391:Module/ssd_2832.c **** 
 392:Module/ssd_2832.c **** void Read_SSD2832_Id(void)
 393:Module/ssd_2832.c **** {
 1270              		.loc 1 393 1 is_stmt 1 view -0
 1271              		.cfi_startproc
 1272              		@ args = 0, pretend = 0, frame = 8
 1273              		@ frame_needed = 0, uses_anonymous_args = 0
 1274 0000 F0B5     		push	{r4, r5, r6, r7, lr}
 1275              	.LCFI23:
 1276              		.cfi_def_cfa_offset 20
 1277              		.cfi_offset 4, -20
 1278              		.cfi_offset 5, -16
 1279              		.cfi_offset 6, -12
 1280              		.cfi_offset 7, -8
 1281              		.cfi_offset 14, -4
 1282 0002 83B0     		sub	sp, sp, #12
 1283              	.LCFI24:
 1284              		.cfi_def_cfa_offset 32
 394:Module/ssd_2832.c **** 	uint8_t temp_buf[4];
 1285              		.loc 1 394 2 view .LVU320
 395:Module/ssd_2832.c **** 	temp_buf[0]=0x00;
 1286              		.loc 1 395 2 view .LVU321
 1287              		.loc 1 395 13 is_stmt 0 view .LVU322
 1288 0004 0023     		movs	r3, #0
 1289 0006 8DF80430 		strb	r3, [sp, #4]
 396:Module/ssd_2832.c **** 	temp_buf[1]=0xfa;
 1290              		.loc 1 396 2 is_stmt 1 view .LVU323
 1291              		.loc 1 396 13 is_stmt 0 view .LVU324
 1292 000a FA24     		movs	r4, #250
 1293 000c 8DF80540 		strb	r4, [sp, #5]
ARM GAS  C:\Users\ADMINI~1\AppData\Local\Temp\ccttuXL8.s 			page 33


 397:Module/ssd_2832.c **** 	bridge_write_cmd(0xd4);
 1294              		.loc 1 397 2 is_stmt 1 view .LVU325
 1295 0010 D420     		movs	r0, #212
 1296 0012 FFF7FEFF 		bl	bridge_write_cmd
 1297              	.LVL122:
 398:Module/ssd_2832.c **** 	bridge_write_data(temp_buf,2);
 1298              		.loc 1 398 2 view .LVU326
 1299 0016 0221     		movs	r1, #2
 1300 0018 01A8     		add	r0, sp, #4
 1301 001a FFF7FEFF 		bl	bridge_write_data
 1302              	.LVL123:
 399:Module/ssd_2832.c **** 	bridge_write_cmd(0xb0);
 1303              		.loc 1 399 2 view .LVU327
 1304 001e B020     		movs	r0, #176
 1305 0020 FFF7FEFF 		bl	bridge_write_cmd
 1306              	.LVL124:
 400:Module/ssd_2832.c **** 	bridge_write_cmd(0xfa);
 1307              		.loc 1 400 2 view .LVU328
 1308 0024 2046     		mov	r0, r4
 1309 0026 FFF7FEFF 		bl	bridge_write_cmd
 1310              	.LVL125:
 401:Module/ssd_2832.c **** 	bridge_spi_read(temp_buf,4);
 1311              		.loc 1 401 2 view .LVU329
 1312 002a 0421     		movs	r1, #4
 1313 002c 0DEB0100 		add	r0, sp, r1
 1314 0030 FFF7FEFF 		bl	bridge_spi_read
 1315              	.LVL126:
 402:Module/ssd_2832.c **** 	for(int i=0;i<4;i++)
 1316              		.loc 1 402 2 view .LVU330
 1317              	.LBB4:
 1318              		.loc 1 402 6 view .LVU331
 1319              		.loc 1 402 14 view .LVU332
 1320 0034 01AC     		add	r4, sp, #4
 1321 0036 02AF     		add	r7, sp, #8
 403:Module/ssd_2832.c **** 	log_info("ID: 0x%x",temp_buf[i]);
 1322              		.loc 1 403 2 is_stmt 0 view .LVU333
 1323 0038 054E     		ldr	r6, .L114
 1324 003a 064D     		ldr	r5, .L114+4
 1325              	.LVL127:
 1326              	.L111:
 1327              		.loc 1 403 2 is_stmt 1 discriminator 3 view .LVU334
 1328 003c 14F8012B 		ldrb	r2, [r4], #1	@ zero_extendqisi2
 1329              	.LVL128:
 1330              		.loc 1 403 2 is_stmt 0 discriminator 3 view .LVU335
 1331 0040 3146     		mov	r1, r6
 1332 0042 2846     		mov	r0, r5
 1333 0044 FFF7FEFF 		bl	printf
 1334              	.LVL129:
 402:Module/ssd_2832.c **** 	for(int i=0;i<4;i++)
 1335              		.loc 1 402 18 is_stmt 1 discriminator 3 view .LVU336
 402:Module/ssd_2832.c **** 	for(int i=0;i<4;i++)
 1336              		.loc 1 402 14 discriminator 3 view .LVU337
 402:Module/ssd_2832.c **** 	for(int i=0;i<4;i++)
 1337              		.loc 1 402 2 is_stmt 0 discriminator 3 view .LVU338
 1338 0048 BC42     		cmp	r4, r7
 1339 004a F7D1     		bne	.L111
 1340              	.LBE4:
ARM GAS  C:\Users\ADMINI~1\AppData\Local\Temp\ccttuXL8.s 			page 34


 404:Module/ssd_2832.c **** 	
 405:Module/ssd_2832.c **** }
 1341              		.loc 1 405 1 view .LVU339
 1342 004c 03B0     		add	sp, sp, #12
 1343              	.LCFI25:
 1344              		.cfi_def_cfa_offset 20
 1345              		@ sp needed
 1346 004e F0BD     		pop	{r4, r5, r6, r7, pc}
 1347              	.LVL130:
 1348              	.L115:
 1349              		.loc 1 405 1 view .LVU340
 1350              		.align	2
 1351              	.L114:
 1352 0050 14000000 		.word	.LC1
 1353 0054 00000000 		.word	.LC3
 1354              		.cfi_endproc
 1355              	.LFE135:
 1357              		.section	.text.bridge_write_reg_32bit,"ax",%progbits
 1358              		.align	1
 1359              		.global	bridge_write_reg_32bit
 1360              		.syntax unified
 1361              		.thumb
 1362              		.thumb_func
 1364              	bridge_write_reg_32bit:
 1365              	.LVL131:
 1366              	.LFB137:
 406:Module/ssd_2832.c **** 
 407:Module/ssd_2832.c **** 
 408:Module/ssd_2832.c **** /******************************************************************************/
 409:Module/ssd_2832.c **** /// Description:ssd2829 write data
 410:Module/ssd_2832.c **** /// @note:ssd2829 write data,use 24Bit mode,LSB First
 411:Module/ssd_2832.c **** /// @param input:data,len
 412:Module/ssd_2832.c **** /// @param output:null
 413:Module/ssd_2832.c **** /// @return value
 414:Module/ssd_2832.c **** /******************************************************************************/
 415:Module/ssd_2832.c **** static int bridge_write_lsb_data(unsigned char *frame,uint32_t len)
 416:Module/ssd_2832.c **** {
 417:Module/ssd_2832.c ****     int i = 0;
 418:Module/ssd_2832.c ****     int ret = 0;
 419:Module/ssd_2832.c ****     int count = 0;
 420:Module/ssd_2832.c **** 
 421:Module/ssd_2832.c ****     count = len % 2;
 422:Module/ssd_2832.c **** 
 423:Module/ssd_2832.c ****     for(i = 0; i < len - count; i += 2)
 424:Module/ssd_2832.c ****     {
 425:Module/ssd_2832.c ****         bridge_write_buff[0] = 0x72;
 426:Module/ssd_2832.c ****         bridge_write_buff[2] = *frame++;
 427:Module/ssd_2832.c ****     	bridge_write_buff[1] = *frame++;
 428:Module/ssd_2832.c **** 
 429:Module/ssd_2832.c ****         ret = bridge_spi_write(bridge_write_buff,3);
 430:Module/ssd_2832.c ****     }
 431:Module/ssd_2832.c **** 
 432:Module/ssd_2832.c **** 	if(count)
 433:Module/ssd_2832.c **** 	{
 434:Module/ssd_2832.c ****         bridge_write_buff[0] = 0x72;
 435:Module/ssd_2832.c ****         bridge_write_buff[2] = *frame;
 436:Module/ssd_2832.c ****     	bridge_write_buff[1] = 0x00;
ARM GAS  C:\Users\ADMINI~1\AppData\Local\Temp\ccttuXL8.s 			page 35


 437:Module/ssd_2832.c **** 
 438:Module/ssd_2832.c ****         ret = bridge_spi_write(bridge_write_buff,3);
 439:Module/ssd_2832.c **** 	}
 440:Module/ssd_2832.c ****     return ret;
 441:Module/ssd_2832.c **** }
 442:Module/ssd_2832.c **** /******************************************************************************/
 443:Module/ssd_2832.c **** /// Description:ssd2829 write register
 444:Module/ssd_2832.c **** /// @note:ssd2829 write register(32BIT)
 445:Module/ssd_2832.c **** /// @param input:data,len
 446:Module/ssd_2832.c **** /// @param output:null
 447:Module/ssd_2832.c **** /// @return value
 448:Module/ssd_2832.c **** /******************************************************************************/
 449:Module/ssd_2832.c **** int bridge_write_reg_32bit(unsigned char addr,uint32_t tmp)
 450:Module/ssd_2832.c **** {
 1367              		.loc 1 450 1 is_stmt 1 view -0
 1368              		.cfi_startproc
 1369              		@ args = 0, pretend = 0, frame = 8
 1370              		@ frame_needed = 0, uses_anonymous_args = 0
 1371              		.loc 1 450 1 is_stmt 0 view .LVU342
 1372 0000 00B5     		push	{lr}
 1373              	.LCFI26:
 1374              		.cfi_def_cfa_offset 4
 1375              		.cfi_offset 14, -4
 1376 0002 83B0     		sub	sp, sp, #12
 1377              	.LCFI27:
 1378              		.cfi_def_cfa_offset 16
 451:Module/ssd_2832.c ****     int ret = 0;
 1379              		.loc 1 451 5 is_stmt 1 view .LVU343
 1380              	.LVL132:
 452:Module/ssd_2832.c ****     unsigned char tmp_buff[4] = {0};
 1381              		.loc 1 452 5 view .LVU344
 453:Module/ssd_2832.c **** 
 454:Module/ssd_2832.c ****     if(addr == 0xB6)
 1382              		.loc 1 454 5 view .LVU345
 1383              		.loc 1 454 7 is_stmt 0 view .LVU346
 1384 0004 B628     		cmp	r0, #182
 1385 0006 04D0     		beq	.L121
 455:Module/ssd_2832.c ****         bridge_mem_reg_b6[0] = tmp;
 456:Module/ssd_2832.c **** 
 457:Module/ssd_2832.c ****     if(addr == 0xB7)
 1386              		.loc 1 457 5 is_stmt 1 view .LVU347
 1387              		.loc 1 457 7 is_stmt 0 view .LVU348
 1388 0008 B728     		cmp	r0, #183
 1389 000a 19D1     		bne	.L119
 458:Module/ssd_2832.c ****         bridge_mem_reg_b7[0] = tmp;
 1390              		.loc 1 458 9 is_stmt 1 view .LVU349
 1391              		.loc 1 458 30 is_stmt 0 view .LVU350
 1392 000c 0F4B     		ldr	r3, .L122
 1393 000e 1960     		str	r1, [r3]
 459:Module/ssd_2832.c **** 
 460:Module/ssd_2832.c ****     if(addr == 0xDE)
 1394              		.loc 1 460 5 is_stmt 1 view .LVU351
 1395 0010 01E0     		b	.L118
 1396              	.L121:
 455:Module/ssd_2832.c **** 
 1397              		.loc 1 455 9 view .LVU352
 455:Module/ssd_2832.c **** 
ARM GAS  C:\Users\ADMINI~1\AppData\Local\Temp\ccttuXL8.s 			page 36


 1398              		.loc 1 455 30 is_stmt 0 view .LVU353
 1399 0012 0F4B     		ldr	r3, .L122+4
 1400 0014 1960     		str	r1, [r3]
 457:Module/ssd_2832.c ****         bridge_mem_reg_b7[0] = tmp;
 1401              		.loc 1 457 5 is_stmt 1 view .LVU354
 1402              		.loc 1 460 5 view .LVU355
 1403              	.L118:
 461:Module/ssd_2832.c ****         bridge_mem_reg_de[0] = tmp;
 462:Module/ssd_2832.c **** 
 463:Module/ssd_2832.c **** 	tmp_buff[2] = (tmp >> 24) & 0xFF;
 1404              		.loc 1 463 2 view .LVU356
 1405              		.loc 1 463 21 is_stmt 0 view .LVU357
 1406 0016 0B0E     		lsrs	r3, r1, #24
 1407              		.loc 1 463 14 view .LVU358
 1408 0018 8DF80630 		strb	r3, [sp, #6]
 464:Module/ssd_2832.c **** 	tmp_buff[3] = (tmp >> 16) & 0xFF;
 1409              		.loc 1 464 2 is_stmt 1 view .LVU359
 1410              		.loc 1 464 21 is_stmt 0 view .LVU360
 1411 001c 0B0C     		lsrs	r3, r1, #16
 1412              		.loc 1 464 14 view .LVU361
 1413 001e 8DF80730 		strb	r3, [sp, #7]
 465:Module/ssd_2832.c **** 	tmp_buff[0] = (tmp >> 8) & 0xFF;
 1414              		.loc 1 465 2 is_stmt 1 view .LVU362
 1415              		.loc 1 465 21 is_stmt 0 view .LVU363
 1416 0022 0B0A     		lsrs	r3, r1, #8
 1417              		.loc 1 465 14 view .LVU364
 1418 0024 8DF80430 		strb	r3, [sp, #4]
 466:Module/ssd_2832.c **** 	tmp_buff[1] = (tmp >> 0) & 0xFF;
 1419              		.loc 1 466 2 is_stmt 1 view .LVU365
 1420              		.loc 1 466 14 is_stmt 0 view .LVU366
 1421 0028 8DF80510 		strb	r1, [sp, #5]
 467:Module/ssd_2832.c **** 	
 468:Module/ssd_2832.c **** 	ret = bridge_write_cmd(addr);
 1422              		.loc 1 468 2 is_stmt 1 view .LVU367
 1423              		.loc 1 468 8 is_stmt 0 view .LVU368
 1424 002c FFF7FEFF 		bl	bridge_write_cmd
 1425              	.LVL133:
 469:Module/ssd_2832.c **** 	ret = bridge_write_data(tmp_buff,sizeof(tmp_buff));
 1426              		.loc 1 469 2 is_stmt 1 view .LVU369
 1427              		.loc 1 469 8 is_stmt 0 view .LVU370
 1428 0030 0421     		movs	r1, #4
 1429 0032 0DEB0100 		add	r0, sp, r1
 1430 0036 FFF7FEFF 		bl	bridge_write_data
 1431              	.LVL134:
 470:Module/ssd_2832.c **** 
 471:Module/ssd_2832.c ****     return ret;
 1432              		.loc 1 471 5 is_stmt 1 view .LVU371
 472:Module/ssd_2832.c **** }
 1433              		.loc 1 472 1 is_stmt 0 view .LVU372
 1434 003a 03B0     		add	sp, sp, #12
 1435              	.LCFI28:
 1436              		.cfi_remember_state
 1437              		.cfi_def_cfa_offset 4
 1438              		@ sp needed
 1439 003c 5DF804FB 		ldr	pc, [sp], #4
 1440              	.LVL135:
 1441              	.L119:
ARM GAS  C:\Users\ADMINI~1\AppData\Local\Temp\ccttuXL8.s 			page 37


 1442              	.LCFI29:
 1443              		.cfi_restore_state
 460:Module/ssd_2832.c ****         bridge_mem_reg_de[0] = tmp;
 1444              		.loc 1 460 5 is_stmt 1 view .LVU373
 460:Module/ssd_2832.c ****         bridge_mem_reg_de[0] = tmp;
 1445              		.loc 1 460 7 is_stmt 0 view .LVU374
 1446 0040 DE28     		cmp	r0, #222
 461:Module/ssd_2832.c **** 
 1447              		.loc 1 461 9 is_stmt 1 view .LVU375
 461:Module/ssd_2832.c **** 
 1448              		.loc 1 461 30 is_stmt 0 view .LVU376
 1449 0042 04BF     		itt	eq
 1450 0044 034B     		ldreq	r3, .L122+8
 1451 0046 1960     		streq	r1, [r3]
 1452 0048 E5E7     		b	.L118
 1453              	.L123:
 1454 004a 00BF     		.align	2
 1455              	.L122:
 1456 004c 00000000 		.word	.LANCHOR4
 1457 0050 00000000 		.word	.LANCHOR3
 1458 0054 00000000 		.word	.LANCHOR6
 1459              		.cfi_endproc
 1460              	.LFE137:
 1462              		.section	.text.bridge_write_reg_16bit,"ax",%progbits
 1463              		.align	1
 1464              		.global	bridge_write_reg_16bit
 1465              		.syntax unified
 1466              		.thumb
 1467              		.thumb_func
 1469              	bridge_write_reg_16bit:
 1470              	.LVL136:
 1471              	.LFB138:
 473:Module/ssd_2832.c **** /******************************************************************************/
 474:Module/ssd_2832.c **** /// Description:ssd2829 write register
 475:Module/ssd_2832.c **** /// @note:ssd2829 write register(16BIT)
 476:Module/ssd_2832.c **** /// @param input:data,len
 477:Module/ssd_2832.c **** /// @param output:null
 478:Module/ssd_2832.c **** /// @return value
 479:Module/ssd_2832.c **** /******************************************************************************/
 480:Module/ssd_2832.c **** int bridge_write_reg_16bit(unsigned char addr,uint16_t tmp)
 481:Module/ssd_2832.c **** {
 1472              		.loc 1 481 1 is_stmt 1 view -0
 1473              		.cfi_startproc
 1474              		@ args = 0, pretend = 0, frame = 8
 1475              		@ frame_needed = 0, uses_anonymous_args = 0
 1476              		.loc 1 481 1 is_stmt 0 view .LVU378
 1477 0000 00B5     		push	{lr}
 1478              	.LCFI30:
 1479              		.cfi_def_cfa_offset 4
 1480              		.cfi_offset 14, -4
 1481 0002 83B0     		sub	sp, sp, #12
 1482              	.LCFI31:
 1483              		.cfi_def_cfa_offset 16
 482:Module/ssd_2832.c ****     int ret = 0;
 1484              		.loc 1 482 5 is_stmt 1 view .LVU379
 1485              	.LVL137:
 483:Module/ssd_2832.c ****     unsigned char tmp_buff[2] = {0};
ARM GAS  C:\Users\ADMINI~1\AppData\Local\Temp\ccttuXL8.s 			page 38


 1486              		.loc 1 483 5 view .LVU380
 484:Module/ssd_2832.c **** 
 485:Module/ssd_2832.c ****     if(addr == 0xB6)
 1487              		.loc 1 485 5 view .LVU381
 1488              		.loc 1 485 7 is_stmt 0 view .LVU382
 1489 0004 B628     		cmp	r0, #182
 1490 0006 14D0     		beq	.L130
 486:Module/ssd_2832.c ****     {
 487:Module/ssd_2832.c ****         bridge_mem_reg_b6[0] &= ~0xFFFF;
 488:Module/ssd_2832.c ****         bridge_mem_reg_b6[0] |= tmp;
 489:Module/ssd_2832.c ****     }
 490:Module/ssd_2832.c **** 
 491:Module/ssd_2832.c ****     if(addr == 0xB7)
 1491              		.loc 1 491 5 is_stmt 1 view .LVU383
 1492              		.loc 1 491 7 is_stmt 0 view .LVU384
 1493 0008 B728     		cmp	r0, #183
 1494 000a 1FD1     		bne	.L127
 492:Module/ssd_2832.c ****     {
 493:Module/ssd_2832.c ****         bridge_mem_reg_b7[0] &= ~0xFFFF;
 1495              		.loc 1 493 9 is_stmt 1 view .LVU385
 494:Module/ssd_2832.c ****         bridge_mem_reg_b7[0] |= tmp;
 1496              		.loc 1 494 9 view .LVU386
 1497              		.loc 1 494 30 is_stmt 0 view .LVU387
 1498 000c 134A     		ldr	r2, .L131
 493:Module/ssd_2832.c ****         bridge_mem_reg_b7[0] |= tmp;
 1499              		.loc 1 493 30 view .LVU388
 1500 000e 5388     		ldrh	r3, [r2, #2]
 1501              		.loc 1 494 30 view .LVU389
 1502 0010 41EA0343 		orr	r3, r1, r3, lsl #16
 1503 0014 1360     		str	r3, [r2]
 495:Module/ssd_2832.c ****     }
 496:Module/ssd_2832.c **** 
 497:Module/ssd_2832.c ****     if(addr == 0xBD)
 1504              		.loc 1 497 5 is_stmt 1 view .LVU390
 498:Module/ssd_2832.c ****     {
 499:Module/ssd_2832.c ****         bridge_mem_reg_bd[0] &= ~0xFFFF;
 500:Module/ssd_2832.c ****         bridge_mem_reg_bd[0] |= tmp;
 501:Module/ssd_2832.c ****     }
 502:Module/ssd_2832.c **** 
 503:Module/ssd_2832.c ****     if(addr == 0xDE)
 1505              		.loc 1 503 5 view .LVU391
 1506              	.L128:
 504:Module/ssd_2832.c ****     {
 505:Module/ssd_2832.c ****         bridge_mem_reg_de[0] &= ~0xFFFF;
 506:Module/ssd_2832.c ****         bridge_mem_reg_de[0] |= tmp;
 507:Module/ssd_2832.c ****     }
 508:Module/ssd_2832.c **** 
 509:Module/ssd_2832.c **** 	tmp_buff[0] = (tmp >> 8) & 0xFF;
 1507              		.loc 1 509 2 view .LVU392
 1508              		.loc 1 509 14 is_stmt 0 view .LVU393
 1509 0016 0B0A     		lsrs	r3, r1, #8
 1510 0018 8DF80430 		strb	r3, [sp, #4]
 510:Module/ssd_2832.c **** 	tmp_buff[1] = (tmp >> 0) & 0xFF;
 1511              		.loc 1 510 2 is_stmt 1 view .LVU394
 1512              		.loc 1 510 14 is_stmt 0 view .LVU395
 1513 001c 8DF80510 		strb	r1, [sp, #5]
 511:Module/ssd_2832.c **** 	ret = bridge_write_cmd(addr);
ARM GAS  C:\Users\ADMINI~1\AppData\Local\Temp\ccttuXL8.s 			page 39


 1514              		.loc 1 511 2 is_stmt 1 view .LVU396
 1515              		.loc 1 511 8 is_stmt 0 view .LVU397
 1516 0020 FFF7FEFF 		bl	bridge_write_cmd
 1517              	.LVL138:
 512:Module/ssd_2832.c **** 	ret = bridge_write_data(tmp_buff,sizeof(tmp_buff));
 1518              		.loc 1 512 2 is_stmt 1 view .LVU398
 1519              		.loc 1 512 8 is_stmt 0 view .LVU399
 1520 0024 0221     		movs	r1, #2
 1521 0026 01A8     		add	r0, sp, #4
 1522 0028 FFF7FEFF 		bl	bridge_write_data
 1523              	.LVL139:
 513:Module/ssd_2832.c ****     
 514:Module/ssd_2832.c ****     return ret;
 1524              		.loc 1 514 5 is_stmt 1 view .LVU400
 515:Module/ssd_2832.c **** }
 1525              		.loc 1 515 1 is_stmt 0 view .LVU401
 1526 002c 03B0     		add	sp, sp, #12
 1527              	.LCFI32:
 1528              		.cfi_remember_state
 1529              		.cfi_def_cfa_offset 4
 1530              		@ sp needed
 1531 002e 5DF804FB 		ldr	pc, [sp], #4
 1532              	.LVL140:
 1533              	.L130:
 1534              	.LCFI33:
 1535              		.cfi_restore_state
 487:Module/ssd_2832.c ****         bridge_mem_reg_b6[0] |= tmp;
 1536              		.loc 1 487 9 is_stmt 1 view .LVU402
 488:Module/ssd_2832.c ****     }
 1537              		.loc 1 488 9 view .LVU403
 488:Module/ssd_2832.c ****     }
 1538              		.loc 1 488 30 is_stmt 0 view .LVU404
 1539 0032 0B4A     		ldr	r2, .L131+4
 487:Module/ssd_2832.c ****         bridge_mem_reg_b6[0] |= tmp;
 1540              		.loc 1 487 30 view .LVU405
 1541 0034 5388     		ldrh	r3, [r2, #2]
 488:Module/ssd_2832.c ****     }
 1542              		.loc 1 488 30 view .LVU406
 1543 0036 41EA0343 		orr	r3, r1, r3, lsl #16
 1544 003a 1360     		str	r3, [r2]
 491:Module/ssd_2832.c ****     {
 1545              		.loc 1 491 5 is_stmt 1 view .LVU407
 497:Module/ssd_2832.c ****     {
 1546              		.loc 1 497 5 view .LVU408
 1547              	.L126:
 503:Module/ssd_2832.c ****     {
 1548              		.loc 1 503 5 view .LVU409
 503:Module/ssd_2832.c ****     {
 1549              		.loc 1 503 7 is_stmt 0 view .LVU410
 1550 003c DE28     		cmp	r0, #222
 1551 003e EAD1     		bne	.L128
 505:Module/ssd_2832.c ****         bridge_mem_reg_de[0] |= tmp;
 1552              		.loc 1 505 9 is_stmt 1 view .LVU411
 506:Module/ssd_2832.c ****     }
 1553              		.loc 1 506 9 view .LVU412
 506:Module/ssd_2832.c ****     }
 1554              		.loc 1 506 30 is_stmt 0 view .LVU413
ARM GAS  C:\Users\ADMINI~1\AppData\Local\Temp\ccttuXL8.s 			page 40


 1555 0040 084A     		ldr	r2, .L131+8
 505:Module/ssd_2832.c ****         bridge_mem_reg_de[0] |= tmp;
 1556              		.loc 1 505 30 view .LVU414
 1557 0042 5388     		ldrh	r3, [r2, #2]
 506:Module/ssd_2832.c ****     }
 1558              		.loc 1 506 30 view .LVU415
 1559 0044 41EA0343 		orr	r3, r1, r3, lsl #16
 1560 0048 1360     		str	r3, [r2]
 1561 004a E4E7     		b	.L128
 1562              	.L127:
 497:Module/ssd_2832.c ****     {
 1563              		.loc 1 497 5 is_stmt 1 view .LVU416
 497:Module/ssd_2832.c ****     {
 1564              		.loc 1 497 7 is_stmt 0 view .LVU417
 1565 004c BD28     		cmp	r0, #189
 1566 004e F5D1     		bne	.L126
 499:Module/ssd_2832.c ****         bridge_mem_reg_bd[0] |= tmp;
 1567              		.loc 1 499 9 is_stmt 1 view .LVU418
 500:Module/ssd_2832.c ****     }
 1568              		.loc 1 500 9 view .LVU419
 500:Module/ssd_2832.c ****     }
 1569              		.loc 1 500 30 is_stmt 0 view .LVU420
 1570 0050 054A     		ldr	r2, .L131+12
 499:Module/ssd_2832.c ****         bridge_mem_reg_bd[0] |= tmp;
 1571              		.loc 1 499 30 view .LVU421
 1572 0052 5388     		ldrh	r3, [r2, #2]
 500:Module/ssd_2832.c ****     }
 1573              		.loc 1 500 30 view .LVU422
 1574 0054 41EA0343 		orr	r3, r1, r3, lsl #16
 1575 0058 1360     		str	r3, [r2]
 503:Module/ssd_2832.c ****     {
 1576              		.loc 1 503 5 is_stmt 1 view .LVU423
 1577 005a DCE7     		b	.L128
 1578              	.L132:
 1579              		.align	2
 1580              	.L131:
 1581 005c 00000000 		.word	.LANCHOR4
 1582 0060 00000000 		.word	.LANCHOR3
 1583 0064 00000000 		.word	.LANCHOR6
 1584 0068 00000000 		.word	.LANCHOR5
 1585              		.cfi_endproc
 1586              	.LFE138:
 1588              		.section	.text.bridge_read_reg,"ax",%progbits
 1589              		.align	1
 1590              		.global	bridge_read_reg
 1591              		.syntax unified
 1592              		.thumb
 1593              		.thumb_func
 1595              	bridge_read_reg:
 1596              	.LVL141:
 1597              	.LFB140:
 516:Module/ssd_2832.c **** /******************************************************************************/
 517:Module/ssd_2832.c **** /// Description:ssd2829 write frame register
 518:Module/ssd_2832.c **** /// @note:ssd2829 write register(fram)
 519:Module/ssd_2832.c **** /// @param input:addr,data,len
 520:Module/ssd_2832.c **** /// @param output:null
 521:Module/ssd_2832.c **** /// @return value
ARM GAS  C:\Users\ADMINI~1\AppData\Local\Temp\ccttuXL8.s 			page 41


 522:Module/ssd_2832.c **** /******************************************************************************/
 523:Module/ssd_2832.c **** static int bridge_write_regs(unsigned char addr,unsigned char *frame, uint32_t len)
 524:Module/ssd_2832.c **** {
 525:Module/ssd_2832.c ****     int ret = 0;
 526:Module/ssd_2832.c **** 
 527:Module/ssd_2832.c **** 	ret = bridge_write_cmd(addr);
 528:Module/ssd_2832.c **** 	ret = bridge_write_lsb_data(frame, len);
 529:Module/ssd_2832.c **** 
 530:Module/ssd_2832.c ****     return ret;
 531:Module/ssd_2832.c **** }
 532:Module/ssd_2832.c **** 
 533:Module/ssd_2832.c **** /******************************************************************************/
 534:Module/ssd_2832.c **** /// Description:ssd2829 read register
 535:Module/ssd_2832.c **** /// @note:ssd2829 read register data
 536:Module/ssd_2832.c **** /// @param input:addr
 537:Module/ssd_2832.c **** /// @param output:data
 538:Module/ssd_2832.c **** /// @return value
 539:Module/ssd_2832.c **** /******************************************************************************/
 540:Module/ssd_2832.c **** int bridge_read_reg(unsigned char addr,uint32_t *temp)
 541:Module/ssd_2832.c **** {
 1598              		.loc 1 541 1 view -0
 1599              		.cfi_startproc
 1600              		@ args = 0, pretend = 0, frame = 8
 1601              		@ frame_needed = 0, uses_anonymous_args = 0
 1602              		.loc 1 541 1 is_stmt 0 view .LVU425
 1603 0000 30B5     		push	{r4, r5, lr}
 1604              	.LCFI34:
 1605              		.cfi_def_cfa_offset 12
 1606              		.cfi_offset 4, -12
 1607              		.cfi_offset 5, -8
 1608              		.cfi_offset 14, -4
 1609 0002 83B0     		sub	sp, sp, #12
 1610              	.LCFI35:
 1611              		.cfi_def_cfa_offset 24
 1612 0004 0546     		mov	r5, r0
 1613 0006 0C46     		mov	r4, r1
 542:Module/ssd_2832.c ****     int ret = 0;
 1614              		.loc 1 542 5 is_stmt 1 view .LVU426
 1615              	.LVL142:
 543:Module/ssd_2832.c ****     unsigned char tmp_buff[4] = {0};
 1616              		.loc 1 543 5 view .LVU427
 1617              		.loc 1 543 19 is_stmt 0 view .LVU428
 1618 0008 0023     		movs	r3, #0
 1619 000a 0193     		str	r3, [sp, #4]
 544:Module/ssd_2832.c **** 
 545:Module/ssd_2832.c **** 	ret = bridge_write_cmd(addr);
 1620              		.loc 1 545 2 is_stmt 1 view .LVU429
 1621              		.loc 1 545 8 is_stmt 0 view .LVU430
 1622 000c FFF7FEFF 		bl	bridge_write_cmd
 1623              	.LVL143:
 546:Module/ssd_2832.c **** 	ret = bridge_spi_read_data(tmp_buff,sizeof(tmp_buff));
 1624              		.loc 1 546 2 is_stmt 1 view .LVU431
 1625              		.loc 1 546 8 is_stmt 0 view .LVU432
 1626 0010 0421     		movs	r1, #4
 1627 0012 0DEB0100 		add	r0, sp, r1
 1628 0016 FFF7FEFF 		bl	bridge_spi_read_data
 1629              	.LVL144:
ARM GAS  C:\Users\ADMINI~1\AppData\Local\Temp\ccttuXL8.s 			page 42


 547:Module/ssd_2832.c **** 
 548:Module/ssd_2832.c **** 	*temp = tmp_buff[2];
 1630              		.loc 1 548 2 is_stmt 1 view .LVU433
 549:Module/ssd_2832.c **** 	*temp <<= 8;
 1631              		.loc 1 549 2 view .LVU434
 550:Module/ssd_2832.c **** 	*temp |= tmp_buff[3];
 1632              		.loc 1 550 2 view .LVU435
 551:Module/ssd_2832.c **** 	*temp <<= 8;
 1633              		.loc 1 551 2 view .LVU436
 552:Module/ssd_2832.c **** 	*temp |= tmp_buff[0];
 1634              		.loc 1 552 2 view .LVU437
 553:Module/ssd_2832.c **** 	*temp <<= 8;
 1635              		.loc 1 553 2 view .LVU438
 554:Module/ssd_2832.c **** 	*temp |= tmp_buff[1];
 1636              		.loc 1 554 2 view .LVU439
 548:Module/ssd_2832.c **** 	*temp <<= 8;
 1637              		.loc 1 548 18 is_stmt 0 view .LVU440
 1638 001a 9DF80630 		ldrb	r3, [sp, #6]	@ zero_extendqisi2
 550:Module/ssd_2832.c **** 	*temp <<= 8;
 1639              		.loc 1 550 19 view .LVU441
 1640 001e 9DF80720 		ldrb	r2, [sp, #7]	@ zero_extendqisi2
 550:Module/ssd_2832.c **** 	*temp <<= 8;
 1641              		.loc 1 550 8 view .LVU442
 1642 0022 42EA0322 		orr	r2, r2, r3, lsl #8
 552:Module/ssd_2832.c **** 	*temp <<= 8;
 1643              		.loc 1 552 19 view .LVU443
 1644 0026 9DF80430 		ldrb	r3, [sp, #4]	@ zero_extendqisi2
 552:Module/ssd_2832.c **** 	*temp <<= 8;
 1645              		.loc 1 552 8 view .LVU444
 1646 002a 43EA0222 		orr	r2, r3, r2, lsl #8
 1647              		.loc 1 554 19 view .LVU445
 1648 002e 9DF80530 		ldrb	r3, [sp, #5]	@ zero_extendqisi2
 1649              		.loc 1 554 8 view .LVU446
 1650 0032 43EA0223 		orr	r3, r3, r2, lsl #8
 1651 0036 2360     		str	r3, [r4]
 555:Module/ssd_2832.c ****     
 556:Module/ssd_2832.c ****     if(ret > 0)
 1652              		.loc 1 556 5 is_stmt 1 view .LVU447
 1653              		.loc 1 556 7 is_stmt 0 view .LVU448
 1654 0038 0028     		cmp	r0, #0
 1655 003a 03DC     		bgt	.L140
 557:Module/ssd_2832.c ****     {
 558:Module/ssd_2832.c ****         if(addr == 0xB6)
 559:Module/ssd_2832.c ****             bridge_mem_reg_b6[0] = *temp;
 560:Module/ssd_2832.c **** 
 561:Module/ssd_2832.c ****         if(addr == 0xB7)
 562:Module/ssd_2832.c ****             bridge_mem_reg_b7[0] = *temp;
 563:Module/ssd_2832.c **** 		
 564:Module/ssd_2832.c ****         if(addr == 0xDE)
 565:Module/ssd_2832.c ****             bridge_mem_reg_de[0] = *temp;
 566:Module/ssd_2832.c **** 
 567:Module/ssd_2832.c ****         return 1;
 568:Module/ssd_2832.c ****     }
 569:Module/ssd_2832.c **** 
 570:Module/ssd_2832.c ****     return -1;
 1656              		.loc 1 570 12 view .LVU449
 1657 003c 4FF0FF30 		mov	r0, #-1
ARM GAS  C:\Users\ADMINI~1\AppData\Local\Temp\ccttuXL8.s 			page 43


 1658              	.LVL145:
 1659              	.L133:
 571:Module/ssd_2832.c **** }
 1660              		.loc 1 571 1 view .LVU450
 1661 0040 03B0     		add	sp, sp, #12
 1662              	.LCFI36:
 1663              		.cfi_remember_state
 1664              		.cfi_def_cfa_offset 12
 1665              		@ sp needed
 1666 0042 30BD     		pop	{r4, r5, pc}
 1667              	.LVL146:
 1668              	.L140:
 1669              	.LCFI37:
 1670              		.cfi_restore_state
 558:Module/ssd_2832.c ****             bridge_mem_reg_b6[0] = *temp;
 1671              		.loc 1 558 9 is_stmt 1 view .LVU451
 558:Module/ssd_2832.c ****             bridge_mem_reg_b6[0] = *temp;
 1672              		.loc 1 558 11 is_stmt 0 view .LVU452
 1673 0044 B62D     		cmp	r5, #182
 1674 0046 05D0     		beq	.L141
 561:Module/ssd_2832.c ****             bridge_mem_reg_b7[0] = *temp;
 1675              		.loc 1 561 9 is_stmt 1 view .LVU453
 561:Module/ssd_2832.c ****             bridge_mem_reg_b7[0] = *temp;
 1676              		.loc 1 561 11 is_stmt 0 view .LVU454
 1677 0048 B72D     		cmp	r5, #183
 1678 004a 07D1     		bne	.L136
 562:Module/ssd_2832.c **** 		
 1679              		.loc 1 562 13 is_stmt 1 view .LVU455
 562:Module/ssd_2832.c **** 		
 1680              		.loc 1 562 34 is_stmt 0 view .LVU456
 1681 004c 074A     		ldr	r2, .L142
 1682 004e 1360     		str	r3, [r2]
 564:Module/ssd_2832.c ****             bridge_mem_reg_de[0] = *temp;
 1683              		.loc 1 564 9 is_stmt 1 view .LVU457
 567:Module/ssd_2832.c ****     }
 1684              		.loc 1 567 16 is_stmt 0 view .LVU458
 1685 0050 0120     		movs	r0, #1
 1686              	.LVL147:
 567:Module/ssd_2832.c ****     }
 1687              		.loc 1 567 16 view .LVU459
 1688 0052 F5E7     		b	.L133
 1689              	.LVL148:
 1690              	.L141:
 559:Module/ssd_2832.c **** 
 1691              		.loc 1 559 13 is_stmt 1 view .LVU460
 559:Module/ssd_2832.c **** 
 1692              		.loc 1 559 34 is_stmt 0 view .LVU461
 1693 0054 064A     		ldr	r2, .L142+4
 1694 0056 1360     		str	r3, [r2]
 561:Module/ssd_2832.c ****             bridge_mem_reg_b7[0] = *temp;
 1695              		.loc 1 561 9 is_stmt 1 view .LVU462
 564:Module/ssd_2832.c ****             bridge_mem_reg_de[0] = *temp;
 1696              		.loc 1 564 9 view .LVU463
 567:Module/ssd_2832.c ****     }
 1697              		.loc 1 567 16 is_stmt 0 view .LVU464
 1698 0058 0120     		movs	r0, #1
 1699              	.LVL149:
ARM GAS  C:\Users\ADMINI~1\AppData\Local\Temp\ccttuXL8.s 			page 44


 567:Module/ssd_2832.c ****     }
 1700              		.loc 1 567 16 view .LVU465
 1701 005a F1E7     		b	.L133
 1702              	.LVL150:
 1703              	.L136:
 564:Module/ssd_2832.c ****             bridge_mem_reg_de[0] = *temp;
 1704              		.loc 1 564 9 is_stmt 1 view .LVU466
 564:Module/ssd_2832.c ****             bridge_mem_reg_de[0] = *temp;
 1705              		.loc 1 564 11 is_stmt 0 view .LVU467
 1706 005c DE2D     		cmp	r5, #222
 1707 005e 03D1     		bne	.L138
 565:Module/ssd_2832.c **** 
 1708              		.loc 1 565 13 is_stmt 1 view .LVU468
 565:Module/ssd_2832.c **** 
 1709              		.loc 1 565 34 is_stmt 0 view .LVU469
 1710 0060 044A     		ldr	r2, .L142+8
 1711 0062 1360     		str	r3, [r2]
 567:Module/ssd_2832.c ****     }
 1712              		.loc 1 567 16 view .LVU470
 1713 0064 0120     		movs	r0, #1
 1714              	.LVL151:
 567:Module/ssd_2832.c ****     }
 1715              		.loc 1 567 16 view .LVU471
 1716 0066 EBE7     		b	.L133
 1717              	.LVL152:
 1718              	.L138:
 567:Module/ssd_2832.c ****     }
 1719              		.loc 1 567 16 view .LVU472
 1720 0068 0120     		movs	r0, #1
 1721              	.LVL153:
 567:Module/ssd_2832.c ****     }
 1722              		.loc 1 567 16 view .LVU473
 1723 006a E9E7     		b	.L133
 1724              	.L143:
 1725              		.align	2
 1726              	.L142:
 1727 006c 00000000 		.word	.LANCHOR4
 1728 0070 00000000 		.word	.LANCHOR3
 1729 0074 00000000 		.word	.LANCHOR6
 1730              		.cfi_endproc
 1731              	.LFE140:
 1733              		.section	.text.bridge_read_regs,"ax",%progbits
 1734              		.align	1
 1735              		.global	bridge_read_regs
 1736              		.syntax unified
 1737              		.thumb
 1738              		.thumb_func
 1740              	bridge_read_regs:
 1741              	.LVL154:
 1742              	.LFB141:
 572:Module/ssd_2832.c **** /******************************************************************************/
 573:Module/ssd_2832.c **** /// Description:ssd2829 read register frame
 574:Module/ssd_2832.c **** /// @note:ssd2829 read register data
 575:Module/ssd_2832.c **** /// 24-bit,
 576:Module/ssd_2832.c **** /// 1st XX XX BYTE1 BYTE0
 577:Module/ssd_2832.c **** /// 2st XX XX BYTE3 BYTE2
 578:Module/ssd_2832.c **** /// @param input:addr
ARM GAS  C:\Users\ADMINI~1\AppData\Local\Temp\ccttuXL8.s 			page 45


 579:Module/ssd_2832.c **** /// @param output:data
 580:Module/ssd_2832.c **** /// @return value
 581:Module/ssd_2832.c **** /******************************************************************************/
 582:Module/ssd_2832.c **** int bridge_read_regs(unsigned char addr,unsigned char *frame,uint32_t len)
 583:Module/ssd_2832.c **** {
 1743              		.loc 1 583 1 is_stmt 1 view -0
 1744              		.cfi_startproc
 1745              		@ args = 0, pretend = 0, frame = 0
 1746              		@ frame_needed = 0, uses_anonymous_args = 0
 1747              		.loc 1 583 1 is_stmt 0 view .LVU475
 1748 0000 F8B5     		push	{r3, r4, r5, r6, r7, lr}
 1749              	.LCFI38:
 1750              		.cfi_def_cfa_offset 24
 1751              		.cfi_offset 3, -24
 1752              		.cfi_offset 4, -20
 1753              		.cfi_offset 5, -16
 1754              		.cfi_offset 6, -12
 1755              		.cfi_offset 7, -8
 1756              		.cfi_offset 14, -4
 1757 0002 0746     		mov	r7, r0
 1758 0004 0C46     		mov	r4, r1
 1759 0006 1546     		mov	r5, r2
 584:Module/ssd_2832.c ****     int i = 0;
 1760              		.loc 1 584 5 is_stmt 1 view .LVU476
 1761              	.LVL155:
 585:Module/ssd_2832.c ****     int ret = 0;
 1762              		.loc 1 585 5 view .LVU477
 586:Module/ssd_2832.c **** 
 587:Module/ssd_2832.c ****     unsigned char* data_buffer =(unsigned char*)malloc(len + 1);
 1763              		.loc 1 587 5 view .LVU478
 1764              		.loc 1 587 49 is_stmt 0 view .LVU479
 1765 0008 501C     		adds	r0, r2, #1
 1766              	.LVL156:
 1767              		.loc 1 587 49 view .LVU480
 1768 000a FFF7FEFF 		bl	malloc
 1769              	.LVL157:
 1770              		.loc 1 587 49 view .LVU481
 1771 000e 0646     		mov	r6, r0
 1772              	.LVL158:
 588:Module/ssd_2832.c **** 
 589:Module/ssd_2832.c **** 	ret = bridge_write_cmd(addr);
 1773              		.loc 1 589 2 is_stmt 1 view .LVU482
 1774              		.loc 1 589 8 is_stmt 0 view .LVU483
 1775 0010 3846     		mov	r0, r7
 1776              	.LVL159:
 1777              		.loc 1 589 8 view .LVU484
 1778 0012 FFF7FEFF 		bl	bridge_write_cmd
 1779              	.LVL160:
 590:Module/ssd_2832.c **** 	ret = bridge_spi_read_data(data_buffer,len);
 1780              		.loc 1 590 2 is_stmt 1 view .LVU485
 1781              		.loc 1 590 8 is_stmt 0 view .LVU486
 1782 0016 2946     		mov	r1, r5
 1783 0018 3046     		mov	r0, r6
 1784 001a FFF7FEFF 		bl	bridge_spi_read_data
 1785              	.LVL161:
 591:Module/ssd_2832.c **** 	if(ret > 0)
 1786              		.loc 1 591 2 is_stmt 1 view .LVU487
ARM GAS  C:\Users\ADMINI~1\AppData\Local\Temp\ccttuXL8.s 			page 46


 1787              		.loc 1 591 4 is_stmt 0 view .LVU488
 1788 001e 0028     		cmp	r0, #0
 1789 0020 16DD     		ble	.L145
 592:Module/ssd_2832.c **** 	{
 593:Module/ssd_2832.c **** 		for(i = 0; i < len; i++)
 1790              		.loc 1 593 14 is_stmt 1 view .LVU489
 1791              		.loc 1 593 3 is_stmt 0 view .LVU490
 1792 0022 85B1     		cbz	r5, .L146
 1793 0024 2146     		mov	r1, r4
 1794 0026 731E     		subs	r3, r6, #1
 1795 0028 6A1E     		subs	r2, r5, #1
 1796 002a 3244     		add	r2, r2, r6
 594:Module/ssd_2832.c **** 		{
 595:Module/ssd_2832.c **** 			if((i % 2) == 0)
 1797              		.loc 1 595 15 view .LVU491
 1798 002c C6F10100 		rsb	r0, r6, #1
 1799              	.LVL162:
 1800              	.L149:
 1801              		.loc 1 595 4 is_stmt 1 view .LVU492
 1802              		.loc 1 595 15 is_stmt 0 view .LVU493
 1803 0030 C418     		adds	r4, r0, r3
 1804              		.loc 1 595 6 view .LVU494
 1805 0032 14F0010F 		tst	r4, #1
 596:Module/ssd_2832.c **** 				frame[i] = data_buffer[i + 1];
 1806              		.loc 1 596 5 is_stmt 1 view .LVU495
 1807              		.loc 1 596 14 is_stmt 0 view .LVU496
 1808 0036 0CBF     		ite	eq
 1809 0038 9C78     		ldrbeq	r4, [r3, #2]	@ zero_extendqisi2
 597:Module/ssd_2832.c **** 			else
 598:Module/ssd_2832.c **** 				frame[i] = data_buffer[i - 1];
 1810              		.loc 1 598 5 is_stmt 1 view .LVU497
 1811              		.loc 1 598 14 is_stmt 0 view .LVU498
 1812 003a 1C78     		ldrbne	r4, [r3]	@ zero_extendqisi2
 1813 003c 0C70     		strb	r4, [r1]
 593:Module/ssd_2832.c **** 		{
 1814              		.loc 1 593 23 is_stmt 1 view .LVU499
 593:Module/ssd_2832.c **** 		{
 1815              		.loc 1 593 14 view .LVU500
 593:Module/ssd_2832.c **** 		{
 1816              		.loc 1 593 3 is_stmt 0 view .LVU501
 1817 003e 0131     		adds	r1, r1, #1
 1818 0040 0133     		adds	r3, r3, #1
 1819 0042 9342     		cmp	r3, r2
 1820 0044 F4D1     		bne	.L149
 1821              	.L146:
 599:Module/ssd_2832.c **** 		}
 600:Module/ssd_2832.c **** 	}
 601:Module/ssd_2832.c **** 
 602:Module/ssd_2832.c ****    	free(data_buffer);
 1822              		.loc 1 602 5 is_stmt 1 view .LVU502
 1823 0046 3046     		mov	r0, r6
 1824 0048 FFF7FEFF 		bl	free
 1825              	.LVL163:
 603:Module/ssd_2832.c **** 
 604:Module/ssd_2832.c **** 	if(ret > 0)
 1826              		.loc 1 604 2 view .LVU503
 605:Module/ssd_2832.c **** 		return 1;
ARM GAS  C:\Users\ADMINI~1\AppData\Local\Temp\ccttuXL8.s 			page 47


 1827              		.loc 1 605 3 view .LVU504
 1828              		.loc 1 605 10 is_stmt 0 view .LVU505
 1829 004c 0120     		movs	r0, #1
 1830              	.L144:
 606:Module/ssd_2832.c **** 
 607:Module/ssd_2832.c ****     return -1;
 608:Module/ssd_2832.c **** }
 1831              		.loc 1 608 1 view .LVU506
 1832 004e F8BD     		pop	{r3, r4, r5, r6, r7, pc}
 1833              	.LVL164:
 1834              	.L145:
 602:Module/ssd_2832.c **** 
 1835              		.loc 1 602 5 is_stmt 1 view .LVU507
 1836 0050 3046     		mov	r0, r6
 1837              	.LVL165:
 602:Module/ssd_2832.c **** 
 1838              		.loc 1 602 5 is_stmt 0 view .LVU508
 1839 0052 FFF7FEFF 		bl	free
 1840              	.LVL166:
 604:Module/ssd_2832.c **** 		return 1;
 1841              		.loc 1 604 2 is_stmt 1 view .LVU509
 607:Module/ssd_2832.c **** }
 1842              		.loc 1 607 12 is_stmt 0 view .LVU510
 1843 0056 4FF0FF30 		mov	r0, #-1
 1844 005a F8E7     		b	.L144
 1845              		.cfi_endproc
 1846              	.LFE141:
 1848              		.section	.text.bridge_read_apb_reg,"ax",%progbits
 1849              		.align	1
 1850              		.global	bridge_read_apb_reg
 1851              		.syntax unified
 1852              		.thumb
 1853              		.thumb_func
 1855              	bridge_read_apb_reg:
 1856              	.LVL167:
 1857              	.LFB142:
 609:Module/ssd_2832.c **** /******************************************************************************/
 610:Module/ssd_2832.c **** /// Description:ssd2829 read apb register
 611:Module/ssd_2832.c **** /// @note:ssd2829 read register data
 612:Module/ssd_2832.c **** /// ssd2829 read APB register,APB Register are accessed by 0xE0
 613:Module/ssd_2832.c **** ///	The content of 0xE0 are 2 bytes APB Register addr
 614:Module/ssd_2832.c **** ///	0xE1 storage APB Register data
 615:Module/ssd_2832.c **** ///	24-bit,
 616:Module/ssd_2832.c **** ///	1st XX XX BYTE1 BYTE0
 617:Module/ssd_2832.c **** ///	2st XX XX BYTE3 BYTE2
 618:Module/ssd_2832.c **** /// @param input:addr
 619:Module/ssd_2832.c **** /// @param output:data
 620:Module/ssd_2832.c **** /// @return value
 621:Module/ssd_2832.c **** /******************************************************************************/
 622:Module/ssd_2832.c **** int bridge_read_apb_reg(uint16_t addr,uint32_t *temp)
 623:Module/ssd_2832.c **** {
 1858              		.loc 1 623 1 is_stmt 1 view -0
 1859              		.cfi_startproc
 1860              		@ args = 0, pretend = 0, frame = 8
 1861              		@ frame_needed = 0, uses_anonymous_args = 0
 1862              		.loc 1 623 1 is_stmt 0 view .LVU512
 1863 0000 30B5     		push	{r4, r5, lr}
ARM GAS  C:\Users\ADMINI~1\AppData\Local\Temp\ccttuXL8.s 			page 48


 1864              	.LCFI39:
 1865              		.cfi_def_cfa_offset 12
 1866              		.cfi_offset 4, -12
 1867              		.cfi_offset 5, -8
 1868              		.cfi_offset 14, -4
 1869 0002 85B0     		sub	sp, sp, #20
 1870              	.LCFI40:
 1871              		.cfi_def_cfa_offset 32
 1872 0004 0546     		mov	r5, r0
 1873 0006 0C46     		mov	r4, r1
 624:Module/ssd_2832.c ****     int ret = 0;
 1874              		.loc 1 624 5 is_stmt 1 view .LVU513
 1875              	.LVL168:
 625:Module/ssd_2832.c ****     unsigned char tmp_buff[4] = {0};
 1876              		.loc 1 625 5 view .LVU514
 1877              		.loc 1 625 19 is_stmt 0 view .LVU515
 1878 0008 0023     		movs	r3, #0
 1879 000a 0393     		str	r3, [sp, #12]
 626:Module/ssd_2832.c **** 
 627:Module/ssd_2832.c **** 	ret = bridge_write_cmd(0xE0);
 1880              		.loc 1 627 2 is_stmt 1 view .LVU516
 1881              		.loc 1 627 8 is_stmt 0 view .LVU517
 1882 000c E020     		movs	r0, #224
 1883              	.LVL169:
 1884              		.loc 1 627 8 view .LVU518
 1885 000e FFF7FEFF 		bl	bridge_write_cmd
 1886              	.LVL170:
 628:Module/ssd_2832.c **** 	ret = bridge_write_reg_16bit(0xE1,addr);
 1887              		.loc 1 628 2 is_stmt 1 view .LVU519
 1888              		.loc 1 628 8 is_stmt 0 view .LVU520
 1889 0012 2946     		mov	r1, r5
 1890 0014 E120     		movs	r0, #225
 1891 0016 FFF7FEFF 		bl	bridge_write_reg_16bit
 1892              	.LVL171:
 629:Module/ssd_2832.c **** 	ret = bridge_spi_read_data(tmp_buff,sizeof(tmp_buff));
 1893              		.loc 1 629 2 is_stmt 1 view .LVU521
 1894              		.loc 1 629 8 is_stmt 0 view .LVU522
 1895 001a 0421     		movs	r1, #4
 1896 001c 03A8     		add	r0, sp, #12
 1897 001e FFF7FEFF 		bl	bridge_spi_read_data
 1898              	.LVL172:
 630:Module/ssd_2832.c **** 	*temp = tmp_buff[2];
 1899              		.loc 1 630 2 is_stmt 1 view .LVU523
 631:Module/ssd_2832.c **** 	*temp <<= 8;
 1900              		.loc 1 631 2 view .LVU524
 632:Module/ssd_2832.c **** 	*temp |= tmp_buff[3];
 1901              		.loc 1 632 2 view .LVU525
 633:Module/ssd_2832.c **** 	*temp <<= 8;
 1902              		.loc 1 633 2 view .LVU526
 634:Module/ssd_2832.c **** 	*temp |= tmp_buff[0];
 1903              		.loc 1 634 2 view .LVU527
 635:Module/ssd_2832.c **** 	*temp <<= 8;
 1904              		.loc 1 635 2 view .LVU528
 636:Module/ssd_2832.c **** 	*temp |= tmp_buff[1];
 1905              		.loc 1 636 2 view .LVU529
 630:Module/ssd_2832.c **** 	*temp <<= 8;
 1906              		.loc 1 630 18 is_stmt 0 view .LVU530
ARM GAS  C:\Users\ADMINI~1\AppData\Local\Temp\ccttuXL8.s 			page 49


 1907 0022 9DF80E30 		ldrb	r3, [sp, #14]	@ zero_extendqisi2
 632:Module/ssd_2832.c **** 	*temp <<= 8;
 1908              		.loc 1 632 19 view .LVU531
 1909 0026 9DF80F20 		ldrb	r2, [sp, #15]	@ zero_extendqisi2
 632:Module/ssd_2832.c **** 	*temp <<= 8;
 1910              		.loc 1 632 8 view .LVU532
 1911 002a 42EA0322 		orr	r2, r2, r3, lsl #8
 634:Module/ssd_2832.c **** 	*temp <<= 8;
 1912              		.loc 1 634 19 view .LVU533
 1913 002e 9DF80C30 		ldrb	r3, [sp, #12]	@ zero_extendqisi2
 634:Module/ssd_2832.c **** 	*temp <<= 8;
 1914              		.loc 1 634 8 view .LVU534
 1915 0032 43EA0222 		orr	r2, r3, r2, lsl #8
 1916              		.loc 1 636 19 view .LVU535
 1917 0036 9DF80D30 		ldrb	r3, [sp, #13]	@ zero_extendqisi2
 1918              		.loc 1 636 8 view .LVU536
 1919 003a 43EA0223 		orr	r3, r3, r2, lsl #8
 1920 003e 2360     		str	r3, [r4]
 637:Module/ssd_2832.c **** 
 638:Module/ssd_2832.c ****     if(ret > 0)
 1921              		.loc 1 638 5 is_stmt 1 view .LVU537
 1922              		.loc 1 638 7 is_stmt 0 view .LVU538
 1923 0040 0028     		cmp	r0, #0
 1924 0042 02DD     		ble	.L157
 639:Module/ssd_2832.c ****     {
 640:Module/ssd_2832.c ****         return 1;
 1925              		.loc 1 640 16 view .LVU539
 1926 0044 0120     		movs	r0, #1
 1927              	.LVL173:
 1928              	.L153:
 641:Module/ssd_2832.c ****     }
 642:Module/ssd_2832.c **** 
 643:Module/ssd_2832.c ****     log_err("fail\n");
 644:Module/ssd_2832.c ****     return -1;
 645:Module/ssd_2832.c **** }
 1929              		.loc 1 645 1 view .LVU540
 1930 0046 05B0     		add	sp, sp, #20
 1931              	.LCFI41:
 1932              		.cfi_remember_state
 1933              		.cfi_def_cfa_offset 12
 1934              		@ sp needed
 1935 0048 30BD     		pop	{r4, r5, pc}
 1936              	.LVL174:
 1937              	.L157:
 1938              	.LCFI42:
 1939              		.cfi_restore_state
 643:Module/ssd_2832.c ****     return -1;
 1940              		.loc 1 643 5 is_stmt 1 view .LVU541
 1941 004a 40F28323 		movw	r3, #643
 1942 004e 0093     		str	r3, [sp]
 1943 0050 044B     		ldr	r3, .L158
 1944 0052 054A     		ldr	r2, .L158+4
 1945 0054 0549     		ldr	r1, .L158+8
 1946 0056 0648     		ldr	r0, .L158+12
 1947              	.LVL175:
 643:Module/ssd_2832.c ****     return -1;
 1948              		.loc 1 643 5 is_stmt 0 view .LVU542
ARM GAS  C:\Users\ADMINI~1\AppData\Local\Temp\ccttuXL8.s 			page 50


 1949 0058 FFF7FEFF 		bl	printf
 1950              	.LVL176:
 644:Module/ssd_2832.c **** }
 1951              		.loc 1 644 5 is_stmt 1 view .LVU543
 644:Module/ssd_2832.c **** }
 1952              		.loc 1 644 12 is_stmt 0 view .LVU544
 1953 005c 4FF0FF30 		mov	r0, #-1
 1954 0060 F1E7     		b	.L153
 1955              	.L159:
 1956 0062 00BF     		.align	2
 1957              	.L158:
 1958 0064 00000000 		.word	.LC0
 1959 0068 00000000 		.word	.LANCHOR7
 1960 006c 14000000 		.word	.LC1
 1961 0070 1C000000 		.word	.LC2
 1962              		.cfi_endproc
 1963              	.LFE142:
 1965              		.section	.text.bridge_write_apb_reg,"ax",%progbits
 1966              		.align	1
 1967              		.global	bridge_write_apb_reg
 1968              		.syntax unified
 1969              		.thumb
 1970              		.thumb_func
 1972              	bridge_write_apb_reg:
 1973              	.LVL177:
 1974              	.LFB143:
 646:Module/ssd_2832.c **** 
 647:Module/ssd_2832.c **** /*!*********************************************************************************************
 648:Module/ssd_2832.c ****     Function           :int bridge_write_apb_reg(uint16_t addr,uint32_t data)
 649:Module/ssd_2832.c ****     Description        :ssd 2829 apb  write register
 650:Module/ssd_2832.c ****                         data 31-24
 651:Module/ssd_2832.c ****                         data 23-16
 652:Module/ssd_2832.c ****                         data 15-8
 653:Module/ssd_2832.c ****                         data 7-0
 654:Module/ssd_2832.c ****                         addr 15-8
 655:Module/ssd_2832.c ****                         addr 7-0
 656:Module/ssd_2832.c ****     Input Parameter    :
 657:Module/ssd_2832.c ****     Output Parameter   :
 658:Module/ssd_2832.c ****     Who Make it ?      :
 659:Module/ssd_2832.c ****     History            :                            Date/Time:12-03-2013
 660:Module/ssd_2832.c **** **********************************************************************************************/
 661:Module/ssd_2832.c **** int bridge_write_apb_reg(uint16_t addr,uint32_t data)
 662:Module/ssd_2832.c **** {
 1975              		.loc 1 662 1 is_stmt 1 view -0
 1976              		.cfi_startproc
 1977              		@ args = 0, pretend = 0, frame = 8
 1978              		@ frame_needed = 0, uses_anonymous_args = 0
 1979              		.loc 1 662 1 is_stmt 0 view .LVU546
 1980 0000 30B5     		push	{r4, r5, lr}
 1981              	.LCFI43:
 1982              		.cfi_def_cfa_offset 12
 1983              		.cfi_offset 4, -12
 1984              		.cfi_offset 5, -8
 1985              		.cfi_offset 14, -4
 1986 0002 83B0     		sub	sp, sp, #12
 1987              	.LCFI44:
 1988              		.cfi_def_cfa_offset 24
ARM GAS  C:\Users\ADMINI~1\AppData\Local\Temp\ccttuXL8.s 			page 51


 1989 0004 0546     		mov	r5, r0
 1990 0006 0C46     		mov	r4, r1
 663:Module/ssd_2832.c ****     int ret = 0;
 1991              		.loc 1 663 5 is_stmt 1 view .LVU547
 1992              	.LVL178:
 664:Module/ssd_2832.c ****     unsigned char tmp_buff[6] = {0};
 1993              		.loc 1 664 5 view .LVU548
 1994              		.loc 1 664 19 is_stmt 0 view .LVU549
 1995 0008 0023     		movs	r3, #0
 1996 000a 0093     		str	r3, [sp]
 1997 000c ADF80430 		strh	r3, [sp, #4]	@ movhi
 665:Module/ssd_2832.c **** 
 666:Module/ssd_2832.c **** 	ret = bridge_write_cmd(0xE0);
 1998              		.loc 1 666 2 is_stmt 1 view .LVU550
 1999              		.loc 1 666 8 is_stmt 0 view .LVU551
 2000 0010 E020     		movs	r0, #224
 2001              	.LVL179:
 2002              		.loc 1 666 8 view .LVU552
 2003 0012 FFF7FEFF 		bl	bridge_write_cmd
 2004              	.LVL180:
 667:Module/ssd_2832.c **** 
 668:Module/ssd_2832.c **** 	tmp_buff[4] = (data >> 24) & 0xFF;
 2005              		.loc 1 668 2 is_stmt 1 view .LVU553
 2006              		.loc 1 668 22 is_stmt 0 view .LVU554
 2007 0016 230E     		lsrs	r3, r4, #24
 2008              		.loc 1 668 14 view .LVU555
 2009 0018 8DF80430 		strb	r3, [sp, #4]
 669:Module/ssd_2832.c **** 	tmp_buff[5] = (data >> 16) & 0xFF;
 2010              		.loc 1 669 2 is_stmt 1 view .LVU556
 2011              		.loc 1 669 22 is_stmt 0 view .LVU557
 2012 001c 230C     		lsrs	r3, r4, #16
 2013              		.loc 1 669 14 view .LVU558
 2014 001e 8DF80530 		strb	r3, [sp, #5]
 670:Module/ssd_2832.c **** 	tmp_buff[2] = (data >> 8) & 0xFF;
 2015              		.loc 1 670 2 is_stmt 1 view .LVU559
 2016              		.loc 1 670 22 is_stmt 0 view .LVU560
 2017 0022 230A     		lsrs	r3, r4, #8
 2018              		.loc 1 670 14 view .LVU561
 2019 0024 8DF80230 		strb	r3, [sp, #2]
 671:Module/ssd_2832.c **** 	tmp_buff[3] = (data >> 0) & 0xFF;
 2020              		.loc 1 671 2 is_stmt 1 view .LVU562
 2021              		.loc 1 671 14 is_stmt 0 view .LVU563
 2022 0028 8DF80340 		strb	r4, [sp, #3]
 672:Module/ssd_2832.c **** 	tmp_buff[0] = (addr >> 8) & 0xFF;
 2023              		.loc 1 672 2 is_stmt 1 view .LVU564
 2024              		.loc 1 672 14 is_stmt 0 view .LVU565
 2025 002c 2B0A     		lsrs	r3, r5, #8
 2026 002e 8DF80030 		strb	r3, [sp]
 673:Module/ssd_2832.c **** 	tmp_buff[1] = (addr >> 0) & 0xFF;
 2027              		.loc 1 673 2 is_stmt 1 view .LVU566
 2028              		.loc 1 673 14 is_stmt 0 view .LVU567
 2029 0032 8DF80150 		strb	r5, [sp, #1]
 674:Module/ssd_2832.c **** 
 675:Module/ssd_2832.c **** 	ret = bridge_write_data(tmp_buff, sizeof(tmp_buff));
 2030              		.loc 1 675 2 is_stmt 1 view .LVU568
 2031              		.loc 1 675 8 is_stmt 0 view .LVU569
 2032 0036 0621     		movs	r1, #6
ARM GAS  C:\Users\ADMINI~1\AppData\Local\Temp\ccttuXL8.s 			page 52


 2033 0038 6846     		mov	r0, sp
 2034 003a FFF7FEFF 		bl	bridge_write_data
 2035              	.LVL181:
 676:Module/ssd_2832.c ****     return ret;
 2036              		.loc 1 676 5 is_stmt 1 view .LVU570
 677:Module/ssd_2832.c **** }
 2037              		.loc 1 677 1 is_stmt 0 view .LVU571
 2038 003e 03B0     		add	sp, sp, #12
 2039              	.LCFI45:
 2040              		.cfi_def_cfa_offset 12
 2041              		@ sp needed
 2042 0040 30BD     		pop	{r4, r5, pc}
 2043              		.loc 1 677 1 view .LVU572
 2044              		.cfi_endproc
 2045              	.LFE143:
 2047              		.section	.rodata.bridge_setbistmode.str1.4,"aMS",%progbits,1
 2048              		.align	2
 2049              	.LC4:
 2050 0000 25733A62 		.ascii	"%s:bridge bist mode enabled\012\015\012\000"
 2050      72696467 
 2050      65206269 
 2050      7374206D 
 2050      6F646520 
 2051 001f 00       		.align	2
 2052              	.LC5:
 2053 0020 25733A62 		.ascii	"%s:bridge bist mode disabled\012\015\012\000"
 2053      72696467 
 2053      65206269 
 2053      7374206D 
 2053      6F646520 
 2054              		.section	.text.bridge_setbistmode,"ax",%progbits
 2055              		.align	1
 2056              		.global	bridge_setbistmode
 2057              		.syntax unified
 2058              		.thumb
 2059              		.thumb_func
 2061              	bridge_setbistmode:
 2062              	.LVL182:
 2063              	.LFB144:
 678:Module/ssd_2832.c **** /*!*********************************************************************************************
 679:Module/ssd_2832.c ****     Function           :int bridge_setbistmode(int enable)
 680:Module/ssd_2832.c ****     Description        :
 681:Module/ssd_2832.c ****     Input Parameter    :
 682:Module/ssd_2832.c ****     Output Parameter   :
 683:Module/ssd_2832.c ****     Who Make it ?      :
 684:Module/ssd_2832.c ****     History            :                            Date/Time:12-03-2013
 685:Module/ssd_2832.c **** **********************************************************************************************/
 686:Module/ssd_2832.c **** int bridge_setbistmode(int enable)
 687:Module/ssd_2832.c **** {
 2064              		.loc 1 687 1 is_stmt 1 view -0
 2065              		.cfi_startproc
 2066              		@ args = 0, pretend = 0, frame = 0
 2067              		@ frame_needed = 0, uses_anonymous_args = 0
 2068              		.loc 1 687 1 is_stmt 0 view .LVU574
 2069 0000 10B5     		push	{r4, lr}
 2070              	.LCFI46:
 2071              		.cfi_def_cfa_offset 8
ARM GAS  C:\Users\ADMINI~1\AppData\Local\Temp\ccttuXL8.s 			page 53


 2072              		.cfi_offset 4, -8
 2073              		.cfi_offset 14, -4
 2074 0002 0446     		mov	r4, r0
 688:Module/ssd_2832.c ****     int ret = 0;
 2075              		.loc 1 688 5 is_stmt 1 view .LVU575
 2076              	.LVL183:
 689:Module/ssd_2832.c ****     uint32_t tmp = 0;
 2077              		.loc 1 689 5 view .LVU576
 690:Module/ssd_2832.c **** 
 691:Module/ssd_2832.c ****    //tmp = 0x00600001;  //100025;single port
 692:Module/ssd_2832.c **** 		tmp = 0x000c0010;  //100025;single port
 2078              		.loc 1 692 3 view .LVU577
 693:Module/ssd_2832.c ****     //tmp = 0x0060000b; //60 Frames/Image  Dual data buffer mode (Broadcast)
 694:Module/ssd_2832.c **** 
 695:Module/ssd_2832.c ****     bridge_write_apb_reg(0x5000,tmp);
 2079              		.loc 1 695 5 view .LVU578
 2080 0004 0849     		ldr	r1, .L166
 2081 0006 4FF4A040 		mov	r0, #20480
 2082              	.LVL184:
 2083              		.loc 1 695 5 is_stmt 0 view .LVU579
 2084 000a FFF7FEFF 		bl	bridge_write_apb_reg
 2085              	.LVL185:
 696:Module/ssd_2832.c ****     if(enable > 0)
 2086              		.loc 1 696 5 is_stmt 1 view .LVU580
 2087              		.loc 1 696 7 is_stmt 0 view .LVU581
 2088 000e 002C     		cmp	r4, #0
 697:Module/ssd_2832.c ****     {
 698:Module/ssd_2832.c ****         log_info("bridge bist mode enabled\n");
 2089              		.loc 1 698 9 is_stmt 1 view .LVU582
 2090 0010 0649     		ldr	r1, .L166+4
 2091 0012 CCBF     		ite	gt
 2092 0014 0648     		ldrgt	r0, .L166+8
 699:Module/ssd_2832.c ****     }
 700:Module/ssd_2832.c ****     else
 701:Module/ssd_2832.c ****     {
 702:Module/ssd_2832.c ****         log_info("bridge bist mode disabled\n");
 2093              		.loc 1 702 9 view .LVU583
 2094 0016 0748     		ldrle	r0, .L166+12
 2095 0018 FFF7FEFF 		bl	printf
 2096              	.LVL186:
 703:Module/ssd_2832.c ****     }
 704:Module/ssd_2832.c **** 
 705:Module/ssd_2832.c **** 	usleep(10000);
 2097              		.loc 1 705 2 view .LVU584
 2098              	.LBB7:
 2099              	.LBI7:
 108:Module/ssd_2832.c **** {
 2100              		.loc 1 108 6 view .LVU585
 2101              	.LBB8:
 110:Module/ssd_2832.c **** }
 2102              		.loc 1 110 2 view .LVU586
 2103 001c 42F21070 		movw	r0, #10000
 2104 0020 FFF7FEFF 		bl	bsp_DelayUS
 2105              	.LVL187:
 110:Module/ssd_2832.c **** }
 2106              		.loc 1 110 2 is_stmt 0 view .LVU587
 2107              	.LBE8:
ARM GAS  C:\Users\ADMINI~1\AppData\Local\Temp\ccttuXL8.s 			page 54


 2108              	.LBE7:
 706:Module/ssd_2832.c ****     return ret;
 2109              		.loc 1 706 5 is_stmt 1 view .LVU588
 707:Module/ssd_2832.c **** }
 2110              		.loc 1 707 1 is_stmt 0 view .LVU589
 2111 0024 0020     		movs	r0, #0
 2112 0026 10BD     		pop	{r4, pc}
 2113              	.LVL188:
 2114              	.L167:
 2115              		.loc 1 707 1 view .LVU590
 2116              		.align	2
 2117              	.L166:
 2118 0028 10000C00 		.word	786448
 2119 002c 14000000 		.word	.LC1
 2120 0030 00000000 		.word	.LC4
 2121 0034 20000000 		.word	.LC5
 2122              		.cfi_endproc
 2123              	.LFE144:
 2125              		.section	.text.bridge_get,"ax",%progbits
 2126              		.align	1
 2127              		.global	bridge_get
 2128              		.syntax unified
 2129              		.thumb
 2130              		.thumb_func
 2132              	bridge_get:
 2133              	.LFB146:
 708:Module/ssd_2832.c **** 
 709:Module/ssd_2832.c **** int bridge_hw_reset(void);
 710:Module/ssd_2832.c **** 
 711:Module/ssd_2832.c **** /*!*********************************************************************************************
 712:Module/ssd_2832.c ****     Function           :int bridge_check_id(int port)
 713:Module/ssd_2832.c ****     Description        :ssd2832 check id
 714:Module/ssd_2832.c ****     Input Parameter    :
 715:Module/ssd_2832.c ****     Output Parameter   :
 716:Module/ssd_2832.c ****     Who Make it ?      :
 717:Module/ssd_2832.c ****     History            :                            Date/Time:12-03-2013
 718:Module/ssd_2832.c **** *!*********************************************************************************************/
 719:Module/ssd_2832.c **** int bridge_check_id(void)
 720:Module/ssd_2832.c **** {
 721:Module/ssd_2832.c ****     int i = 0;
 722:Module/ssd_2832.c **** 	int retry = 3;
 723:Module/ssd_2832.c ****     uint32_t device_id = 0;
 724:Module/ssd_2832.c **** 
 725:Module/ssd_2832.c **** 
 726:Module/ssd_2832.c **** 	usleep(10000);
 727:Module/ssd_2832.c ****     bridge_hw_reset();
 728:Module/ssd_2832.c ****     for(i = 0; i < retry; i++)
 729:Module/ssd_2832.c ****     {
 730:Module/ssd_2832.c ****         bridge_read_reg(0xB0,&device_id);
 731:Module/ssd_2832.c **** 		log_info("|--mipi bridge,0x%04X\n",device_id);
 732:Module/ssd_2832.c **** 
 733:Module/ssd_2832.c **** 		bridge_read_apb_reg(0x0000,&device_id);
 734:Module/ssd_2832.c **** 		log_info("|--mipi bridge, APB,0x%08X\n",device_id);
 735:Module/ssd_2832.c ****         if(device_id == 0x00002830)
 736:Module/ssd_2832.c ****         {
 737:Module/ssd_2832.c ****             break;
 738:Module/ssd_2832.c ****         }
ARM GAS  C:\Users\ADMINI~1\AppData\Local\Temp\ccttuXL8.s 			page 55


 739:Module/ssd_2832.c ****     }
 740:Module/ssd_2832.c **** 
 741:Module/ssd_2832.c ****     if(i >= retry)
 742:Module/ssd_2832.c ****     {
 743:Module/ssd_2832.c **** 		log_err("fail\n");
 744:Module/ssd_2832.c ****         return -1;
 745:Module/ssd_2832.c **** 	}
 746:Module/ssd_2832.c **** 	return 1;
 747:Module/ssd_2832.c **** }
 748:Module/ssd_2832.c **** 
 749:Module/ssd_2832.c **** 
 750:Module/ssd_2832.c **** static struct bridge gsrt_bridge[BRIDGE_PORT_COUNT];
 751:Module/ssd_2832.c **** 
 752:Module/ssd_2832.c **** /******************************************************************************/
 753:Module/ssd_2832.c **** /// Description:bridge_get
 754:Module/ssd_2832.c **** /// @note:get bridge config  information
 755:Module/ssd_2832.c **** /// @param input:none
 756:Module/ssd_2832.c **** /// @param output:struct bridge information
 757:Module/ssd_2832.c **** /// @return
 758:Module/ssd_2832.c **** ///@author :
 759:Module/ssd_2832.c **** ///@date : 2019-06-24
 760:Module/ssd_2832.c **** /******************************************************************************/
 761:Module/ssd_2832.c **** struct bridge *bridge_get()
 762:Module/ssd_2832.c **** {
 2134              		.loc 1 762 1 is_stmt 1 view -0
 2135              		.cfi_startproc
 2136              		@ args = 0, pretend = 0, frame = 0
 2137              		@ frame_needed = 0, uses_anonymous_args = 0
 2138              		@ link register save eliminated.
 763:Module/ssd_2832.c **** 	return &gsrt_bridge[0];
 2139              		.loc 1 763 2 view .LVU592
 764:Module/ssd_2832.c **** }
 2140              		.loc 1 764 1 is_stmt 0 view .LVU593
 2141 0000 0048     		ldr	r0, .L169
 2142 0002 7047     		bx	lr
 2143              	.L170:
 2144              		.align	2
 2145              	.L169:
 2146 0004 00000000 		.word	.LANCHOR8
 2147              		.cfi_endproc
 2148              	.LFE146:
 2150              		.section	.text.bridge_hw_reset,"ax",%progbits
 2151              		.align	1
 2152              		.global	bridge_hw_reset
 2153              		.syntax unified
 2154              		.thumb
 2155              		.thumb_func
 2157              	bridge_hw_reset:
 2158              	.LFB148:
 765:Module/ssd_2832.c **** /******************************************************************************/
 766:Module/ssd_2832.c **** /// Description:ssd2829 inition td4320 , video mode screen
 767:Module/ssd_2832.c **** /// @note:
 768:Module/ssd_2832.c **** /// @param input:null
 769:Module/ssd_2832.c **** /// @param output:null
 770:Module/ssd_2832.c **** /// @return value
 771:Module/ssd_2832.c **** ///@author : liufeng
 772:Module/ssd_2832.c **** ///@date : 2019-06-24
ARM GAS  C:\Users\ADMINI~1\AppData\Local\Temp\ccttuXL8.s 			page 56


 773:Module/ssd_2832.c **** /******************************************************************************/
 774:Module/ssd_2832.c **** static void msleep(uint32_t tick)
 775:Module/ssd_2832.c **** {
 776:Module/ssd_2832.c **** 	usleep(1000 * tick);
 777:Module/ssd_2832.c **** }
 778:Module/ssd_2832.c **** 
 779:Module/ssd_2832.c **** /******************************************************************************/
 780:Module/ssd_2832.c **** /// Description:SSD2829 inition
 781:Module/ssd_2832.c **** /// @note:
 782:Module/ssd_2832.c **** /// @param input:null
 783:Module/ssd_2832.c **** /// @param output:null
 784:Module/ssd_2832.c **** /// @return
 785:Module/ssd_2832.c **** /******************************************************************************/
 786:Module/ssd_2832.c **** int bridge_hw_reset(void)
 787:Module/ssd_2832.c **** {
 2159              		.loc 1 787 1 is_stmt 1 view -0
 2160              		.cfi_startproc
 2161              		@ args = 0, pretend = 0, frame = 0
 2162              		@ frame_needed = 0, uses_anonymous_args = 0
 2163 0000 38B5     		push	{r3, r4, r5, lr}
 2164              	.LCFI47:
 2165              		.cfi_def_cfa_offset 16
 2166              		.cfi_offset 3, -16
 2167              		.cfi_offset 4, -12
 2168              		.cfi_offset 5, -8
 2169              		.cfi_offset 14, -4
 788:Module/ssd_2832.c ****     SSD2832_RST_H() ;
 2170              		.loc 1 788 5 view .LVU595
 2171 0002 094C     		ldr	r4, .L173
 2172 0004 0425     		movs	r5, #4
 2173 0006 2561     		str	r5, [r4, #16]
 2174              		.loc 1 788 21 view .LVU596
 789:Module/ssd_2832.c **** 		msleep(50);
 2175              		.loc 1 789 3 view .LVU597
 2176              	.LVL189:
 2177              	.LBB21:
 2178              	.LBI21:
 774:Module/ssd_2832.c **** {
 2179              		.loc 1 774 13 view .LVU598
 2180              	.LBE21:
 776:Module/ssd_2832.c **** }
 2181              		.loc 1 776 2 view .LVU599
 2182              	.LBB24:
 2183              	.LBB22:
 2184              	.LBI22:
 108:Module/ssd_2832.c **** {
 2185              		.loc 1 108 6 view .LVU600
 2186              	.LBB23:
 110:Module/ssd_2832.c **** }
 2187              		.loc 1 110 2 view .LVU601
 2188 0008 4CF25030 		movw	r0, #50000
 2189 000c FFF7FEFF 		bl	bsp_DelayUS
 2190              	.LVL190:
 110:Module/ssd_2832.c **** }
 2191              		.loc 1 110 2 is_stmt 0 view .LVU602
 2192              	.LBE23:
 2193              	.LBE22:
ARM GAS  C:\Users\ADMINI~1\AppData\Local\Temp\ccttuXL8.s 			page 57


 2194              	.LBE24:
 790:Module/ssd_2832.c ****     SSD2832_RST_L();
 2195              		.loc 1 790 5 is_stmt 1 view .LVU603
 2196 0010 6561     		str	r5, [r4, #20]
 2197              		.loc 1 790 20 view .LVU604
 791:Module/ssd_2832.c ****     msleep(100);
 2198              		.loc 1 791 5 view .LVU605
 2199              	.LVL191:
 2200              	.LBB25:
 2201              	.LBI25:
 774:Module/ssd_2832.c **** {
 2202              		.loc 1 774 13 view .LVU606
 2203              	.LBE25:
 776:Module/ssd_2832.c **** }
 2204              		.loc 1 776 2 view .LVU607
 2205              	.LBB28:
 2206              	.LBB26:
 2207              	.LBI26:
 108:Module/ssd_2832.c **** {
 2208              		.loc 1 108 6 view .LVU608
 2209              	.LBB27:
 110:Module/ssd_2832.c **** }
 2210              		.loc 1 110 2 view .LVU609
 2211 0012 0648     		ldr	r0, .L173+4
 2212 0014 FFF7FEFF 		bl	bsp_DelayUS
 2213              	.LVL192:
 110:Module/ssd_2832.c **** }
 2214              		.loc 1 110 2 is_stmt 0 view .LVU610
 2215              	.LBE27:
 2216              	.LBE26:
 2217              	.LBE28:
 792:Module/ssd_2832.c ****     SSD2832_RST_H() ;
 2218              		.loc 1 792 5 is_stmt 1 view .LVU611
 2219 0018 2561     		str	r5, [r4, #16]
 2220              		.loc 1 792 21 view .LVU612
 793:Module/ssd_2832.c ****     msleep(50);
 2221              		.loc 1 793 5 view .LVU613
 2222              	.LVL193:
 2223              	.LBB29:
 2224              	.LBI29:
 774:Module/ssd_2832.c **** {
 2225              		.loc 1 774 13 view .LVU614
 2226              	.LBE29:
 776:Module/ssd_2832.c **** }
 2227              		.loc 1 776 2 view .LVU615
 2228              	.LBB32:
 2229              	.LBB30:
 2230              	.LBI30:
 108:Module/ssd_2832.c **** {
 2231              		.loc 1 108 6 view .LVU616
 2232              	.LBB31:
 110:Module/ssd_2832.c **** }
 2233              		.loc 1 110 2 view .LVU617
 2234 001a 4CF25030 		movw	r0, #50000
 2235 001e FFF7FEFF 		bl	bsp_DelayUS
 2236              	.LVL194:
 110:Module/ssd_2832.c **** }
ARM GAS  C:\Users\ADMINI~1\AppData\Local\Temp\ccttuXL8.s 			page 58


 2237              		.loc 1 110 2 is_stmt 0 view .LVU618
 2238              	.LBE31:
 2239              	.LBE30:
 2240              	.LBE32:
 794:Module/ssd_2832.c **** 	return 1;
 2241              		.loc 1 794 2 is_stmt 1 view .LVU619
 795:Module/ssd_2832.c **** }
 2242              		.loc 1 795 1 is_stmt 0 view .LVU620
 2243 0022 0120     		movs	r0, #1
 2244 0024 38BD     		pop	{r3, r4, r5, pc}
 2245              	.L174:
 2246 0026 00BF     		.align	2
 2247              	.L173:
 2248 0028 00100140 		.word	1073811456
 2249 002c A0860100 		.word	100000
 2250              		.cfi_endproc
 2251              	.LFE148:
 2253              		.section	.rodata.bridge_check_id.str1.4,"aMS",%progbits,1
 2254              		.align	2
 2255              	.LC6:
 2256 0000 25733A7C 		.ascii	"%s:|--mipi bridge,0x%04X\012\015\012\000"
 2256      2D2D6D69 
 2256      70692062 
 2256      72696467 
 2256      652C3078 
 2257              		.align	2
 2258              	.LC7:
 2259 001c 25733A7C 		.ascii	"%s:|--mipi bridge, APB,0x%08X\012\015\012\000"
 2259      2D2D6D69 
 2259      70692062 
 2259      72696467 
 2259      652C2041 
 2260              		.section	.text.bridge_check_id,"ax",%progbits
 2261              		.align	1
 2262              		.global	bridge_check_id
 2263              		.syntax unified
 2264              		.thumb
 2265              		.thumb_func
 2267              	bridge_check_id:
 2268              	.LFB145:
 720:Module/ssd_2832.c ****     int i = 0;
 2269              		.loc 1 720 1 is_stmt 1 view -0
 2270              		.cfi_startproc
 2271              		@ args = 0, pretend = 0, frame = 8
 2272              		@ frame_needed = 0, uses_anonymous_args = 0
 2273 0000 F0B5     		push	{r4, r5, r6, r7, lr}
 2274              	.LCFI48:
 2275              		.cfi_def_cfa_offset 20
 2276              		.cfi_offset 4, -20
 2277              		.cfi_offset 5, -16
 2278              		.cfi_offset 6, -12
 2279              		.cfi_offset 7, -8
 2280              		.cfi_offset 14, -4
 2281 0002 85B0     		sub	sp, sp, #20
 2282              	.LCFI49:
 2283              		.cfi_def_cfa_offset 40
 721:Module/ssd_2832.c **** 	int retry = 3;
ARM GAS  C:\Users\ADMINI~1\AppData\Local\Temp\ccttuXL8.s 			page 59


 2284              		.loc 1 721 5 view .LVU622
 2285              	.LVL195:
 722:Module/ssd_2832.c ****     uint32_t device_id = 0;
 2286              		.loc 1 722 2 view .LVU623
 723:Module/ssd_2832.c **** 
 2287              		.loc 1 723 5 view .LVU624
 723:Module/ssd_2832.c **** 
 2288              		.loc 1 723 14 is_stmt 0 view .LVU625
 2289 0004 0024     		movs	r4, #0
 2290 0006 0394     		str	r4, [sp, #12]
 726:Module/ssd_2832.c ****     bridge_hw_reset();
 2291              		.loc 1 726 2 is_stmt 1 view .LVU626
 2292              	.LVL196:
 2293              	.LBB35:
 2294              	.LBI35:
 108:Module/ssd_2832.c **** {
 2295              		.loc 1 108 6 view .LVU627
 2296              	.LBB36:
 110:Module/ssd_2832.c **** }
 2297              		.loc 1 110 2 view .LVU628
 2298 0008 42F21070 		movw	r0, #10000
 2299 000c FFF7FEFF 		bl	bsp_DelayUS
 2300              	.LVL197:
 110:Module/ssd_2832.c **** }
 2301              		.loc 1 110 2 is_stmt 0 view .LVU629
 2302              	.LBE36:
 2303              	.LBE35:
 727:Module/ssd_2832.c ****     for(i = 0; i < retry; i++)
 2304              		.loc 1 727 5 is_stmt 1 view .LVU630
 2305 0010 FFF7FEFF 		bl	bridge_hw_reset
 2306              	.LVL198:
 728:Module/ssd_2832.c ****     {
 2307              		.loc 1 728 5 view .LVU631
 728:Module/ssd_2832.c ****     {
 2308              		.loc 1 728 16 view .LVU632
 731:Module/ssd_2832.c **** 
 2309              		.loc 1 731 3 is_stmt 0 view .LVU633
 2310 0014 174D     		ldr	r5, .L183
 2311 0016 184F     		ldr	r7, .L183+4
 734:Module/ssd_2832.c ****         if(device_id == 0x00002830)
 2312              		.loc 1 734 3 view .LVU634
 2313 0018 184E     		ldr	r6, .L183+8
 2314              	.LVL199:
 2315              	.L177:
 730:Module/ssd_2832.c **** 		log_info("|--mipi bridge,0x%04X\n",device_id);
 2316              		.loc 1 730 9 is_stmt 1 view .LVU635
 2317 001a 03A9     		add	r1, sp, #12
 2318 001c B020     		movs	r0, #176
 2319 001e FFF7FEFF 		bl	bridge_read_reg
 2320              	.LVL200:
 731:Module/ssd_2832.c **** 
 2321              		.loc 1 731 3 view .LVU636
 2322 0022 039A     		ldr	r2, [sp, #12]
 2323 0024 2946     		mov	r1, r5
 2324 0026 3846     		mov	r0, r7
 2325 0028 FFF7FEFF 		bl	printf
 2326              	.LVL201:
ARM GAS  C:\Users\ADMINI~1\AppData\Local\Temp\ccttuXL8.s 			page 60


 733:Module/ssd_2832.c **** 		log_info("|--mipi bridge, APB,0x%08X\n",device_id);
 2327              		.loc 1 733 3 view .LVU637
 2328 002c 03A9     		add	r1, sp, #12
 2329 002e 0020     		movs	r0, #0
 2330 0030 FFF7FEFF 		bl	bridge_read_apb_reg
 2331              	.LVL202:
 734:Module/ssd_2832.c ****         if(device_id == 0x00002830)
 2332              		.loc 1 734 3 view .LVU638
 2333 0034 039A     		ldr	r2, [sp, #12]
 2334 0036 2946     		mov	r1, r5
 2335 0038 3046     		mov	r0, r6
 2336 003a FFF7FEFF 		bl	printf
 2337              	.LVL203:
 735:Module/ssd_2832.c ****         {
 2338              		.loc 1 735 9 view .LVU639
 735:Module/ssd_2832.c ****         {
 2339              		.loc 1 735 11 is_stmt 0 view .LVU640
 2340 003e 039A     		ldr	r2, [sp, #12]
 2341 0040 42F63003 		movw	r3, #10288
 2342 0044 9A42     		cmp	r2, r3
 2343 0046 0ED0     		beq	.L176
 728:Module/ssd_2832.c ****     {
 2344              		.loc 1 728 27 is_stmt 1 discriminator 2 view .LVU641
 728:Module/ssd_2832.c ****     {
 2345              		.loc 1 728 28 is_stmt 0 discriminator 2 view .LVU642
 2346 0048 0134     		adds	r4, r4, #1
 2347              	.LVL204:
 728:Module/ssd_2832.c ****     {
 2348              		.loc 1 728 16 is_stmt 1 discriminator 2 view .LVU643
 728:Module/ssd_2832.c ****     {
 2349              		.loc 1 728 5 is_stmt 0 discriminator 2 view .LVU644
 2350 004a 032C     		cmp	r4, #3
 2351 004c E5D1     		bne	.L177
 2352              	.L178:
 743:Module/ssd_2832.c ****         return -1;
 2353              		.loc 1 743 3 is_stmt 1 view .LVU645
 2354 004e 40F2E723 		movw	r3, #743
 2355 0052 0093     		str	r3, [sp]
 2356 0054 0A4B     		ldr	r3, .L183+12
 2357 0056 0B4A     		ldr	r2, .L183+16
 2358 0058 0649     		ldr	r1, .L183
 2359 005a 0B48     		ldr	r0, .L183+20
 2360 005c FFF7FEFF 		bl	printf
 2361              	.LVL205:
 744:Module/ssd_2832.c **** 	}
 2362              		.loc 1 744 9 view .LVU646
 744:Module/ssd_2832.c **** 	}
 2363              		.loc 1 744 16 is_stmt 0 view .LVU647
 2364 0060 4FF0FF30 		mov	r0, #-1
 2365 0064 03E0     		b	.L175
 2366              	.L176:
 741:Module/ssd_2832.c ****     {
 2367              		.loc 1 741 5 is_stmt 1 view .LVU648
 741:Module/ssd_2832.c ****     {
 2368              		.loc 1 741 7 is_stmt 0 view .LVU649
 2369 0066 022C     		cmp	r4, #2
 746:Module/ssd_2832.c **** }
ARM GAS  C:\Users\ADMINI~1\AppData\Local\Temp\ccttuXL8.s 			page 61


 2370              		.loc 1 746 9 view .LVU650
 2371 0068 D8BF     		it	le
 2372 006a 0120     		movle	r0, #1
 741:Module/ssd_2832.c ****     {
 2373              		.loc 1 741 7 view .LVU651
 2374 006c EFDC     		bgt	.L178
 2375              	.L175:
 747:Module/ssd_2832.c **** 
 2376              		.loc 1 747 1 view .LVU652
 2377 006e 05B0     		add	sp, sp, #20
 2378              	.LCFI50:
 2379              		.cfi_def_cfa_offset 20
 2380              		@ sp needed
 2381 0070 F0BD     		pop	{r4, r5, r6, r7, pc}
 2382              	.LVL206:
 2383              	.L184:
 747:Module/ssd_2832.c **** 
 2384              		.loc 1 747 1 view .LVU653
 2385 0072 00BF     		.align	2
 2386              	.L183:
 2387 0074 14000000 		.word	.LC1
 2388 0078 00000000 		.word	.LC6
 2389 007c 1C000000 		.word	.LC7
 2390 0080 00000000 		.word	.LC0
 2391 0084 00000000 		.word	.LANCHOR9
 2392 0088 1C000000 		.word	.LC2
 2393              		.cfi_endproc
 2394              	.LFE145:
 2396              		.section	.text.bridge_RSTPIN_reset,"ax",%progbits
 2397              		.align	1
 2398              		.global	bridge_RSTPIN_reset
 2399              		.syntax unified
 2400              		.thumb
 2401              		.thumb_func
 2403              	bridge_RSTPIN_reset:
 2404              	.LFB149:
 796:Module/ssd_2832.c **** 
 797:Module/ssd_2832.c **** int bridge_RSTPIN_reset(void)
 798:Module/ssd_2832.c **** {
 2405              		.loc 1 798 1 is_stmt 1 view -0
 2406              		.cfi_startproc
 2407              		@ args = 0, pretend = 0, frame = 0
 2408              		@ frame_needed = 0, uses_anonymous_args = 0
 2409              		@ link register save eliminated.
 799:Module/ssd_2832.c **** 
 800:Module/ssd_2832.c ****     SSD2832_RST_L();
 2410              		.loc 1 800 5 view .LVU655
 2411 0000 024B     		ldr	r3, .L186
 2412 0002 0422     		movs	r2, #4
 2413 0004 5A61     		str	r2, [r3, #20]
 2414              		.loc 1 800 20 view .LVU656
 801:Module/ssd_2832.c **** 
 802:Module/ssd_2832.c **** 	return 1;
 2415              		.loc 1 802 2 view .LVU657
 803:Module/ssd_2832.c **** }
 2416              		.loc 1 803 1 is_stmt 0 view .LVU658
 2417 0006 0120     		movs	r0, #1
ARM GAS  C:\Users\ADMINI~1\AppData\Local\Temp\ccttuXL8.s 			page 62


 2418 0008 7047     		bx	lr
 2419              	.L187:
 2420 000a 00BF     		.align	2
 2421              	.L186:
 2422 000c 00100140 		.word	1073811456
 2423              		.cfi_endproc
 2424              	.LFE149:
 2426              		.section	.text.bridge_stop_video,"ax",%progbits
 2427              		.align	1
 2428              		.global	bridge_stop_video
 2429              		.syntax unified
 2430              		.thumb
 2431              		.thumb_func
 2433              	bridge_stop_video:
 2434              	.LFB151:
 804:Module/ssd_2832.c **** 
 805:Module/ssd_2832.c **** 
 806:Module/ssd_2832.c **** /******************************************************************************/
 807:Module/ssd_2832.c **** /// Description:ssd2829 inition td4320 , video mode screen
 808:Module/ssd_2832.c **** /// @note:
 809:Module/ssd_2832.c **** /// @param input:null
 810:Module/ssd_2832.c **** /// @param output:null
 811:Module/ssd_2832.c **** /// @return value
 812:Module/ssd_2832.c **** ///@author : liufeng
 813:Module/ssd_2832.c **** ///@date : 2019-06-24
 814:Module/ssd_2832.c **** /******************************************************************************/
 815:Module/ssd_2832.c **** int bridge_init(void)
 816:Module/ssd_2832.c **** {
 817:Module/ssd_2832.c ****     uint32_t tmp_lo = 0;
 818:Module/ssd_2832.c ****     uint32_t tmp_hi = 0;
 819:Module/ssd_2832.c **** 	uint32_t value = 0;
 820:Module/ssd_2832.c **** 	uint32_t hs = 0, lp = 0, m = 0, n = 0;
 821:Module/ssd_2832.c **** 	uint32_t rba = 0;
 822:Module/ssd_2832.c **** 	uint32_t is_cphy = 0;
 823:Module/ssd_2832.c ****     struct bridge *pbridge;	
 824:Module/ssd_2832.c **** 	
 825:Module/ssd_2832.c **** 
 826:Module/ssd_2832.c **** 	pbridge = bridge_get();
 827:Module/ssd_2832.c **** 	pbridge->hsw = ptr_MIPI_TABLE[gMipiTableIndex]->HSW_WIDTH;  		//H Sync Width
 828:Module/ssd_2832.c **** 	pbridge->vsw = ptr_MIPI_TABLE[gMipiTableIndex]->VSW_WIDTH; 		//V Sync Width
 829:Module/ssd_2832.c **** 	pbridge->hbp = ptr_MIPI_TABLE[gMipiTableIndex]->HBP_WIDTH;//64 ; 		//H Back Porch
 830:Module/ssd_2832.c **** 	pbridge->vbp = ptr_MIPI_TABLE[gMipiTableIndex]->VBP_WIDTH; 		//V Back Porch
 831:Module/ssd_2832.c **** 	pbridge->hfp = ptr_MIPI_TABLE[gMipiTableIndex]->HFP_WIDTH;//64; 		//H Front Porch
 832:Module/ssd_2832.c **** 	pbridge->vfp = ptr_MIPI_TABLE[gMipiTableIndex]->VFP_WIDTH; 		//V Front Porch
 833:Module/ssd_2832.c **** 	pbridge->hact = ptr_MIPI_TABLE[gMipiTableIndex]->HACT_WIDTH; 	//H Active
 834:Module/ssd_2832.c **** 	pbridge->vact  = ptr_MIPI_TABLE[gMipiTableIndex]->VACT_WIDTH; 	//V Active
 835:Module/ssd_2832.c **** 
 836:Module/ssd_2832.c **** 	pbridge->hzd = 0;
 837:Module/ssd_2832.c **** 	pbridge->hpd = 0;
 838:Module/ssd_2832.c **** 	pbridge->czd = 0;
 839:Module/ssd_2832.c **** 	pbridge->cpd = 0;
 840:Module/ssd_2832.c **** 	pbridge->cped = 0;
 841:Module/ssd_2832.c **** 	pbridge->cptd = 0;
 842:Module/ssd_2832.c **** 	pbridge->ctd = 0;
 843:Module/ssd_2832.c **** 	pbridge->htd = 0;
 844:Module/ssd_2832.c **** 
 845:Module/ssd_2832.c **** 	pbridge->dual = 1;           //0,single,1,dual
ARM GAS  C:\Users\ADMINI~1\AppData\Local\Temp\ccttuXL8.s 			page 63


 846:Module/ssd_2832.c **** 	pbridge->lane = ptr_MIPI_TABLE[gMipiTableIndex]->LANE_CNT-1;           //4lane
 847:Module/ssd_2832.c **** 	pbridge->video_or_cmd = 0;   //video,command
 848:Module/ssd_2832.c **** 	pbridge->bits = 3;           //24,18,16
 849:Module/ssd_2832.c **** 	pbridge->rgb_or_bgr = 0;     //RGB,BGR
 850:Module/ssd_2832.c **** 	
 851:Module/ssd_2832.c **** 	pbridge->pclk_polarity=0;
 852:Module/ssd_2832.c **** 	pbridge->de_polarity = 1;    //DE Polarity;0,active low
 853:Module/ssd_2832.c **** 	pbridge->vsync_polarity =0; //V Sync Polarity;0,Vsync pulse is active low  关键参数
 854:Module/ssd_2832.c **** 	pbridge->hsync_polarity = 0; //H Sync Polarity;0,Hsync pulse is active low
 855:Module/ssd_2832.c **** 	pbridge->sync_mode = ptr_MIPI_TABLE[gMipiTableIndex]->Display_Mode;      //Video mode,0,non burst 
 856:Module/ssd_2832.c **** 							//1,non burst mode with sync events
 857:Module/ssd_2832.c **** 							//burst mode
 858:Module/ssd_2832.c **** 
 859:Module/ssd_2832.c **** 	pbridge->split_mode = 2;     //split_mode, 0 - odd/even, 1 - Left/Right, 2 - broadcast
 860:Module/ssd_2832.c **** 	pbridge->video_msb_lsb_swap	=	0;	//0 – No Swap 1 –Swap RGB pixel upper and lower
 861:Module/ssd_2832.c **** 	
 862:Module/ssd_2832.c **** 	
 863:Module/ssd_2832.c **** 	pbridge->clk_lp = 7;         //LP Speed(MHz);low speed
 864:Module/ssd_2832.c **** 	pbridge->clk_hs = 720 ;  //952       //HS Speed(MHz);High speed
 865:Module/ssd_2832.c **** 
 866:Module/ssd_2832.c **** 	pbridge->init_by_hs_mode = 0; //Initialize By HS Mode;
 867:Module/ssd_2832.c **** 	pbridge->always_keep_hs = 0;  //Always Keep HS Clock
 868:Module/ssd_2832.c **** 	pbridge->send_eot_in_hs = 1;  //Send EOT Packet in HS Mode
 869:Module/ssd_2832.c **** 	pbridge->start_video_before_init = 1; //Start Video before Initialzation
 870:Module/ssd_2832.c **** 
 871:Module/ssd_2832.c **** 	pbridge->virtual_channel = 0;  //virtual channel;
 872:Module/ssd_2832.c **** 	pbridge->dphy_or_cphy = 1;     //0 - MIPI DPHY, 1 - MIPI CPHY
 873:Module/ssd_2832.c **** 
 874:Module/ssd_2832.c **** 	pbridge->driver_output_res_ctl = 0x00FF0000 | 14;  //Analog Control Register,BIT28-25,Driver outpu
 875:Module/ssd_2832.c **** 	pbridge->low_power_tx_drive_strength = 0x00FF0000|0 ; //Analog Control Register,BIT24-22,Low Power
 876:Module/ssd_2832.c **** 	pbridge->post_len = 0x00FF0000 |31;          //CPHY Transmit Global Register 1,BIT20-16,The number
 877:Module/ssd_2832.c **** 	pbridge->Voltage_trimming_bits=3;
 878:Module/ssd_2832.c **** 
 879:Module/ssd_2832.c ****     log_info("start");
 880:Module/ssd_2832.c **** 
 881:Module/ssd_2832.c ****    if(pbridge->dphy_or_cphy > 0)
 882:Module/ssd_2832.c ****     {
 883:Module/ssd_2832.c ****         //CPHY
 884:Module/ssd_2832.c ****         log_info("MIPI CPHY Detected\n");
 885:Module/ssd_2832.c ****         is_cphy = 1;
 886:Module/ssd_2832.c ****         bridge_select_phy(0);
 887:Module/ssd_2832.c ****     }
 888:Module/ssd_2832.c ****     else
 889:Module/ssd_2832.c ****     {
 890:Module/ssd_2832.c ****         //DPHY
 891:Module/ssd_2832.c ****         log_info("MIPI DPHY Detected\n");
 892:Module/ssd_2832.c ****         is_cphy = 0;
 893:Module/ssd_2832.c ****         bridge_select_phy(1);
 894:Module/ssd_2832.c ****     }
 895:Module/ssd_2832.c ****     msleep(50);
 896:Module/ssd_2832.c **** 
 897:Module/ssd_2832.c ****     bridge_hw_reset();
 898:Module/ssd_2832.c **** 
 899:Module/ssd_2832.c **** 	//Set Virtual Channel:
 900:Module/ssd_2832.c **** 	uint32_t virtual_channel = pbridge->virtual_channel;
 901:Module/ssd_2832.c **** 	bridge_write_reg_16bit(0xB8,virtual_channel | (virtual_channel << 2) | (virtual_channel << 4) | (v
 902:Module/ssd_2832.c **** 
ARM GAS  C:\Users\ADMINI~1\AppData\Local\Temp\ccttuXL8.s 			page 64


 903:Module/ssd_2832.c **** 	//PLL power down
 904:Module/ssd_2832.c **** 	bridge_write_reg_16bit(0xB9,0x0000);
 905:Module/ssd_2832.c **** 
 906:Module/ssd_2832.c **** 	//Set PLL, HS=1000Mbps
 907:Module/ssd_2832.c ****     if(is_cphy)
 908:Module/ssd_2832.c ****     {
 909:Module/ssd_2832.c ****         //byp_bit_div = 1, dual symbol clock
 910:Module/ssd_2832.c ****         double sps = (double)(pbridge->clk_hs)/1.0f;
 911:Module/ssd_2832.c ****         hs = (uint32_t)(ceil(sps));
 912:Module/ssd_2832.c ****     }
 913:Module/ssd_2832.c ****     else
 914:Module/ssd_2832.c ****     {
 915:Module/ssd_2832.c ****         double sps = (double)(pbridge->clk_hs)/1.0f;
 916:Module/ssd_2832.c ****         hs = (uint32_t)(ceil(sps));
 917:Module/ssd_2832.c ****     }
 918:Module/ssd_2832.c ****     //XTRAL 25MHZ
 919:Module/ssd_2832.c ****     lp = pbridge->clk_lp;
 920:Module/ssd_2832.c **** 	n = (hs + 4) / 5;
 921:Module/ssd_2832.c **** 	m = 5 * n;
 922:Module/ssd_2832.c **** 	hs = m;
 923:Module/ssd_2832.c **** 
 924:Module/ssd_2832.c **** 	if(is_cphy)
 925:Module/ssd_2832.c ****     {
 926:Module/ssd_2832.c ****         double x = m*1.0/2.0;
 927:Module/ssd_2832.c ****     	n = (uint32_t)(x / (7 * lp));
 928:Module/ssd_2832.c ****     	if ((x - n*7.0f*lp)>0)
 929:Module/ssd_2832.c ****     		n += 1;
 930:Module/ssd_2832.c ****     	lp = (uint32_t)(x / (7 * n));
 931:Module/ssd_2832.c ****     	n -= 1;
 932:Module/ssd_2832.c ****     }
 933:Module/ssd_2832.c ****     else
 934:Module/ssd_2832.c ****     {
 935:Module/ssd_2832.c ****         double x = m*1.0;
 936:Module/ssd_2832.c ****     	n = (uint32_t)(x / (8 * lp));
 937:Module/ssd_2832.c ****     	if ((x - n*8.0f*lp)>0)
 938:Module/ssd_2832.c ****     		n += 1;
 939:Module/ssd_2832.c ****     	lp = (uint32_t)(x / (8 * n));
 940:Module/ssd_2832.c ****     	n -= 1;
 941:Module/ssd_2832.c ****     }
 942:Module/ssd_2832.c **** 
 943:Module/ssd_2832.c **** 	if (m<125)
 944:Module/ssd_2832.c **** 		rba = 0x0200;
 945:Module/ssd_2832.c **** 	else if (m<250)
 946:Module/ssd_2832.c **** 		rba = 0x4200;
 947:Module/ssd_2832.c **** 	else if (m<500)
 948:Module/ssd_2832.c **** 		rba = 0x8200;
 949:Module/ssd_2832.c **** 	else
 950:Module/ssd_2832.c **** 		rba = 0xC200;
 951:Module/ssd_2832.c **** 	rba |= (m / 5) & 0xFF;
 952:Module/ssd_2832.c **** 
 953:Module/ssd_2832.c **** 
 954:Module/ssd_2832.c ****     rba &= 0xf0ff;
 955:Module/ssd_2832.c **** 	rba |= 0x500;
 956:Module/ssd_2832.c **** 
 957:Module/ssd_2832.c ****     bridge_write_reg_16bit(0xBA,rba);
 958:Module/ssd_2832.c **** 
 959:Module/ssd_2832.c **** 	if(is_cphy)
ARM GAS  C:\Users\ADMINI~1\AppData\Local\Temp\ccttuXL8.s 			page 65


 960:Module/ssd_2832.c **** 	{
 961:Module/ssd_2832.c **** 	    //BYP_BIT_DIV  set default to 1 will result with read error
 962:Module/ssd_2832.c **** 	    bridge_write_reg_32bit(0xBB, n & 0x3F | 0x07050000);//Reference Code
 963:Module/ssd_2832.c **** 	}
 964:Module/ssd_2832.c **** 	else
 965:Module/ssd_2832.c **** 	{
 966:Module/ssd_2832.c **** 	    bridge_write_reg_16bit(0xBB,n & 0x3F);
 967:Module/ssd_2832.c **** 	}
 968:Module/ssd_2832.c **** 	bridge_write_reg_16bit(0xB9,0x0001);
 969:Module/ssd_2832.c **** 	msleep(20);
 970:Module/ssd_2832.c **** 
 971:Module/ssd_2832.c **** 	//RGB Interface Control
 972:Module/ssd_2832.c ****     tmp_hi = pbridge->vsw;
 973:Module/ssd_2832.c ****     tmp_hi <<= 8;
 974:Module/ssd_2832.c ****     tmp_hi |= pbridge->hsw;
 975:Module/ssd_2832.c ****     bridge_write_reg_16bit(0xB1,tmp_hi);
 976:Module/ssd_2832.c **** 
 977:Module/ssd_2832.c ****     if (0 == pbridge->sync_mode)
 978:Module/ssd_2832.c ****     {
 979:Module/ssd_2832.c ****         //non burst mode with sync pulse
 980:Module/ssd_2832.c ****         bridge_write_reg_32bit(0xB2,
 981:Module/ssd_2832.c ****                               (0xFF000000&((pbridge->vbp)>>8<<24)) |
 982:Module/ssd_2832.c ****                               (0xFF0000&((pbridge->hbp)>>8<<16)) |
 983:Module/ssd_2832.c ****                               (0xFF00&((pbridge->vbp)<<8)) |
 984:Module/ssd_2832.c ****                               (0xFF&(pbridge->hbp)));
 985:Module/ssd_2832.c ****     }
 986:Module/ssd_2832.c ****     else
 987:Module/ssd_2832.c ****     {
 988:Module/ssd_2832.c ****         bridge_write_reg_32bit(0xB2,
 989:Module/ssd_2832.c ****                               (0xFF000000&((pbridge->vbp + pbridge->vsw)>>8<<24)) |
 990:Module/ssd_2832.c ****                               (0xFF0000&((pbridge->hbp + pbridge->hsw)>>8<<16)) |
 991:Module/ssd_2832.c ****                               (0xFF00&((pbridge->vbp + pbridge->vsw)<<8)) |
 992:Module/ssd_2832.c ****                               (0xFF&(pbridge->hbp + pbridge->hsw)));
 993:Module/ssd_2832.c ****     }
 994:Module/ssd_2832.c **** 
 995:Module/ssd_2832.c ****     //VFP[15:8],HFP[15:8]
 996:Module/ssd_2832.c ****     tmp_hi = pbridge->vfp;
 997:Module/ssd_2832.c ****     tmp_hi &= 0xFF00;
 998:Module/ssd_2832.c ****     tmp_hi <<= 16;
 999:Module/ssd_2832.c ****     tmp_lo = pbridge->hfp;
1000:Module/ssd_2832.c ****     tmp_lo &= 0xFF00;
1001:Module/ssd_2832.c ****     tmp_lo <<= 8;
1002:Module/ssd_2832.c ****     tmp_hi |= tmp_lo;
1003:Module/ssd_2832.c **** 
1004:Module/ssd_2832.c ****     //VBP[7:0],HBP[7:0]
1005:Module/ssd_2832.c ****     tmp_lo = pbridge->vfp;
1006:Module/ssd_2832.c ****     tmp_lo &= 0xFF;
1007:Module/ssd_2832.c ****     tmp_lo <<= 8;
1008:Module/ssd_2832.c ****     tmp_hi |= tmp_lo;
1009:Module/ssd_2832.c ****     tmp_lo = pbridge->hfp;
1010:Module/ssd_2832.c ****     tmp_lo &= 0xFF;
1011:Module/ssd_2832.c ****     tmp_hi |= tmp_lo;
1012:Module/ssd_2832.c **** 	bridge_write_reg_32bit(0xB3,tmp_hi);
1013:Module/ssd_2832.c **** 
1014:Module/ssd_2832.c ****     tmp_hi = pbridge->hact;
1015:Module/ssd_2832.c ****     tmp_hi &= 0xFFFF;
1016:Module/ssd_2832.c **** 	bridge_write_reg_32bit(0xB4,tmp_hi);
ARM GAS  C:\Users\ADMINI~1\AppData\Local\Temp\ccttuXL8.s 			page 66


1017:Module/ssd_2832.c **** 
1018:Module/ssd_2832.c ****     tmp_hi = pbridge->vact;
1019:Module/ssd_2832.c ****     tmp_hi &= 0xFFFF;
1020:Module/ssd_2832.c **** 	bridge_write_reg_32bit(0xB5,tmp_hi);
1021:Module/ssd_2832.c **** 
1022:Module/ssd_2832.c **** 	//HS TX Timer
1023:Module/ssd_2832.c **** 	tmp_hi = 0;
1024:Module/ssd_2832.c **** 	bridge_write_reg_32bit(0xCF,tmp_hi);
1025:Module/ssd_2832.c **** 	tmp_hi = 0x10;
1026:Module/ssd_2832.c **** 	bridge_write_reg_32bit(0xD0,tmp_hi);
1027:Module/ssd_2832.c **** 
1028:Module/ssd_2832.c **** 	tmp_hi = 0x40;
1029:Module/ssd_2832.c **** 	bridge_write_reg_32bit(0xD3,tmp_hi);
1030:Module/ssd_2832.c **** 
1031:Module/ssd_2832.c **** 	//Test Register
1032:Module/ssd_2832.c ****     tmp_hi = 0x10000104; //DEFAULT
1033:Module/ssd_2832.c ****     if (pbridge->rgb_or_bgr > 0)
1034:Module/ssd_2832.c ****     {
1035:Module/ssd_2832.c ****         tmp_hi |= 0x01;
1036:Module/ssd_2832.c ****     }
1037:Module/ssd_2832.c **** 	bridge_write_reg_32bit(0xD6,tmp_hi);
1038:Module/ssd_2832.c **** 
1039:Module/ssd_2832.c **** 	int default_analog_control = 0x2A1C8719;
1040:Module/ssd_2832.c **** 
1041:Module/ssd_2832.c **** 	//Analog Control Register
1042:Module/ssd_2832.c **** 	if(is_cphy)
1043:Module/ssd_2832.c ****     {
1044:Module/ssd_2832.c **** 		default_analog_control = 0x3E7C8F39;
1045:Module/ssd_2832.c **** 
1046:Module/ssd_2832.c **** 		if(pbridge->driver_output_res_ctl & 0x00FF0000)
1047:Module/ssd_2832.c **** 		{
1048:Module/ssd_2832.c **** 			//have set driver out resistence control
1049:Module/ssd_2832.c **** 		    default_analog_control = 0x201C8F39;
1050:Module/ssd_2832.c **** 			value = pbridge->driver_output_res_ctl;
1051:Module/ssd_2832.c **** 			value &= 0xFF00FFFF;
1052:Module/ssd_2832.c **** 		    default_analog_control |= (value << 25)	;
1053:Module/ssd_2832.c **** 		}
1054:Module/ssd_2832.c **** 		if(pbridge->Voltage_trimming_bits){
1055:Module/ssd_2832.c **** 		
1056:Module/ssd_2832.c **** 			default_analog_control |= (pbridge->Voltage_trimming_bits << 19)	;
1057:Module/ssd_2832.c **** 		}
1058:Module/ssd_2832.c **** 		if(pbridge->low_power_tx_drive_strength & 0x00FF0000)
1059:Module/ssd_2832.c **** 		{
1060:Module/ssd_2832.c **** 			value = pbridge->low_power_tx_drive_strength;
1061:Module/ssd_2832.c **** 			value &= 0xFF00FFFF;
1062:Module/ssd_2832.c **** 			default_analog_control &= 0xFE3FFFFF;
1063:Module/ssd_2832.c **** 		    default_analog_control |= (value << 22)	;
1064:Module/ssd_2832.c **** 		}
1065:Module/ssd_2832.c **** 
1066:Module/ssd_2832.c **** 	    bridge_write_reg_32bit(0xD8,default_analog_control);
1067:Module/ssd_2832.c **** 
1068:Module/ssd_2832.c **** 	    int default_tran_global = 0x1B121E40; //0x1B081E40--ic reset default
1069:Module/ssd_2832.c **** 		if(pbridge->post_len & 0x00FF0000)
1070:Module/ssd_2832.c **** 		{
1071:Module/ssd_2832.c **** 			default_tran_global = 0x1B001E40;
1072:Module/ssd_2832.c **** 
1073:Module/ssd_2832.c **** 			value = pbridge->post_len;
ARM GAS  C:\Users\ADMINI~1\AppData\Local\Temp\ccttuXL8.s 			page 67


1074:Module/ssd_2832.c **** 			value &= 0xFF00FFFF;
1075:Module/ssd_2832.c **** 		    default_tran_global |= (value << 16)	;
1076:Module/ssd_2832.c **** 		}
1077:Module/ssd_2832.c **** 		//CPHY Analog Front End Registers Descriptions,0
1078:Module/ssd_2832.c **** 		bridge_write_apb_reg(0x1000,default_tran_global); //Set CPHY Post len requested by himax
1079:Module/ssd_2832.c **** //		bridge_write_apb_reg(0x100C,0x4E200C0C); //Set CPHY Post len requested by himax
1080:Module/ssd_2832.c **** //		bridge_write_apb_reg(0x1010,0x00000110); //Set CPHY Post len requested by himax
1081:Module/ssd_2832.c **** 		
1082:Module/ssd_2832.c **** 		//CPHY Analog Front End Registers Descriptions,1
1083:Module/ssd_2832.c ****     bridge_write_apb_reg(0x2000,default_tran_global); //Set CPHY Post len requested by himax
1084:Module/ssd_2832.c **** //		bridge_write_apb_reg(0x200C,0x4E200C0C); //Set CPHY Post len requested by himax
1085:Module/ssd_2832.c **** //		bridge_write_apb_reg(0x2010,0x00000110); //Set CPHY Post len requested by himax
1086:Module/ssd_2832.c **** 		
1087:Module/ssd_2832.c ****     }
1088:Module/ssd_2832.c ****     else
1089:Module/ssd_2832.c ****     {
1090:Module/ssd_2832.c **** 		default_analog_control = 0x2B1C8519;
1091:Module/ssd_2832.c **** 
1092:Module/ssd_2832.c **** 		if(pbridge->driver_output_res_ctl & 0x00FF0000)
1093:Module/ssd_2832.c **** 		{
1094:Module/ssd_2832.c **** 			//have set driver out resistence control
1095:Module/ssd_2832.c **** 		    default_analog_control = 0x211C8519;
1096:Module/ssd_2832.c **** 			value = pbridge->driver_output_res_ctl;
1097:Module/ssd_2832.c **** 			value &= 0xFF00FFFF;
1098:Module/ssd_2832.c **** 		    default_analog_control |= (value << 25)	;
1099:Module/ssd_2832.c **** 		}
1100:Module/ssd_2832.c **** 
1101:Module/ssd_2832.c **** 		if(pbridge->low_power_tx_drive_strength & 0x00FF0000)
1102:Module/ssd_2832.c **** 		{
1103:Module/ssd_2832.c **** 			value = pbridge->low_power_tx_drive_strength;
1104:Module/ssd_2832.c **** 			value &= 0xFF00FFFF;
1105:Module/ssd_2832.c **** 			default_analog_control &= 0xFE3FFFFF;
1106:Module/ssd_2832.c **** 		    default_analog_control |= (value << 22)	;
1107:Module/ssd_2832.c **** 		}
1108:Module/ssd_2832.c **** 
1109:Module/ssd_2832.c ****         //LPTX_DS ?C Low Power Transmitter Drive Strength
1110:Module/ssd_2832.c **** 	    //Default //2A1C8719
1111:Module/ssd_2832.c **** 	    bridge_write_reg_32bit(0xD8,default_analog_control);
1112:Module/ssd_2832.c **** 	    //Increase Low Power Transmitter Drive Strength, some time can not light on, not sure the reas
1113:Module/ssd_2832.c ****     }
1114:Module/ssd_2832.c **** 
1115:Module/ssd_2832.c **** 	//INOUT Configuration
1116:Module/ssd_2832.c ****     //tmp_hi = 0x50020; //READ TX0,WRITE TX0,SINGLE MODE,TX1 1LANE, TX0 1LANE
1117:Module/ssd_2832.c **** 	tmp_hi = 0;
1118:Module/ssd_2832.c ****     if(0 == pbridge->dual) //PORT,single
1119:Module/ssd_2832.c **** 	{
1120:Module/ssd_2832.c **** 	    tmp_hi |= (0x01 << 5);
1121:Module/ssd_2832.c **** 	    tmp_hi |= pbridge->lane;
1122:Module/ssd_2832.c **** 	}
1123:Module/ssd_2832.c **** 	else if(1 == pbridge->dual) //PORT,dual
1124:Module/ssd_2832.c **** 	{
1125:Module/ssd_2832.c **** 	    tmp_hi |= (0x01 << 4);
1126:Module/ssd_2832.c ****         tmp_hi |= (0x01 << 5);
1127:Module/ssd_2832.c ****         tmp_hi |= (0x01 << 6);
1128:Module/ssd_2832.c ****         tmp_hi |= pbridge->lane;
1129:Module/ssd_2832.c ****         tmp_hi |= ((pbridge->lane) << 2);
1130:Module/ssd_2832.c **** 	}
ARM GAS  C:\Users\ADMINI~1\AppData\Local\Temp\ccttuXL8.s 			page 68


1131:Module/ssd_2832.c **** 	if(pbridge->video_or_cmd==0)
1132:Module/ssd_2832.c **** 	{
1133:Module/ssd_2832.c **** 		if(pbridge->video_msb_lsb_swap)
1134:Module/ssd_2832.c **** 		{
1135:Module/ssd_2832.c **** 			tmp_hi |= 0x01<<21;
1136:Module/ssd_2832.c **** 		}
1137:Module/ssd_2832.c **** 	}
1138:Module/ssd_2832.c **** 	if(pbridge->video_or_cmd==1)
1139:Module/ssd_2832.c **** 	{
1140:Module/ssd_2832.c **** 		if(pbridge->mcu_msb_lsb_swap)
1141:Module/ssd_2832.c **** 		{
1142:Module/ssd_2832.c **** 			tmp_hi |= 0x01<<25;
1143:Module/ssd_2832.c **** 		}
1144:Module/ssd_2832.c **** 	}	
1145:Module/ssd_2832.c **** 	bridge_write_reg_32bit(0xDE,tmp_hi);
1146:Module/ssd_2832.c **** 
1147:Module/ssd_2832.c **** 	//RGB Interface Control Register 6
1148:Module/ssd_2832.c ****     tmp_hi = 0x00021020; //DEFAULT
1149:Module/ssd_2832.c **** 
1150:Module/ssd_2832.c ****     if(pbridge->always_keep_hs)
1151:Module/ssd_2832.c ****     {
1152:Module/ssd_2832.c ****         tmp_hi = 0x00021080; //DEFAULT 0x00021080
1153:Module/ssd_2832.c ****     }
1154:Module/ssd_2832.c ****     else
1155:Module/ssd_2832.c ****     {
1156:Module/ssd_2832.c ****         tmp_hi = 0x000210A0; //DEFAULT 0x00021020
1157:Module/ssd_2832.c ****     }
1158:Module/ssd_2832.c **** 
1159:Module/ssd_2832.c ****     if (pbridge->vsync_polarity > 0) //0,Vsync Pulse is active low
1160:Module/ssd_2832.c ****     {
1161:Module/ssd_2832.c ****         tmp_hi |= (0x01 << 15);
1162:Module/ssd_2832.c ****     }
1163:Module/ssd_2832.c **** 
1164:Module/ssd_2832.c ****     if (pbridge->hsync_polarity > 0)
1165:Module/ssd_2832.c ****     {
1166:Module/ssd_2832.c ****         tmp_hi |= (0x01 << 14);
1167:Module/ssd_2832.c ****     }
1168:Module/ssd_2832.c ****     if(pbridge->pclk_polarity)
1169:Module/ssd_2832.c **** 		{
1170:Module/ssd_2832.c **** 			tmp_hi |= (0x01 << 13);
1171:Module/ssd_2832.c **** 		}
1172:Module/ssd_2832.c ****     //split mode, 0 - odd/even, 1 - Left/Right, 2 - broadcast
1173:Module/ssd_2832.c ****     if (pbridge->split_mode == 1)
1174:Module/ssd_2832.c ****     {
1175:Module/ssd_2832.c ****         //Left/right
1176:Module/ssd_2832.c ****         tmp_hi |= (0x01 << 10);
1177:Module/ssd_2832.c ****     }
1178:Module/ssd_2832.c ****     if (pbridge->split_mode == 2)
1179:Module/ssd_2832.c ****     {
1180:Module/ssd_2832.c ****         //broadcast
1181:Module/ssd_2832.c ****         tmp_hi |= (0x02 << 10);
1182:Module/ssd_2832.c ****     }
1183:Module/ssd_2832.c **** 
1184:Module/ssd_2832.c ****     //video mode
1185:Module/ssd_2832.c ****     if (0 == pbridge->sync_mode)
1186:Module/ssd_2832.c ****     {
1187:Module/ssd_2832.c ****         //non burst mode with sync pulse
ARM GAS  C:\Users\ADMINI~1\AppData\Local\Temp\ccttuXL8.s 			page 69


1188:Module/ssd_2832.c ****     }
1189:Module/ssd_2832.c ****     else    if (1 == pbridge->sync_mode)
1190:Module/ssd_2832.c ****     {
1191:Module/ssd_2832.c ****         //non burst mode with sync event
1192:Module/ssd_2832.c ****         tmp_hi |= (0x01 << 2);
1193:Module/ssd_2832.c ****     }
1194:Module/ssd_2832.c ****     else    if (2 == pbridge->sync_mode)
1195:Module/ssd_2832.c ****     {
1196:Module/ssd_2832.c ****         //burst mode
1197:Module/ssd_2832.c ****         tmp_hi |= (0x01 << 3);
1198:Module/ssd_2832.c ****     }
1199:Module/ssd_2832.c **** 
1200:Module/ssd_2832.c ****     //video pixel format
1201:Module/ssd_2832.c ****     if (0 == pbridge->bits)
1202:Module/ssd_2832.c ****     {
1203:Module/ssd_2832.c ****         //16bit
1204:Module/ssd_2832.c ****     }
1205:Module/ssd_2832.c ****     else     if (1 == pbridge->bits)
1206:Module/ssd_2832.c ****     {
1207:Module/ssd_2832.c ****         //18bit
1208:Module/ssd_2832.c ****         tmp_hi |= (0x01 << 0);
1209:Module/ssd_2832.c ****     }
1210:Module/ssd_2832.c ****     else     if (2 == pbridge->bits)
1211:Module/ssd_2832.c ****     {
1212:Module/ssd_2832.c ****         //18-bit loosely
1213:Module/ssd_2832.c ****         tmp_hi |= (0x01 << 1);
1214:Module/ssd_2832.c ****     }
1215:Module/ssd_2832.c ****     else     if (3 == pbridge->bits)
1216:Module/ssd_2832.c ****     {
1217:Module/ssd_2832.c ****         //24bit
1218:Module/ssd_2832.c ****         tmp_hi |= (0x01 << 1);
1219:Module/ssd_2832.c ****         tmp_hi |= (0x01 << 0);
1220:Module/ssd_2832.c **** //				tmp_hi |= (0x01 << 9);
1221:Module/ssd_2832.c **** 				tmp_hi |= (0x01 << 8);
1222:Module/ssd_2832.c ****     }
1223:Module/ssd_2832.c **** 	bridge_write_reg_32bit(0xB6,tmp_hi);
1224:Module/ssd_2832.c **** 	msleep(1);
1225:Module/ssd_2832.c **** 
1226:Module/ssd_2832.c ****     //Delay Adjustment
1227:Module/ssd_2832.c **** 	double ui = 1000.0f / hs;
1228:Module/ssd_2832.c **** 	double nibble = 4 * ui;
1229:Module/ssd_2832.c **** 	uint32_t hs_prepare = (uint32_t)(ceil((53 + 5 * ui) / nibble));
1230:Module/ssd_2832.c **** 	uint32_t hs_zero = (uint32_t)(ceil((126 + 8 * ui) / nibble));
1231:Module/ssd_2832.c **** 	uint32_t hs_trail = (uint32_t)(ceil((72 + 5 * ui) / nibble));
1232:Module/ssd_2832.c **** 	uint32_t hs_exit = (uint32_t)(ceil(120 / nibble));
1233:Module/ssd_2832.c **** 	uint32_t clk_post = (uint32_t)(ceil((72 + 63 * ui) / nibble));
1234:Module/ssd_2832.c **** 	uint32_t clk_pre = (uint32_t)(ceil(11 / nibble));
1235:Module/ssd_2832.c **** 	uint32_t clk_prepare = (uint32_t)(ceil(66 / nibble));
1236:Module/ssd_2832.c **** 	uint32_t clk_zero = (uint32_t)(ceil(315 / nibble));
1237:Module/ssd_2832.c **** 	uint32_t clk_trail = (uint32_t)(ceil(72 / nibble));
1238:Module/ssd_2832.c **** 	uint32_t rc9 = (hs_zero << 8) + (hs_prepare - 4);
1239:Module/ssd_2832.c **** 	uint32_t rca = (clk_zero << 8) + clk_prepare - 3;
1240:Module/ssd_2832.c **** 	uint32_t rcb = (clk_pre << 8) + clk_post;
1241:Module/ssd_2832.c **** 	uint32_t rcc = (clk_trail << 8) + hs_trail;
1242:Module/ssd_2832.c **** 	uint32_t rdf = hs_exit;
1243:Module/ssd_2832.c **** 
1244:Module/ssd_2832.c **** 	////Delay Adjustment overloaded
ARM GAS  C:\Users\ADMINI~1\AppData\Local\Temp\ccttuXL8.s 			page 70


1245:Module/ssd_2832.c ****     tmp_hi = pbridge->hzd;
1246:Module/ssd_2832.c ****     tmp_hi <<= 8;
1247:Module/ssd_2832.c ****     tmp_hi |= pbridge->hpd;
1248:Module/ssd_2832.c ****     if (tmp_hi > 0)
1249:Module/ssd_2832.c ****     {
1250:Module/ssd_2832.c ****         rc9 = tmp_hi;
1251:Module/ssd_2832.c ****         //bridge_write_reg_16bit(port,0xC9,tmp_hi);
1252:Module/ssd_2832.c ****     }
1253:Module/ssd_2832.c **** 
1254:Module/ssd_2832.c ****     tmp_hi = pbridge->czd;
1255:Module/ssd_2832.c ****     tmp_hi <<= 8;
1256:Module/ssd_2832.c ****     tmp_hi |= pbridge->cpd;
1257:Module/ssd_2832.c ****     if (tmp_hi > 0)
1258:Module/ssd_2832.c ****     {
1259:Module/ssd_2832.c ****         rca = tmp_hi;
1260:Module/ssd_2832.c ****         //bridge_write_reg_16bit(port,0xCA,tmp_hi);
1261:Module/ssd_2832.c ****     }
1262:Module/ssd_2832.c **** 
1263:Module/ssd_2832.c ****     tmp_hi = pbridge->cped;
1264:Module/ssd_2832.c ****     tmp_hi <<= 8;
1265:Module/ssd_2832.c ****     tmp_hi |= pbridge->cptd;
1266:Module/ssd_2832.c ****     if (tmp_hi > 0)
1267:Module/ssd_2832.c **** 	{
1268:Module/ssd_2832.c **** 	    rcb = tmp_hi;
1269:Module/ssd_2832.c ****     }
1270:Module/ssd_2832.c **** 
1271:Module/ssd_2832.c ****     tmp_hi = pbridge->ctd;
1272:Module/ssd_2832.c ****     tmp_hi <<= 8;
1273:Module/ssd_2832.c ****     tmp_hi |= pbridge->htd;
1274:Module/ssd_2832.c ****     if (tmp_hi > 0)
1275:Module/ssd_2832.c **** 	{
1276:Module/ssd_2832.c **** 	    rcc = tmp_hi;
1277:Module/ssd_2832.c ****     }
1278:Module/ssd_2832.c **** 
1279:Module/ssd_2832.c **** 	//Configuration Register
1280:Module/ssd_2832.c **** 	tmp_hi = 0x0100;
1281:Module/ssd_2832.c **** 	if (pbridge->send_eot_in_hs > 0)
1282:Module/ssd_2832.c **** 	{
1283:Module/ssd_2832.c **** 		tmp_hi |= 0x0200;
1284:Module/ssd_2832.c **** 	}
1285:Module/ssd_2832.c **** 	//Start video mode if video before init
1286:Module/ssd_2832.c **** 	if (pbridge->start_video_before_init)
1287:Module/ssd_2832.c **** 	{
1288:Module/ssd_2832.c **** 		tmp_hi |= 0x09;
1289:Module/ssd_2832.c **** 	}
1290:Module/ssd_2832.c ****     log_info("------0xB7 = tmp_hi%x\r\n" , tmp_hi);
1291:Module/ssd_2832.c **** 	bridge_write_reg_16bit(0xB7,tmp_hi);
1292:Module/ssd_2832.c **** 	
1293:Module/ssd_2832.c **** 	
1294:Module/ssd_2832.c **** 	usleep(100000);
1295:Module/ssd_2832.c **** 	bridge_reg_test();
1296:Module/ssd_2832.c **** 	
1297:Module/ssd_2832.c **** 	return 1;
1298:Module/ssd_2832.c **** }
1299:Module/ssd_2832.c **** 
1300:Module/ssd_2832.c **** /******************************************************************************/
1301:Module/ssd_2832.c **** /// Description:bridge_stop_video
ARM GAS  C:\Users\ADMINI~1\AppData\Local\Temp\ccttuXL8.s 			page 71


1302:Module/ssd_2832.c **** /// @note:
1303:Module/ssd_2832.c **** /// @param input:null
1304:Module/ssd_2832.c **** /// @param output:null
1305:Module/ssd_2832.c **** /// @return value
1306:Module/ssd_2832.c **** ///@author : liufeng
1307:Module/ssd_2832.c **** ///@date : 2019-06-24
1308:Module/ssd_2832.c **** /******************************************************************************/
1309:Module/ssd_2832.c **** int bridge_stop_video(void)
1310:Module/ssd_2832.c **** {
 2435              		.loc 1 1310 1 is_stmt 1 view -0
 2436              		.cfi_startproc
 2437              		@ args = 0, pretend = 0, frame = 0
 2438              		@ frame_needed = 0, uses_anonymous_args = 0
 2439 0000 08B5     		push	{r3, lr}
 2440              	.LCFI51:
 2441              		.cfi_def_cfa_offset 8
 2442              		.cfi_offset 3, -8
 2443              		.cfi_offset 14, -4
1311:Module/ssd_2832.c **** 	bridge_write_reg_16bit(0xB7, bridge_mem_reg_b7[0] & 0xFFF6);
 2444              		.loc 1 1311 2 view .LVU660
 2445              		.loc 1 1311 48 is_stmt 0 view .LVU661
 2446 0002 054B     		ldr	r3, .L190
 2447              		.loc 1 1311 2 view .LVU662
 2448 0004 1968     		ldr	r1, [r3]
 2449 0006 21F00901 		bic	r1, r1, #9
 2450 000a 89B2     		uxth	r1, r1
 2451 000c B720     		movs	r0, #183
 2452 000e FFF7FEFF 		bl	bridge_write_reg_16bit
 2453              	.LVL207:
1312:Module/ssd_2832.c **** 	return 1;
 2454              		.loc 1 1312 2 is_stmt 1 view .LVU663
1313:Module/ssd_2832.c **** }
 2455              		.loc 1 1313 1 is_stmt 0 view .LVU664
 2456 0012 0120     		movs	r0, #1
 2457 0014 08BD     		pop	{r3, pc}
 2458              	.L191:
 2459 0016 00BF     		.align	2
 2460              	.L190:
 2461 0018 00000000 		.word	.LANCHOR4
 2462              		.cfi_endproc
 2463              	.LFE151:
 2465              		.section	.text.bridge_enter_sleep,"ax",%progbits
 2466              		.align	1
 2467              		.global	bridge_enter_sleep
 2468              		.syntax unified
 2469              		.thumb
 2470              		.thumb_func
 2472              	bridge_enter_sleep:
 2473              	.LFB152:
1314:Module/ssd_2832.c **** 
1315:Module/ssd_2832.c **** /******************************************************************************/
1316:Module/ssd_2832.c **** /// Description:bridge_enter_sleep
1317:Module/ssd_2832.c **** /// @note: Sleep mode is enabled
1318:Module/ssd_2832.c **** /// @param input:null
1319:Module/ssd_2832.c **** /// @param output:null
1320:Module/ssd_2832.c **** /// @return value
1321:Module/ssd_2832.c **** ///@author : liufeng
ARM GAS  C:\Users\ADMINI~1\AppData\Local\Temp\ccttuXL8.s 			page 72


1322:Module/ssd_2832.c **** ///@date : 2019-06-24
1323:Module/ssd_2832.c **** /******************************************************************************/
1324:Module/ssd_2832.c **** int bridge_enter_sleep(void)
1325:Module/ssd_2832.c **** {
 2474              		.loc 1 1325 1 is_stmt 1 view -0
 2475              		.cfi_startproc
 2476              		@ args = 0, pretend = 0, frame = 0
 2477              		@ frame_needed = 0, uses_anonymous_args = 0
 2478 0000 08B5     		push	{r3, lr}
 2479              	.LCFI52:
 2480              		.cfi_def_cfa_offset 8
 2481              		.cfi_offset 3, -8
 2482              		.cfi_offset 14, -4
1326:Module/ssd_2832.c **** 	bridge_write_reg_16bit(0xB7, bridge_mem_reg_b7[0] | 0x04);
 2483              		.loc 1 1326 2 view .LVU666
 2484 0002 044B     		ldr	r3, .L194
 2485 0004 1988     		ldrh	r1, [r3]
 2486 0006 41F00401 		orr	r1, r1, #4
 2487 000a B720     		movs	r0, #183
 2488 000c FFF7FEFF 		bl	bridge_write_reg_16bit
 2489              	.LVL208:
1327:Module/ssd_2832.c **** 	return 1;
 2490              		.loc 1 1327 2 view .LVU667
1328:Module/ssd_2832.c **** }
 2491              		.loc 1 1328 1 is_stmt 0 view .LVU668
 2492 0010 0120     		movs	r0, #1
 2493 0012 08BD     		pop	{r3, pc}
 2494              	.L195:
 2495              		.align	2
 2496              	.L194:
 2497 0014 00000000 		.word	.LANCHOR4
 2498              		.cfi_endproc
 2499              	.LFE152:
 2501              		.section	.rodata.bridge_reg_test.str1.4,"aMS",%progbits,1
 2502              		.align	2
 2503              	.LC8:
 2504 0000 25733A30 		.ascii	"%s:0xB1,0x%08X\012\015\012\000"
 2504      7842312C 
 2504      30782530 
 2504      38580A0D 
 2504      0A00
 2505 0012 0000     		.align	2
 2506              	.LC9:
 2507 0014 25733A30 		.ascii	"%s:0xB2,0x%08X\012\015\012\000"
 2507      7842322C 
 2507      30782530 
 2507      38580A0D 
 2507      0A00
 2508 0026 0000     		.align	2
 2509              	.LC10:
 2510 0028 25733A30 		.ascii	"%s:0xB3,0x%08X\012\015\012\000"
 2510      7842332C 
 2510      30782530 
 2510      38580A0D 
 2510      0A00
 2511 003a 0000     		.align	2
 2512              	.LC11:
ARM GAS  C:\Users\ADMINI~1\AppData\Local\Temp\ccttuXL8.s 			page 73


 2513 003c 25733A30 		.ascii	"%s:0xB4,0x%08X\012\015\012\000"
 2513      7842342C 
 2513      30782530 
 2513      38580A0D 
 2513      0A00
 2514 004e 0000     		.align	2
 2515              	.LC12:
 2516 0050 25733A30 		.ascii	"%s:0xB5,0x%08X\012\015\012\000"
 2516      7842352C 
 2516      30782530 
 2516      38580A0D 
 2516      0A00
 2517 0062 0000     		.align	2
 2518              	.LC13:
 2519 0064 25733A30 		.ascii	"%s:0xB6,0x%08X\012\015\012\000"
 2519      7842362C 
 2519      30782530 
 2519      38580A0D 
 2519      0A00
 2520 0076 0000     		.align	2
 2521              	.LC14:
 2522 0078 25733A30 		.ascii	"%s:0xB7,0x%08X\012\015\012\000"
 2522      7842372C 
 2522      30782530 
 2522      38580A0D 
 2522      0A00
 2523 008a 0000     		.align	2
 2524              	.LC15:
 2525 008c 25733A30 		.ascii	"%s:0xB8,0x%08X\012\015\012\000"
 2525      7842382C 
 2525      30782530 
 2525      38580A0D 
 2525      0A00
 2526 009e 0000     		.align	2
 2527              	.LC16:
 2528 00a0 25733A30 		.ascii	"%s:0xB9,0x%08X\012\015\012\000"
 2528      7842392C 
 2528      30782530 
 2528      38580A0D 
 2528      0A00
 2529 00b2 0000     		.align	2
 2530              	.LC17:
 2531 00b4 25733A30 		.ascii	"%s:0xBA,0x%08X\012\015\012\000"
 2531      7842412C 
 2531      30782530 
 2531      38580A0D 
 2531      0A00
 2532 00c6 0000     		.align	2
 2533              	.LC18:
 2534 00c8 25733A30 		.ascii	"%s:0xBB,0x%08X\012\015\012\000"
 2534      7842422C 
 2534      30782530 
 2534      38580A0D 
 2534      0A00
 2535 00da 0000     		.align	2
 2536              	.LC19:
 2537 00dc 25733A30 		.ascii	"%s:0xC6,0x%08X\012\015\012\000"
ARM GAS  C:\Users\ADMINI~1\AppData\Local\Temp\ccttuXL8.s 			page 74


 2537      7843362C 
 2537      30782530 
 2537      38580A0D 
 2537      0A00
 2538 00ee 0000     		.align	2
 2539              	.LC20:
 2540 00f0 25733A30 		.ascii	"%s:0xC7,0x%08X\012\015\012\000"
 2540      7843372C 
 2540      30782530 
 2540      38580A0D 
 2540      0A00
 2541 0102 0000     		.align	2
 2542              	.LC21:
 2543 0104 25733A30 		.ascii	"%s:0xC9,0x%08X\012\015\012\000"
 2543      7843392C 
 2543      30782530 
 2543      38580A0D 
 2543      0A00
 2544 0116 0000     		.align	2
 2545              	.LC22:
 2546 0118 25733A30 		.ascii	"%s:0xCA,0x%08X\012\015\012\000"
 2546      7843412C 
 2546      30782530 
 2546      38580A0D 
 2546      0A00
 2547 012a 0000     		.align	2
 2548              	.LC23:
 2549 012c 25733A30 		.ascii	"%s:0xCB,0x%08X\012\015\012\000"
 2549      7843422C 
 2549      30782530 
 2549      38580A0D 
 2549      0A00
 2550 013e 0000     		.align	2
 2551              	.LC24:
 2552 0140 25733A30 		.ascii	"%s:0xCC,0x%08X\012\015\012\000"
 2552      7843432C 
 2552      30782530 
 2552      38580A0D 
 2552      0A00
 2553 0152 0000     		.align	2
 2554              	.LC25:
 2555 0154 25733A30 		.ascii	"%s:0xD6,0x%08X\012\015\012\000"
 2555      7844362C 
 2555      30782530 
 2555      38580A0D 
 2555      0A00
 2556 0166 0000     		.align	2
 2557              	.LC26:
 2558 0168 25733A30 		.ascii	"%s:0xDE,0x%08X\012\015\012\000"
 2558      7844452C 
 2558      30782530 
 2558      38580A0D 
 2558      0A00
 2559 017a 0000     		.align	2
 2560              	.LC27:
 2561 017c 25733A30 		.ascii	"%s:0xDF,0x%08X\012\015\012\000"
 2561      7844462C 
ARM GAS  C:\Users\ADMINI~1\AppData\Local\Temp\ccttuXL8.s 			page 75


 2561      30782530 
 2561      38580A0D 
 2561      0A00
 2562              		.section	.text.bridge_reg_test,"ax",%progbits
 2563              		.align	1
 2564              		.global	bridge_reg_test
 2565              		.syntax unified
 2566              		.thumb
 2567              		.thumb_func
 2569              	bridge_reg_test:
 2570              	.LFB157:
1329:Module/ssd_2832.c **** 
1330:Module/ssd_2832.c **** /******************************************************************************/
1331:Module/ssd_2832.c **** /// Description:bridge_send_hs_nop_package
1332:Module/ssd_2832.c **** /// @note:
1333:Module/ssd_2832.c **** /// @param input:null
1334:Module/ssd_2832.c **** /// @param output:null
1335:Module/ssd_2832.c **** /// @return value
1336:Module/ssd_2832.c **** ///@author : tor shi
1337:Module/ssd_2832.c **** ///@date : 2019-08-26
1338:Module/ssd_2832.c **** /******************************************************************************/
1339:Module/ssd_2832.c **** int bridge_send_hs_nop_package(void)
1340:Module/ssd_2832.c **** {
1341:Module/ssd_2832.c ****     unsigned char data_buff[4] = {0};
1342:Module/ssd_2832.c ****     struct mipi_port mipi;
1343:Module/ssd_2832.c ****     struct bridge *pbridge;
1344:Module/ssd_2832.c **** 	
1345:Module/ssd_2832.c ****     pbridge = bridge_get();
1346:Module/ssd_2832.c **** 
1347:Module/ssd_2832.c ****     mipi.port = 0;
1348:Module/ssd_2832.c ****     if(0 == pbridge->dual) //PORT,single
1349:Module/ssd_2832.c **** 	{
1350:Module/ssd_2832.c ****         mipi.dual = 1;
1351:Module/ssd_2832.c **** 	}
1352:Module/ssd_2832.c **** 	else if(1 == pbridge->dual) //PORT,dual
1353:Module/ssd_2832.c **** 	{
1354:Module/ssd_2832.c **** 	    mipi.dual = 3;
1355:Module/ssd_2832.c **** 	}
1356:Module/ssd_2832.c **** 
1357:Module/ssd_2832.c ****     //Send Packet:0x39,0x00,0x00
1358:Module/ssd_2832.c ****     mipi.video_or_cmd = 0;
1359:Module/ssd_2832.c ****     mipi.data_type    = 0x39;
1360:Module/ssd_2832.c ****     mipi.hs_or_lp     = 1;
1361:Module/ssd_2832.c **** 	
1362:Module/ssd_2832.c ****     data_buff[0] = 0x00;
1363:Module/ssd_2832.c ****     mipi_write_regs(&mipi,data_buff,1);
1364:Module/ssd_2832.c **** 
1365:Module/ssd_2832.c ****     return 1;
1366:Module/ssd_2832.c **** }
1367:Module/ssd_2832.c **** 
1368:Module/ssd_2832.c **** int bridge_send_ls_nop_package(void)
1369:Module/ssd_2832.c **** {
1370:Module/ssd_2832.c ****     unsigned char data_buff[4] = {0};
1371:Module/ssd_2832.c ****     struct mipi_port mipi;
1372:Module/ssd_2832.c ****     struct bridge *pbridge;
1373:Module/ssd_2832.c **** 	
1374:Module/ssd_2832.c ****     pbridge = bridge_get();
ARM GAS  C:\Users\ADMINI~1\AppData\Local\Temp\ccttuXL8.s 			page 76


1375:Module/ssd_2832.c ****     mipi.port = 0;
1376:Module/ssd_2832.c **** 
1377:Module/ssd_2832.c ****     if(0 == pbridge->dual) //PORT,single
1378:Module/ssd_2832.c **** 	{
1379:Module/ssd_2832.c ****         mipi.dual = 1;
1380:Module/ssd_2832.c **** 	}
1381:Module/ssd_2832.c **** 	else if(1 == pbridge->dual) //PORT,dual
1382:Module/ssd_2832.c **** 	{
1383:Module/ssd_2832.c **** 	    mipi.dual = 3;
1384:Module/ssd_2832.c **** 	}
1385:Module/ssd_2832.c **** 
1386:Module/ssd_2832.c ****     //Send Packet:0x39,0x00,0x00
1387:Module/ssd_2832.c ****     mipi.video_or_cmd = 0;
1388:Module/ssd_2832.c ****     mipi.data_type    = 0x39;
1389:Module/ssd_2832.c ****     mipi.hs_or_lp     = 0;
1390:Module/ssd_2832.c ****     data_buff[0]      = 0x00;
1391:Module/ssd_2832.c ****     mipi_write_regs(&mipi,data_buff,1);
1392:Module/ssd_2832.c ****     return 1;
1393:Module/ssd_2832.c **** }
1394:Module/ssd_2832.c **** 
1395:Module/ssd_2832.c **** 
1396:Module/ssd_2832.c **** /******************************************************************************/
1397:Module/ssd_2832.c **** /// Description:bridge_send_cmd_image refresh pic ,  CMD screen
1398:Module/ssd_2832.c **** /// @note:
1399:Module/ssd_2832.c **** /// @param input:null
1400:Module/ssd_2832.c **** /// @param output:null
1401:Module/ssd_2832.c **** /// @return value
1402:Module/ssd_2832.c **** ///@author : liuzhiheng
1403:Module/ssd_2832.c **** ///@date : 2019-07-17
1404:Module/ssd_2832.c **** 
1405:Module/ssd_2832.c **** /******************************************************************************/
1406:Module/ssd_2832.c **** int bridge_send_cmd_image(void)
1407:Module/ssd_2832.c **** {
1408:Module/ssd_2832.c **** 	unsigned int tmp = 0 , time_tick = 0;
1409:Module/ssd_2832.c **** 	uint32_t reg_status = 0;
1410:Module/ssd_2832.c **** 		
1411:Module/ssd_2832.c **** 	//Test If is LS NOP Package helps
1412:Module/ssd_2832.c **** 	bridge_send_ls_nop_package();
1413:Module/ssd_2832.c **** 	bridge_send_hs_nop_package();
1414:Module/ssd_2832.c **** 
1415:Module/ssd_2832.c **** 	bridge_write_reg_32bit(0xCF,0X00000000); //SET HS TX TIMER1,L
1416:Module/ssd_2832.c **** 	bridge_write_reg_32bit(0xD0,0X00009000); //SET HS TX TIMER2,H
1417:Module/ssd_2832.c **** 	bridge_write_apb_reg(0X0010,0X1C910E00); //ENABLE V2C
1418:Module/ssd_2832.c **** 
1419:Module/ssd_2832.c **** 	bridge_write_reg_16bit(0xB7,0x030b);
1420:Module/ssd_2832.c **** 	
1421:Module/ssd_2832.c **** 	time_tick = 0;
1422:Module/ssd_2832.c **** 	do
1423:Module/ssd_2832.c **** 	{
1424:Module/ssd_2832.c **** 		bridge_read_reg(0xC6, &reg_status);
1425:Module/ssd_2832.c **** 		if((reg_status & 0x100) == 0)
1426:Module/ssd_2832.c **** 		{
1427:Module/ssd_2832.c **** 			// mcu long buffer is not available
1428:Module/ssd_2832.c **** 			log_info("Err state %x, Reset 2829 inti 4330 \r\n" , reg_status);
1429:Module/ssd_2832.c **** 			break;
1430:Module/ssd_2832.c **** 		}
1431:Module/ssd_2832.c **** 		if((reg_status & 0x200) == 0)
ARM GAS  C:\Users\ADMINI~1\AppData\Local\Temp\ccttuXL8.s 			page 77


1432:Module/ssd_2832.c **** 		{
1433:Module/ssd_2832.c **** 			break;
1434:Module/ssd_2832.c **** 		}
1435:Module/ssd_2832.c **** 		msleep(1);
1436:Module/ssd_2832.c **** 		time_tick++;
1437:Module/ssd_2832.c **** 		if(time_tick > 34)
1438:Module/ssd_2832.c **** 		{
1439:Module/ssd_2832.c **** 			break;
1440:Module/ssd_2832.c **** 		}
1441:Module/ssd_2832.c **** 	}while(1);
1442:Module/ssd_2832.c **** 
1443:Module/ssd_2832.c **** 	bridge_write_reg_16bit(0xB7,0x0300);
1444:Module/ssd_2832.c **** 	
1445:Module/ssd_2832.c **** 	time_tick = 0;
1446:Module/ssd_2832.c **** 	do
1447:Module/ssd_2832.c **** 	{
1448:Module/ssd_2832.c **** 		bridge_read_reg(0xC6, &reg_status);
1449:Module/ssd_2832.c **** 		if((reg_status & 0x200) != 0)
1450:Module/ssd_2832.c **** 		{//bit9
1451:Module/ssd_2832.c **** 			break;
1452:Module/ssd_2832.c **** 		}
1453:Module/ssd_2832.c **** 		if(time_tick > 100)
1454:Module/ssd_2832.c **** 		{//10s
1455:Module/ssd_2832.c **** 			break;
1456:Module/ssd_2832.c **** 		}
1457:Module/ssd_2832.c **** 		msleep(1);
1458:Module/ssd_2832.c **** 		time_tick++;
1459:Module/ssd_2832.c **** 	}while(1);
1460:Module/ssd_2832.c **** 	bridge_write_apb_reg(0X0010,0X1C900E00); //DISABLE V2C
1461:Module/ssd_2832.c **** 
1462:Module/ssd_2832.c **** 	bridge_read_reg(0xC7,&tmp);
1463:Module/ssd_2832.c **** 	
1464:Module/ssd_2832.c **** 	if(tmp != 0)
1465:Module/ssd_2832.c **** 	{
1466:Module/ssd_2832.c **** 		log_info("Err state %x, Reset init \r\n" , reg_status);
1467:Module/ssd_2832.c **** 	}
1468:Module/ssd_2832.c **** 	
1469:Module/ssd_2832.c **** 	return 1;
1470:Module/ssd_2832.c **** }
1471:Module/ssd_2832.c **** 
1472:Module/ssd_2832.c **** int bridge_v2c(unsigned char stage, unsigned int delay)
1473:Module/ssd_2832.c **** {
1474:Module/ssd_2832.c ****     msleep(delay);
1475:Module/ssd_2832.c **** 	
1476:Module/ssd_2832.c ****     if(stage > 0)
1477:Module/ssd_2832.c ****     {
1478:Module/ssd_2832.c ****         if(stage == 1)
1479:Module/ssd_2832.c ****         {
1480:Module/ssd_2832.c ****             bridge_send_hs_nop_package();
1481:Module/ssd_2832.c ****             bridge_write_reg_32bit(0xCF,0x00000000); //SET HS TX TIMER1,L
1482:Module/ssd_2832.c ****             bridge_write_reg_32bit(0xD0,0x00009000); //SET HS TX TIMER2,H
1483:Module/ssd_2832.c ****             bridge_write_reg_16bit(0xB7,0x430B);
1484:Module/ssd_2832.c ****         }
1485:Module/ssd_2832.c **** 
1486:Module/ssd_2832.c ****         if(stage == 2)
1487:Module/ssd_2832.c ****         {
1488:Module/ssd_2832.c ****             bridge_write_apb_reg(0x0010,0x1C910E00); //ENABLE V2C
ARM GAS  C:\Users\ADMINI~1\AppData\Local\Temp\ccttuXL8.s 			page 78


1489:Module/ssd_2832.c ****         }
1490:Module/ssd_2832.c **** 
1491:Module/ssd_2832.c ****         if(stage == 3)
1492:Module/ssd_2832.c ****         {
1493:Module/ssd_2832.c ****             bridge_send_hs_nop_package();
1494:Module/ssd_2832.c ****             bridge_write_reg_32bit(0xCF,0x00000000); //SET HS TX TIMER1,L
1495:Module/ssd_2832.c ****             bridge_write_reg_32bit(0xD0,0x00009000); //SET HS TX TIMER2,H
1496:Module/ssd_2832.c ****             bridge_write_reg_16bit(0xB7,0x430B);
1497:Module/ssd_2832.c ****             msleep(10);
1498:Module/ssd_2832.c ****             bridge_write_apb_reg(0x0010,0x1C910E00); //ENABLE V2C
1499:Module/ssd_2832.c ****         }
1500:Module/ssd_2832.c **** 
1501:Module/ssd_2832.c ****         if(stage == 4)
1502:Module/ssd_2832.c ****         {
1503:Module/ssd_2832.c ****             bridge_write_reg_16bit(0xB7,0x4300);
1504:Module/ssd_2832.c ****             bridge_write_apb_reg(0x0010,0x1C900E00); //DISABLE V2C
1505:Module/ssd_2832.c ****         }
1506:Module/ssd_2832.c **** 
1507:Module/ssd_2832.c ****         if(stage == 5)
1508:Module/ssd_2832.c ****         {}
1509:Module/ssd_2832.c ****     }
1510:Module/ssd_2832.c **** 
1511:Module/ssd_2832.c ****     log_info("stage = %d \n" , stage);
1512:Module/ssd_2832.c **** 	return 1;
1513:Module/ssd_2832.c **** }
1514:Module/ssd_2832.c **** 
1515:Module/ssd_2832.c **** /*!*********************************************************************************************
1516:Module/ssd_2832.c ****     Function           :int bridge_reg_test(void)
1517:Module/ssd_2832.c ****     Description        :ssd2829 write and read register test
1518:Module/ssd_2832.c ****     Input Parameter    :
1519:Module/ssd_2832.c ****     Outp
1520:Module/ssd_2832.c ****     ut Parameter   :
1521:Module/ssd_2832.c ****     Who Make it ?      :
1522:Module/ssd_2832.c ****     History            :                            Date/Time:12-03-2013
1523:Module/ssd_2832.c **** **********************************************************************************************/
1524:Module/ssd_2832.c **** int bridge_reg_test()
1525:Module/ssd_2832.c **** {
 2571              		.loc 1 1525 1 is_stmt 1 view -0
 2572              		.cfi_startproc
 2573              		@ args = 0, pretend = 0, frame = 8
 2574              		@ frame_needed = 0, uses_anonymous_args = 0
 2575 0000 10B5     		push	{r4, lr}
 2576              	.LCFI53:
 2577              		.cfi_def_cfa_offset 8
 2578              		.cfi_offset 4, -8
 2579              		.cfi_offset 14, -4
 2580 0002 82B0     		sub	sp, sp, #8
 2581              	.LCFI54:
 2582              		.cfi_def_cfa_offset 16
1526:Module/ssd_2832.c ****     uint32_t tmp = 0;
 2583              		.loc 1 1526 5 view .LVU670
 2584              		.loc 1 1526 14 is_stmt 0 view .LVU671
 2585 0004 0023     		movs	r3, #0
 2586 0006 0193     		str	r3, [sp, #4]
1527:Module/ssd_2832.c **** 
1528:Module/ssd_2832.c ****     bridge_read_reg(0xB1,&tmp);
 2587              		.loc 1 1528 5 is_stmt 1 view .LVU672
ARM GAS  C:\Users\ADMINI~1\AppData\Local\Temp\ccttuXL8.s 			page 79


 2588 0008 01A9     		add	r1, sp, #4
 2589 000a B120     		movs	r0, #177
 2590 000c FFF7FEFF 		bl	bridge_read_reg
 2591              	.LVL209:
1529:Module/ssd_2832.c ****     log_info("0xB1,0x%08X\n",tmp);
 2592              		.loc 1 1529 5 view .LVU673
 2593 0010 594C     		ldr	r4, .L198
 2594 0012 019A     		ldr	r2, [sp, #4]
 2595 0014 2146     		mov	r1, r4
 2596 0016 5948     		ldr	r0, .L198+4
 2597 0018 FFF7FEFF 		bl	printf
 2598              	.LVL210:
1530:Module/ssd_2832.c **** 
1531:Module/ssd_2832.c ****     bridge_read_reg(0xB2,&tmp);
 2599              		.loc 1 1531 5 view .LVU674
 2600 001c 01A9     		add	r1, sp, #4
 2601 001e B220     		movs	r0, #178
 2602 0020 FFF7FEFF 		bl	bridge_read_reg
 2603              	.LVL211:
1532:Module/ssd_2832.c ****     log_info("0xB2,0x%08X\n",tmp);
 2604              		.loc 1 1532 5 view .LVU675
 2605 0024 019A     		ldr	r2, [sp, #4]
 2606 0026 2146     		mov	r1, r4
 2607 0028 5548     		ldr	r0, .L198+8
 2608 002a FFF7FEFF 		bl	printf
 2609              	.LVL212:
1533:Module/ssd_2832.c **** 
1534:Module/ssd_2832.c ****     bridge_read_reg(0xB3,&tmp);
 2610              		.loc 1 1534 5 view .LVU676
 2611 002e 01A9     		add	r1, sp, #4
 2612 0030 B320     		movs	r0, #179
 2613 0032 FFF7FEFF 		bl	bridge_read_reg
 2614              	.LVL213:
1535:Module/ssd_2832.c ****     log_info("0xB3,0x%08X\n",tmp);
 2615              		.loc 1 1535 5 view .LVU677
 2616 0036 019A     		ldr	r2, [sp, #4]
 2617 0038 2146     		mov	r1, r4
 2618 003a 5248     		ldr	r0, .L198+12
 2619 003c FFF7FEFF 		bl	printf
 2620              	.LVL214:
1536:Module/ssd_2832.c **** 
1537:Module/ssd_2832.c ****     bridge_read_reg(0xB4,&tmp);
 2621              		.loc 1 1537 5 view .LVU678
 2622 0040 01A9     		add	r1, sp, #4
 2623 0042 B420     		movs	r0, #180
 2624 0044 FFF7FEFF 		bl	bridge_read_reg
 2625              	.LVL215:
1538:Module/ssd_2832.c ****     log_info("0xB4,0x%08X\n",tmp);
 2626              		.loc 1 1538 5 view .LVU679
 2627 0048 019A     		ldr	r2, [sp, #4]
 2628 004a 2146     		mov	r1, r4
 2629 004c 4E48     		ldr	r0, .L198+16
 2630 004e FFF7FEFF 		bl	printf
 2631              	.LVL216:
1539:Module/ssd_2832.c **** 
1540:Module/ssd_2832.c ****     bridge_read_reg(0xB5,&tmp);
 2632              		.loc 1 1540 5 view .LVU680
ARM GAS  C:\Users\ADMINI~1\AppData\Local\Temp\ccttuXL8.s 			page 80


 2633 0052 01A9     		add	r1, sp, #4
 2634 0054 B520     		movs	r0, #181
 2635 0056 FFF7FEFF 		bl	bridge_read_reg
 2636              	.LVL217:
1541:Module/ssd_2832.c ****     log_info("0xB5,0x%08X\n",tmp);
 2637              		.loc 1 1541 5 view .LVU681
 2638 005a 019A     		ldr	r2, [sp, #4]
 2639 005c 2146     		mov	r1, r4
 2640 005e 4B48     		ldr	r0, .L198+20
 2641 0060 FFF7FEFF 		bl	printf
 2642              	.LVL218:
1542:Module/ssd_2832.c **** 
1543:Module/ssd_2832.c ****     bridge_read_reg(0xB6,&tmp);
 2643              		.loc 1 1543 5 view .LVU682
 2644 0064 01A9     		add	r1, sp, #4
 2645 0066 B620     		movs	r0, #182
 2646 0068 FFF7FEFF 		bl	bridge_read_reg
 2647              	.LVL219:
1544:Module/ssd_2832.c ****     log_info("0xB6,0x%08X\n",tmp);
 2648              		.loc 1 1544 5 view .LVU683
 2649 006c 019A     		ldr	r2, [sp, #4]
 2650 006e 2146     		mov	r1, r4
 2651 0070 4748     		ldr	r0, .L198+24
 2652 0072 FFF7FEFF 		bl	printf
 2653              	.LVL220:
1545:Module/ssd_2832.c **** 
1546:Module/ssd_2832.c ****     bridge_read_reg(0xB7,&tmp);
 2654              		.loc 1 1546 5 view .LVU684
 2655 0076 01A9     		add	r1, sp, #4
 2656 0078 B720     		movs	r0, #183
 2657 007a FFF7FEFF 		bl	bridge_read_reg
 2658              	.LVL221:
1547:Module/ssd_2832.c ****     log_info("0xB7,0x%08X\n",tmp);
 2659              		.loc 1 1547 5 view .LVU685
 2660 007e 019A     		ldr	r2, [sp, #4]
 2661 0080 2146     		mov	r1, r4
 2662 0082 4448     		ldr	r0, .L198+28
 2663 0084 FFF7FEFF 		bl	printf
 2664              	.LVL222:
1548:Module/ssd_2832.c **** 
1549:Module/ssd_2832.c ****     bridge_read_reg(0xB8,&tmp);
 2665              		.loc 1 1549 5 view .LVU686
 2666 0088 01A9     		add	r1, sp, #4
 2667 008a B820     		movs	r0, #184
 2668 008c FFF7FEFF 		bl	bridge_read_reg
 2669              	.LVL223:
1550:Module/ssd_2832.c ****     log_info("0xB8,0x%08X\n",tmp);
 2670              		.loc 1 1550 5 view .LVU687
 2671 0090 019A     		ldr	r2, [sp, #4]
 2672 0092 2146     		mov	r1, r4
 2673 0094 4048     		ldr	r0, .L198+32
 2674 0096 FFF7FEFF 		bl	printf
 2675              	.LVL224:
1551:Module/ssd_2832.c **** 
1552:Module/ssd_2832.c ****     bridge_read_reg(0xB9,&tmp);
 2676              		.loc 1 1552 5 view .LVU688
 2677 009a 01A9     		add	r1, sp, #4
ARM GAS  C:\Users\ADMINI~1\AppData\Local\Temp\ccttuXL8.s 			page 81


 2678 009c B920     		movs	r0, #185
 2679 009e FFF7FEFF 		bl	bridge_read_reg
 2680              	.LVL225:
1553:Module/ssd_2832.c ****     log_info("0xB9,0x%08X\n",tmp);
 2681              		.loc 1 1553 5 view .LVU689
 2682 00a2 019A     		ldr	r2, [sp, #4]
 2683 00a4 2146     		mov	r1, r4
 2684 00a6 3D48     		ldr	r0, .L198+36
 2685 00a8 FFF7FEFF 		bl	printf
 2686              	.LVL226:
1554:Module/ssd_2832.c **** 
1555:Module/ssd_2832.c ****     bridge_read_reg(0xBA,&tmp);
 2687              		.loc 1 1555 5 view .LVU690
 2688 00ac 01A9     		add	r1, sp, #4
 2689 00ae BA20     		movs	r0, #186
 2690 00b0 FFF7FEFF 		bl	bridge_read_reg
 2691              	.LVL227:
1556:Module/ssd_2832.c ****     log_info("0xBA,0x%08X\n",tmp);
 2692              		.loc 1 1556 5 view .LVU691
 2693 00b4 019A     		ldr	r2, [sp, #4]
 2694 00b6 2146     		mov	r1, r4
 2695 00b8 3948     		ldr	r0, .L198+40
 2696 00ba FFF7FEFF 		bl	printf
 2697              	.LVL228:
1557:Module/ssd_2832.c **** 
1558:Module/ssd_2832.c ****     bridge_read_reg(0xBB,&tmp);
 2698              		.loc 1 1558 5 view .LVU692
 2699 00be 01A9     		add	r1, sp, #4
 2700 00c0 BB20     		movs	r0, #187
 2701 00c2 FFF7FEFF 		bl	bridge_read_reg
 2702              	.LVL229:
1559:Module/ssd_2832.c ****     log_info("0xBB,0x%08X\n",tmp);
 2703              		.loc 1 1559 5 view .LVU693
 2704 00c6 019A     		ldr	r2, [sp, #4]
 2705 00c8 2146     		mov	r1, r4
 2706 00ca 3648     		ldr	r0, .L198+44
 2707 00cc FFF7FEFF 		bl	printf
 2708              	.LVL230:
1560:Module/ssd_2832.c **** 
1561:Module/ssd_2832.c ****     bridge_read_reg(0xC6,&tmp);
 2709              		.loc 1 1561 5 view .LVU694
 2710 00d0 01A9     		add	r1, sp, #4
 2711 00d2 C620     		movs	r0, #198
 2712 00d4 FFF7FEFF 		bl	bridge_read_reg
 2713              	.LVL231:
1562:Module/ssd_2832.c ****     log_info("0xC6,0x%08X\n",tmp);
 2714              		.loc 1 1562 5 view .LVU695
 2715 00d8 019A     		ldr	r2, [sp, #4]
 2716 00da 2146     		mov	r1, r4
 2717 00dc 3248     		ldr	r0, .L198+48
 2718 00de FFF7FEFF 		bl	printf
 2719              	.LVL232:
1563:Module/ssd_2832.c **** 
1564:Module/ssd_2832.c ****     bridge_read_reg(0xC7,&tmp);
 2720              		.loc 1 1564 5 view .LVU696
 2721 00e2 01A9     		add	r1, sp, #4
 2722 00e4 C720     		movs	r0, #199
ARM GAS  C:\Users\ADMINI~1\AppData\Local\Temp\ccttuXL8.s 			page 82


 2723 00e6 FFF7FEFF 		bl	bridge_read_reg
 2724              	.LVL233:
1565:Module/ssd_2832.c ****     log_info("0xC7,0x%08X\n",tmp);
 2725              		.loc 1 1565 5 view .LVU697
 2726 00ea 019A     		ldr	r2, [sp, #4]
 2727 00ec 2146     		mov	r1, r4
 2728 00ee 2F48     		ldr	r0, .L198+52
 2729 00f0 FFF7FEFF 		bl	printf
 2730              	.LVL234:
1566:Module/ssd_2832.c **** 
1567:Module/ssd_2832.c ****     bridge_read_reg(0xC9,&tmp);
 2731              		.loc 1 1567 5 view .LVU698
 2732 00f4 01A9     		add	r1, sp, #4
 2733 00f6 C920     		movs	r0, #201
 2734 00f8 FFF7FEFF 		bl	bridge_read_reg
 2735              	.LVL235:
1568:Module/ssd_2832.c ****     log_info("0xC9,0x%08X\n",tmp);
 2736              		.loc 1 1568 5 view .LVU699
 2737 00fc 019A     		ldr	r2, [sp, #4]
 2738 00fe 2146     		mov	r1, r4
 2739 0100 2B48     		ldr	r0, .L198+56
 2740 0102 FFF7FEFF 		bl	printf
 2741              	.LVL236:
1569:Module/ssd_2832.c **** 
1570:Module/ssd_2832.c ****     bridge_read_reg(0xCA,&tmp);
 2742              		.loc 1 1570 5 view .LVU700
 2743 0106 01A9     		add	r1, sp, #4
 2744 0108 CA20     		movs	r0, #202
 2745 010a FFF7FEFF 		bl	bridge_read_reg
 2746              	.LVL237:
1571:Module/ssd_2832.c ****     log_info("0xCA,0x%08X\n",tmp);
 2747              		.loc 1 1571 5 view .LVU701
 2748 010e 019A     		ldr	r2, [sp, #4]
 2749 0110 2146     		mov	r1, r4
 2750 0112 2848     		ldr	r0, .L198+60
 2751 0114 FFF7FEFF 		bl	printf
 2752              	.LVL238:
1572:Module/ssd_2832.c **** 
1573:Module/ssd_2832.c ****     bridge_read_reg(0xCB,&tmp);
 2753              		.loc 1 1573 5 view .LVU702
 2754 0118 01A9     		add	r1, sp, #4
 2755 011a CB20     		movs	r0, #203
 2756 011c FFF7FEFF 		bl	bridge_read_reg
 2757              	.LVL239:
1574:Module/ssd_2832.c ****     log_info("0xCB,0x%08X\n",tmp);
 2758              		.loc 1 1574 5 view .LVU703
 2759 0120 019A     		ldr	r2, [sp, #4]
 2760 0122 2146     		mov	r1, r4
 2761 0124 2448     		ldr	r0, .L198+64
 2762 0126 FFF7FEFF 		bl	printf
 2763              	.LVL240:
1575:Module/ssd_2832.c **** 
1576:Module/ssd_2832.c ****     bridge_read_reg(0xCC,&tmp);
 2764              		.loc 1 1576 5 view .LVU704
 2765 012a 01A9     		add	r1, sp, #4
 2766 012c CC20     		movs	r0, #204
 2767 012e FFF7FEFF 		bl	bridge_read_reg
ARM GAS  C:\Users\ADMINI~1\AppData\Local\Temp\ccttuXL8.s 			page 83


 2768              	.LVL241:
1577:Module/ssd_2832.c ****     log_info("0xCC,0x%08X\n",tmp);
 2769              		.loc 1 1577 5 view .LVU705
 2770 0132 019A     		ldr	r2, [sp, #4]
 2771 0134 2146     		mov	r1, r4
 2772 0136 2148     		ldr	r0, .L198+68
 2773 0138 FFF7FEFF 		bl	printf
 2774              	.LVL242:
1578:Module/ssd_2832.c **** 
1579:Module/ssd_2832.c ****     bridge_read_reg(0xD6,&tmp);
 2775              		.loc 1 1579 5 view .LVU706
 2776 013c 01A9     		add	r1, sp, #4
 2777 013e D620     		movs	r0, #214
 2778 0140 FFF7FEFF 		bl	bridge_read_reg
 2779              	.LVL243:
1580:Module/ssd_2832.c ****     log_info("0xD6,0x%08X\n",tmp);
 2780              		.loc 1 1580 5 view .LVU707
 2781 0144 019A     		ldr	r2, [sp, #4]
 2782 0146 2146     		mov	r1, r4
 2783 0148 1D48     		ldr	r0, .L198+72
 2784 014a FFF7FEFF 		bl	printf
 2785              	.LVL244:
1581:Module/ssd_2832.c **** 
1582:Module/ssd_2832.c ****     bridge_read_reg(0xDE,&tmp);
 2786              		.loc 1 1582 5 view .LVU708
 2787 014e 01A9     		add	r1, sp, #4
 2788 0150 DE20     		movs	r0, #222
 2789 0152 FFF7FEFF 		bl	bridge_read_reg
 2790              	.LVL245:
1583:Module/ssd_2832.c ****     log_info("0xDE,0x%08X\n",tmp);
 2791              		.loc 1 1583 5 view .LVU709
 2792 0156 019A     		ldr	r2, [sp, #4]
 2793 0158 2146     		mov	r1, r4
 2794 015a 1A48     		ldr	r0, .L198+76
 2795 015c FFF7FEFF 		bl	printf
 2796              	.LVL246:
1584:Module/ssd_2832.c **** 
1585:Module/ssd_2832.c ****     bridge_read_reg(0xDF,&tmp);
 2797              		.loc 1 1585 5 view .LVU710
 2798 0160 01A9     		add	r1, sp, #4
 2799 0162 DF20     		movs	r0, #223
 2800 0164 FFF7FEFF 		bl	bridge_read_reg
 2801              	.LVL247:
1586:Module/ssd_2832.c ****     log_info("0xDF,0x%08X\n",tmp);
 2802              		.loc 1 1586 5 view .LVU711
 2803 0168 019A     		ldr	r2, [sp, #4]
 2804 016a 2146     		mov	r1, r4
 2805 016c 1648     		ldr	r0, .L198+80
 2806 016e FFF7FEFF 		bl	printf
 2807              	.LVL248:
1587:Module/ssd_2832.c **** 
1588:Module/ssd_2832.c ****     return 1;
 2808              		.loc 1 1588 5 view .LVU712
1589:Module/ssd_2832.c **** }
 2809              		.loc 1 1589 1 is_stmt 0 view .LVU713
 2810 0172 0120     		movs	r0, #1
 2811 0174 02B0     		add	sp, sp, #8
ARM GAS  C:\Users\ADMINI~1\AppData\Local\Temp\ccttuXL8.s 			page 84


 2812              	.LCFI55:
 2813              		.cfi_def_cfa_offset 8
 2814              		@ sp needed
 2815 0176 10BD     		pop	{r4, pc}
 2816              	.L199:
 2817              		.align	2
 2818              	.L198:
 2819 0178 14000000 		.word	.LC1
 2820 017c 00000000 		.word	.LC8
 2821 0180 14000000 		.word	.LC9
 2822 0184 28000000 		.word	.LC10
 2823 0188 3C000000 		.word	.LC11
 2824 018c 50000000 		.word	.LC12
 2825 0190 64000000 		.word	.LC13
 2826 0194 78000000 		.word	.LC14
 2827 0198 8C000000 		.word	.LC15
 2828 019c A0000000 		.word	.LC16
 2829 01a0 B4000000 		.word	.LC17
 2830 01a4 C8000000 		.word	.LC18
 2831 01a8 DC000000 		.word	.LC19
 2832 01ac F0000000 		.word	.LC20
 2833 01b0 04010000 		.word	.LC21
 2834 01b4 18010000 		.word	.LC22
 2835 01b8 2C010000 		.word	.LC23
 2836 01bc 40010000 		.word	.LC24
 2837 01c0 54010000 		.word	.LC25
 2838 01c4 68010000 		.word	.LC26
 2839 01c8 7C010000 		.word	.LC27
 2840              		.cfi_endproc
 2841              	.LFE157:
 2843              		.section	.rodata.bridge_init.str1.4,"aMS",%progbits,1
 2844              		.align	2
 2845              	.LC28:
 2846 0000 25733A73 		.ascii	"%s:start\015\012\000"
 2846      74617274 
 2846      0D0A00
 2847 000b 00       		.align	2
 2848              	.LC29:
 2849 000c 25733A4D 		.ascii	"%s:MIPI CPHY Detected\012\015\012\000"
 2849      49504920 
 2849      43504859 
 2849      20446574 
 2849      65637465 
 2850              		.global	__aeabi_ui2d
 2851              		.global	__aeabi_dmul
 2852              		.global	__aeabi_ddiv
 2853              		.global	__aeabi_d2uiz
 2854              		.global	__aeabi_ui2f
 2855              		.global	__aeabi_fmul
 2856              		.global	__aeabi_f2d
 2857              		.global	__aeabi_dsub
 2858              		.global	__aeabi_dcmpgt
 2859 0025 000000   		.align	2
 2860              	.LC30:
 2861 0028 25733A4D 		.ascii	"%s:MIPI DPHY Detected\012\015\012\000"
 2861      49504920 
 2861      44504859 
ARM GAS  C:\Users\ADMINI~1\AppData\Local\Temp\ccttuXL8.s 			page 85


 2861      20446574 
 2861      65637465 
 2862 0041 000000   		.align	2
 2863              	.LC31:
 2864 0044 25733A2D 		.ascii	"%s:------0xB7 = tmp_hi%x\015\012\015\012\000"
 2864      2D2D2D2D 
 2864      2D307842 
 2864      37203D20 
 2864      746D705F 
 2865              		.section	.text.bridge_init,"ax",%progbits
 2866              		.align	1
 2867              		.global	bridge_init
 2868              		.syntax unified
 2869              		.thumb
 2870              		.thumb_func
 2872              	bridge_init:
 2873              	.LFB150:
 816:Module/ssd_2832.c ****     uint32_t tmp_lo = 0;
 2874              		.loc 1 816 1 is_stmt 1 view -0
 2875              		.cfi_startproc
 2876              		@ args = 0, pretend = 0, frame = 0
 2877              		@ frame_needed = 0, uses_anonymous_args = 0
 2878 0000 2DE9F047 		push	{r4, r5, r6, r7, r8, r9, r10, lr}
 2879              	.LCFI56:
 2880              		.cfi_def_cfa_offset 32
 2881              		.cfi_offset 4, -32
 2882              		.cfi_offset 5, -28
 2883              		.cfi_offset 6, -24
 2884              		.cfi_offset 7, -20
 2885              		.cfi_offset 8, -16
 2886              		.cfi_offset 9, -12
 2887              		.cfi_offset 10, -8
 2888              		.cfi_offset 14, -4
 817:Module/ssd_2832.c ****     uint32_t tmp_hi = 0;
 2889              		.loc 1 817 5 view .LVU715
 2890              	.LVL249:
 818:Module/ssd_2832.c **** 	uint32_t value = 0;
 2891              		.loc 1 818 5 view .LVU716
 819:Module/ssd_2832.c **** 	uint32_t hs = 0, lp = 0, m = 0, n = 0;
 2892              		.loc 1 819 2 view .LVU717
 820:Module/ssd_2832.c **** 	uint32_t rba = 0;
 2893              		.loc 1 820 2 view .LVU718
 821:Module/ssd_2832.c **** 	uint32_t is_cphy = 0;
 2894              		.loc 1 821 2 view .LVU719
 822:Module/ssd_2832.c ****     struct bridge *pbridge;	
 2895              		.loc 1 822 2 view .LVU720
 823:Module/ssd_2832.c **** 	
 2896              		.loc 1 823 5 view .LVU721
 826:Module/ssd_2832.c **** 	pbridge->hsw = ptr_MIPI_TABLE[gMipiTableIndex]->HSW_WIDTH;  		//H Sync Width
 2897              		.loc 1 826 2 view .LVU722
 763:Module/ssd_2832.c **** }
 2898              		.loc 1 763 2 view .LVU723
 827:Module/ssd_2832.c **** 	pbridge->vsw = ptr_MIPI_TABLE[gMipiTableIndex]->VSW_WIDTH; 		//V Sync Width
 2899              		.loc 1 827 2 view .LVU724
 827:Module/ssd_2832.c **** 	pbridge->vsw = ptr_MIPI_TABLE[gMipiTableIndex]->VSW_WIDTH; 		//V Sync Width
 2900              		.loc 1 827 31 is_stmt 0 view .LVU725
 2901 0004 C749     		ldr	r1, .L263
ARM GAS  C:\Users\ADMINI~1\AppData\Local\Temp\ccttuXL8.s 			page 86


 2902 0006 0B78     		ldrb	r3, [r1]	@ zero_extendqisi2
 827:Module/ssd_2832.c **** 	pbridge->vsw = ptr_MIPI_TABLE[gMipiTableIndex]->VSW_WIDTH; 		//V Sync Width
 2903              		.loc 1 827 15 view .LVU726
 2904 0008 C74C     		ldr	r4, .L263+4
 827:Module/ssd_2832.c **** 	pbridge->vsw = ptr_MIPI_TABLE[gMipiTableIndex]->VSW_WIDTH; 		//V Sync Width
 2905              		.loc 1 827 31 view .LVU727
 2906 000a C84A     		ldr	r2, .L263+8
 827:Module/ssd_2832.c **** 	pbridge->vsw = ptr_MIPI_TABLE[gMipiTableIndex]->VSW_WIDTH; 		//V Sync Width
 2907              		.loc 1 827 48 view .LVU728
 2908 000c 52F82330 		ldr	r3, [r2, r3, lsl #2]
 2909 0010 B3F86A30 		ldrh	r3, [r3, #106]
 2910 0014 2360     		str	r3, [r4]
 828:Module/ssd_2832.c **** 	pbridge->hbp = ptr_MIPI_TABLE[gMipiTableIndex]->HBP_WIDTH;//64 ; 		//H Back Porch
 2911              		.loc 1 828 2 is_stmt 1 view .LVU729
 828:Module/ssd_2832.c **** 	pbridge->hbp = ptr_MIPI_TABLE[gMipiTableIndex]->HBP_WIDTH;//64 ; 		//H Back Porch
 2912              		.loc 1 828 31 is_stmt 0 view .LVU730
 2913 0016 0B78     		ldrb	r3, [r1]	@ zero_extendqisi2
 828:Module/ssd_2832.c **** 	pbridge->hbp = ptr_MIPI_TABLE[gMipiTableIndex]->HBP_WIDTH;//64 ; 		//H Back Porch
 2914              		.loc 1 828 48 view .LVU731
 2915 0018 52F82330 		ldr	r3, [r2, r3, lsl #2]
 2916 001c B3F87030 		ldrh	r3, [r3, #112]
 2917 0020 6360     		str	r3, [r4, #4]
 829:Module/ssd_2832.c **** 	pbridge->vbp = ptr_MIPI_TABLE[gMipiTableIndex]->VBP_WIDTH; 		//V Back Porch
 2918              		.loc 1 829 2 is_stmt 1 view .LVU732
 829:Module/ssd_2832.c **** 	pbridge->vbp = ptr_MIPI_TABLE[gMipiTableIndex]->VBP_WIDTH; 		//V Back Porch
 2919              		.loc 1 829 31 is_stmt 0 view .LVU733
 2920 0022 0B78     		ldrb	r3, [r1]	@ zero_extendqisi2
 829:Module/ssd_2832.c **** 	pbridge->vbp = ptr_MIPI_TABLE[gMipiTableIndex]->VBP_WIDTH; 		//V Back Porch
 2921              		.loc 1 829 48 view .LVU734
 2922 0024 52F82330 		ldr	r3, [r2, r3, lsl #2]
 2923 0028 B3F86830 		ldrh	r3, [r3, #104]
 2924 002c A360     		str	r3, [r4, #8]
 830:Module/ssd_2832.c **** 	pbridge->hfp = ptr_MIPI_TABLE[gMipiTableIndex]->HFP_WIDTH;//64; 		//H Front Porch
 2925              		.loc 1 830 2 is_stmt 1 view .LVU735
 830:Module/ssd_2832.c **** 	pbridge->hfp = ptr_MIPI_TABLE[gMipiTableIndex]->HFP_WIDTH;//64; 		//H Front Porch
 2926              		.loc 1 830 31 is_stmt 0 view .LVU736
 2927 002e 0B78     		ldrb	r3, [r1]	@ zero_extendqisi2
 830:Module/ssd_2832.c **** 	pbridge->hfp = ptr_MIPI_TABLE[gMipiTableIndex]->HFP_WIDTH;//64; 		//H Front Porch
 2928              		.loc 1 830 48 view .LVU737
 2929 0030 52F82330 		ldr	r3, [r2, r3, lsl #2]
 2930 0034 B3F86E30 		ldrh	r3, [r3, #110]
 2931 0038 E360     		str	r3, [r4, #12]
 831:Module/ssd_2832.c **** 	pbridge->vfp = ptr_MIPI_TABLE[gMipiTableIndex]->VFP_WIDTH; 		//V Front Porch
 2932              		.loc 1 831 2 is_stmt 1 view .LVU738
 831:Module/ssd_2832.c **** 	pbridge->vfp = ptr_MIPI_TABLE[gMipiTableIndex]->VFP_WIDTH; 		//V Front Porch
 2933              		.loc 1 831 31 is_stmt 0 view .LVU739
 2934 003a 0B78     		ldrb	r3, [r1]	@ zero_extendqisi2
 831:Module/ssd_2832.c **** 	pbridge->vfp = ptr_MIPI_TABLE[gMipiTableIndex]->VFP_WIDTH; 		//V Front Porch
 2935              		.loc 1 831 48 view .LVU740
 2936 003c 52F82330 		ldr	r3, [r2, r3, lsl #2]
 2937 0040 B3F86630 		ldrh	r3, [r3, #102]
 2938 0044 2361     		str	r3, [r4, #16]
 832:Module/ssd_2832.c **** 	pbridge->hact = ptr_MIPI_TABLE[gMipiTableIndex]->HACT_WIDTH; 	//H Active
 2939              		.loc 1 832 2 is_stmt 1 view .LVU741
 832:Module/ssd_2832.c **** 	pbridge->hact = ptr_MIPI_TABLE[gMipiTableIndex]->HACT_WIDTH; 	//H Active
 2940              		.loc 1 832 31 is_stmt 0 view .LVU742
 2941 0046 0B78     		ldrb	r3, [r1]	@ zero_extendqisi2
ARM GAS  C:\Users\ADMINI~1\AppData\Local\Temp\ccttuXL8.s 			page 87


 832:Module/ssd_2832.c **** 	pbridge->hact = ptr_MIPI_TABLE[gMipiTableIndex]->HACT_WIDTH; 	//H Active
 2942              		.loc 1 832 48 view .LVU743
 2943 0048 52F82330 		ldr	r3, [r2, r3, lsl #2]
 2944 004c B3F86C30 		ldrh	r3, [r3, #108]
 2945 0050 6361     		str	r3, [r4, #20]
 833:Module/ssd_2832.c **** 	pbridge->vact  = ptr_MIPI_TABLE[gMipiTableIndex]->VACT_WIDTH; 	//V Active
 2946              		.loc 1 833 2 is_stmt 1 view .LVU744
 833:Module/ssd_2832.c **** 	pbridge->vact  = ptr_MIPI_TABLE[gMipiTableIndex]->VACT_WIDTH; 	//V Active
 2947              		.loc 1 833 32 is_stmt 0 view .LVU745
 2948 0052 0B78     		ldrb	r3, [r1]	@ zero_extendqisi2
 833:Module/ssd_2832.c **** 	pbridge->vact  = ptr_MIPI_TABLE[gMipiTableIndex]->VACT_WIDTH; 	//V Active
 2949              		.loc 1 833 49 view .LVU746
 2950 0054 52F82330 		ldr	r3, [r2, r3, lsl #2]
 2951 0058 B3F86230 		ldrh	r3, [r3, #98]
 2952 005c A361     		str	r3, [r4, #24]
 834:Module/ssd_2832.c **** 
 2953              		.loc 1 834 2 is_stmt 1 view .LVU747
 834:Module/ssd_2832.c **** 
 2954              		.loc 1 834 33 is_stmt 0 view .LVU748
 2955 005e 0B78     		ldrb	r3, [r1]	@ zero_extendqisi2
 834:Module/ssd_2832.c **** 
 2956              		.loc 1 834 50 view .LVU749
 2957 0060 52F82330 		ldr	r3, [r2, r3, lsl #2]
 2958 0064 B3F86430 		ldrh	r3, [r3, #100]
 2959 0068 E361     		str	r3, [r4, #28]
 836:Module/ssd_2832.c **** 	pbridge->hpd = 0;
 2960              		.loc 1 836 2 is_stmt 1 view .LVU750
 836:Module/ssd_2832.c **** 	pbridge->hpd = 0;
 2961              		.loc 1 836 15 is_stmt 0 view .LVU751
 2962 006a 0023     		movs	r3, #0
 2963 006c 2362     		str	r3, [r4, #32]
 837:Module/ssd_2832.c **** 	pbridge->czd = 0;
 2964              		.loc 1 837 2 is_stmt 1 view .LVU752
 837:Module/ssd_2832.c **** 	pbridge->czd = 0;
 2965              		.loc 1 837 15 is_stmt 0 view .LVU753
 2966 006e 6362     		str	r3, [r4, #36]
 838:Module/ssd_2832.c **** 	pbridge->cpd = 0;
 2967              		.loc 1 838 2 is_stmt 1 view .LVU754
 838:Module/ssd_2832.c **** 	pbridge->cpd = 0;
 2968              		.loc 1 838 15 is_stmt 0 view .LVU755
 2969 0070 A362     		str	r3, [r4, #40]
 839:Module/ssd_2832.c **** 	pbridge->cped = 0;
 2970              		.loc 1 839 2 is_stmt 1 view .LVU756
 839:Module/ssd_2832.c **** 	pbridge->cped = 0;
 2971              		.loc 1 839 15 is_stmt 0 view .LVU757
 2972 0072 E362     		str	r3, [r4, #44]
 840:Module/ssd_2832.c **** 	pbridge->cptd = 0;
 2973              		.loc 1 840 2 is_stmt 1 view .LVU758
 840:Module/ssd_2832.c **** 	pbridge->cptd = 0;
 2974              		.loc 1 840 16 is_stmt 0 view .LVU759
 2975 0074 2363     		str	r3, [r4, #48]
 841:Module/ssd_2832.c **** 	pbridge->ctd = 0;
 2976              		.loc 1 841 2 is_stmt 1 view .LVU760
 841:Module/ssd_2832.c **** 	pbridge->ctd = 0;
 2977              		.loc 1 841 16 is_stmt 0 view .LVU761
 2978 0076 6363     		str	r3, [r4, #52]
 842:Module/ssd_2832.c **** 	pbridge->htd = 0;
ARM GAS  C:\Users\ADMINI~1\AppData\Local\Temp\ccttuXL8.s 			page 88


 2979              		.loc 1 842 2 is_stmt 1 view .LVU762
 842:Module/ssd_2832.c **** 	pbridge->htd = 0;
 2980              		.loc 1 842 15 is_stmt 0 view .LVU763
 2981 0078 A363     		str	r3, [r4, #56]
 843:Module/ssd_2832.c **** 
 2982              		.loc 1 843 2 is_stmt 1 view .LVU764
 843:Module/ssd_2832.c **** 
 2983              		.loc 1 843 15 is_stmt 0 view .LVU765
 2984 007a E363     		str	r3, [r4, #60]
 845:Module/ssd_2832.c **** 	pbridge->lane = ptr_MIPI_TABLE[gMipiTableIndex]->LANE_CNT-1;           //4lane
 2985              		.loc 1 845 2 is_stmt 1 view .LVU766
 845:Module/ssd_2832.c **** 	pbridge->lane = ptr_MIPI_TABLE[gMipiTableIndex]->LANE_CNT-1;           //4lane
 2986              		.loc 1 845 16 is_stmt 0 view .LVU767
 2987 007c 0125     		movs	r5, #1
 2988 007e 2564     		str	r5, [r4, #64]
 846:Module/ssd_2832.c **** 	pbridge->video_or_cmd = 0;   //video,command
 2989              		.loc 1 846 2 is_stmt 1 view .LVU768
 846:Module/ssd_2832.c **** 	pbridge->video_or_cmd = 0;   //video,command
 2990              		.loc 1 846 32 is_stmt 0 view .LVU769
 2991 0080 0878     		ldrb	r0, [r1]	@ zero_extendqisi2
 846:Module/ssd_2832.c **** 	pbridge->video_or_cmd = 0;   //video,command
 2992              		.loc 1 846 49 view .LVU770
 2993 0082 52F82000 		ldr	r0, [r2, r0, lsl #2]
 2994 0086 90F85C00 		ldrb	r0, [r0, #92]	@ zero_extendqisi2
 846:Module/ssd_2832.c **** 	pbridge->video_or_cmd = 0;   //video,command
 2995              		.loc 1 846 59 view .LVU771
 2996 008a 0138     		subs	r0, r0, #1
 846:Module/ssd_2832.c **** 	pbridge->video_or_cmd = 0;   //video,command
 2997              		.loc 1 846 16 view .LVU772
 2998 008c 6064     		str	r0, [r4, #68]
 847:Module/ssd_2832.c **** 	pbridge->bits = 3;           //24,18,16
 2999              		.loc 1 847 2 is_stmt 1 view .LVU773
 847:Module/ssd_2832.c **** 	pbridge->bits = 3;           //24,18,16
 3000              		.loc 1 847 24 is_stmt 0 view .LVU774
 3001 008e A364     		str	r3, [r4, #72]
 848:Module/ssd_2832.c **** 	pbridge->rgb_or_bgr = 0;     //RGB,BGR
 3002              		.loc 1 848 2 is_stmt 1 view .LVU775
 848:Module/ssd_2832.c **** 	pbridge->rgb_or_bgr = 0;     //RGB,BGR
 3003              		.loc 1 848 16 is_stmt 0 view .LVU776
 3004 0090 0320     		movs	r0, #3
 3005 0092 E064     		str	r0, [r4, #76]
 849:Module/ssd_2832.c **** 	
 3006              		.loc 1 849 2 is_stmt 1 view .LVU777
 849:Module/ssd_2832.c **** 	
 3007              		.loc 1 849 22 is_stmt 0 view .LVU778
 3008 0094 2365     		str	r3, [r4, #80]
 851:Module/ssd_2832.c **** 	pbridge->de_polarity = 1;    //DE Polarity;0,active low
 3009              		.loc 1 851 2 is_stmt 1 view .LVU779
 851:Module/ssd_2832.c **** 	pbridge->de_polarity = 1;    //DE Polarity;0,active low
 3010              		.loc 1 851 24 is_stmt 0 view .LVU780
 3011 0096 6365     		str	r3, [r4, #84]
 852:Module/ssd_2832.c **** 	pbridge->vsync_polarity =0; //V Sync Polarity;0,Vsync pulse is active low  关键参数
 3012              		.loc 1 852 2 is_stmt 1 view .LVU781
 852:Module/ssd_2832.c **** 	pbridge->vsync_polarity =0; //V Sync Polarity;0,Vsync pulse is active low  关键参数
 3013              		.loc 1 852 23 is_stmt 0 view .LVU782
 3014 0098 A565     		str	r5, [r4, #88]
 853:Module/ssd_2832.c **** 	pbridge->hsync_polarity = 0; //H Sync Polarity;0,Hsync pulse is active low
ARM GAS  C:\Users\ADMINI~1\AppData\Local\Temp\ccttuXL8.s 			page 89


 3015              		.loc 1 853 2 is_stmt 1 view .LVU783
 853:Module/ssd_2832.c **** 	pbridge->hsync_polarity = 0; //H Sync Polarity;0,Hsync pulse is active low
 3016              		.loc 1 853 26 is_stmt 0 view .LVU784
 3017 009a E365     		str	r3, [r4, #92]
 854:Module/ssd_2832.c **** 	pbridge->sync_mode = ptr_MIPI_TABLE[gMipiTableIndex]->Display_Mode;      //Video mode,0,non burst 
 3018              		.loc 1 854 2 is_stmt 1 view .LVU785
 854:Module/ssd_2832.c **** 	pbridge->sync_mode = ptr_MIPI_TABLE[gMipiTableIndex]->Display_Mode;      //Video mode,0,non burst 
 3019              		.loc 1 854 26 is_stmt 0 view .LVU786
 3020 009c 2366     		str	r3, [r4, #96]
 855:Module/ssd_2832.c **** 							//1,non burst mode with sync events
 3021              		.loc 1 855 2 is_stmt 1 view .LVU787
 855:Module/ssd_2832.c **** 							//1,non burst mode with sync events
 3022              		.loc 1 855 37 is_stmt 0 view .LVU788
 3023 009e 0978     		ldrb	r1, [r1]	@ zero_extendqisi2
 855:Module/ssd_2832.c **** 							//1,non burst mode with sync events
 3024              		.loc 1 855 54 view .LVU789
 3025 00a0 52F82120 		ldr	r2, [r2, r1, lsl #2]
 3026 00a4 92F86120 		ldrb	r2, [r2, #97]	@ zero_extendqisi2
 3027 00a8 6266     		str	r2, [r4, #100]
 859:Module/ssd_2832.c **** 	pbridge->video_msb_lsb_swap	=	0;	//0 – No Swap 1 –Swap RGB pixel upper and lower
 3028              		.loc 1 859 2 is_stmt 1 view .LVU790
 859:Module/ssd_2832.c **** 	pbridge->video_msb_lsb_swap	=	0;	//0 – No Swap 1 –Swap RGB pixel upper and lower
 3029              		.loc 1 859 22 is_stmt 0 view .LVU791
 3030 00aa 0222     		movs	r2, #2
 3031 00ac A266     		str	r2, [r4, #104]
 860:Module/ssd_2832.c **** 	
 3032              		.loc 1 860 2 is_stmt 1 view .LVU792
 860:Module/ssd_2832.c **** 	
 3033              		.loc 1 860 30 is_stmt 0 view .LVU793
 3034 00ae C4F89030 		str	r3, [r4, #144]
 863:Module/ssd_2832.c **** 	pbridge->clk_hs = 720 ;  //952       //HS Speed(MHz);High speed
 3035              		.loc 1 863 2 is_stmt 1 view .LVU794
 863:Module/ssd_2832.c **** 	pbridge->clk_hs = 720 ;  //952       //HS Speed(MHz);High speed
 3036              		.loc 1 863 18 is_stmt 0 view .LVU795
 3037 00b2 0722     		movs	r2, #7
 3038 00b4 E266     		str	r2, [r4, #108]
 864:Module/ssd_2832.c **** 
 3039              		.loc 1 864 2 is_stmt 1 view .LVU796
 864:Module/ssd_2832.c **** 
 3040              		.loc 1 864 18 is_stmt 0 view .LVU797
 3041 00b6 4FF43472 		mov	r2, #720
 3042 00ba 2267     		str	r2, [r4, #112]
 866:Module/ssd_2832.c **** 	pbridge->always_keep_hs = 0;  //Always Keep HS Clock
 3043              		.loc 1 866 2 is_stmt 1 view .LVU798
 866:Module/ssd_2832.c **** 	pbridge->always_keep_hs = 0;  //Always Keep HS Clock
 3044              		.loc 1 866 27 is_stmt 0 view .LVU799
 3045 00bc 6367     		str	r3, [r4, #116]
 867:Module/ssd_2832.c **** 	pbridge->send_eot_in_hs = 1;  //Send EOT Packet in HS Mode
 3046              		.loc 1 867 2 is_stmt 1 view .LVU800
 867:Module/ssd_2832.c **** 	pbridge->send_eot_in_hs = 1;  //Send EOT Packet in HS Mode
 3047              		.loc 1 867 26 is_stmt 0 view .LVU801
 3048 00be A367     		str	r3, [r4, #120]
 868:Module/ssd_2832.c **** 	pbridge->start_video_before_init = 1; //Start Video before Initialzation
 3049              		.loc 1 868 2 is_stmt 1 view .LVU802
 868:Module/ssd_2832.c **** 	pbridge->start_video_before_init = 1; //Start Video before Initialzation
 3050              		.loc 1 868 26 is_stmt 0 view .LVU803
 3051 00c0 E567     		str	r5, [r4, #124]
ARM GAS  C:\Users\ADMINI~1\AppData\Local\Temp\ccttuXL8.s 			page 90


 869:Module/ssd_2832.c **** 
 3052              		.loc 1 869 2 is_stmt 1 view .LVU804
 869:Module/ssd_2832.c **** 
 3053              		.loc 1 869 35 is_stmt 0 view .LVU805
 3054 00c2 C4F88050 		str	r5, [r4, #128]
 871:Module/ssd_2832.c **** 	pbridge->dphy_or_cphy = 1;     //0 - MIPI DPHY, 1 - MIPI CPHY
 3055              		.loc 1 871 2 is_stmt 1 view .LVU806
 871:Module/ssd_2832.c **** 	pbridge->dphy_or_cphy = 1;     //0 - MIPI DPHY, 1 - MIPI CPHY
 3056              		.loc 1 871 27 is_stmt 0 view .LVU807
 3057 00c6 C4F88430 		str	r3, [r4, #132]
 872:Module/ssd_2832.c **** 
 3058              		.loc 1 872 2 is_stmt 1 view .LVU808
 872:Module/ssd_2832.c **** 
 3059              		.loc 1 872 24 is_stmt 0 view .LVU809
 3060 00ca C4F88850 		str	r5, [r4, #136]
 874:Module/ssd_2832.c **** 	pbridge->low_power_tx_drive_strength = 0x00FF0000|0 ; //Analog Control Register,BIT24-22,Low Power
 3061              		.loc 1 874 2 is_stmt 1 view .LVU810
 874:Module/ssd_2832.c **** 	pbridge->low_power_tx_drive_strength = 0x00FF0000|0 ; //Analog Control Register,BIT24-22,Low Power
 3062              		.loc 1 874 33 is_stmt 0 view .LVU811
 3063 00ce 984B     		ldr	r3, .L263+12
 3064 00d0 C4F89430 		str	r3, [r4, #148]
 875:Module/ssd_2832.c **** 	pbridge->post_len = 0x00FF0000 |31;          //CPHY Transmit Global Register 1,BIT20-16,The number
 3065              		.loc 1 875 2 is_stmt 1 view .LVU812
 875:Module/ssd_2832.c **** 	pbridge->post_len = 0x00FF0000 |31;          //CPHY Transmit Global Register 1,BIT20-16,The number
 3066              		.loc 1 875 39 is_stmt 0 view .LVU813
 3067 00d4 4FF47F03 		mov	r3, #16711680
 3068 00d8 C4F89830 		str	r3, [r4, #152]
 876:Module/ssd_2832.c **** 	pbridge->Voltage_trimming_bits=3;
 3069              		.loc 1 876 2 is_stmt 1 view .LVU814
 876:Module/ssd_2832.c **** 	pbridge->Voltage_trimming_bits=3;
 3070              		.loc 1 876 20 is_stmt 0 view .LVU815
 3071 00dc 1F33     		adds	r3, r3, #31
 3072 00de C4F8A030 		str	r3, [r4, #160]
 877:Module/ssd_2832.c **** 
 3073              		.loc 1 877 2 is_stmt 1 view .LVU816
 877:Module/ssd_2832.c **** 
 3074              		.loc 1 877 32 is_stmt 0 view .LVU817
 3075 00e2 C4F89C00 		str	r0, [r4, #156]
 879:Module/ssd_2832.c **** 
 3076              		.loc 1 879 5 is_stmt 1 view .LVU818
 3077 00e6 9349     		ldr	r1, .L263+16
 3078 00e8 9348     		ldr	r0, .L263+20
 3079 00ea FFF7FEFF 		bl	printf
 3080              	.LVL250:
 881:Module/ssd_2832.c ****     {
 3081              		.loc 1 881 4 view .LVU819
 881:Module/ssd_2832.c ****     {
 3082              		.loc 1 881 14 is_stmt 0 view .LVU820
 3083 00ee D4F88850 		ldr	r5, [r4, #136]
 881:Module/ssd_2832.c ****     {
 3084              		.loc 1 881 6 view .LVU821
 3085 00f2 002D     		cmp	r5, #0
 3086 00f4 79D0     		beq	.L201
 884:Module/ssd_2832.c ****         is_cphy = 1;
 3087              		.loc 1 884 9 is_stmt 1 view .LVU822
 3088 00f6 8F49     		ldr	r1, .L263+16
 3089 00f8 9048     		ldr	r0, .L263+24
ARM GAS  C:\Users\ADMINI~1\AppData\Local\Temp\ccttuXL8.s 			page 91


 3090 00fa FFF7FEFF 		bl	printf
 3091              	.LVL251:
 885:Module/ssd_2832.c ****         bridge_select_phy(0);
 3092              		.loc 1 885 9 view .LVU823
 886:Module/ssd_2832.c ****     }
 3093              		.loc 1 886 9 view .LVU824
 3094              	.LBB62:
 3095              	.LBI62:
 113:Module/ssd_2832.c **** {
 3096              		.loc 1 113 6 view .LVU825
 3097              	.LBB63:
 115:Module/ssd_2832.c **** {
 3098              		.loc 1 115 1 view .LVU826
 117:Module/ssd_2832.c **** }else 
 3099              		.loc 1 117 2 view .LVU827
 3100 00fe 904B     		ldr	r3, .L263+28
 3101 0100 0222     		movs	r2, #2
 3102 0102 C3F8142C 		str	r2, [r3, #3092]
 117:Module/ssd_2832.c **** }else 
 3103              		.loc 1 117 22 view .LVU828
 3104              	.LVL252:
 117:Module/ssd_2832.c **** }else 
 3105              		.loc 1 117 22 is_stmt 0 view .LVU829
 3106              	.LBE63:
 3107              	.LBE62:
 895:Module/ssd_2832.c **** 
 3108              		.loc 1 895 5 is_stmt 1 view .LVU830
 3109              	.LBB64:
 3110              	.LBI64:
 774:Module/ssd_2832.c **** {
 3111              		.loc 1 774 13 view .LVU831
 3112              	.LBE64:
 776:Module/ssd_2832.c **** }
 3113              		.loc 1 776 2 view .LVU832
 3114              	.LBB69:
 3115              	.LBB65:
 3116              	.LBI65:
 108:Module/ssd_2832.c **** {
 3117              		.loc 1 108 6 view .LVU833
 3118              	.LBB66:
 110:Module/ssd_2832.c **** }
 3119              		.loc 1 110 2 view .LVU834
 3120 0106 4CF25030 		movw	r0, #50000
 3121 010a FFF7FEFF 		bl	bsp_DelayUS
 3122              	.LVL253:
 110:Module/ssd_2832.c **** }
 3123              		.loc 1 110 2 is_stmt 0 view .LVU835
 3124              	.LBE66:
 3125              	.LBE65:
 3126              	.LBE69:
 897:Module/ssd_2832.c **** 
 3127              		.loc 1 897 5 is_stmt 1 view .LVU836
 3128 010e FFF7FEFF 		bl	bridge_hw_reset
 3129              	.LVL254:
 900:Module/ssd_2832.c **** 	bridge_write_reg_16bit(0xB8,virtual_channel | (virtual_channel << 2) | (virtual_channel << 4) | (v
 3130              		.loc 1 900 2 view .LVU837
 901:Module/ssd_2832.c **** 
ARM GAS  C:\Users\ADMINI~1\AppData\Local\Temp\ccttuXL8.s 			page 92


 3131              		.loc 1 901 2 view .LVU838
 901:Module/ssd_2832.c **** 
 3132              		.loc 1 901 65 is_stmt 0 view .LVU839
 3133 0112 B4F88430 		ldrh	r3, [r4, #132]
 901:Module/ssd_2832.c **** 
 3134              		.loc 1 901 90 view .LVU840
 3135 0116 1901     		lsls	r1, r3, #4
 901:Module/ssd_2832.c **** 
 3136              		.loc 1 901 71 view .LVU841
 3137 0118 41EA8301 		orr	r1, r1, r3, lsl #2
 3138 011c 1943     		orrs	r1, r1, r3
 901:Module/ssd_2832.c **** 
 3139              		.loc 1 901 2 view .LVU842
 3140 011e 41EA8311 		orr	r1, r1, r3, lsl #6
 3141 0122 89B2     		uxth	r1, r1
 3142 0124 B820     		movs	r0, #184
 3143 0126 FFF7FEFF 		bl	bridge_write_reg_16bit
 3144              	.LVL255:
 904:Module/ssd_2832.c **** 
 3145              		.loc 1 904 2 is_stmt 1 view .LVU843
 3146 012a 0021     		movs	r1, #0
 3147 012c B920     		movs	r0, #185
 3148 012e FFF7FEFF 		bl	bridge_write_reg_16bit
 3149              	.LVL256:
 907:Module/ssd_2832.c ****     {
 3150              		.loc 1 907 5 view .LVU844
 3151              	.LBB70:
 910:Module/ssd_2832.c ****         hs = (uint32_t)(ceil(sps));
 3152              		.loc 1 910 9 view .LVU845
 911:Module/ssd_2832.c ****     }
 3153              		.loc 1 911 9 view .LVU846
 911:Module/ssd_2832.c ****     }
 3154              		.loc 1 911 9 is_stmt 0 view .LVU847
 3155              	.LBE70:
 919:Module/ssd_2832.c **** 	n = (hs + 4) / 5;
 3156              		.loc 1 919 5 is_stmt 1 view .LVU848
 919:Module/ssd_2832.c **** 	n = (hs + 4) / 5;
 3157              		.loc 1 919 8 is_stmt 0 view .LVU849
 3158 0132 E56E     		ldr	r5, [r4, #108]
 3159              	.LVL257:
 920:Module/ssd_2832.c **** 	m = 5 * n;
 3160              		.loc 1 920 2 is_stmt 1 view .LVU850
 921:Module/ssd_2832.c **** 	hs = m;
 3161              		.loc 1 921 2 view .LVU851
 920:Module/ssd_2832.c **** 	m = 5 * n;
 3162              		.loc 1 920 10 is_stmt 0 view .LVU852
 3163 0134 216F     		ldr	r1, [r4, #112]
 3164 0136 0431     		adds	r1, r1, #4
 920:Module/ssd_2832.c **** 	m = 5 * n;
 3165              		.loc 1 920 4 view .LVU853
 3166 0138 824B     		ldr	r3, .L263+32
 3167 013a A3FB0131 		umull	r3, r1, r3, r1
 921:Module/ssd_2832.c **** 	hs = m;
 3168              		.loc 1 921 4 view .LVU854
 3169 013e 21F00309 		bic	r9, r1, #3
 3170 0142 09EB9109 		add	r9, r9, r1, lsr #2
 3171              	.LVL258:
ARM GAS  C:\Users\ADMINI~1\AppData\Local\Temp\ccttuXL8.s 			page 93


 922:Module/ssd_2832.c **** 
 3172              		.loc 1 922 2 is_stmt 1 view .LVU855
 924:Module/ssd_2832.c ****     {
 3173              		.loc 1 924 2 view .LVU856
 3174              	.LBB71:
 926:Module/ssd_2832.c ****     	n = (uint32_t)(x / (7 * lp));
 3175              		.loc 1 926 9 view .LVU857
 926:Module/ssd_2832.c ****     	n = (uint32_t)(x / (7 * lp));
 3176              		.loc 1 926 21 is_stmt 0 view .LVU858
 3177 0146 4846     		mov	r0, r9
 3178 0148 FFF7FEFF 		bl	__aeabi_ui2d
 3179              	.LVL259:
 926:Module/ssd_2832.c ****     	n = (uint32_t)(x / (7 * lp));
 3180              		.loc 1 926 16 view .LVU859
 3181 014c 0022     		movs	r2, #0
 3182 014e 7E4B     		ldr	r3, .L263+36
 3183 0150 FFF7FEFF 		bl	__aeabi_dmul
 3184              	.LVL260:
 3185 0154 0646     		mov	r6, r0
 3186 0156 0F46     		mov	r7, r1
 3187              	.LVL261:
 927:Module/ssd_2832.c ****     	if ((x - n*7.0f*lp)>0)
 3188              		.loc 1 927 6 is_stmt 1 view .LVU860
 927:Module/ssd_2832.c ****     	if ((x - n*7.0f*lp)>0)
 3189              		.loc 1 927 23 is_stmt 0 view .LVU861
 3190 0158 C5EBC500 		rsb	r0, r5, r5, lsl #3
 3191 015c FFF7FEFF 		bl	__aeabi_ui2d
 3192              	.LVL262:
 3193 0160 0246     		mov	r2, r0
 3194 0162 0B46     		mov	r3, r1
 3195 0164 3046     		mov	r0, r6
 3196 0166 3946     		mov	r1, r7
 3197 0168 FFF7FEFF 		bl	__aeabi_ddiv
 3198              	.LVL263:
 927:Module/ssd_2832.c ****     	if ((x - n*7.0f*lp)>0)
 3199              		.loc 1 927 8 view .LVU862
 3200 016c FFF7FEFF 		bl	__aeabi_d2uiz
 3201              	.LVL264:
 3202 0170 0446     		mov	r4, r0
 3203              	.LVL265:
 928:Module/ssd_2832.c ****     		n += 1;
 3204              		.loc 1 928 6 is_stmt 1 view .LVU863
 928:Module/ssd_2832.c ****     		n += 1;
 3205              		.loc 1 928 16 is_stmt 0 view .LVU864
 3206 0172 FFF7FEFF 		bl	__aeabi_ui2f
 3207              	.LVL266:
 928:Module/ssd_2832.c ****     		n += 1;
 3208              		.loc 1 928 16 view .LVU865
 3209 0176 7549     		ldr	r1, .L263+40
 3210 0178 FFF7FEFF 		bl	__aeabi_fmul
 3211              	.LVL267:
 3212 017c 8046     		mov	r8, r0
 928:Module/ssd_2832.c ****     		n += 1;
 3213              		.loc 1 928 21 view .LVU866
 3214 017e 2846     		mov	r0, r5
 3215 0180 FFF7FEFF 		bl	__aeabi_ui2f
 3216              	.LVL268:
ARM GAS  C:\Users\ADMINI~1\AppData\Local\Temp\ccttuXL8.s 			page 94


 3217 0184 0146     		mov	r1, r0
 3218 0186 4046     		mov	r0, r8
 3219 0188 FFF7FEFF 		bl	__aeabi_fmul
 3220              	.LVL269:
 3221 018c FFF7FEFF 		bl	__aeabi_f2d
 3222              	.LVL270:
 3223 0190 0246     		mov	r2, r0
 3224 0192 0B46     		mov	r3, r1
 928:Module/ssd_2832.c ****     		n += 1;
 3225              		.loc 1 928 13 view .LVU867
 3226 0194 3046     		mov	r0, r6
 3227 0196 3946     		mov	r1, r7
 3228 0198 FFF7FEFF 		bl	__aeabi_dsub
 3229              	.LVL271:
 928:Module/ssd_2832.c ****     		n += 1;
 3230              		.loc 1 928 9 view .LVU868
 3231 019c 0022     		movs	r2, #0
 3232 019e 0023     		movs	r3, #0
 3233 01a0 FFF7FEFF 		bl	__aeabi_dcmpgt
 3234              	.LVL272:
 3235 01a4 00B1     		cbz	r0, .L203
 929:Module/ssd_2832.c ****     	lp = (uint32_t)(x / (7 * n));
 3236              		.loc 1 929 7 is_stmt 1 view .LVU869
 929:Module/ssd_2832.c ****     	lp = (uint32_t)(x / (7 * n));
 3237              		.loc 1 929 9 is_stmt 0 view .LVU870
 3238 01a6 0134     		adds	r4, r4, #1
 3239              	.LVL273:
 3240              	.L203:
 930:Module/ssd_2832.c ****     	n -= 1;
 3241              		.loc 1 930 6 is_stmt 1 view .LVU871
 931:Module/ssd_2832.c ****     }
 3242              		.loc 1 931 6 view .LVU872
 931:Module/ssd_2832.c ****     }
 3243              		.loc 1 931 8 is_stmt 0 view .LVU873
 3244 01a8 013C     		subs	r4, r4, #1
 3245              	.LVL274:
 931:Module/ssd_2832.c ****     }
 3246              		.loc 1 931 8 view .LVU874
 3247              	.LBE71:
 943:Module/ssd_2832.c **** 		rba = 0x0200;
 3248              		.loc 1 943 2 is_stmt 1 view .LVU875
 943:Module/ssd_2832.c **** 		rba = 0x0200;
 3249              		.loc 1 943 5 is_stmt 0 view .LVU876
 3250 01aa B9F17C0F 		cmp	r9, #124
 3251 01ae 40F20581 		bls	.L206
 945:Module/ssd_2832.c **** 		rba = 0x4200;
 3252              		.loc 1 945 7 is_stmt 1 view .LVU877
 945:Module/ssd_2832.c **** 		rba = 0x4200;
 3253              		.loc 1 945 10 is_stmt 0 view .LVU878
 3254 01b2 B9F1F90F 		cmp	r9, #249
 3255 01b6 40F21582 		bls	.L245
 885:Module/ssd_2832.c ****         bridge_select_phy(0);
 3256              		.loc 1 885 17 view .LVU879
 3257 01ba 0125     		movs	r5, #1
 3258              	.LVL275:
 3259              	.L244:
 947:Module/ssd_2832.c **** 		rba = 0x8200;
ARM GAS  C:\Users\ADMINI~1\AppData\Local\Temp\ccttuXL8.s 			page 95


 3260              		.loc 1 947 7 is_stmt 1 view .LVU880
 950:Module/ssd_2832.c **** 	rba |= (m / 5) & 0xFF;
 3261              		.loc 1 950 7 is_stmt 0 view .LVU881
 3262 01bc B9F5FA7F 		cmp	r9, #500
 3263              	.LVL276:
 951:Module/ssd_2832.c **** 
 3264              		.loc 1 951 2 is_stmt 1 view .LVU882
 951:Module/ssd_2832.c **** 
 3265              		.loc 1 951 12 is_stmt 0 view .LVU883
 3266 01c0 6049     		ldr	r1, .L263+32
 3267 01c2 A1FB0931 		umull	r3, r1, r1, r9
 951:Module/ssd_2832.c **** 
 3268              		.loc 1 951 17 view .LVU884
 3269 01c6 C1F38701 		ubfx	r1, r1, #2, #8
 3270              	.LVL277:
 954:Module/ssd_2832.c **** 	rba |= 0x500;
 3271              		.loc 1 954 5 is_stmt 1 view .LVU885
 954:Module/ssd_2832.c **** 	rba |= 0x500;
 3272              		.loc 1 954 9 is_stmt 0 view .LVU886
 3273 01ca 34BF     		ite	cc
 3274 01cc 4FF40049 		movcc	r9, #32768
 3275              	.LVL278:
 954:Module/ssd_2832.c **** 	rba |= 0x500;
 3276              		.loc 1 954 9 view .LVU887
 3277 01d0 4FF44049 		movcs	r9, #49152
 3278 01d4 49EA0101 		orr	r1, r9, r1
 3279              	.LVL279:
 955:Module/ssd_2832.c **** 
 3280              		.loc 1 955 2 is_stmt 1 view .LVU888
 957:Module/ssd_2832.c **** 
 3281              		.loc 1 957 5 view .LVU889
 3282 01d8 41F4A061 		orr	r1, r1, #1280
 3283              	.LVL280:
 957:Module/ssd_2832.c **** 
 3284              		.loc 1 957 5 is_stmt 0 view .LVU890
 3285 01dc BA20     		movs	r0, #186
 3286 01de FFF7FEFF 		bl	bridge_write_reg_16bit
 3287              	.LVL281:
 959:Module/ssd_2832.c **** 	{
 3288              		.loc 1 959 2 is_stmt 1 view .LVU891
 959:Module/ssd_2832.c **** 	{
 3289              		.loc 1 959 4 is_stmt 0 view .LVU892
 3290 01e2 002D     		cmp	r5, #0
 3291 01e4 00F0E380 		beq	.L211
 3292 01e8 F2E0     		b	.L242
 3293              	.LVL282:
 3294              	.L201:
 891:Module/ssd_2832.c ****         is_cphy = 0;
 3295              		.loc 1 891 9 is_stmt 1 view .LVU893
 3296 01ea 5249     		ldr	r1, .L263+16
 3297 01ec 5848     		ldr	r0, .L263+44
 3298 01ee FFF7FEFF 		bl	printf
 3299              	.LVL283:
 892:Module/ssd_2832.c ****         bridge_select_phy(1);
 3300              		.loc 1 892 9 view .LVU894
 893:Module/ssd_2832.c ****     }
 3301              		.loc 1 893 9 view .LVU895
ARM GAS  C:\Users\ADMINI~1\AppData\Local\Temp\ccttuXL8.s 			page 96


 3302              	.LBB72:
 3303              	.LBI72:
 113:Module/ssd_2832.c **** {
 3304              		.loc 1 113 6 view .LVU896
 3305              	.LBB73:
 115:Module/ssd_2832.c **** {
 3306              		.loc 1 115 1 view .LVU897
 120:Module/ssd_2832.c **** }
 3307              		.loc 1 120 2 view .LVU898
 3308 01f2 534B     		ldr	r3, .L263+28
 3309 01f4 0222     		movs	r2, #2
 3310 01f6 C3F8102C 		str	r2, [r3, #3088]
 3311              	.LVL284:
 120:Module/ssd_2832.c **** }
 3312              		.loc 1 120 2 is_stmt 0 view .LVU899
 3313              	.LBE73:
 3314              	.LBE72:
 895:Module/ssd_2832.c **** 
 3315              		.loc 1 895 5 is_stmt 1 view .LVU900
 3316              	.LBB74:
 774:Module/ssd_2832.c **** {
 3317              		.loc 1 774 13 view .LVU901
 3318              	.LBE74:
 776:Module/ssd_2832.c **** }
 3319              		.loc 1 776 2 view .LVU902
 3320              	.LBB75:
 3321              	.LBB68:
 108:Module/ssd_2832.c **** {
 3322              		.loc 1 108 6 view .LVU903
 3323              	.LBB67:
 110:Module/ssd_2832.c **** }
 3324              		.loc 1 110 2 view .LVU904
 3325 01fa 4CF25030 		movw	r0, #50000
 3326 01fe FFF7FEFF 		bl	bsp_DelayUS
 3327              	.LVL285:
 110:Module/ssd_2832.c **** }
 3328              		.loc 1 110 2 is_stmt 0 view .LVU905
 3329              	.LBE67:
 3330              	.LBE68:
 3331              	.LBE75:
 897:Module/ssd_2832.c **** 
 3332              		.loc 1 897 5 is_stmt 1 view .LVU906
 3333 0202 FFF7FEFF 		bl	bridge_hw_reset
 3334              	.LVL286:
 900:Module/ssd_2832.c **** 	bridge_write_reg_16bit(0xB8,virtual_channel | (virtual_channel << 2) | (virtual_channel << 4) | (v
 3335              		.loc 1 900 2 view .LVU907
 901:Module/ssd_2832.c **** 
 3336              		.loc 1 901 2 view .LVU908
 900:Module/ssd_2832.c **** 	bridge_write_reg_16bit(0xB8,virtual_channel | (virtual_channel << 2) | (virtual_channel << 4) | (v
 3337              		.loc 1 900 11 is_stmt 0 view .LVU909
 3338 0206 484C     		ldr	r4, .L263+4
 901:Module/ssd_2832.c **** 
 3339              		.loc 1 901 65 view .LVU910
 3340 0208 B4F88430 		ldrh	r3, [r4, #132]
 901:Module/ssd_2832.c **** 
 3341              		.loc 1 901 90 view .LVU911
 3342 020c 1901     		lsls	r1, r3, #4
ARM GAS  C:\Users\ADMINI~1\AppData\Local\Temp\ccttuXL8.s 			page 97


 901:Module/ssd_2832.c **** 
 3343              		.loc 1 901 71 view .LVU912
 3344 020e 41EA8301 		orr	r1, r1, r3, lsl #2
 3345 0212 1943     		orrs	r1, r1, r3
 901:Module/ssd_2832.c **** 
 3346              		.loc 1 901 2 view .LVU913
 3347 0214 41EA8311 		orr	r1, r1, r3, lsl #6
 3348 0218 89B2     		uxth	r1, r1
 3349 021a B820     		movs	r0, #184
 3350 021c FFF7FEFF 		bl	bridge_write_reg_16bit
 3351              	.LVL287:
 904:Module/ssd_2832.c **** 
 3352              		.loc 1 904 2 is_stmt 1 view .LVU914
 3353 0220 0021     		movs	r1, #0
 3354 0222 B920     		movs	r0, #185
 3355 0224 FFF7FEFF 		bl	bridge_write_reg_16bit
 3356              	.LVL288:
 907:Module/ssd_2832.c ****     {
 3357              		.loc 1 907 5 view .LVU915
 3358              	.LBB76:
 915:Module/ssd_2832.c ****         hs = (uint32_t)(ceil(sps));
 3359              		.loc 1 915 9 view .LVU916
 916:Module/ssd_2832.c ****     }
 3360              		.loc 1 916 9 view .LVU917
 916:Module/ssd_2832.c ****     }
 3361              		.loc 1 916 9 is_stmt 0 view .LVU918
 3362              	.LBE76:
 919:Module/ssd_2832.c **** 	n = (hs + 4) / 5;
 3363              		.loc 1 919 5 is_stmt 1 view .LVU919
 919:Module/ssd_2832.c **** 	n = (hs + 4) / 5;
 3364              		.loc 1 919 8 is_stmt 0 view .LVU920
 3365 0228 D4F86C80 		ldr	r8, [r4, #108]
 3366              	.LVL289:
 920:Module/ssd_2832.c **** 	m = 5 * n;
 3367              		.loc 1 920 2 is_stmt 1 view .LVU921
 921:Module/ssd_2832.c **** 	hs = m;
 3368              		.loc 1 921 2 view .LVU922
 920:Module/ssd_2832.c **** 	m = 5 * n;
 3369              		.loc 1 920 10 is_stmt 0 view .LVU923
 3370 022c 216F     		ldr	r1, [r4, #112]
 3371 022e 0431     		adds	r1, r1, #4
 920:Module/ssd_2832.c **** 	m = 5 * n;
 3372              		.loc 1 920 4 view .LVU924
 3373 0230 444B     		ldr	r3, .L263+32
 3374 0232 A3FB0131 		umull	r3, r1, r3, r1
 921:Module/ssd_2832.c **** 	hs = m;
 3375              		.loc 1 921 4 view .LVU925
 3376 0236 21F00309 		bic	r9, r1, #3
 3377 023a 09EB9109 		add	r9, r9, r1, lsr #2
 3378              	.LVL290:
 922:Module/ssd_2832.c **** 
 3379              		.loc 1 922 2 is_stmt 1 view .LVU926
 924:Module/ssd_2832.c ****     {
 3380              		.loc 1 924 2 view .LVU927
 3381              	.LBB77:
 935:Module/ssd_2832.c ****     	n = (uint32_t)(x / (8 * lp));
 3382              		.loc 1 935 9 view .LVU928
ARM GAS  C:\Users\ADMINI~1\AppData\Local\Temp\ccttuXL8.s 			page 98


 935:Module/ssd_2832.c ****     	n = (uint32_t)(x / (8 * lp));
 3383              		.loc 1 935 16 is_stmt 0 view .LVU929
 3384 023e 4846     		mov	r0, r9
 3385 0240 FFF7FEFF 		bl	__aeabi_ui2d
 3386              	.LVL291:
 935:Module/ssd_2832.c ****     	n = (uint32_t)(x / (8 * lp));
 3387              		.loc 1 935 16 view .LVU930
 3388 0244 0646     		mov	r6, r0
 3389 0246 0F46     		mov	r7, r1
 3390              	.LVL292:
 936:Module/ssd_2832.c ****     	if ((x - n*8.0f*lp)>0)
 3391              		.loc 1 936 6 is_stmt 1 view .LVU931
 936:Module/ssd_2832.c ****     	if ((x - n*8.0f*lp)>0)
 3392              		.loc 1 936 23 is_stmt 0 view .LVU932
 3393 0248 4FEAC800 		lsl	r0, r8, #3
 3394 024c FFF7FEFF 		bl	__aeabi_ui2d
 3395              	.LVL293:
 3396 0250 0246     		mov	r2, r0
 3397 0252 0B46     		mov	r3, r1
 3398 0254 3046     		mov	r0, r6
 3399 0256 3946     		mov	r1, r7
 3400 0258 FFF7FEFF 		bl	__aeabi_ddiv
 3401              	.LVL294:
 936:Module/ssd_2832.c ****     	if ((x - n*8.0f*lp)>0)
 3402              		.loc 1 936 8 view .LVU933
 3403 025c FFF7FEFF 		bl	__aeabi_d2uiz
 3404              	.LVL295:
 3405 0260 0446     		mov	r4, r0
 3406              	.LVL296:
 937:Module/ssd_2832.c ****     		n += 1;
 3407              		.loc 1 937 6 is_stmt 1 view .LVU934
 937:Module/ssd_2832.c ****     		n += 1;
 3408              		.loc 1 937 16 is_stmt 0 view .LVU935
 3409 0262 FFF7FEFF 		bl	__aeabi_ui2f
 3410              	.LVL297:
 937:Module/ssd_2832.c ****     		n += 1;
 3411              		.loc 1 937 16 view .LVU936
 3412 0266 4FF08241 		mov	r1, #1090519040
 3413 026a FFF7FEFF 		bl	__aeabi_fmul
 3414              	.LVL298:
 3415 026e 8246     		mov	r10, r0
 937:Module/ssd_2832.c ****     		n += 1;
 3416              		.loc 1 937 21 view .LVU937
 3417 0270 4046     		mov	r0, r8
 3418 0272 FFF7FEFF 		bl	__aeabi_ui2f
 3419              	.LVL299:
 3420 0276 0146     		mov	r1, r0
 3421 0278 5046     		mov	r0, r10
 3422 027a FFF7FEFF 		bl	__aeabi_fmul
 3423              	.LVL300:
 3424 027e FFF7FEFF 		bl	__aeabi_f2d
 3425              	.LVL301:
 3426 0282 0246     		mov	r2, r0
 3427 0284 0B46     		mov	r3, r1
 937:Module/ssd_2832.c ****     		n += 1;
 3428              		.loc 1 937 13 view .LVU938
 3429 0286 3046     		mov	r0, r6
ARM GAS  C:\Users\ADMINI~1\AppData\Local\Temp\ccttuXL8.s 			page 99


 3430 0288 3946     		mov	r1, r7
 3431 028a FFF7FEFF 		bl	__aeabi_dsub
 3432              	.LVL302:
 937:Module/ssd_2832.c ****     		n += 1;
 3433              		.loc 1 937 9 view .LVU939
 3434 028e 0022     		movs	r2, #0
 3435 0290 0023     		movs	r3, #0
 3436 0292 FFF7FEFF 		bl	__aeabi_dcmpgt
 3437              	.LVL303:
 3438 0296 00B1     		cbz	r0, .L205
 938:Module/ssd_2832.c ****     	lp = (uint32_t)(x / (8 * n));
 3439              		.loc 1 938 7 is_stmt 1 view .LVU940
 938:Module/ssd_2832.c ****     	lp = (uint32_t)(x / (8 * n));
 3440              		.loc 1 938 9 is_stmt 0 view .LVU941
 3441 0298 0134     		adds	r4, r4, #1
 3442              	.LVL304:
 3443              	.L205:
 939:Module/ssd_2832.c ****     	n -= 1;
 3444              		.loc 1 939 6 is_stmt 1 view .LVU942
 940:Module/ssd_2832.c ****     }
 3445              		.loc 1 940 6 view .LVU943
 940:Module/ssd_2832.c ****     }
 3446              		.loc 1 940 8 is_stmt 0 view .LVU944
 3447 029a 013C     		subs	r4, r4, #1
 3448              	.LVL305:
 940:Module/ssd_2832.c ****     }
 3449              		.loc 1 940 8 view .LVU945
 3450              	.LBE77:
 943:Module/ssd_2832.c **** 		rba = 0x0200;
 3451              		.loc 1 943 2 is_stmt 1 view .LVU946
 943:Module/ssd_2832.c **** 		rba = 0x0200;
 3452              		.loc 1 943 5 is_stmt 0 view .LVU947
 3453 029c B9F17C0F 		cmp	r9, #124
 3454 02a0 7BD9     		bls	.L208
 945:Module/ssd_2832.c **** 		rba = 0x4200;
 3455              		.loc 1 945 7 is_stmt 1 view .LVU948
 945:Module/ssd_2832.c **** 		rba = 0x4200;
 3456              		.loc 1 945 10 is_stmt 0 view .LVU949
 3457 02a2 B9F1F90F 		cmp	r9, #249
 3458 02a6 89D8     		bhi	.L244
 3459              	.LVL306:
 951:Module/ssd_2832.c **** 
 3460              		.loc 1 951 2 is_stmt 1 view .LVU950
 954:Module/ssd_2832.c **** 	rba |= 0x500;
 3461              		.loc 1 954 5 view .LVU951
 955:Module/ssd_2832.c **** 
 3462              		.loc 1 955 2 view .LVU952
 957:Module/ssd_2832.c **** 
 3463              		.loc 1 957 5 view .LVU953
 951:Module/ssd_2832.c **** 
 3464              		.loc 1 951 12 is_stmt 0 view .LVU954
 3465 02a8 2649     		ldr	r1, .L263+32
 3466 02aa A1FB0931 		umull	r3, r1, r1, r9
 951:Module/ssd_2832.c **** 
 3467              		.loc 1 951 17 view .LVU955
 3468 02ae C1F38701 		ubfx	r1, r1, #2, #8
 957:Module/ssd_2832.c **** 
ARM GAS  C:\Users\ADMINI~1\AppData\Local\Temp\ccttuXL8.s 			page 100


 3469              		.loc 1 957 5 view .LVU956
 3470 02b2 41F48A41 		orr	r1, r1, #17664
 3471 02b6 BA20     		movs	r0, #186
 3472 02b8 FFF7FEFF 		bl	bridge_write_reg_16bit
 3473              	.LVL307:
 959:Module/ssd_2832.c **** 	{
 3474              		.loc 1 959 2 is_stmt 1 view .LVU957
 3475 02bc 77E0     		b	.L211
 3476              	.LVL308:
 3477              	.L213:
 988:Module/ssd_2832.c ****                               (0xFF000000&((pbridge->vbp + pbridge->vsw)>>8<<24)) |
 3478              		.loc 1 988 9 view .LVU958
 989:Module/ssd_2832.c ****                               (0xFF0000&((pbridge->hbp + pbridge->hsw)>>8<<16)) |
 3479              		.loc 1 989 52 is_stmt 0 view .LVU959
 3480 02be 1A49     		ldr	r1, .L263+4
 989:Module/ssd_2832.c ****                               (0xFF0000&((pbridge->hbp + pbridge->hsw)>>8<<16)) |
 3481              		.loc 1 989 58 view .LVU960
 3482 02c0 CB68     		ldr	r3, [r1, #12]
 3483 02c2 4A68     		ldr	r2, [r1, #4]
 3484 02c4 1344     		add	r3, r3, r2
 990:Module/ssd_2832.c ****                               (0xFF00&((pbridge->vbp + pbridge->vsw)<<8)) |
 3485              		.loc 1 990 56 view .LVU961
 3486 02c6 8A68     		ldr	r2, [r1, #8]
 3487 02c8 0968     		ldr	r1, [r1]
 3488 02ca 0A44     		add	r2, r2, r1
 989:Module/ssd_2832.c ****                               (0xFF0000&((pbridge->hbp + pbridge->hsw)>>8<<16)) |
 3489              		.loc 1 989 73 view .LVU962
 3490 02cc 190A     		lsrs	r1, r3, #8
 991:Module/ssd_2832.c ****                               (0xFF&(pbridge->hbp + pbridge->hsw)));
 3491              		.loc 1 991 69 view .LVU963
 3492 02ce 1B02     		lsls	r3, r3, #8
 991:Module/ssd_2832.c ****                               (0xFF&(pbridge->hbp + pbridge->hsw)));
 3493              		.loc 1 991 38 view .LVU964
 3494 02d0 9BB2     		uxth	r3, r3
 988:Module/ssd_2832.c ****                               (0xFF000000&((pbridge->vbp + pbridge->vsw)>>8<<24)) |
 3495              		.loc 1 988 9 view .LVU965
 3496 02d2 43EA0163 		orr	r3, r3, r1, lsl #24
 992:Module/ssd_2832.c ****     }
 3497              		.loc 1 992 36 view .LVU966
 3498 02d6 D1B2     		uxtb	r1, r2
 988:Module/ssd_2832.c ****                               (0xFF000000&((pbridge->vbp + pbridge->vsw)>>8<<24)) |
 3499              		.loc 1 988 9 view .LVU967
 3500 02d8 0B43     		orrs	r3, r3, r1
 990:Module/ssd_2832.c ****                               (0xFF00&((pbridge->vbp + pbridge->vsw)<<8)) |
 3501              		.loc 1 990 74 view .LVU968
 3502 02da 1102     		lsls	r1, r2, #8
 990:Module/ssd_2832.c ****                               (0xFF00&((pbridge->vbp + pbridge->vsw)<<8)) |
 3503              		.loc 1 990 40 view .LVU969
 3504 02dc 01F47F01 		and	r1, r1, #16711680
 988:Module/ssd_2832.c ****                               (0xFF000000&((pbridge->vbp + pbridge->vsw)>>8<<24)) |
 3505              		.loc 1 988 9 view .LVU970
 3506 02e0 1943     		orrs	r1, r1, r3
 3507 02e2 B220     		movs	r0, #178
 3508 02e4 FFF7FEFF 		bl	bridge_write_reg_32bit
 3509              	.LVL309:
 3510 02e8 A1E0     		b	.L214
 3511              	.LVL310:
ARM GAS  C:\Users\ADMINI~1\AppData\Local\Temp\ccttuXL8.s 			page 101


 3512              	.L216:
1090:Module/ssd_2832.c **** 
 3513              		.loc 1 1090 3 is_stmt 1 view .LVU971
1092:Module/ssd_2832.c **** 		{
 3514              		.loc 1 1092 3 view .LVU972
1092:Module/ssd_2832.c **** 		{
 3515              		.loc 1 1092 13 is_stmt 0 view .LVU973
 3516 02ea 0F4B     		ldr	r3, .L263+4
 3517 02ec D3F89430 		ldr	r3, [r3, #148]
1092:Module/ssd_2832.c **** 		{
 3518              		.loc 1 1092 5 view .LVU974
 3519 02f0 13F47F0F 		tst	r3, #16711680
1095:Module/ssd_2832.c **** 			value = pbridge->driver_output_res_ctl;
 3520              		.loc 1 1095 7 is_stmt 1 view .LVU975
 3521              	.LVL311:
1096:Module/ssd_2832.c **** 			value &= 0xFF00FFFF;
 3522              		.loc 1 1096 4 view .LVU976
1097:Module/ssd_2832.c **** 		    default_analog_control |= (value << 25)	;
 3523              		.loc 1 1097 4 view .LVU977
1098:Module/ssd_2832.c **** 		}
 3524              		.loc 1 1098 7 view .LVU978
1098:Module/ssd_2832.c **** 		}
 3525              		.loc 1 1098 30 is_stmt 0 view .LVU979
 3526 02f4 1ABF     		itte	ne
 3527 02f6 1749     		ldrne	r1, .L263+48
 3528 02f8 41EA4361 		orrne	r1, r1, r3, lsl #25
 3529              	.LVL312:
1090:Module/ssd_2832.c **** 
 3530              		.loc 1 1090 26 view .LVU980
 3531 02fc 1649     		ldreq	r1, .L263+52
 3532              	.LVL313:
1101:Module/ssd_2832.c **** 		{
 3533              		.loc 1 1101 3 is_stmt 1 view .LVU981
1101:Module/ssd_2832.c **** 		{
 3534              		.loc 1 1101 13 is_stmt 0 view .LVU982
 3535 02fe 0A4B     		ldr	r3, .L263+4
 3536              	.LVL314:
1101:Module/ssd_2832.c **** 		{
 3537              		.loc 1 1101 13 view .LVU983
 3538 0300 D3F89830 		ldr	r3, [r3, #152]
1101:Module/ssd_2832.c **** 		{
 3539              		.loc 1 1101 5 view .LVU984
 3540 0304 13F47F0F 		tst	r3, #16711680
1103:Module/ssd_2832.c **** 			value &= 0xFF00FFFF;
 3541              		.loc 1 1103 4 is_stmt 1 view .LVU985
 3542              	.LVL315:
1104:Module/ssd_2832.c **** 			default_analog_control &= 0xFE3FFFFF;
 3543              		.loc 1 1104 4 view .LVU986
1105:Module/ssd_2832.c **** 		    default_analog_control |= (value << 22)	;
 3544              		.loc 1 1105 4 view .LVU987
1106:Module/ssd_2832.c **** 		}
 3545              		.loc 1 1106 7 view .LVU988
1105:Module/ssd_2832.c **** 		    default_analog_control |= (value << 22)	;
 3546              		.loc 1 1105 27 is_stmt 0 view .LVU989
 3547 0308 1CBF     		itt	ne
 3548 030a 21F0E071 		bicne	r1, r1, #29360128
 3549              	.LVL316:
ARM GAS  C:\Users\ADMINI~1\AppData\Local\Temp\ccttuXL8.s 			page 102


1106:Module/ssd_2832.c **** 		}
 3550              		.loc 1 1106 30 view .LVU990
 3551 030e 41EA8351 		orrne	r1, r1, r3, lsl #22
 3552              	.LVL317:
1111:Module/ssd_2832.c **** 	    //Increase Low Power Transmitter Drive Strength, some time can not light on, not sure the reas
 3553              		.loc 1 1111 6 is_stmt 1 view .LVU991
 3554 0312 D820     		movs	r0, #216
 3555 0314 FFF7FEFF 		bl	bridge_write_reg_32bit
 3556              	.LVL318:
1111:Module/ssd_2832.c **** 	    //Increase Low Power Transmitter Drive Strength, some time can not light on, not sure the reas
 3557              		.loc 1 1111 6 is_stmt 0 view .LVU992
 3558 0318 EFE0     		b	.L221
 3559              	.LVL319:
 3560              	.L224:
1123:Module/ssd_2832.c **** 	{
 3561              		.loc 1 1123 7 is_stmt 1 view .LVU993
1123:Module/ssd_2832.c **** 	{
 3562              		.loc 1 1123 9 is_stmt 0 view .LVU994
 3563 031a 012B     		cmp	r3, #1
 3564 031c 1ED0     		beq	.L258
1117:Module/ssd_2832.c ****     if(0 == pbridge->dual) //PORT,single
 3565              		.loc 1 1117 9 view .LVU995
 3566 031e 0021     		movs	r1, #0
 3567 0320 F4E0     		b	.L225
 3568              	.L264:
 3569 0322 00BF     		.align	2
 3570              	.L263:
 3571 0324 00000000 		.word	gMipiTableIndex
 3572 0328 00000000 		.word	.LANCHOR8
 3573 032c 00000000 		.word	ptr_MIPI_TABLE
 3574 0330 0E00FF00 		.word	16711694
 3575 0334 14000000 		.word	.LC1
 3576 0338 00000000 		.word	.LC28
 3577 033c 0C000000 		.word	.LC29
 3578 0340 00000140 		.word	1073807360
 3579 0344 CDCCCCCC 		.word	-858993459
 3580 0348 0000E03F 		.word	1071644672
 3581 034c 0000E040 		.word	1088421888
 3582 0350 28000000 		.word	.LC30
 3583 0354 19851C21 		.word	555517209
 3584 0358 19851C2B 		.word	723289369
 3585              	.L258:
1125:Module/ssd_2832.c ****         tmp_hi |= (0x01 << 5);
 3586              		.loc 1 1125 6 is_stmt 1 view .LVU996
 3587              	.LVL320:
1126:Module/ssd_2832.c ****         tmp_hi |= (0x01 << 6);
 3588              		.loc 1 1126 9 view .LVU997
1127:Module/ssd_2832.c ****         tmp_hi |= pbridge->lane;
 3589              		.loc 1 1127 9 view .LVU998
1128:Module/ssd_2832.c ****         tmp_hi |= ((pbridge->lane) << 2);
 3590              		.loc 1 1128 9 view .LVU999
1128:Module/ssd_2832.c ****         tmp_hi |= ((pbridge->lane) << 2);
 3591              		.loc 1 1128 26 is_stmt 0 view .LVU1000
 3592 035c A74B     		ldr	r3, .L265
 3593 035e 596C     		ldr	r1, [r3, #68]
 3594              	.LVL321:
1129:Module/ssd_2832.c **** 	}
ARM GAS  C:\Users\ADMINI~1\AppData\Local\Temp\ccttuXL8.s 			page 103


 3595              		.loc 1 1129 9 is_stmt 1 view .LVU1001
1129:Module/ssd_2832.c **** 	}
 3596              		.loc 1 1129 16 is_stmt 0 view .LVU1002
 3597 0360 41EA8101 		orr	r1, r1, r1, lsl #2
 3598              	.LVL322:
1129:Module/ssd_2832.c **** 	}
 3599              		.loc 1 1129 16 view .LVU1003
 3600 0364 41F07001 		orr	r1, r1, #112
 3601              	.LVL323:
1129:Module/ssd_2832.c **** 	}
 3602              		.loc 1 1129 16 view .LVU1004
 3603 0368 D0E0     		b	.L225
 3604              	.L226:
1138:Module/ssd_2832.c **** 	{
 3605              		.loc 1 1138 2 is_stmt 1 view .LVU1005
1138:Module/ssd_2832.c **** 	{
 3606              		.loc 1 1138 4 is_stmt 0 view .LVU1006
 3607 036a 012B     		cmp	r3, #1
 3608 036c 40F0D980 		bne	.L228
1140:Module/ssd_2832.c **** 		{
 3609              		.loc 1 1140 3 is_stmt 1 view .LVU1007
1140:Module/ssd_2832.c **** 		{
 3610              		.loc 1 1140 13 is_stmt 0 view .LVU1008
 3611 0370 A24B     		ldr	r3, .L265
1140:Module/ssd_2832.c **** 		{
 3612              		.loc 1 1140 5 view .LVU1009
 3613 0372 D3F88C30 		ldr	r3, [r3, #140]
 3614 0376 002B     		cmp	r3, #0
 3615 0378 00F0D380 		beq	.L228
1142:Module/ssd_2832.c **** 		}
 3616              		.loc 1 1142 4 is_stmt 1 view .LVU1010
1142:Module/ssd_2832.c **** 		}
 3617              		.loc 1 1142 11 is_stmt 0 view .LVU1011
 3618 037c 41F00071 		orr	r1, r1, #33554432
 3619              	.LVL324:
1142:Module/ssd_2832.c **** 		}
 3620              		.loc 1 1142 11 view .LVU1012
 3621 0380 CFE0     		b	.L228
 3622              	.L259:
1176:Module/ssd_2832.c ****     }
 3623              		.loc 1 1176 9 is_stmt 1 view .LVU1013
1176:Module/ssd_2832.c ****     }
 3624              		.loc 1 1176 16 is_stmt 0 view .LVU1014
 3625 0382 41F48061 		orr	r1, r1, #1024
 3626              	.LVL325:
1178:Module/ssd_2832.c ****     {
 3627              		.loc 1 1178 5 is_stmt 1 view .LVU1015
 3628 0386 EEE0     		b	.L234
 3629              	.L260:
1192:Module/ssd_2832.c ****     }
 3630              		.loc 1 1192 9 view .LVU1016
1192:Module/ssd_2832.c ****     }
 3631              		.loc 1 1192 16 is_stmt 0 view .LVU1017
 3632 0388 41F00401 		orr	r1, r1, #4
 3633              	.LVL326:
1192:Module/ssd_2832.c ****     }
 3634              		.loc 1 1192 16 view .LVU1018
ARM GAS  C:\Users\ADMINI~1\AppData\Local\Temp\ccttuXL8.s 			page 104


 3635 038c F5E0     		b	.L235
 3636              	.L261:
1208:Module/ssd_2832.c ****     }
 3637              		.loc 1 1208 9 is_stmt 1 view .LVU1019
1208:Module/ssd_2832.c ****     }
 3638              		.loc 1 1208 16 is_stmt 0 view .LVU1020
 3639 038e 41F00101 		orr	r1, r1, #1
 3640              	.LVL327:
1208:Module/ssd_2832.c ****     }
 3641              		.loc 1 1208 16 view .LVU1021
 3642 0392 01E1     		b	.L237
 3643              	.L262:
1213:Module/ssd_2832.c ****     }
 3644              		.loc 1 1213 9 is_stmt 1 view .LVU1022
1213:Module/ssd_2832.c ****     }
 3645              		.loc 1 1213 16 is_stmt 0 view .LVU1023
 3646 0394 41F00201 		orr	r1, r1, #2
 3647              	.LVL328:
1213:Module/ssd_2832.c ****     }
 3648              		.loc 1 1213 16 view .LVU1024
 3649 0398 FEE0     		b	.L237
 3650              	.LVL329:
 3651              	.L208:
 951:Module/ssd_2832.c **** 
 3652              		.loc 1 951 2 is_stmt 1 view .LVU1025
 954:Module/ssd_2832.c **** 	rba |= 0x500;
 3653              		.loc 1 954 5 view .LVU1026
 955:Module/ssd_2832.c **** 
 3654              		.loc 1 955 2 view .LVU1027
 957:Module/ssd_2832.c **** 
 3655              		.loc 1 957 5 view .LVU1028
 951:Module/ssd_2832.c **** 
 3656              		.loc 1 951 12 is_stmt 0 view .LVU1029
 3657 039a 9949     		ldr	r1, .L265+4
 3658 039c A1FB0931 		umull	r3, r1, r1, r9
 955:Module/ssd_2832.c **** 
 3659              		.loc 1 955 6 view .LVU1030
 3660 03a0 C1F38F01 		ubfx	r1, r1, #2, #16
 957:Module/ssd_2832.c **** 
 3661              		.loc 1 957 5 view .LVU1031
 3662 03a4 41F4A061 		orr	r1, r1, #1280
 3663 03a8 BA20     		movs	r0, #186
 3664 03aa FFF7FEFF 		bl	bridge_write_reg_16bit
 3665              	.LVL330:
 959:Module/ssd_2832.c **** 	{
 3666              		.loc 1 959 2 is_stmt 1 view .LVU1032
 3667              	.L211:
 966:Module/ssd_2832.c **** 	}
 3668              		.loc 1 966 6 view .LVU1033
 3669 03ae 04F03F01 		and	r1, r4, #63
 3670 03b2 BB20     		movs	r0, #187
 3671 03b4 FFF7FEFF 		bl	bridge_write_reg_16bit
 3672              	.LVL331:
 3673 03b8 0025     		movs	r5, #0
 3674 03ba 13E0     		b	.L212
 3675              	.LVL332:
 3676              	.L206:
ARM GAS  C:\Users\ADMINI~1\AppData\Local\Temp\ccttuXL8.s 			page 105


 951:Module/ssd_2832.c **** 
 3677              		.loc 1 951 2 view .LVU1034
 954:Module/ssd_2832.c **** 	rba |= 0x500;
 3678              		.loc 1 954 5 view .LVU1035
 955:Module/ssd_2832.c **** 
 3679              		.loc 1 955 2 view .LVU1036
 957:Module/ssd_2832.c **** 
 3680              		.loc 1 957 5 view .LVU1037
 951:Module/ssd_2832.c **** 
 3681              		.loc 1 951 12 is_stmt 0 view .LVU1038
 3682 03bc 9049     		ldr	r1, .L265+4
 3683 03be A1FB0931 		umull	r3, r1, r1, r9
 955:Module/ssd_2832.c **** 
 3684              		.loc 1 955 6 view .LVU1039
 3685 03c2 C1F38F01 		ubfx	r1, r1, #2, #16
 957:Module/ssd_2832.c **** 
 3686              		.loc 1 957 5 view .LVU1040
 3687 03c6 41F4A061 		orr	r1, r1, #1280
 3688 03ca BA20     		movs	r0, #186
 3689 03cc FFF7FEFF 		bl	bridge_write_reg_16bit
 3690              	.LVL333:
 959:Module/ssd_2832.c **** 	{
 3691              		.loc 1 959 2 is_stmt 1 view .LVU1041
 3692              	.L242:
 962:Module/ssd_2832.c **** 	}
 3693              		.loc 1 962 6 view .LVU1042
 962:Module/ssd_2832.c **** 	}
 3694              		.loc 1 962 37 is_stmt 0 view .LVU1043
 3695 03d0 04F03F01 		and	r1, r4, #63
 962:Module/ssd_2832.c **** 	}
 3696              		.loc 1 962 6 view .LVU1044
 3697 03d4 41F0E061 		orr	r1, r1, #117440512
 3698 03d8 41F4A021 		orr	r1, r1, #327680
 3699 03dc BB20     		movs	r0, #187
 3700 03de FFF7FEFF 		bl	bridge_write_reg_32bit
 3701              	.LVL334:
 3702 03e2 0125     		movs	r5, #1
 3703              	.L212:
 968:Module/ssd_2832.c **** 	msleep(20);
 3704              		.loc 1 968 2 is_stmt 1 view .LVU1045
 3705 03e4 0121     		movs	r1, #1
 3706 03e6 B920     		movs	r0, #185
 3707 03e8 FFF7FEFF 		bl	bridge_write_reg_16bit
 3708              	.LVL335:
 969:Module/ssd_2832.c **** 
 3709              		.loc 1 969 2 view .LVU1046
 3710              	.LBB78:
 3711              	.LBI78:
 774:Module/ssd_2832.c **** {
 3712              		.loc 1 774 13 view .LVU1047
 3713              	.LBE78:
 776:Module/ssd_2832.c **** }
 3714              		.loc 1 776 2 view .LVU1048
 3715              	.LBB81:
 3716              	.LBB79:
 3717              	.LBI79:
 108:Module/ssd_2832.c **** {
ARM GAS  C:\Users\ADMINI~1\AppData\Local\Temp\ccttuXL8.s 			page 106


 3718              		.loc 1 108 6 view .LVU1049
 3719              	.LBB80:
 110:Module/ssd_2832.c **** }
 3720              		.loc 1 110 2 view .LVU1050
 3721 03ec 44F62060 		movw	r0, #20000
 3722 03f0 FFF7FEFF 		bl	bsp_DelayUS
 3723              	.LVL336:
 110:Module/ssd_2832.c **** }
 3724              		.loc 1 110 2 is_stmt 0 view .LVU1051
 3725              	.LBE80:
 3726              	.LBE79:
 3727              	.LBE81:
 972:Module/ssd_2832.c ****     tmp_hi <<= 8;
 3728              		.loc 1 972 5 is_stmt 1 view .LVU1052
 972:Module/ssd_2832.c ****     tmp_hi <<= 8;
 3729              		.loc 1 972 12 is_stmt 0 view .LVU1053
 3730 03f4 814C     		ldr	r4, .L265
 3731              	.LVL337:
 972:Module/ssd_2832.c ****     tmp_hi <<= 8;
 3732              		.loc 1 972 12 view .LVU1054
 3733 03f6 6368     		ldr	r3, [r4, #4]
 3734              	.LVL338:
 973:Module/ssd_2832.c ****     tmp_hi |= pbridge->hsw;
 3735              		.loc 1 973 5 is_stmt 1 view .LVU1055
 974:Module/ssd_2832.c ****     bridge_write_reg_16bit(0xB1,tmp_hi);
 3736              		.loc 1 974 5 view .LVU1056
 975:Module/ssd_2832.c **** 
 3737              		.loc 1 975 5 view .LVU1057
 974:Module/ssd_2832.c ****     bridge_write_reg_16bit(0xB1,tmp_hi);
 3738              		.loc 1 974 12 is_stmt 0 view .LVU1058
 3739 03f8 2168     		ldr	r1, [r4]
 3740 03fa 41EA0321 		orr	r1, r1, r3, lsl #8
 3741              	.LVL339:
 975:Module/ssd_2832.c **** 
 3742              		.loc 1 975 5 view .LVU1059
 3743 03fe 89B2     		uxth	r1, r1
 3744              	.LVL340:
 975:Module/ssd_2832.c **** 
 3745              		.loc 1 975 5 view .LVU1060
 3746 0400 B120     		movs	r0, #177
 3747 0402 FFF7FEFF 		bl	bridge_write_reg_16bit
 3748              	.LVL341:
 977:Module/ssd_2832.c ****     {
 3749              		.loc 1 977 5 is_stmt 1 view .LVU1061
 977:Module/ssd_2832.c ****     {
 3750              		.loc 1 977 8 is_stmt 0 view .LVU1062
 3751 0406 636E     		ldr	r3, [r4, #100]
 3752 0408 002B     		cmp	r3, #0
 3753 040a 7FF458AF 		bne	.L213
 980:Module/ssd_2832.c ****                               (0xFF000000&((pbridge->vbp)>>8<<24)) |
 3754              		.loc 1 980 9 is_stmt 1 view .LVU1063
 981:Module/ssd_2832.c ****                               (0xFF0000&((pbridge->hbp)>>8<<16)) |
 3755              		.loc 1 981 52 is_stmt 0 view .LVU1064
 3756 040e E368     		ldr	r3, [r4, #12]
 982:Module/ssd_2832.c ****                               (0xFF00&((pbridge->vbp)<<8)) |
 3757              		.loc 1 982 50 view .LVU1065
 3758 0410 A268     		ldr	r2, [r4, #8]
ARM GAS  C:\Users\ADMINI~1\AppData\Local\Temp\ccttuXL8.s 			page 107


 981:Module/ssd_2832.c ****                               (0xFF0000&((pbridge->hbp)>>8<<16)) |
 3759              		.loc 1 981 58 view .LVU1066
 3760 0412 190A     		lsrs	r1, r3, #8
 983:Module/ssd_2832.c ****                               (0xFF&(pbridge->hbp)));
 3761              		.loc 1 983 54 view .LVU1067
 3762 0414 1B02     		lsls	r3, r3, #8
 983:Module/ssd_2832.c ****                               (0xFF&(pbridge->hbp)));
 3763              		.loc 1 983 38 view .LVU1068
 3764 0416 9BB2     		uxth	r3, r3
 980:Module/ssd_2832.c ****                               (0xFF000000&((pbridge->vbp)>>8<<24)) |
 3765              		.loc 1 980 9 view .LVU1069
 3766 0418 43EA0163 		orr	r3, r3, r1, lsl #24
 984:Module/ssd_2832.c ****     }
 3767              		.loc 1 984 36 view .LVU1070
 3768 041c D1B2     		uxtb	r1, r2
 980:Module/ssd_2832.c ****                               (0xFF000000&((pbridge->vbp)>>8<<24)) |
 3769              		.loc 1 980 9 view .LVU1071
 3770 041e 0B43     		orrs	r3, r3, r1
 982:Module/ssd_2832.c ****                               (0xFF00&((pbridge->vbp)<<8)) |
 3771              		.loc 1 982 59 view .LVU1072
 3772 0420 1102     		lsls	r1, r2, #8
 982:Module/ssd_2832.c ****                               (0xFF00&((pbridge->vbp)<<8)) |
 3773              		.loc 1 982 40 view .LVU1073
 3774 0422 01F47F01 		and	r1, r1, #16711680
 980:Module/ssd_2832.c ****                               (0xFF000000&((pbridge->vbp)>>8<<24)) |
 3775              		.loc 1 980 9 view .LVU1074
 3776 0426 1943     		orrs	r1, r1, r3
 3777 0428 B220     		movs	r0, #178
 3778 042a FFF7FEFF 		bl	bridge_write_reg_32bit
 3779              	.LVL342:
 3780              	.L214:
 996:Module/ssd_2832.c ****     tmp_hi &= 0xFF00;
 3781              		.loc 1 996 5 is_stmt 1 view .LVU1075
 996:Module/ssd_2832.c ****     tmp_hi &= 0xFF00;
 3782              		.loc 1 996 12 is_stmt 0 view .LVU1076
 3783 042e 734C     		ldr	r4, .L265
 3784 0430 6269     		ldr	r2, [r4, #20]
 3785              	.LVL343:
 997:Module/ssd_2832.c ****     tmp_hi <<= 16;
 3786              		.loc 1 997 5 is_stmt 1 view .LVU1077
 998:Module/ssd_2832.c ****     tmp_lo = pbridge->hfp;
 3787              		.loc 1 998 5 view .LVU1078
 3788 0432 1304     		lsls	r3, r2, #16
 998:Module/ssd_2832.c ****     tmp_lo = pbridge->hfp;
 3789              		.loc 1 998 12 is_stmt 0 view .LVU1079
 3790 0434 03F07F4C 		and	ip, r3, #-16777216
 3791              	.LVL344:
 999:Module/ssd_2832.c ****     tmp_lo &= 0xFF00;
 3792              		.loc 1 999 5 is_stmt 1 view .LVU1080
 999:Module/ssd_2832.c ****     tmp_lo &= 0xFF00;
 3793              		.loc 1 999 12 is_stmt 0 view .LVU1081
 3794 0438 2069     		ldr	r0, [r4, #16]
 3795              	.LVL345:
1000:Module/ssd_2832.c ****     tmp_lo <<= 8;
 3796              		.loc 1 1000 5 is_stmt 1 view .LVU1082
1001:Module/ssd_2832.c ****     tmp_hi |= tmp_lo;
 3797              		.loc 1 1001 5 view .LVU1083
ARM GAS  C:\Users\ADMINI~1\AppData\Local\Temp\ccttuXL8.s 			page 108


 3798 043a 0302     		lsls	r3, r0, #8
 3799              	.LVL346:
1002:Module/ssd_2832.c **** 
 3800              		.loc 1 1002 5 view .LVU1084
1005:Module/ssd_2832.c ****     tmp_lo &= 0xFF;
 3801              		.loc 1 1005 5 view .LVU1085
1006:Module/ssd_2832.c ****     tmp_lo <<= 8;
 3802              		.loc 1 1006 5 view .LVU1086
1007:Module/ssd_2832.c ****     tmp_hi |= tmp_lo;
 3803              		.loc 1 1007 5 view .LVU1087
1007:Module/ssd_2832.c ****     tmp_hi |= tmp_lo;
 3804              		.loc 1 1007 12 is_stmt 0 view .LVU1088
 3805 043c 1202     		lsls	r2, r2, #8
 3806              	.LVL347:
1007:Module/ssd_2832.c ****     tmp_hi |= tmp_lo;
 3807              		.loc 1 1007 12 view .LVU1089
 3808 043e 91B2     		uxth	r1, r2
 3809              	.LVL348:
1008:Module/ssd_2832.c ****     tmp_lo = pbridge->hfp;
 3810              		.loc 1 1008 5 is_stmt 1 view .LVU1090
1009:Module/ssd_2832.c ****     tmp_lo &= 0xFF;
 3811              		.loc 1 1009 5 view .LVU1091
1010:Module/ssd_2832.c ****     tmp_hi |= tmp_lo;
 3812              		.loc 1 1010 5 view .LVU1092
1001:Module/ssd_2832.c ****     tmp_hi |= tmp_lo;
 3813              		.loc 1 1001 12 is_stmt 0 view .LVU1093
 3814 0440 03F47F03 		and	r3, r3, #16711680
 3815              	.LVL349:
1002:Module/ssd_2832.c **** 
 3816              		.loc 1 1002 12 view .LVU1094
 3817 0444 43EA0C03 		orr	r3, r3, ip
1010:Module/ssd_2832.c ****     tmp_hi |= tmp_lo;
 3818              		.loc 1 1010 12 view .LVU1095
 3819 0448 C0B2     		uxtb	r0, r0
 3820              	.LVL350:
1010:Module/ssd_2832.c ****     tmp_hi |= tmp_lo;
 3821              		.loc 1 1010 12 view .LVU1096
 3822 044a 0343     		orrs	r3, r3, r0
 3823              	.LVL351:
1011:Module/ssd_2832.c **** 	bridge_write_reg_32bit(0xB3,tmp_hi);
 3824              		.loc 1 1011 5 is_stmt 1 view .LVU1097
1012:Module/ssd_2832.c **** 
 3825              		.loc 1 1012 2 view .LVU1098
 3826 044c 1943     		orrs	r1, r1, r3
 3827              	.LVL352:
1012:Module/ssd_2832.c **** 
 3828              		.loc 1 1012 2 is_stmt 0 view .LVU1099
 3829 044e B320     		movs	r0, #179
 3830 0450 FFF7FEFF 		bl	bridge_write_reg_32bit
 3831              	.LVL353:
1014:Module/ssd_2832.c ****     tmp_hi &= 0xFFFF;
 3832              		.loc 1 1014 5 is_stmt 1 view .LVU1100
1015:Module/ssd_2832.c **** 	bridge_write_reg_32bit(0xB4,tmp_hi);
 3833              		.loc 1 1015 5 view .LVU1101
1016:Module/ssd_2832.c **** 
 3834              		.loc 1 1016 2 view .LVU1102
 3835 0454 218B     		ldrh	r1, [r4, #24]
ARM GAS  C:\Users\ADMINI~1\AppData\Local\Temp\ccttuXL8.s 			page 109


 3836 0456 B420     		movs	r0, #180
 3837 0458 FFF7FEFF 		bl	bridge_write_reg_32bit
 3838              	.LVL354:
1018:Module/ssd_2832.c ****     tmp_hi &= 0xFFFF;
 3839              		.loc 1 1018 5 view .LVU1103
1019:Module/ssd_2832.c **** 	bridge_write_reg_32bit(0xB5,tmp_hi);
 3840              		.loc 1 1019 5 view .LVU1104
1020:Module/ssd_2832.c **** 
 3841              		.loc 1 1020 2 view .LVU1105
 3842 045c A18B     		ldrh	r1, [r4, #28]
 3843 045e B520     		movs	r0, #181
 3844 0460 FFF7FEFF 		bl	bridge_write_reg_32bit
 3845              	.LVL355:
1023:Module/ssd_2832.c **** 	bridge_write_reg_32bit(0xCF,tmp_hi);
 3846              		.loc 1 1023 2 view .LVU1106
1024:Module/ssd_2832.c **** 	tmp_hi = 0x10;
 3847              		.loc 1 1024 2 view .LVU1107
 3848 0464 0021     		movs	r1, #0
 3849 0466 CF20     		movs	r0, #207
 3850 0468 FFF7FEFF 		bl	bridge_write_reg_32bit
 3851              	.LVL356:
1025:Module/ssd_2832.c **** 	bridge_write_reg_32bit(0xD0,tmp_hi);
 3852              		.loc 1 1025 2 view .LVU1108
1026:Module/ssd_2832.c **** 
 3853              		.loc 1 1026 2 view .LVU1109
 3854 046c 1021     		movs	r1, #16
 3855 046e D020     		movs	r0, #208
 3856 0470 FFF7FEFF 		bl	bridge_write_reg_32bit
 3857              	.LVL357:
1028:Module/ssd_2832.c **** 	bridge_write_reg_32bit(0xD3,tmp_hi);
 3858              		.loc 1 1028 2 view .LVU1110
1029:Module/ssd_2832.c **** 
 3859              		.loc 1 1029 2 view .LVU1111
 3860 0474 4021     		movs	r1, #64
 3861 0476 D320     		movs	r0, #211
 3862 0478 FFF7FEFF 		bl	bridge_write_reg_32bit
 3863              	.LVL358:
1032:Module/ssd_2832.c ****     if (pbridge->rgb_or_bgr > 0)
 3864              		.loc 1 1032 5 view .LVU1112
1033:Module/ssd_2832.c ****     {
 3865              		.loc 1 1033 5 view .LVU1113
1033:Module/ssd_2832.c ****     {
 3866              		.loc 1 1033 8 is_stmt 0 view .LVU1114
 3867 047c 216D     		ldr	r1, [r4, #80]
 3868              	.LVL359:
1037:Module/ssd_2832.c **** 
 3869              		.loc 1 1037 2 is_stmt 1 view .LVU1115
 3870 047e 614A     		ldr	r2, .L265+8
 3871 0480 614B     		ldr	r3, .L265+12
 3872 0482 0029     		cmp	r1, #0
 3873 0484 0CBF     		ite	eq
 3874 0486 1146     		moveq	r1, r2
 3875 0488 1946     		movne	r1, r3
 3876              	.LVL360:
1037:Module/ssd_2832.c **** 
 3877              		.loc 1 1037 2 is_stmt 0 view .LVU1116
 3878 048a D620     		movs	r0, #214
ARM GAS  C:\Users\ADMINI~1\AppData\Local\Temp\ccttuXL8.s 			page 110


 3879 048c FFF7FEFF 		bl	bridge_write_reg_32bit
 3880              	.LVL361:
1039:Module/ssd_2832.c **** 
 3881              		.loc 1 1039 2 is_stmt 1 view .LVU1117
1042:Module/ssd_2832.c ****     {
 3882              		.loc 1 1042 2 view .LVU1118
1042:Module/ssd_2832.c ****     {
 3883              		.loc 1 1042 4 is_stmt 0 view .LVU1119
 3884 0490 002D     		cmp	r5, #0
 3885 0492 3FF42AAF 		beq	.L216
 3886              	.LBB82:
1044:Module/ssd_2832.c **** 
 3887              		.loc 1 1044 3 is_stmt 1 view .LVU1120
 3888              	.LVL362:
1046:Module/ssd_2832.c **** 		{
 3889              		.loc 1 1046 3 view .LVU1121
1046:Module/ssd_2832.c **** 		{
 3890              		.loc 1 1046 13 is_stmt 0 view .LVU1122
 3891 0496 D4F89430 		ldr	r3, [r4, #148]
1046:Module/ssd_2832.c **** 		{
 3892              		.loc 1 1046 5 view .LVU1123
 3893 049a 13F47F0F 		tst	r3, #16711680
1049:Module/ssd_2832.c **** 			value = pbridge->driver_output_res_ctl;
 3894              		.loc 1 1049 7 is_stmt 1 view .LVU1124
 3895              	.LVL363:
1050:Module/ssd_2832.c **** 			value &= 0xFF00FFFF;
 3896              		.loc 1 1050 4 view .LVU1125
1051:Module/ssd_2832.c **** 		    default_analog_control |= (value << 25)	;
 3897              		.loc 1 1051 4 view .LVU1126
1052:Module/ssd_2832.c **** 		}
 3898              		.loc 1 1052 7 view .LVU1127
1052:Module/ssd_2832.c **** 		}
 3899              		.loc 1 1052 30 is_stmt 0 view .LVU1128
 3900 049e 1ABF     		itte	ne
 3901 04a0 5A49     		ldrne	r1, .L265+16
 3902 04a2 41EA4361 		orrne	r1, r1, r3, lsl #25
 3903              	.LVL364:
1044:Module/ssd_2832.c **** 
 3904              		.loc 1 1044 26 view .LVU1129
 3905 04a6 5A49     		ldreq	r1, .L265+20
 3906              	.LVL365:
1054:Module/ssd_2832.c **** 		
 3907              		.loc 1 1054 3 is_stmt 1 view .LVU1130
1054:Module/ssd_2832.c **** 		
 3908              		.loc 1 1054 13 is_stmt 0 view .LVU1131
 3909 04a8 544B     		ldr	r3, .L265
 3910              	.LVL366:
1054:Module/ssd_2832.c **** 		
 3911              		.loc 1 1054 13 view .LVU1132
 3912 04aa D3F89C30 		ldr	r3, [r3, #156]
1054:Module/ssd_2832.c **** 		
 3913              		.loc 1 1054 5 view .LVU1133
 3914 04ae 0BB1     		cbz	r3, .L218
1056:Module/ssd_2832.c **** 		}
 3915              		.loc 1 1056 4 is_stmt 1 view .LVU1134
1056:Module/ssd_2832.c **** 		}
 3916              		.loc 1 1056 27 is_stmt 0 view .LVU1135
ARM GAS  C:\Users\ADMINI~1\AppData\Local\Temp\ccttuXL8.s 			page 111


 3917 04b0 41EAC341 		orr	r1, r1, r3, lsl #19
 3918              	.LVL367:
 3919              	.L218:
1058:Module/ssd_2832.c **** 		{
 3920              		.loc 1 1058 3 is_stmt 1 view .LVU1136
1058:Module/ssd_2832.c **** 		{
 3921              		.loc 1 1058 13 is_stmt 0 view .LVU1137
 3922 04b4 514B     		ldr	r3, .L265
 3923 04b6 D3F89830 		ldr	r3, [r3, #152]
1058:Module/ssd_2832.c **** 		{
 3924              		.loc 1 1058 5 view .LVU1138
 3925 04ba 13F47F0F 		tst	r3, #16711680
1060:Module/ssd_2832.c **** 			value &= 0xFF00FFFF;
 3926              		.loc 1 1060 4 is_stmt 1 view .LVU1139
 3927              	.LVL368:
1061:Module/ssd_2832.c **** 			default_analog_control &= 0xFE3FFFFF;
 3928              		.loc 1 1061 4 view .LVU1140
1062:Module/ssd_2832.c **** 		    default_analog_control |= (value << 22)	;
 3929              		.loc 1 1062 4 view .LVU1141
1063:Module/ssd_2832.c **** 		}
 3930              		.loc 1 1063 7 view .LVU1142
1062:Module/ssd_2832.c **** 		    default_analog_control |= (value << 22)	;
 3931              		.loc 1 1062 27 is_stmt 0 view .LVU1143
 3932 04be 1CBF     		itt	ne
 3933 04c0 21F0E071 		bicne	r1, r1, #29360128
 3934              	.LVL369:
1063:Module/ssd_2832.c **** 		}
 3935              		.loc 1 1063 30 view .LVU1144
 3936 04c4 41EA8351 		orrne	r1, r1, r3, lsl #22
 3937              	.LVL370:
1066:Module/ssd_2832.c **** 
 3938              		.loc 1 1066 6 is_stmt 1 view .LVU1145
 3939 04c8 D820     		movs	r0, #216
 3940 04ca FFF7FEFF 		bl	bridge_write_reg_32bit
 3941              	.LVL371:
1068:Module/ssd_2832.c **** 		if(pbridge->post_len & 0x00FF0000)
 3942              		.loc 1 1068 6 view .LVU1146
1069:Module/ssd_2832.c **** 		{
 3943              		.loc 1 1069 3 view .LVU1147
1069:Module/ssd_2832.c **** 		{
 3944              		.loc 1 1069 13 is_stmt 0 view .LVU1148
 3945 04ce 4B4B     		ldr	r3, .L265
 3946 04d0 D3F8A040 		ldr	r4, [r3, #160]
1069:Module/ssd_2832.c **** 		{
 3947              		.loc 1 1069 5 view .LVU1149
 3948 04d4 14F47F0F 		tst	r4, #16711680
1071:Module/ssd_2832.c **** 
 3949              		.loc 1 1071 4 is_stmt 1 view .LVU1150
 3950              	.LVL372:
1073:Module/ssd_2832.c **** 			value &= 0xFF00FFFF;
 3951              		.loc 1 1073 4 view .LVU1151
1074:Module/ssd_2832.c **** 		    default_tran_global |= (value << 16)	;
 3952              		.loc 1 1074 4 view .LVU1152
1075:Module/ssd_2832.c **** 		}
 3953              		.loc 1 1075 7 view .LVU1153
1075:Module/ssd_2832.c **** 		}
 3954              		.loc 1 1075 27 is_stmt 0 view .LVU1154
ARM GAS  C:\Users\ADMINI~1\AppData\Local\Temp\ccttuXL8.s 			page 112


 3955 04d8 1DBF     		ittte	ne
 3956 04da 2404     		lslne	r4, r4, #16
 3957              	.LVL373:
1075:Module/ssd_2832.c **** 		}
 3958              		.loc 1 1075 27 view .LVU1155
 3959 04dc 44F0D854 		orrne	r4, r4, #452984832
 3960 04e0 44F4F254 		orrne	r4, r4, #7744
 3961              	.LVL374:
1068:Module/ssd_2832.c **** 		if(pbridge->post_len & 0x00FF0000)
 3962              		.loc 1 1068 10 view .LVU1156
 3963 04e4 4B4C     		ldreq	r4, .L265+24
 3964              	.LVL375:
1078:Module/ssd_2832.c **** //		bridge_write_apb_reg(0x100C,0x4E200C0C); //Set CPHY Post len requested by himax
 3965              		.loc 1 1078 3 is_stmt 1 view .LVU1157
 3966 04e6 2146     		mov	r1, r4
 3967 04e8 4FF48050 		mov	r0, #4096
 3968 04ec FFF7FEFF 		bl	bridge_write_apb_reg
 3969              	.LVL376:
1083:Module/ssd_2832.c **** //		bridge_write_apb_reg(0x200C,0x4E200C0C); //Set CPHY Post len requested by himax
 3970              		.loc 1 1083 5 view .LVU1158
 3971 04f0 2146     		mov	r1, r4
 3972 04f2 4FF40050 		mov	r0, #8192
 3973 04f6 FFF7FEFF 		bl	bridge_write_apb_reg
 3974              	.LVL377:
 3975              	.L221:
1083:Module/ssd_2832.c **** //		bridge_write_apb_reg(0x200C,0x4E200C0C); //Set CPHY Post len requested by himax
 3976              		.loc 1 1083 5 is_stmt 0 view .LVU1159
 3977              	.LBE82:
1117:Module/ssd_2832.c ****     if(0 == pbridge->dual) //PORT,single
 3978              		.loc 1 1117 2 is_stmt 1 view .LVU1160
1118:Module/ssd_2832.c **** 	{
 3979              		.loc 1 1118 5 view .LVU1161
1118:Module/ssd_2832.c **** 	{
 3980              		.loc 1 1118 20 is_stmt 0 view .LVU1162
 3981 04fa 404B     		ldr	r3, .L265
 3982 04fc 1B6C     		ldr	r3, [r3, #64]
1118:Module/ssd_2832.c **** 	{
 3983              		.loc 1 1118 7 view .LVU1163
 3984 04fe 002B     		cmp	r3, #0
 3985 0500 7FF40BAF 		bne	.L224
1120:Module/ssd_2832.c **** 	    tmp_hi |= pbridge->lane;
 3986              		.loc 1 1120 6 is_stmt 1 view .LVU1164
 3987              	.LVL378:
1121:Module/ssd_2832.c **** 	}
 3988              		.loc 1 1121 6 view .LVU1165
1121:Module/ssd_2832.c **** 	}
 3989              		.loc 1 1121 23 is_stmt 0 view .LVU1166
 3990 0504 3D4B     		ldr	r3, .L265
1121:Module/ssd_2832.c **** 	}
 3991              		.loc 1 1121 13 view .LVU1167
 3992 0506 596C     		ldr	r1, [r3, #68]
 3993 0508 41F02001 		orr	r1, r1, #32
 3994              	.LVL379:
 3995              	.L225:
1131:Module/ssd_2832.c **** 	{
 3996              		.loc 1 1131 2 is_stmt 1 view .LVU1168
1131:Module/ssd_2832.c **** 	{
ARM GAS  C:\Users\ADMINI~1\AppData\Local\Temp\ccttuXL8.s 			page 113


 3997              		.loc 1 1131 12 is_stmt 0 view .LVU1169
 3998 050c 3B4B     		ldr	r3, .L265
 3999 050e 9B6C     		ldr	r3, [r3, #72]
1131:Module/ssd_2832.c **** 	{
 4000              		.loc 1 1131 4 view .LVU1170
 4001 0510 002B     		cmp	r3, #0
 4002 0512 7FF42AAF 		bne	.L226
1133:Module/ssd_2832.c **** 		{
 4003              		.loc 1 1133 3 is_stmt 1 view .LVU1171
1133:Module/ssd_2832.c **** 		{
 4004              		.loc 1 1133 13 is_stmt 0 view .LVU1172
 4005 0516 394B     		ldr	r3, .L265
1133:Module/ssd_2832.c **** 		{
 4006              		.loc 1 1133 5 view .LVU1173
 4007 0518 D3F89030 		ldr	r3, [r3, #144]
 4008 051c 0BB1     		cbz	r3, .L228
1135:Module/ssd_2832.c **** 		}
 4009              		.loc 1 1135 4 is_stmt 1 view .LVU1174
1135:Module/ssd_2832.c **** 		}
 4010              		.loc 1 1135 11 is_stmt 0 view .LVU1175
 4011 051e 41F40011 		orr	r1, r1, #2097152
 4012              	.LVL380:
 4013              	.L228:
1145:Module/ssd_2832.c **** 
 4014              		.loc 1 1145 2 is_stmt 1 view .LVU1176
 4015 0522 DE20     		movs	r0, #222
 4016 0524 FFF7FEFF 		bl	bridge_write_reg_32bit
 4017              	.LVL381:
1148:Module/ssd_2832.c **** 
 4018              		.loc 1 1148 5 view .LVU1177
1150:Module/ssd_2832.c ****     {
 4019              		.loc 1 1150 5 view .LVU1178
1150:Module/ssd_2832.c ****     {
 4020              		.loc 1 1150 15 is_stmt 0 view .LVU1179
 4021 0528 344B     		ldr	r3, .L265
1150:Module/ssd_2832.c ****     {
 4022              		.loc 1 1150 7 view .LVU1180
 4023 052a 9A6F     		ldr	r2, [r3, #120]
1156:Module/ssd_2832.c ****     }
 4024              		.loc 1 1156 16 view .LVU1181
 4025 052c 3A49     		ldr	r1, .L265+28
 4026 052e 3B4B     		ldr	r3, .L265+32
 4027 0530 002A     		cmp	r2, #0
 4028 0532 08BF     		it	eq
 4029 0534 1946     		moveq	r1, r3
 4030              	.LVL382:
1159:Module/ssd_2832.c ****     {
 4031              		.loc 1 1159 5 is_stmt 1 view .LVU1182
1159:Module/ssd_2832.c ****     {
 4032              		.loc 1 1159 16 is_stmt 0 view .LVU1183
 4033 0536 314B     		ldr	r3, .L265
1159:Module/ssd_2832.c ****     {
 4034              		.loc 1 1159 8 view .LVU1184
 4035 0538 DB6D     		ldr	r3, [r3, #92]
 4036 053a 0BB1     		cbz	r3, .L230
1161:Module/ssd_2832.c ****     }
 4037              		.loc 1 1161 9 is_stmt 1 view .LVU1185
ARM GAS  C:\Users\ADMINI~1\AppData\Local\Temp\ccttuXL8.s 			page 114


1161:Module/ssd_2832.c ****     }
 4038              		.loc 1 1161 16 is_stmt 0 view .LVU1186
 4039 053c 41F40041 		orr	r1, r1, #32768
 4040              	.LVL383:
 4041              	.L230:
1164:Module/ssd_2832.c ****     {
 4042              		.loc 1 1164 5 is_stmt 1 view .LVU1187
1164:Module/ssd_2832.c ****     {
 4043              		.loc 1 1164 16 is_stmt 0 view .LVU1188
 4044 0540 2E4B     		ldr	r3, .L265
1164:Module/ssd_2832.c ****     {
 4045              		.loc 1 1164 8 view .LVU1189
 4046 0542 1B6E     		ldr	r3, [r3, #96]
 4047 0544 0BB1     		cbz	r3, .L231
1166:Module/ssd_2832.c ****     }
 4048              		.loc 1 1166 9 is_stmt 1 view .LVU1190
1166:Module/ssd_2832.c ****     }
 4049              		.loc 1 1166 16 is_stmt 0 view .LVU1191
 4050 0546 41F48041 		orr	r1, r1, #16384
 4051              	.LVL384:
 4052              	.L231:
1168:Module/ssd_2832.c **** 		{
 4053              		.loc 1 1168 5 is_stmt 1 view .LVU1192
1168:Module/ssd_2832.c **** 		{
 4054              		.loc 1 1168 15 is_stmt 0 view .LVU1193
 4055 054a 2C4B     		ldr	r3, .L265
1168:Module/ssd_2832.c **** 		{
 4056              		.loc 1 1168 7 view .LVU1194
 4057 054c 5B6D     		ldr	r3, [r3, #84]
 4058 054e 0BB1     		cbz	r3, .L232
1170:Module/ssd_2832.c **** 		}
 4059              		.loc 1 1170 4 is_stmt 1 view .LVU1195
1170:Module/ssd_2832.c **** 		}
 4060              		.loc 1 1170 11 is_stmt 0 view .LVU1196
 4061 0550 41F40051 		orr	r1, r1, #8192
 4062              	.LVL385:
 4063              	.L232:
1173:Module/ssd_2832.c ****     {
 4064              		.loc 1 1173 5 is_stmt 1 view .LVU1197
1173:Module/ssd_2832.c ****     {
 4065              		.loc 1 1173 16 is_stmt 0 view .LVU1198
 4066 0554 294B     		ldr	r3, .L265
 4067 0556 9B6E     		ldr	r3, [r3, #104]
1173:Module/ssd_2832.c ****     {
 4068              		.loc 1 1173 8 view .LVU1199
 4069 0558 012B     		cmp	r3, #1
 4070 055a 3FF412AF 		beq	.L259
1178:Module/ssd_2832.c ****     {
 4071              		.loc 1 1178 5 is_stmt 1 view .LVU1200
1178:Module/ssd_2832.c ****     {
 4072              		.loc 1 1178 8 is_stmt 0 view .LVU1201
 4073 055e 022B     		cmp	r3, #2
1181:Module/ssd_2832.c ****     }
 4074              		.loc 1 1181 9 is_stmt 1 view .LVU1202
1181:Module/ssd_2832.c ****     }
 4075              		.loc 1 1181 16 is_stmt 0 view .LVU1203
 4076 0560 08BF     		it	eq
ARM GAS  C:\Users\ADMINI~1\AppData\Local\Temp\ccttuXL8.s 			page 115


 4077 0562 41F40061 		orreq	r1, r1, #2048
 4078              	.LVL386:
 4079              	.L234:
1185:Module/ssd_2832.c ****     {
 4080              		.loc 1 1185 5 is_stmt 1 view .LVU1204
1185:Module/ssd_2832.c ****     {
 4081              		.loc 1 1185 21 is_stmt 0 view .LVU1205
 4082 0566 254B     		ldr	r3, .L265
 4083 0568 5B6E     		ldr	r3, [r3, #100]
1185:Module/ssd_2832.c ****     {
 4084              		.loc 1 1185 8 view .LVU1206
 4085 056a 33B1     		cbz	r3, .L235
1189:Module/ssd_2832.c ****     {
 4086              		.loc 1 1189 13 is_stmt 1 view .LVU1207
1189:Module/ssd_2832.c ****     {
 4087              		.loc 1 1189 16 is_stmt 0 view .LVU1208
 4088 056c 012B     		cmp	r3, #1
 4089 056e 3FF40BAF 		beq	.L260
1194:Module/ssd_2832.c ****     {
 4090              		.loc 1 1194 13 is_stmt 1 view .LVU1209
1194:Module/ssd_2832.c ****     {
 4091              		.loc 1 1194 16 is_stmt 0 view .LVU1210
 4092 0572 022B     		cmp	r3, #2
1197:Module/ssd_2832.c ****     }
 4093              		.loc 1 1197 9 is_stmt 1 view .LVU1211
1197:Module/ssd_2832.c ****     }
 4094              		.loc 1 1197 16 is_stmt 0 view .LVU1212
 4095 0574 08BF     		it	eq
 4096 0576 41F00801 		orreq	r1, r1, #8
 4097              	.LVL387:
 4098              	.L235:
1201:Module/ssd_2832.c ****     {
 4099              		.loc 1 1201 5 is_stmt 1 view .LVU1213
1201:Module/ssd_2832.c ****     {
 4100              		.loc 1 1201 21 is_stmt 0 view .LVU1214
 4101 057a 204B     		ldr	r3, .L265
 4102 057c DB6C     		ldr	r3, [r3, #76]
1201:Module/ssd_2832.c ****     {
 4103              		.loc 1 1201 8 view .LVU1215
 4104 057e 5BB1     		cbz	r3, .L237
1205:Module/ssd_2832.c ****     {
 4105              		.loc 1 1205 14 is_stmt 1 view .LVU1216
1205:Module/ssd_2832.c ****     {
 4106              		.loc 1 1205 17 is_stmt 0 view .LVU1217
 4107 0580 012B     		cmp	r3, #1
 4108 0582 3FF404AF 		beq	.L261
1210:Module/ssd_2832.c ****     {
 4109              		.loc 1 1210 14 is_stmt 1 view .LVU1218
1210:Module/ssd_2832.c ****     {
 4110              		.loc 1 1210 17 is_stmt 0 view .LVU1219
 4111 0586 022B     		cmp	r3, #2
 4112 0588 3FF404AF 		beq	.L262
1215:Module/ssd_2832.c ****     {
 4113              		.loc 1 1215 14 is_stmt 1 view .LVU1220
1215:Module/ssd_2832.c ****     {
 4114              		.loc 1 1215 17 is_stmt 0 view .LVU1221
 4115 058c 032B     		cmp	r3, #3
ARM GAS  C:\Users\ADMINI~1\AppData\Local\Temp\ccttuXL8.s 			page 116


1218:Module/ssd_2832.c ****         tmp_hi |= (0x01 << 0);
 4116              		.loc 1 1218 9 is_stmt 1 view .LVU1222
 4117              	.LVL388:
1219:Module/ssd_2832.c **** //				tmp_hi |= (0x01 << 9);
 4118              		.loc 1 1219 9 view .LVU1223
1221:Module/ssd_2832.c ****     }
 4119              		.loc 1 1221 5 view .LVU1224
1221:Module/ssd_2832.c ****     }
 4120              		.loc 1 1221 12 is_stmt 0 view .LVU1225
 4121 058e 04BF     		itt	eq
 4122 0590 41F48171 		orreq	r1, r1, #258
 4123              	.LVL389:
1221:Module/ssd_2832.c ****     }
 4124              		.loc 1 1221 12 view .LVU1226
 4125 0594 41F00101 		orreq	r1, r1, #1
 4126              	.LVL390:
 4127              	.L237:
1223:Module/ssd_2832.c **** 	msleep(1);
 4128              		.loc 1 1223 2 is_stmt 1 view .LVU1227
 4129 0598 B620     		movs	r0, #182
 4130 059a FFF7FEFF 		bl	bridge_write_reg_32bit
 4131              	.LVL391:
1224:Module/ssd_2832.c **** 
 4132              		.loc 1 1224 2 view .LVU1228
 4133              	.LBB83:
 4134              	.LBI83:
 774:Module/ssd_2832.c **** {
 4135              		.loc 1 774 13 view .LVU1229
 4136              	.LBE83:
 776:Module/ssd_2832.c **** }
 4137              		.loc 1 776 2 view .LVU1230
 4138              	.LBB86:
 4139              	.LBB84:
 4140              	.LBI84:
 108:Module/ssd_2832.c **** {
 4141              		.loc 1 108 6 view .LVU1231
 4142              	.LBB85:
 110:Module/ssd_2832.c **** }
 4143              		.loc 1 110 2 view .LVU1232
 4144 059e 4FF47A70 		mov	r0, #1000
 4145 05a2 FFF7FEFF 		bl	bsp_DelayUS
 4146              	.LVL392:
 110:Module/ssd_2832.c **** }
 4147              		.loc 1 110 2 is_stmt 0 view .LVU1233
 4148              	.LBE85:
 4149              	.LBE84:
 4150              	.LBE86:
1227:Module/ssd_2832.c **** 	double nibble = 4 * ui;
 4151              		.loc 1 1227 2 is_stmt 1 view .LVU1234
1228:Module/ssd_2832.c **** 	uint32_t hs_prepare = (uint32_t)(ceil((53 + 5 * ui) / nibble));
 4152              		.loc 1 1228 2 view .LVU1235
1229:Module/ssd_2832.c **** 	uint32_t hs_zero = (uint32_t)(ceil((126 + 8 * ui) / nibble));
 4153              		.loc 1 1229 2 view .LVU1236
1230:Module/ssd_2832.c **** 	uint32_t hs_trail = (uint32_t)(ceil((72 + 5 * ui) / nibble));
 4154              		.loc 1 1230 2 view .LVU1237
1231:Module/ssd_2832.c **** 	uint32_t hs_exit = (uint32_t)(ceil(120 / nibble));
 4155              		.loc 1 1231 2 view .LVU1238
ARM GAS  C:\Users\ADMINI~1\AppData\Local\Temp\ccttuXL8.s 			page 117


1232:Module/ssd_2832.c **** 	uint32_t clk_post = (uint32_t)(ceil((72 + 63 * ui) / nibble));
 4156              		.loc 1 1232 2 view .LVU1239
1233:Module/ssd_2832.c **** 	uint32_t clk_pre = (uint32_t)(ceil(11 / nibble));
 4157              		.loc 1 1233 2 view .LVU1240
1234:Module/ssd_2832.c **** 	uint32_t clk_prepare = (uint32_t)(ceil(66 / nibble));
 4158              		.loc 1 1234 2 view .LVU1241
1235:Module/ssd_2832.c **** 	uint32_t clk_zero = (uint32_t)(ceil(315 / nibble));
 4159              		.loc 1 1235 2 view .LVU1242
1236:Module/ssd_2832.c **** 	uint32_t clk_trail = (uint32_t)(ceil(72 / nibble));
 4160              		.loc 1 1236 2 view .LVU1243
1237:Module/ssd_2832.c **** 	uint32_t rc9 = (hs_zero << 8) + (hs_prepare - 4);
 4161              		.loc 1 1237 2 view .LVU1244
1238:Module/ssd_2832.c **** 	uint32_t rca = (clk_zero << 8) + clk_prepare - 3;
 4162              		.loc 1 1238 2 view .LVU1245
1239:Module/ssd_2832.c **** 	uint32_t rcb = (clk_pre << 8) + clk_post;
 4163              		.loc 1 1239 2 view .LVU1246
1240:Module/ssd_2832.c **** 	uint32_t rcc = (clk_trail << 8) + hs_trail;
 4164              		.loc 1 1240 2 view .LVU1247
1241:Module/ssd_2832.c **** 	uint32_t rdf = hs_exit;
 4165              		.loc 1 1241 2 view .LVU1248
1242:Module/ssd_2832.c **** 
 4166              		.loc 1 1242 2 view .LVU1249
1245:Module/ssd_2832.c ****     tmp_hi <<= 8;
 4167              		.loc 1 1245 5 view .LVU1250
1246:Module/ssd_2832.c ****     tmp_hi |= pbridge->hpd;
 4168              		.loc 1 1246 5 view .LVU1251
1247:Module/ssd_2832.c ****     if (tmp_hi > 0)
 4169              		.loc 1 1247 5 view .LVU1252
1248:Module/ssd_2832.c ****     {
 4170              		.loc 1 1248 5 view .LVU1253
1254:Module/ssd_2832.c ****     tmp_hi <<= 8;
 4171              		.loc 1 1254 5 view .LVU1254
1255:Module/ssd_2832.c ****     tmp_hi |= pbridge->cpd;
 4172              		.loc 1 1255 5 view .LVU1255
1256:Module/ssd_2832.c ****     if (tmp_hi > 0)
 4173              		.loc 1 1256 5 view .LVU1256
1257:Module/ssd_2832.c ****     {
 4174              		.loc 1 1257 5 view .LVU1257
1263:Module/ssd_2832.c ****     tmp_hi <<= 8;
 4175              		.loc 1 1263 5 view .LVU1258
1264:Module/ssd_2832.c ****     tmp_hi |= pbridge->cptd;
 4176              		.loc 1 1264 5 view .LVU1259
1265:Module/ssd_2832.c ****     if (tmp_hi > 0)
 4177              		.loc 1 1265 5 view .LVU1260
1266:Module/ssd_2832.c **** 	{
 4178              		.loc 1 1266 5 view .LVU1261
1271:Module/ssd_2832.c ****     tmp_hi <<= 8;
 4179              		.loc 1 1271 5 view .LVU1262
1272:Module/ssd_2832.c ****     tmp_hi |= pbridge->htd;
 4180              		.loc 1 1272 5 view .LVU1263
1273:Module/ssd_2832.c ****     if (tmp_hi > 0)
 4181              		.loc 1 1273 5 view .LVU1264
1274:Module/ssd_2832.c **** 	{
 4182              		.loc 1 1274 5 view .LVU1265
1280:Module/ssd_2832.c **** 	if (pbridge->send_eot_in_hs > 0)
 4183              		.loc 1 1280 2 view .LVU1266
1281:Module/ssd_2832.c **** 	{
ARM GAS  C:\Users\ADMINI~1\AppData\Local\Temp\ccttuXL8.s 			page 118


 4184              		.loc 1 1281 2 view .LVU1267
1281:Module/ssd_2832.c **** 	{
 4185              		.loc 1 1281 13 is_stmt 0 view .LVU1268
 4186 05a6 154B     		ldr	r3, .L265
1281:Module/ssd_2832.c **** 	{
 4187              		.loc 1 1281 5 view .LVU1269
 4188 05a8 DB6F     		ldr	r3, [r3, #124]
1283:Module/ssd_2832.c **** 	}
 4189              		.loc 1 1283 10 view .LVU1270
 4190 05aa 002B     		cmp	r3, #0
 4191 05ac 0CBF     		ite	eq
 4192 05ae 4FF48074 		moveq	r4, #256
 4193 05b2 4FF44074 		movne	r4, #768
 4194              	.LVL393:
1286:Module/ssd_2832.c **** 	{
 4195              		.loc 1 1286 2 is_stmt 1 view .LVU1271
1286:Module/ssd_2832.c **** 	{
 4196              		.loc 1 1286 13 is_stmt 0 view .LVU1272
 4197 05b6 114B     		ldr	r3, .L265
1286:Module/ssd_2832.c **** 	{
 4198              		.loc 1 1286 5 view .LVU1273
 4199 05b8 D3F88030 		ldr	r3, [r3, #128]
 4200 05bc 0BB1     		cbz	r3, .L241
1288:Module/ssd_2832.c **** 	}
 4201              		.loc 1 1288 3 is_stmt 1 view .LVU1274
1288:Module/ssd_2832.c **** 	}
 4202              		.loc 1 1288 10 is_stmt 0 view .LVU1275
 4203 05be 44F00904 		orr	r4, r4, #9
 4204              	.LVL394:
 4205              	.L241:
1290:Module/ssd_2832.c **** 	bridge_write_reg_16bit(0xB7,tmp_hi);
 4206              		.loc 1 1290 5 is_stmt 1 view .LVU1276
 4207 05c2 2246     		mov	r2, r4
 4208 05c4 1649     		ldr	r1, .L265+36
 4209 05c6 1748     		ldr	r0, .L265+40
 4210 05c8 FFF7FEFF 		bl	printf
 4211              	.LVL395:
1291:Module/ssd_2832.c **** 	
 4212              		.loc 1 1291 2 view .LVU1277
 4213 05cc 2146     		mov	r1, r4
 4214 05ce B720     		movs	r0, #183
 4215 05d0 FFF7FEFF 		bl	bridge_write_reg_16bit
 4216              	.LVL396:
1294:Module/ssd_2832.c **** 	bridge_reg_test();
 4217              		.loc 1 1294 2 view .LVU1278
 4218              	.LBB87:
 4219              	.LBI87:
 108:Module/ssd_2832.c **** {
 4220              		.loc 1 108 6 view .LVU1279
 4221              	.LBB88:
 110:Module/ssd_2832.c **** }
 4222              		.loc 1 110 2 view .LVU1280
 4223 05d4 1448     		ldr	r0, .L265+44
 4224 05d6 FFF7FEFF 		bl	bsp_DelayUS
 4225              	.LVL397:
 110:Module/ssd_2832.c **** }
 4226              		.loc 1 110 2 is_stmt 0 view .LVU1281
ARM GAS  C:\Users\ADMINI~1\AppData\Local\Temp\ccttuXL8.s 			page 119


 4227              	.LBE88:
 4228              	.LBE87:
1295:Module/ssd_2832.c **** 	
 4229              		.loc 1 1295 2 is_stmt 1 view .LVU1282
 4230 05da FFF7FEFF 		bl	bridge_reg_test
 4231              	.LVL398:
1297:Module/ssd_2832.c **** }
 4232              		.loc 1 1297 2 view .LVU1283
1298:Module/ssd_2832.c **** 
 4233              		.loc 1 1298 1 is_stmt 0 view .LVU1284
 4234 05de 0120     		movs	r0, #1
 4235 05e0 BDE8F087 		pop	{r4, r5, r6, r7, r8, r9, r10, pc}
 4236              	.LVL399:
 4237              	.L245:
 951:Module/ssd_2832.c **** 
 4238              		.loc 1 951 2 is_stmt 1 view .LVU1285
 954:Module/ssd_2832.c **** 	rba |= 0x500;
 4239              		.loc 1 954 5 view .LVU1286
 955:Module/ssd_2832.c **** 
 4240              		.loc 1 955 2 view .LVU1287
 957:Module/ssd_2832.c **** 
 4241              		.loc 1 957 5 view .LVU1288
 951:Module/ssd_2832.c **** 
 4242              		.loc 1 951 12 is_stmt 0 view .LVU1289
 4243 05e4 0649     		ldr	r1, .L265+4
 4244 05e6 A1FB0931 		umull	r3, r1, r1, r9
 951:Module/ssd_2832.c **** 
 4245              		.loc 1 951 17 view .LVU1290
 4246 05ea C1F38701 		ubfx	r1, r1, #2, #8
 957:Module/ssd_2832.c **** 
 4247              		.loc 1 957 5 view .LVU1291
 4248 05ee 41F48A41 		orr	r1, r1, #17664
 4249 05f2 BA20     		movs	r0, #186
 4250 05f4 FFF7FEFF 		bl	bridge_write_reg_16bit
 4251              	.LVL400:
 959:Module/ssd_2832.c **** 	{
 4252              		.loc 1 959 2 is_stmt 1 view .LVU1292
 4253 05f8 EAE6     		b	.L242
 4254              	.L266:
 4255 05fa 00BF     		.align	2
 4256              	.L265:
 4257 05fc 00000000 		.word	.LANCHOR8
 4258 0600 CDCCCCCC 		.word	-858993459
 4259 0604 04010010 		.word	268435716
 4260 0608 05010010 		.word	268435717
 4261 060c 398F1C20 		.word	538742585
 4262 0610 398F7C3E 		.word	1048350521
 4263 0614 401E121B 		.word	454172224
 4264 0618 80100200 		.word	135296
 4265 061c A0100200 		.word	135328
 4266 0620 14000000 		.word	.LC1
 4267 0624 44000000 		.word	.LC31
 4268 0628 A0860100 		.word	100000
 4269              		.cfi_endproc
 4270              	.LFE150:
 4272              		.section	.text.mipi_write_regs,"ax",%progbits
 4273              		.align	1
ARM GAS  C:\Users\ADMINI~1\AppData\Local\Temp\ccttuXL8.s 			page 120


 4274              		.global	mipi_write_regs
 4275              		.syntax unified
 4276              		.thumb
 4277              		.thumb_func
 4279              	mipi_write_regs:
 4280              	.LVL401:
 4281              	.LFB158:
1590:Module/ssd_2832.c **** 
1591:Module/ssd_2832.c **** /******************************************************************************/
1592:Module/ssd_2832.c **** /// Description:mipi_write_regs
1593:Module/ssd_2832.c **** /// @note:
1594:Module/ssd_2832.c **** /// @param input:port,data,len
1595:Module/ssd_2832.c **** /// @param output:null
1596:Module/ssd_2832.c **** /// @return value
1597:Module/ssd_2832.c **** /******************************************************************************/
1598:Module/ssd_2832.c **** int mipi_write_regs(struct mipi_port *pmipi, uint8_t *frame,uint32_t len)
1599:Module/ssd_2832.c **** {
 4282              		.loc 1 1599 1 view -0
 4283              		.cfi_startproc
 4284              		@ args = 0, pretend = 0, frame = 0
 4285              		@ frame_needed = 0, uses_anonymous_args = 0
 4286              		.loc 1 1599 1 is_stmt 0 view .LVU1294
 4287 0000 2DE9F047 		push	{r4, r5, r6, r7, r8, r9, r10, lr}
 4288              	.LCFI57:
 4289              		.cfi_def_cfa_offset 32
 4290              		.cfi_offset 4, -32
 4291              		.cfi_offset 5, -28
 4292              		.cfi_offset 6, -24
 4293              		.cfi_offset 7, -20
 4294              		.cfi_offset 8, -16
 4295              		.cfi_offset 9, -12
 4296              		.cfi_offset 10, -8
 4297              		.cfi_offset 14, -4
 4298 0004 0746     		mov	r7, r0
 4299 0006 8946     		mov	r9, r1
 4300 0008 1646     		mov	r6, r2
1600:Module/ssd_2832.c **** 	uint16_t rb6 = 0;
 4301              		.loc 1 1600 2 is_stmt 1 view .LVU1295
 4302              	.LVL402:
1601:Module/ssd_2832.c **** 	uint16_t rb7=0x0100;
 4303              		.loc 1 1601 2 view .LVU1296
1602:Module/ssd_2832.c **** 	uint32_t tmp = 0;
 4304              		.loc 1 1602 2 view .LVU1297
1603:Module/ssd_2832.c **** 	uint32_t tmp_mem_b6 = 0;
 4305              		.loc 1 1603 2 view .LVU1298
1604:Module/ssd_2832.c **** 	uint32_t tmp_mem_b7 = 0;
 4306              		.loc 1 1604 2 view .LVU1299
1605:Module/ssd_2832.c **** 	uint32_t tmp_mem_de = 0;
 4307              		.loc 1 1605 2 view .LVU1300
1606:Module/ssd_2832.c ****     int port = 0;
 4308              		.loc 1 1606 5 view .LVU1301
1607:Module/ssd_2832.c **** 	
1608:Module/ssd_2832.c **** 	port = pmipi->port;
 4309              		.loc 1 1608 2 view .LVU1302
1609:Module/ssd_2832.c **** 
1610:Module/ssd_2832.c **** 	//Set MIPITX
1611:Module/ssd_2832.c **** 	tmp_mem_de = bridge_read_mem_reg(0xDE);
ARM GAS  C:\Users\ADMINI~1\AppData\Local\Temp\ccttuXL8.s 			page 121


 4310              		.loc 1 1611 2 view .LVU1303
 4311              	.LBB101:
 4312              	.LBI101:
 258:Module/ssd_2832.c **** {
 4313              		.loc 1 258 10 view .LVU1304
 4314              	.LBB102:
 260:Module/ssd_2832.c ****         return bridge_mem_reg_b6[0];
 4315              		.loc 1 260 5 view .LVU1305
 263:Module/ssd_2832.c ****         return bridge_mem_reg_b7[0];
 4316              		.loc 1 263 5 view .LVU1306
 266:Module/ssd_2832.c ****         return bridge_mem_reg_bd[0];
 4317              		.loc 1 266 5 view .LVU1307
 269:Module/ssd_2832.c ****         return bridge_mem_reg_de[0];
 4318              		.loc 1 269 5 view .LVU1308
 270:Module/ssd_2832.c **** 	
 4319              		.loc 1 270 9 view .LVU1309
 270:Module/ssd_2832.c **** 	
 4320              		.loc 1 270 33 is_stmt 0 view .LVU1310
 4321 000a 584B     		ldr	r3, .L290
 4322 000c 1B68     		ldr	r3, [r3]
 4323              	.LVL403:
 270:Module/ssd_2832.c **** 	
 4324              		.loc 1 270 33 view .LVU1311
 4325              	.LBE102:
 4326              	.LBE101:
1612:Module/ssd_2832.c **** 	tmp_mem_de &= 0xFFFFFF9F;
 4327              		.loc 1 1612 2 is_stmt 1 view .LVU1312
 4328              		.loc 1 1612 13 is_stmt 0 view .LVU1313
 4329 000e 23F06001 		bic	r1, r3, #96
 4330              	.LVL404:
1613:Module/ssd_2832.c **** 	
1614:Module/ssd_2832.c ****     if(pmipi->dual & 0x01)//MIPI TX0
 4331              		.loc 1 1614 5 is_stmt 1 view .LVU1314
 4332              		.loc 1 1614 13 is_stmt 0 view .LVU1315
 4333 0012 4269     		ldr	r2, [r0, #20]
 4334              	.LVL405:
 4335              		.loc 1 1614 7 view .LVU1316
 4336 0014 12F0010F 		tst	r2, #1
1615:Module/ssd_2832.c ****     {
1616:Module/ssd_2832.c ****         tmp_mem_de |= (0x01 << 5);
 4337              		.loc 1 1616 9 is_stmt 1 view .LVU1317
 4338              		.loc 1 1616 20 is_stmt 0 view .LVU1318
 4339 0018 18BF     		it	ne
 4340 001a 41F02001 		orrne	r1, r1, #32
 4341              	.LVL406:
1617:Module/ssd_2832.c ****     }
1618:Module/ssd_2832.c **** 	
1619:Module/ssd_2832.c ****     if(pmipi->dual & 0x02)//MIPI TX1
 4342              		.loc 1 1619 5 is_stmt 1 view .LVU1319
 4343              		.loc 1 1619 7 is_stmt 0 view .LVU1320
 4344 001e 12F0020F 		tst	r2, #2
1620:Module/ssd_2832.c ****     {
1621:Module/ssd_2832.c ****         tmp_mem_de |= (0x01 << 6);
 4345              		.loc 1 1621 9 is_stmt 1 view .LVU1321
 4346              		.loc 1 1621 20 is_stmt 0 view .LVU1322
 4347 0022 18BF     		it	ne
 4348 0024 41F04001 		orrne	r1, r1, #64
ARM GAS  C:\Users\ADMINI~1\AppData\Local\Temp\ccttuXL8.s 			page 122


 4349              	.LVL407:
1622:Module/ssd_2832.c ****     }
1623:Module/ssd_2832.c **** 
1624:Module/ssd_2832.c ****     if(tmp_mem_de != bridge_read_mem_reg(0xDE))
 4350              		.loc 1 1624 5 is_stmt 1 view .LVU1323
 4351              		.loc 1 1624 7 is_stmt 0 view .LVU1324
 4352 0028 9942     		cmp	r1, r3
 4353 002a 2ED1     		bne	.L288
 4354              	.LVL408:
 4355              	.L270:
1625:Module/ssd_2832.c ****     {
1626:Module/ssd_2832.c ****         bridge_write_reg_32bit(0xDE,tmp_mem_de);
1627:Module/ssd_2832.c ****     }
1628:Module/ssd_2832.c **** 
1629:Module/ssd_2832.c ****     //Transmit Data Count High
1630:Module/ssd_2832.c **** 	if(bridge_read_mem_reg(0xBD) != 0)
 4356              		.loc 1 1630 2 is_stmt 1 view .LVU1325
 4357              	.LBB103:
 4358              	.LBI103:
 258:Module/ssd_2832.c **** {
 4359              		.loc 1 258 10 view .LVU1326
 4360              	.LBB104:
 260:Module/ssd_2832.c ****         return bridge_mem_reg_b6[0];
 4361              		.loc 1 260 5 view .LVU1327
 263:Module/ssd_2832.c ****         return bridge_mem_reg_b7[0];
 4362              		.loc 1 263 5 view .LVU1328
 266:Module/ssd_2832.c ****         return bridge_mem_reg_bd[0];
 4363              		.loc 1 266 5 view .LVU1329
 267:Module/ssd_2832.c **** 	
 4364              		.loc 1 267 9 view .LVU1330
 267:Module/ssd_2832.c **** 	
 4365              		.loc 1 267 33 is_stmt 0 view .LVU1331
 4366 002c 504B     		ldr	r3, .L290+4
 4367              	.LBE104:
 4368              	.LBE103:
 4369              		.loc 1 1630 4 view .LVU1332
 4370 002e 1B68     		ldr	r3, [r3]
 4371 0030 7BBB     		cbnz	r3, .L289
 4372              	.L271:
1631:Module/ssd_2832.c **** 	{
1632:Module/ssd_2832.c **** 	    bridge_write_reg_16bit(0xBD, 0);
1633:Module/ssd_2832.c **** 	}
1634:Module/ssd_2832.c **** 
1635:Module/ssd_2832.c **** 	tmp_mem_b6 = bridge_read_mem_reg(0xB6);
 4373              		.loc 1 1635 2 is_stmt 1 view .LVU1333
 4374              	.LVL409:
 4375              	.LBB105:
 4376              	.LBI105:
 258:Module/ssd_2832.c **** {
 4377              		.loc 1 258 10 view .LVU1334
 4378              	.LBB106:
 260:Module/ssd_2832.c ****         return bridge_mem_reg_b6[0];
 4379              		.loc 1 260 5 view .LVU1335
 261:Module/ssd_2832.c **** 	
 4380              		.loc 1 261 9 view .LVU1336
 261:Module/ssd_2832.c **** 	
 4381              		.loc 1 261 33 is_stmt 0 view .LVU1337
ARM GAS  C:\Users\ADMINI~1\AppData\Local\Temp\ccttuXL8.s 			page 123


 4382 0032 504B     		ldr	r3, .L290+8
 4383 0034 1D68     		ldr	r5, [r3]
 4384              	.LVL410:
 261:Module/ssd_2832.c **** 	
 4385              		.loc 1 261 33 view .LVU1338
 4386              	.LBE106:
 4387              	.LBE105:
1636:Module/ssd_2832.c **** 	tmp_mem_b7 = bridge_read_mem_reg(0xB7);
 4388              		.loc 1 1636 2 is_stmt 1 view .LVU1339
 4389              	.LBB107:
 4390              	.LBI107:
 258:Module/ssd_2832.c **** {
 4391              		.loc 1 258 10 view .LVU1340
 4392              	.LBB108:
 260:Module/ssd_2832.c ****         return bridge_mem_reg_b6[0];
 4393              		.loc 1 260 5 view .LVU1341
 263:Module/ssd_2832.c ****         return bridge_mem_reg_b7[0];
 4394              		.loc 1 263 5 view .LVU1342
 264:Module/ssd_2832.c **** 	
 4395              		.loc 1 264 9 view .LVU1343
 264:Module/ssd_2832.c **** 	
 4396              		.loc 1 264 33 is_stmt 0 view .LVU1344
 4397 0036 504B     		ldr	r3, .L290+12
 4398 0038 1C68     		ldr	r4, [r3]
 4399              	.LVL411:
 264:Module/ssd_2832.c **** 	
 4400              		.loc 1 264 33 view .LVU1345
 4401              	.LBE108:
 4402              	.LBE107:
1637:Module/ssd_2832.c **** 
1638:Module/ssd_2832.c **** 	rb6 = (tmp_mem_b6 & 0x0000FFFF);
 4403              		.loc 1 1638 2 is_stmt 1 view .LVU1346
 4404              		.loc 1 1638 6 is_stmt 0 view .LVU1347
 4405 003a ADB2     		uxth	r5, r5
 4406              	.LVL412:
1639:Module/ssd_2832.c **** 	rb7 = (tmp_mem_b7 & 0x0000FFFF);
 4407              		.loc 1 1639 2 is_stmt 1 view .LVU1348
 4408              		.loc 1 1639 6 is_stmt 0 view .LVU1349
 4409 003c A4B2     		uxth	r4, r4
 4410              	.LVL413:
1640:Module/ssd_2832.c **** 
1641:Module/ssd_2832.c **** 	//Clear REN bit, Set to Write
1642:Module/ssd_2832.c **** 	rb7 &= ~0x0080;
 4411              		.loc 1 1642 2 is_stmt 1 view .LVU1350
1643:Module/ssd_2832.c **** 
1644:Module/ssd_2832.c **** 	//1. Set Transmit Data Count (TDC)
1645:Module/ssd_2832.c **** 	tmp = len;
 4412              		.loc 1 1645 2 view .LVU1351
1646:Module/ssd_2832.c **** 	bridge_write_reg_16bit(0xBC,tmp);
 4413              		.loc 1 1646 2 view .LVU1352
 4414 003e B1B2     		uxth	r1, r6
 4415 0040 BC20     		movs	r0, #188
 4416 0042 FFF7FEFF 		bl	bridge_write_reg_16bit
 4417              	.LVL414:
1647:Module/ssd_2832.c **** 
1648:Module/ssd_2832.c **** 	//2. Check dataType
1649:Module/ssd_2832.c **** 	switch(pmipi->data_type)
ARM GAS  C:\Users\ADMINI~1\AppData\Local\Temp\ccttuXL8.s 			page 124


 4418              		.loc 1 1649 2 view .LVU1353
 4419              		.loc 1 1649 14 is_stmt 0 view .LVU1354
 4420 0046 BB68     		ldr	r3, [r7, #8]
 4421              		.loc 1 1649 2 view .LVU1355
 4422 0048 052B     		cmp	r3, #5
 4423 004a 27D0     		beq	.L272
 4424 004c A3F11302 		sub	r2, r3, #19
 4425 0050 262A     		cmp	r2, #38
 4426 0052 00F28280 		bhi	.L284
 4427 0056 1346     		mov	r3, r2
 4428 0058 262B     		cmp	r3, #38
 4429 005a 00F28180 		bhi	.L285
 4430 005e DFE803F0 		tbb	[pc, r3]
 4431              	.L275:
 4432 0062 6D       		.byte	(.L277-.L275)/2
 4433 0063 7F       		.byte	(.L285-.L275)/2
 4434 0064 1D       		.byte	(.L272-.L275)/2
 4435 0065 7F       		.byte	(.L285-.L275)/2
 4436 0066 7F       		.byte	(.L285-.L275)/2
 4437 0067 7F       		.byte	(.L285-.L275)/2
 4438 0068 7F       		.byte	(.L285-.L275)/2
 4439 0069 7F       		.byte	(.L285-.L275)/2
 4440 006a 7F       		.byte	(.L285-.L275)/2
 4441 006b 7F       		.byte	(.L285-.L275)/2
 4442 006c 7F       		.byte	(.L285-.L275)/2
 4443 006d 7F       		.byte	(.L285-.L275)/2
 4444 006e 7F       		.byte	(.L285-.L275)/2
 4445 006f 7F       		.byte	(.L285-.L275)/2
 4446 0070 7F       		.byte	(.L285-.L275)/2
 4447 0071 7F       		.byte	(.L285-.L275)/2
 4448 0072 6D       		.byte	(.L277-.L275)/2
 4449 0073 7F       		.byte	(.L285-.L275)/2
 4450 0074 7F       		.byte	(.L285-.L275)/2
 4451 0075 7F       		.byte	(.L285-.L275)/2
 4452 0076 7F       		.byte	(.L285-.L275)/2
 4453 0077 7F       		.byte	(.L285-.L275)/2
 4454 0078 71       		.byte	(.L276-.L275)/2
 4455 0079 7F       		.byte	(.L285-.L275)/2
 4456 007a 7F       		.byte	(.L285-.L275)/2
 4457 007b 7F       		.byte	(.L285-.L275)/2
 4458 007c 7F       		.byte	(.L285-.L275)/2
 4459 007d 7F       		.byte	(.L285-.L275)/2
 4460 007e 7F       		.byte	(.L285-.L275)/2
 4461 007f 7F       		.byte	(.L285-.L275)/2
 4462 0080 7F       		.byte	(.L285-.L275)/2
 4463 0081 7F       		.byte	(.L285-.L275)/2
 4464 0082 7F       		.byte	(.L285-.L275)/2
 4465 0083 7F       		.byte	(.L285-.L275)/2
 4466 0084 7F       		.byte	(.L285-.L275)/2
 4467 0085 7F       		.byte	(.L285-.L275)/2
 4468 0086 7F       		.byte	(.L285-.L275)/2
 4469 0087 7F       		.byte	(.L285-.L275)/2
 4470 0088 68       		.byte	(.L274-.L275)/2
 4471              	.LVL415:
 4472 0089 00       		.p2align 1
 4473              	.L288:
1626:Module/ssd_2832.c ****     }
ARM GAS  C:\Users\ADMINI~1\AppData\Local\Temp\ccttuXL8.s 			page 125


 4474              		.loc 1 1626 9 is_stmt 1 view .LVU1356
 4475 008a DE20     		movs	r0, #222
 4476              	.LVL416:
1626:Module/ssd_2832.c ****     }
 4477              		.loc 1 1626 9 is_stmt 0 view .LVU1357
 4478 008c FFF7FEFF 		bl	bridge_write_reg_32bit
 4479              	.LVL417:
1626:Module/ssd_2832.c ****     }
 4480              		.loc 1 1626 9 view .LVU1358
 4481 0090 CCE7     		b	.L270
 4482              	.L289:
1632:Module/ssd_2832.c **** 	}
 4483              		.loc 1 1632 6 is_stmt 1 view .LVU1359
 4484 0092 0021     		movs	r1, #0
 4485 0094 BD20     		movs	r0, #189
 4486 0096 FFF7FEFF 		bl	bridge_write_reg_16bit
 4487              	.LVL418:
 4488 009a CAE7     		b	.L271
 4489              	.LVL419:
 4490              	.L272:
1650:Module/ssd_2832.c **** 	{
1651:Module/ssd_2832.c **** 		//DCS SHORT WRITE
1652:Module/ssd_2832.c **** 		case 0x05:
1653:Module/ssd_2832.c **** 		case 0x15:
1654:Module/ssd_2832.c **** 		{
1655:Module/ssd_2832.c **** 			//Clear LPE(bit10) - Long Packet Enable, Set to short
1656:Module/ssd_2832.c **** 			rb7 &= ~0x0400;
 4491              		.loc 1 1656 4 view .LVU1360
1657:Module/ssd_2832.c **** 			//Clear OTHER_CMD(bit12) - Other Command, set to DCS or Generic
1658:Module/ssd_2832.c **** 			rb7 &= ~0x1000;
 4492              		.loc 1 1658 4 view .LVU1361
 4493              		.loc 1 1658 8 is_stmt 0 view .LVU1362
 4494 009c 24F4A454 		bic	r4, r4, #5248
 4495              	.LVL420:
1659:Module/ssd_2832.c **** 			//Set DCS(bit 6) - DCS or Generic, set to DCS
1660:Module/ssd_2832.c **** 			rb7 |= 0x0040;
 4496              		.loc 1 1660 4 is_stmt 1 view .LVU1363
 4497              		.loc 1 1660 8 is_stmt 0 view .LVU1364
 4498 00a0 44F04004 		orr	r4, r4, #64
 4499              	.LVL421:
1661:Module/ssd_2832.c **** 		}
1662:Module/ssd_2832.c **** 		break;
 4500              		.loc 1 1662 3 is_stmt 1 view .LVU1365
 4501              	.L278:
1663:Module/ssd_2832.c **** 		//DCS LONG WRITE
1664:Module/ssd_2832.c **** 		case 0x39:
1665:Module/ssd_2832.c **** 		{
1666:Module/ssd_2832.c **** 			//Set LPE(bit10) - Long Packet Enable, Set to Long
1667:Module/ssd_2832.c **** 			rb7 |= 0x0400;
1668:Module/ssd_2832.c **** 			//Clear OTHER_CMD(bit12) - Other Command, set to DCS or Generic
1669:Module/ssd_2832.c **** 			rb7 &= ~0x1000;
1670:Module/ssd_2832.c **** 			//Set DCS(bit 6) - DCS or Generic, set to DCS
1671:Module/ssd_2832.c **** 			rb7 |= 0x0040;
1672:Module/ssd_2832.c **** 		}
1673:Module/ssd_2832.c **** 		break;
1674:Module/ssd_2832.c **** 		//Generic short WRITE
1675:Module/ssd_2832.c **** 		case 0x13:
ARM GAS  C:\Users\ADMINI~1\AppData\Local\Temp\ccttuXL8.s 			page 126


1676:Module/ssd_2832.c **** 		case 0x23:
1677:Module/ssd_2832.c **** 		{
1678:Module/ssd_2832.c **** 			//Clear LPE(bit10) - Long Packet Enable, Set to short
1679:Module/ssd_2832.c **** 			rb7 &= ~0x0400;
1680:Module/ssd_2832.c **** 			//Clear OTHER_CMD(bit12) - Other Command, set to DCS or Generic
1681:Module/ssd_2832.c **** 			rb7 &= ~0x1000;
1682:Module/ssd_2832.c **** 			//Set DCS(bit 6) - DCS or Generic, set to Generic
1683:Module/ssd_2832.c **** 			rb7 &= ~0x0040;
1684:Module/ssd_2832.c **** 		}
1685:Module/ssd_2832.c **** 		break;
1686:Module/ssd_2832.c **** 		//Generic Long WRITE
1687:Module/ssd_2832.c **** 		case 0x29:
1688:Module/ssd_2832.c **** 		{
1689:Module/ssd_2832.c **** 			//Set LPE(bit10) - Long Packet Enable, Set to Long
1690:Module/ssd_2832.c **** 			rb7 |= 0x0400;
1691:Module/ssd_2832.c **** 			//Clear OTHER_CMD(bit12) - Other Command, set to DCS or Generic
1692:Module/ssd_2832.c **** 			rb7 &= ~0x1000;
1693:Module/ssd_2832.c **** 			//Set DCS(bit 6) - DCS or Generic, set to Generic
1694:Module/ssd_2832.c **** 			rb7 &= ~0x0040;
1695:Module/ssd_2832.c **** 		}
1696:Module/ssd_2832.c **** 		break;
1697:Module/ssd_2832.c **** 		//Compression Mode Command, Short Write
1698:Module/ssd_2832.c **** 		case 0x07:
1699:Module/ssd_2832.c **** 		{
1700:Module/ssd_2832.c **** 			//Clear LPE(bit10) - Long Packet Enable, Set to short
1701:Module/ssd_2832.c **** 			rb7 &= ~0x0400;
1702:Module/ssd_2832.c **** 			//Set OTHER_CMD(bit12) - Other Command, set to DCS bit defines PPS or Compression mode packet.
1703:Module/ssd_2832.c **** 			rb7 |= 0x1000;
1704:Module/ssd_2832.c **** 			//Set DCS(bit 6) - DCS or Generic, 0 ?C Picture Parameter Setting Packet 1 ?C Compress Mode Pack
1705:Module/ssd_2832.c **** 			rb7 |= 0x0040;
1706:Module/ssd_2832.c **** 		}//break;
1707:Module/ssd_2832.c **** 		//Picture Parameter Set, Long Write
1708:Module/ssd_2832.c **** 		case 0x0A:
1709:Module/ssd_2832.c **** 		{
1710:Module/ssd_2832.c **** 			//Set LPE(bit10) - Long Packet Enable, Set to Long
1711:Module/ssd_2832.c **** 			rb7 |= 0x0400;
1712:Module/ssd_2832.c **** 			//Set OTHER_CMD(bit12) - Other Command, set to DCS bit defines PPS or Compression mode packet.
1713:Module/ssd_2832.c **** 			rb7 |= 0x1000;
1714:Module/ssd_2832.c **** 			//Set DCS(bit 6) - DCS or Generic, 0 ?C Picture Parameter Setting Packet 1 ?C Compress Mode Pack
1715:Module/ssd_2832.c **** 			rb7 &= ~0x0040;
1716:Module/ssd_2832.c **** 		}	//break;
1717:Module/ssd_2832.c **** 		default:
1718:Module/ssd_2832.c **** 		{
1719:Module/ssd_2832.c **** 			return -1;
1720:Module/ssd_2832.c **** 		}
1721:Module/ssd_2832.c **** 	}
1722:Module/ssd_2832.c **** 
1723:Module/ssd_2832.c **** 	//4. HS Mode
1724:Module/ssd_2832.c **** 	if(pmipi->hs_or_lp)
 4502              		.loc 1 1724 2 view .LVU1366
 4503              		.loc 1 1724 4 is_stmt 0 view .LVU1367
 4504 00a4 7B68     		ldr	r3, [r7, #4]
 4505 00a6 002B     		cmp	r3, #0
 4506 00a8 51D0     		beq	.L279
1725:Module/ssd_2832.c **** 	{
1726:Module/ssd_2832.c **** 		rb6 &= ~0x0040;//Non video data will be transmitted using HS mode.
 4507              		.loc 1 1726 3 is_stmt 1 view .LVU1368
ARM GAS  C:\Users\ADMINI~1\AppData\Local\Temp\ccttuXL8.s 			page 127


 4508              		.loc 1 1726 7 is_stmt 0 view .LVU1369
 4509 00aa 25F04005 		bic	r5, r5, #64
 4510              	.LVL422:
 4511              		.loc 1 1726 7 view .LVU1370
 4512 00ae A9B2     		uxth	r1, r5
 4513              	.LVL423:
1727:Module/ssd_2832.c **** 		rb7 |= 0x0001;
 4514              		.loc 1 1727 3 is_stmt 1 view .LVU1371
 4515              		.loc 1 1727 7 is_stmt 0 view .LVU1372
 4516 00b0 44F00104 		orr	r4, r4, #1
 4517              	.LVL424:
 4518              	.L280:
1728:Module/ssd_2832.c **** 	}
1729:Module/ssd_2832.c **** 	else
1730:Module/ssd_2832.c **** 	{
1731:Module/ssd_2832.c **** 		rb6 |= 0x0040; //Non video data will be transmitted using LP mode.
1732:Module/ssd_2832.c **** 		rb7 &= ~0x0001;
1733:Module/ssd_2832.c **** 	}
1734:Module/ssd_2832.c **** 
1735:Module/ssd_2832.c **** 	//6. Check if Video Mode is ON
1736:Module/ssd_2832.c **** 	if(rb7 & 0x0008)
 4519              		.loc 1 1736 2 is_stmt 1 view .LVU1373
 4520              		.loc 1 1736 4 is_stmt 0 view .LVU1374
 4521 00b4 14F0080F 		tst	r4, #8
1737:Module/ssd_2832.c **** 	{
1738:Module/ssd_2832.c **** 		//1  - Video mode is enabled
1739:Module/ssd_2832.c **** 		rb7 |= 0x0009; //Control SSD2828 use HS mode to send data.
 4522              		.loc 1 1739 3 is_stmt 1 view .LVU1375
 4523              		.loc 1 1739 7 is_stmt 0 view .LVU1376
 4524 00b8 18BF     		it	ne
 4525 00ba 44F00904 		orrne	r4, r4, #9
 4526              	.LVL425:
1740:Module/ssd_2832.c **** 	}
1741:Module/ssd_2832.c **** 	//7. Write rb6, rb7
1742:Module/ssd_2832.c **** 	tmp_mem_b6 &= 0xFFFF0000;
 4527              		.loc 1 1742 2 is_stmt 1 view .LVU1377
1743:Module/ssd_2832.c **** 	tmp_mem_b6 |= rb6;
 4528              		.loc 1 1743 2 view .LVU1378
1744:Module/ssd_2832.c **** 	bridge_write_reg_16bit(0xB6,tmp_mem_b6);
 4529              		.loc 1 1744 2 view .LVU1379
 4530 00be B620     		movs	r0, #182
 4531 00c0 FFF7FEFF 		bl	bridge_write_reg_16bit
 4532              	.LVL426:
1745:Module/ssd_2832.c **** 
1746:Module/ssd_2832.c **** 	tmp_mem_b7 &= 0xFFFF0000;
 4533              		.loc 1 1746 2 view .LVU1380
1747:Module/ssd_2832.c **** 	tmp_mem_b7 |= rb7;
 4534              		.loc 1 1747 2 view .LVU1381
1748:Module/ssd_2832.c **** 	bridge_write_reg_16bit(0xB7,tmp_mem_b7);
 4535              		.loc 1 1748 2 view .LVU1382
 4536 00c4 2146     		mov	r1, r4
 4537 00c6 B720     		movs	r0, #183
 4538 00c8 FFF7FEFF 		bl	bridge_write_reg_16bit
 4539              	.LVL427:
1749:Module/ssd_2832.c **** 	//8. Generic Packet Drop Register
1750:Module/ssd_2832.c **** 	bridge_write_regs(0xBF, frame, len);
 4540              		.loc 1 1750 2 view .LVU1383
ARM GAS  C:\Users\ADMINI~1\AppData\Local\Temp\ccttuXL8.s 			page 128


 4541              	.LBB109:
 4542              	.LBI109:
 523:Module/ssd_2832.c **** {
 4543              		.loc 1 523 12 view .LVU1384
 4544              	.LBB110:
 525:Module/ssd_2832.c **** 
 4545              		.loc 1 525 5 view .LVU1385
 527:Module/ssd_2832.c **** 	ret = bridge_write_lsb_data(frame, len);
 4546              		.loc 1 527 2 view .LVU1386
 527:Module/ssd_2832.c **** 	ret = bridge_write_lsb_data(frame, len);
 4547              		.loc 1 527 8 is_stmt 0 view .LVU1387
 4548 00cc BF20     		movs	r0, #191
 4549 00ce FFF7FEFF 		bl	bridge_write_cmd
 4550              	.LVL428:
 528:Module/ssd_2832.c **** 
 4551              		.loc 1 528 2 is_stmt 1 view .LVU1388
 4552              	.LBB111:
 4553              	.LBI111:
 415:Module/ssd_2832.c **** {
 4554              		.loc 1 415 12 view .LVU1389
 4555              	.LBB112:
 417:Module/ssd_2832.c ****     int ret = 0;
 4556              		.loc 1 417 5 view .LVU1390
 418:Module/ssd_2832.c ****     int count = 0;
 4557              		.loc 1 418 5 view .LVU1391
 419:Module/ssd_2832.c **** 
 4558              		.loc 1 419 5 view .LVU1392
 421:Module/ssd_2832.c **** 
 4559              		.loc 1 421 5 view .LVU1393
 421:Module/ssd_2832.c **** 
 4560              		.loc 1 421 11 is_stmt 0 view .LVU1394
 4561 00d2 06F0010A 		and	r10, r6, #1
 4562              	.LVL429:
 423:Module/ssd_2832.c ****     {
 4563              		.loc 1 423 5 is_stmt 1 view .LVU1395
 423:Module/ssd_2832.c ****     {
 4564              		.loc 1 423 16 view .LVU1396
 423:Module/ssd_2832.c ****     {
 4565              		.loc 1 423 5 is_stmt 0 view .LVU1397
 4566 00d6 36F00106 		bics	r6, r6, #1
 4567              	.LVL430:
 423:Module/ssd_2832.c ****     {
 4568              		.loc 1 423 5 view .LVU1398
 4569 00da 19D0     		beq	.L282
 4570 00dc 09F10204 		add	r4, r9, #2
 4571              	.LVL431:
 425:Module/ssd_2832.c ****         bridge_write_buff[2] = *frame++;
 4572              		.loc 1 425 30 view .LVU1399
 4573 00e0 264D     		ldr	r5, .L290+16
 4574 00e2 4FF07208 		mov	r8, #114
 423:Module/ssd_2832.c ****     {
 4575              		.loc 1 423 5 view .LVU1400
 4576 00e6 6FF00107 		mvn	r7, #1
 4577              	.LVL432:
 423:Module/ssd_2832.c ****     {
 4578              		.loc 1 423 5 view .LVU1401
 4579 00ea A7EB0907 		sub	r7, r7, r9
ARM GAS  C:\Users\ADMINI~1\AppData\Local\Temp\ccttuXL8.s 			page 129


 4580              	.LVL433:
 4581              	.L283:
 425:Module/ssd_2832.c ****         bridge_write_buff[2] = *frame++;
 4582              		.loc 1 425 9 is_stmt 1 view .LVU1402
 425:Module/ssd_2832.c ****         bridge_write_buff[2] = *frame++;
 4583              		.loc 1 425 30 is_stmt 0 view .LVU1403
 4584 00ee 85F80080 		strb	r8, [r5]
 426:Module/ssd_2832.c ****     	bridge_write_buff[1] = *frame++;
 4585              		.loc 1 426 9 is_stmt 1 view .LVU1404
 4586              	.LVL434:
 426:Module/ssd_2832.c ****     	bridge_write_buff[1] = *frame++;
 4587              		.loc 1 426 32 is_stmt 0 view .LVU1405
 4588 00f2 14F8023C 		ldrb	r3, [r4, #-2]	@ zero_extendqisi2
 426:Module/ssd_2832.c ****     	bridge_write_buff[1] = *frame++;
 4589              		.loc 1 426 30 view .LVU1406
 4590 00f6 AB70     		strb	r3, [r5, #2]
 427:Module/ssd_2832.c **** 
 4591              		.loc 1 427 6 is_stmt 1 view .LVU1407
 4592              	.LVL435:
 427:Module/ssd_2832.c **** 
 4593              		.loc 1 427 29 is_stmt 0 view .LVU1408
 4594 00f8 14F8013C 		ldrb	r3, [r4, #-1]	@ zero_extendqisi2
 427:Module/ssd_2832.c **** 
 4595              		.loc 1 427 27 view .LVU1409
 4596 00fc 6B70     		strb	r3, [r5, #1]
 429:Module/ssd_2832.c ****     }
 4597              		.loc 1 429 9 is_stmt 1 view .LVU1410
 429:Module/ssd_2832.c ****     }
 4598              		.loc 1 429 15 is_stmt 0 view .LVU1411
 4599 00fe 0321     		movs	r1, #3
 4600 0100 2846     		mov	r0, r5
 4601 0102 FFF7FEFF 		bl	bridge_spi_write
 4602              	.LVL436:
 423:Module/ssd_2832.c ****     {
 4603              		.loc 1 423 33 is_stmt 1 view .LVU1412
 423:Module/ssd_2832.c ****     {
 4604              		.loc 1 423 16 view .LVU1413
 423:Module/ssd_2832.c ****     {
 4605              		.loc 1 423 5 is_stmt 0 view .LVU1414
 4606 0106 0234     		adds	r4, r4, #2
 4607              	.LVL437:
 423:Module/ssd_2832.c ****     {
 4608              		.loc 1 423 5 view .LVU1415
 4609 0108 3B19     		adds	r3, r7, r4
 4610 010a B342     		cmp	r3, r6
 4611 010c EFD3     		bcc	.L283
 427:Module/ssd_2832.c **** 
 4612              		.loc 1 427 35 view .LVU1416
 4613 010e B144     		add	r9, r9, r6
 4614              	.LVL438:
 4615              	.L282:
 432:Module/ssd_2832.c **** 	{
 4616              		.loc 1 432 2 is_stmt 1 view .LVU1417
 432:Module/ssd_2832.c **** 	{
 4617              		.loc 1 432 4 is_stmt 0 view .LVU1418
 4618 0110 BAF1000F 		cmp	r10, #0
 4619 0114 26D0     		beq	.L267
ARM GAS  C:\Users\ADMINI~1\AppData\Local\Temp\ccttuXL8.s 			page 130


 434:Module/ssd_2832.c ****         bridge_write_buff[2] = *frame;
 4620              		.loc 1 434 9 is_stmt 1 view .LVU1419
 434:Module/ssd_2832.c ****         bridge_write_buff[2] = *frame;
 4621              		.loc 1 434 30 is_stmt 0 view .LVU1420
 4622 0116 1948     		ldr	r0, .L290+16
 4623 0118 7223     		movs	r3, #114
 4624 011a 0370     		strb	r3, [r0]
 435:Module/ssd_2832.c ****     	bridge_write_buff[1] = 0x00;
 4625              		.loc 1 435 9 is_stmt 1 view .LVU1421
 435:Module/ssd_2832.c ****     	bridge_write_buff[1] = 0x00;
 4626              		.loc 1 435 32 is_stmt 0 view .LVU1422
 4627 011c 99F80030 		ldrb	r3, [r9]	@ zero_extendqisi2
 435:Module/ssd_2832.c ****     	bridge_write_buff[1] = 0x00;
 4628              		.loc 1 435 30 view .LVU1423
 4629 0120 8370     		strb	r3, [r0, #2]
 436:Module/ssd_2832.c **** 
 4630              		.loc 1 436 6 is_stmt 1 view .LVU1424
 436:Module/ssd_2832.c **** 
 4631              		.loc 1 436 27 is_stmt 0 view .LVU1425
 4632 0122 4FF0000A 		mov	r10, #0
 4633              	.LVL439:
 436:Module/ssd_2832.c **** 
 4634              		.loc 1 436 27 view .LVU1426
 4635 0126 80F801A0 		strb	r10, [r0, #1]
 438:Module/ssd_2832.c **** 	}
 4636              		.loc 1 438 9 is_stmt 1 view .LVU1427
 438:Module/ssd_2832.c **** 	}
 4637              		.loc 1 438 15 is_stmt 0 view .LVU1428
 4638 012a 0321     		movs	r1, #3
 4639 012c FFF7FEFF 		bl	bridge_spi_write
 4640              	.LVL440:
 4641 0130 18E0     		b	.L267
 4642              	.LVL441:
 4643              	.L274:
 438:Module/ssd_2832.c **** 	}
 4644              		.loc 1 438 15 view .LVU1429
 4645              	.LBE112:
 4646              	.LBE111:
 4647              	.LBE110:
 4648              	.LBE109:
1667:Module/ssd_2832.c **** 			//Clear OTHER_CMD(bit12) - Other Command, set to DCS or Generic
 4649              		.loc 1 1667 4 is_stmt 1 view .LVU1430
1669:Module/ssd_2832.c **** 			//Set DCS(bit 6) - DCS or Generic, set to DCS
 4650              		.loc 1 1669 4 view .LVU1431
 4651 0132 24F48454 		bic	r4, r4, #4224
 4652              	.LVL442:
1671:Module/ssd_2832.c **** 		}
 4653              		.loc 1 1671 4 view .LVU1432
1671:Module/ssd_2832.c **** 		}
 4654              		.loc 1 1671 8 is_stmt 0 view .LVU1433
 4655 0136 44F48864 		orr	r4, r4, #1088
 4656              	.LVL443:
1673:Module/ssd_2832.c **** 		//Generic short WRITE
 4657              		.loc 1 1673 3 is_stmt 1 view .LVU1434
 4658 013a B3E7     		b	.L278
 4659              	.LVL444:
 4660              	.L277:
ARM GAS  C:\Users\ADMINI~1\AppData\Local\Temp\ccttuXL8.s 			page 131


1679:Module/ssd_2832.c **** 			//Clear OTHER_CMD(bit12) - Other Command, set to DCS or Generic
 4661              		.loc 1 1679 4 view .LVU1435
1681:Module/ssd_2832.c **** 			//Set DCS(bit 6) - DCS or Generic, set to Generic
 4662              		.loc 1 1681 4 view .LVU1436
1683:Module/ssd_2832.c **** 		}
 4663              		.loc 1 1683 4 view .LVU1437
1683:Module/ssd_2832.c **** 		}
 4664              		.loc 1 1683 8 is_stmt 0 view .LVU1438
 4665 013c 24F4A654 		bic	r4, r4, #5312
 4666              	.LVL445:
1683:Module/ssd_2832.c **** 		}
 4667              		.loc 1 1683 8 view .LVU1439
 4668 0140 A4B2     		uxth	r4, r4
 4669              	.LVL446:
1685:Module/ssd_2832.c **** 		//Generic Long WRITE
 4670              		.loc 1 1685 3 is_stmt 1 view .LVU1440
 4671 0142 AFE7     		b	.L278
 4672              	.LVL447:
 4673              	.L276:
1690:Module/ssd_2832.c **** 			//Clear OTHER_CMD(bit12) - Other Command, set to DCS or Generic
 4674              		.loc 1 1690 4 view .LVU1441
1692:Module/ssd_2832.c **** 			//Set DCS(bit 6) - DCS or Generic, set to Generic
 4675              		.loc 1 1692 4 view .LVU1442
1694:Module/ssd_2832.c **** 		}
 4676              		.loc 1 1694 4 view .LVU1443
 4677 0144 24F48654 		bic	r4, r4, #4288
 4678              	.LVL448:
1694:Module/ssd_2832.c **** 		}
 4679              		.loc 1 1694 8 is_stmt 0 view .LVU1444
 4680 0148 44F48064 		orr	r4, r4, #1024
 4681              	.LVL449:
1696:Module/ssd_2832.c **** 		//Compression Mode Command, Short Write
 4682              		.loc 1 1696 3 is_stmt 1 view .LVU1445
 4683 014c AAE7     		b	.L278
 4684              	.L279:
1731:Module/ssd_2832.c **** 		rb7 &= ~0x0001;
 4685              		.loc 1 1731 3 view .LVU1446
1731:Module/ssd_2832.c **** 		rb7 &= ~0x0001;
 4686              		.loc 1 1731 7 is_stmt 0 view .LVU1447
 4687 014e 45F04001 		orr	r1, r5, #64
 4688              	.LVL450:
1732:Module/ssd_2832.c **** 	}
 4689              		.loc 1 1732 3 is_stmt 1 view .LVU1448
1732:Module/ssd_2832.c **** 	}
 4690              		.loc 1 1732 7 is_stmt 0 view .LVU1449
 4691 0152 24F00104 		bic	r4, r4, #1
 4692              	.LVL451:
1732:Module/ssd_2832.c **** 	}
 4693              		.loc 1 1732 7 view .LVU1450
 4694 0156 A4B2     		uxth	r4, r4
 4695              	.LVL452:
1732:Module/ssd_2832.c **** 	}
 4696              		.loc 1 1732 7 view .LVU1451
 4697 0158 ACE7     		b	.L280
 4698              	.LVL453:
 4699              	.L284:
1649:Module/ssd_2832.c **** 	{
ARM GAS  C:\Users\ADMINI~1\AppData\Local\Temp\ccttuXL8.s 			page 132


 4700              		.loc 1 1649 2 view .LVU1452
 4701 015a 4FF0FF3A 		mov	r10, #-1
 4702 015e 01E0     		b	.L267
 4703              	.L285:
 4704 0160 4FF0FF3A 		mov	r10, #-1
 4705              	.LVL454:
 4706              	.L267:
1751:Module/ssd_2832.c **** 	return 0;
1752:Module/ssd_2832.c **** }
 4707              		.loc 1 1752 1 view .LVU1453
 4708 0164 5046     		mov	r0, r10
 4709 0166 BDE8F087 		pop	{r4, r5, r6, r7, r8, r9, r10, pc}
 4710              	.L291:
 4711 016a 00BF     		.align	2
 4712              	.L290:
 4713 016c 00000000 		.word	.LANCHOR6
 4714 0170 00000000 		.word	.LANCHOR5
 4715 0174 00000000 		.word	.LANCHOR3
 4716 0178 00000000 		.word	.LANCHOR4
 4717 017c 00000000 		.word	.LANCHOR2
 4718              		.cfi_endproc
 4719              	.LFE158:
 4721              		.section	.text.bridge_send_hs_nop_package,"ax",%progbits
 4722              		.align	1
 4723              		.global	bridge_send_hs_nop_package
 4724              		.syntax unified
 4725              		.thumb
 4726              		.thumb_func
 4728              	bridge_send_hs_nop_package:
 4729              	.LFB153:
1340:Module/ssd_2832.c ****     unsigned char data_buff[4] = {0};
 4730              		.loc 1 1340 1 is_stmt 1 view -0
 4731              		.cfi_startproc
 4732              		@ args = 0, pretend = 0, frame = 32
 4733              		@ frame_needed = 0, uses_anonymous_args = 0
 4734 0000 10B5     		push	{r4, lr}
 4735              	.LCFI58:
 4736              		.cfi_def_cfa_offset 8
 4737              		.cfi_offset 4, -8
 4738              		.cfi_offset 14, -4
 4739 0002 88B0     		sub	sp, sp, #32
 4740              	.LCFI59:
 4741              		.cfi_def_cfa_offset 40
1341:Module/ssd_2832.c ****     struct mipi_port mipi;
 4742              		.loc 1 1341 5 view .LVU1455
1341:Module/ssd_2832.c ****     struct mipi_port mipi;
 4743              		.loc 1 1341 19 is_stmt 0 view .LVU1456
 4744 0004 0023     		movs	r3, #0
 4745 0006 0793     		str	r3, [sp, #28]
1342:Module/ssd_2832.c ****     struct bridge *pbridge;
 4746              		.loc 1 1342 5 is_stmt 1 view .LVU1457
1343:Module/ssd_2832.c **** 	
 4747              		.loc 1 1343 5 view .LVU1458
1345:Module/ssd_2832.c **** 
 4748              		.loc 1 1345 5 view .LVU1459
 763:Module/ssd_2832.c **** }
 4749              		.loc 1 763 2 view .LVU1460
ARM GAS  C:\Users\ADMINI~1\AppData\Local\Temp\ccttuXL8.s 			page 133


 4750              	.LVL455:
1347:Module/ssd_2832.c ****     if(0 == pbridge->dual) //PORT,single
 4751              		.loc 1 1347 5 view .LVU1461
1347:Module/ssd_2832.c ****     if(0 == pbridge->dual) //PORT,single
 4752              		.loc 1 1347 15 is_stmt 0 view .LVU1462
 4753 0008 0593     		str	r3, [sp, #20]
1348:Module/ssd_2832.c **** 	{
 4754              		.loc 1 1348 5 is_stmt 1 view .LVU1463
1348:Module/ssd_2832.c **** 	{
 4755              		.loc 1 1348 20 is_stmt 0 view .LVU1464
 4756 000a 0C4B     		ldr	r3, .L296
 4757 000c 1B6C     		ldr	r3, [r3, #64]
1348:Module/ssd_2832.c **** 	{
 4758              		.loc 1 1348 7 view .LVU1465
 4759 000e 7BB9     		cbnz	r3, .L293
1350:Module/ssd_2832.c **** 	}
 4760              		.loc 1 1350 9 is_stmt 1 view .LVU1466
1350:Module/ssd_2832.c **** 	}
 4761              		.loc 1 1350 19 is_stmt 0 view .LVU1467
 4762 0010 0123     		movs	r3, #1
 4763 0012 0693     		str	r3, [sp, #24]
 4764              	.L294:
1358:Module/ssd_2832.c ****     mipi.data_type    = 0x39;
 4765              		.loc 1 1358 5 is_stmt 1 view .LVU1468
1358:Module/ssd_2832.c ****     mipi.data_type    = 0x39;
 4766              		.loc 1 1358 23 is_stmt 0 view .LVU1469
 4767 0014 0023     		movs	r3, #0
 4768 0016 0193     		str	r3, [sp, #4]
1359:Module/ssd_2832.c ****     mipi.hs_or_lp     = 1;
 4769              		.loc 1 1359 5 is_stmt 1 view .LVU1470
1359:Module/ssd_2832.c ****     mipi.hs_or_lp     = 1;
 4770              		.loc 1 1359 23 is_stmt 0 view .LVU1471
 4771 0018 3923     		movs	r3, #57
 4772 001a 0393     		str	r3, [sp, #12]
1360:Module/ssd_2832.c **** 	
 4773              		.loc 1 1360 5 is_stmt 1 view .LVU1472
1360:Module/ssd_2832.c **** 	
 4774              		.loc 1 1360 23 is_stmt 0 view .LVU1473
 4775 001c 0124     		movs	r4, #1
 4776 001e 0294     		str	r4, [sp, #8]
1362:Module/ssd_2832.c ****     mipi_write_regs(&mipi,data_buff,1);
 4777              		.loc 1 1362 5 is_stmt 1 view .LVU1474
1363:Module/ssd_2832.c **** 
 4778              		.loc 1 1363 5 view .LVU1475
 4779 0020 2246     		mov	r2, r4
 4780 0022 07A9     		add	r1, sp, #28
 4781 0024 01A8     		add	r0, sp, #4
 4782 0026 FFF7FEFF 		bl	mipi_write_regs
 4783              	.LVL456:
1365:Module/ssd_2832.c **** }
 4784              		.loc 1 1365 5 view .LVU1476
1366:Module/ssd_2832.c **** 
 4785              		.loc 1 1366 1 is_stmt 0 view .LVU1477
 4786 002a 2046     		mov	r0, r4
 4787 002c 08B0     		add	sp, sp, #32
 4788              	.LCFI60:
 4789              		.cfi_remember_state
ARM GAS  C:\Users\ADMINI~1\AppData\Local\Temp\ccttuXL8.s 			page 134


 4790              		.cfi_def_cfa_offset 8
 4791              		@ sp needed
 4792 002e 10BD     		pop	{r4, pc}
 4793              	.L293:
 4794              	.LCFI61:
 4795              		.cfi_restore_state
1352:Module/ssd_2832.c **** 	{
 4796              		.loc 1 1352 7 is_stmt 1 view .LVU1478
1352:Module/ssd_2832.c **** 	{
 4797              		.loc 1 1352 9 is_stmt 0 view .LVU1479
 4798 0030 012B     		cmp	r3, #1
1354:Module/ssd_2832.c **** 	}
 4799              		.loc 1 1354 6 is_stmt 1 view .LVU1480
1354:Module/ssd_2832.c **** 	}
 4800              		.loc 1 1354 16 is_stmt 0 view .LVU1481
 4801 0032 04BF     		itt	eq
 4802 0034 0323     		moveq	r3, #3
 4803 0036 0693     		streq	r3, [sp, #24]
 4804 0038 ECE7     		b	.L294
 4805              	.L297:
 4806 003a 00BF     		.align	2
 4807              	.L296:
 4808 003c 00000000 		.word	.LANCHOR8
 4809              		.cfi_endproc
 4810              	.LFE153:
 4812              		.section	.rodata.bridge_v2c.str1.4,"aMS",%progbits,1
 4813              		.align	2
 4814              	.LC32:
 4815 0000 25733A73 		.ascii	"%s:stage = %d \012\015\012\000"
 4815      74616765 
 4815      203D2025 
 4815      64200A0D 
 4815      0A00
 4816              		.section	.text.bridge_v2c,"ax",%progbits
 4817              		.align	1
 4818              		.global	bridge_v2c
 4819              		.syntax unified
 4820              		.thumb
 4821              		.thumb_func
 4823              	bridge_v2c:
 4824              	.LVL457:
 4825              	.LFB156:
1473:Module/ssd_2832.c ****     msleep(delay);
 4826              		.loc 1 1473 1 is_stmt 1 view -0
 4827              		.cfi_startproc
 4828              		@ args = 0, pretend = 0, frame = 0
 4829              		@ frame_needed = 0, uses_anonymous_args = 0
1473:Module/ssd_2832.c ****     msleep(delay);
 4830              		.loc 1 1473 1 is_stmt 0 view .LVU1483
 4831 0000 10B5     		push	{r4, lr}
 4832              	.LCFI62:
 4833              		.cfi_def_cfa_offset 8
 4834              		.cfi_offset 4, -8
 4835              		.cfi_offset 14, -4
 4836 0002 0446     		mov	r4, r0
1474:Module/ssd_2832.c **** 	
 4837              		.loc 1 1474 5 is_stmt 1 view .LVU1484
ARM GAS  C:\Users\ADMINI~1\AppData\Local\Temp\ccttuXL8.s 			page 135


 4838              	.LVL458:
 4839              	.LBB123:
 4840              	.LBI123:
 774:Module/ssd_2832.c **** {
 4841              		.loc 1 774 13 view .LVU1485
 4842              	.LBB124:
 776:Module/ssd_2832.c **** }
 4843              		.loc 1 776 2 view .LVU1486
 4844              	.LBB125:
 4845              	.LBI125:
 108:Module/ssd_2832.c **** {
 4846              		.loc 1 108 6 view .LVU1487
 4847              	.LBB126:
 110:Module/ssd_2832.c **** }
 4848              		.loc 1 110 2 view .LVU1488
 4849 0004 4FF47A70 		mov	r0, #1000
 4850              	.LVL459:
 110:Module/ssd_2832.c **** }
 4851              		.loc 1 110 2 is_stmt 0 view .LVU1489
 4852 0008 01FB00F0 		mul	r0, r1, r0
 4853              	.LVL460:
 110:Module/ssd_2832.c **** }
 4854              		.loc 1 110 2 view .LVU1490
 4855 000c FFF7FEFF 		bl	bsp_DelayUS
 4856              	.LVL461:
 110:Module/ssd_2832.c **** }
 4857              		.loc 1 110 2 view .LVU1491
 4858              	.LBE126:
 4859              	.LBE125:
 4860              	.LBE124:
 4861              	.LBE123:
1476:Module/ssd_2832.c ****     {
 4862              		.loc 1 1476 5 is_stmt 1 view .LVU1492
1476:Module/ssd_2832.c ****     {
 4863              		.loc 1 1476 7 is_stmt 0 view .LVU1493
 4864 0010 3CB1     		cbz	r4, .L299
1478:Module/ssd_2832.c ****         {
 4865              		.loc 1 1478 9 is_stmt 1 view .LVU1494
1478:Module/ssd_2832.c ****         {
 4866              		.loc 1 1478 11 is_stmt 0 view .LVU1495
 4867 0012 012C     		cmp	r4, #1
 4868 0014 0CD0     		beq	.L304
1486:Module/ssd_2832.c ****         {
 4869              		.loc 1 1486 9 is_stmt 1 view .LVU1496
1486:Module/ssd_2832.c ****         {
 4870              		.loc 1 1486 11 is_stmt 0 view .LVU1497
 4871 0016 022C     		cmp	r4, #2
 4872 0018 1BD0     		beq	.L305
1491:Module/ssd_2832.c ****         {
 4873              		.loc 1 1491 9 is_stmt 1 view .LVU1498
1491:Module/ssd_2832.c ****         {
 4874              		.loc 1 1491 11 is_stmt 0 view .LVU1499
 4875 001a 032C     		cmp	r4, #3
 4876 001c 1ED0     		beq	.L306
 4877              	.L301:
1501:Module/ssd_2832.c ****         {
 4878              		.loc 1 1501 9 is_stmt 1 view .LVU1500
ARM GAS  C:\Users\ADMINI~1\AppData\Local\Temp\ccttuXL8.s 			page 136


1501:Module/ssd_2832.c ****         {
 4879              		.loc 1 1501 11 is_stmt 0 view .LVU1501
 4880 001e 042C     		cmp	r4, #4
 4881 0020 35D0     		beq	.L307
 4882              	.L299:
1508:Module/ssd_2832.c ****     }
 4883              		.loc 1 1508 10 is_stmt 1 view .LVU1502
1511:Module/ssd_2832.c **** 	return 1;
 4884              		.loc 1 1511 5 view .LVU1503
 4885 0022 2246     		mov	r2, r4
 4886 0024 1F49     		ldr	r1, .L308
 4887 0026 2048     		ldr	r0, .L308+4
 4888 0028 FFF7FEFF 		bl	printf
 4889              	.LVL462:
1512:Module/ssd_2832.c **** }
 4890              		.loc 1 1512 2 view .LVU1504
1513:Module/ssd_2832.c **** 
 4891              		.loc 1 1513 1 is_stmt 0 view .LVU1505
 4892 002c 0120     		movs	r0, #1
 4893 002e 10BD     		pop	{r4, pc}
 4894              	.L304:
1480:Module/ssd_2832.c ****             bridge_write_reg_32bit(0xCF,0x00000000); //SET HS TX TIMER1,L
 4895              		.loc 1 1480 13 is_stmt 1 view .LVU1506
 4896 0030 FFF7FEFF 		bl	bridge_send_hs_nop_package
 4897              	.LVL463:
1481:Module/ssd_2832.c ****             bridge_write_reg_32bit(0xD0,0x00009000); //SET HS TX TIMER2,H
 4898              		.loc 1 1481 13 view .LVU1507
 4899 0034 0021     		movs	r1, #0
 4900 0036 CF20     		movs	r0, #207
 4901 0038 FFF7FEFF 		bl	bridge_write_reg_32bit
 4902              	.LVL464:
1482:Module/ssd_2832.c ****             bridge_write_reg_16bit(0xB7,0x430B);
 4903              		.loc 1 1482 13 view .LVU1508
 4904 003c 4FF41041 		mov	r1, #36864
 4905 0040 D020     		movs	r0, #208
 4906 0042 FFF7FEFF 		bl	bridge_write_reg_32bit
 4907              	.LVL465:
1483:Module/ssd_2832.c ****         }
 4908              		.loc 1 1483 13 view .LVU1509
 4909 0046 44F20B31 		movw	r1, #17163
 4910 004a B720     		movs	r0, #183
 4911 004c FFF7FEFF 		bl	bridge_write_reg_16bit
 4912              	.LVL466:
1486:Module/ssd_2832.c ****         {
 4913              		.loc 1 1486 9 view .LVU1510
1491:Module/ssd_2832.c ****         {
 4914              		.loc 1 1491 9 view .LVU1511
 4915 0050 E5E7     		b	.L301
 4916              	.L305:
1488:Module/ssd_2832.c ****         }
 4917              		.loc 1 1488 13 view .LVU1512
 4918 0052 1649     		ldr	r1, .L308+8
 4919 0054 1020     		movs	r0, #16
 4920 0056 FFF7FEFF 		bl	bridge_write_apb_reg
 4921              	.LVL467:
1491:Module/ssd_2832.c ****         {
 4922              		.loc 1 1491 9 view .LVU1513
ARM GAS  C:\Users\ADMINI~1\AppData\Local\Temp\ccttuXL8.s 			page 137


1501:Module/ssd_2832.c ****         {
 4923              		.loc 1 1501 9 view .LVU1514
 4924 005a E2E7     		b	.L299
 4925              	.L306:
1493:Module/ssd_2832.c ****             bridge_write_reg_32bit(0xCF,0x00000000); //SET HS TX TIMER1,L
 4926              		.loc 1 1493 13 view .LVU1515
 4927 005c FFF7FEFF 		bl	bridge_send_hs_nop_package
 4928              	.LVL468:
1494:Module/ssd_2832.c ****             bridge_write_reg_32bit(0xD0,0x00009000); //SET HS TX TIMER2,H
 4929              		.loc 1 1494 13 view .LVU1516
 4930 0060 0021     		movs	r1, #0
 4931 0062 CF20     		movs	r0, #207
 4932 0064 FFF7FEFF 		bl	bridge_write_reg_32bit
 4933              	.LVL469:
1495:Module/ssd_2832.c ****             bridge_write_reg_16bit(0xB7,0x430B);
 4934              		.loc 1 1495 13 view .LVU1517
 4935 0068 4FF41041 		mov	r1, #36864
 4936 006c D020     		movs	r0, #208
 4937 006e FFF7FEFF 		bl	bridge_write_reg_32bit
 4938              	.LVL470:
1496:Module/ssd_2832.c ****             msleep(10);
 4939              		.loc 1 1496 13 view .LVU1518
 4940 0072 44F20B31 		movw	r1, #17163
 4941 0076 B720     		movs	r0, #183
 4942 0078 FFF7FEFF 		bl	bridge_write_reg_16bit
 4943              	.LVL471:
1497:Module/ssd_2832.c ****             bridge_write_apb_reg(0x0010,0x1C910E00); //ENABLE V2C
 4944              		.loc 1 1497 13 view .LVU1519
 4945              	.LBB127:
 4946              	.LBI127:
 774:Module/ssd_2832.c **** {
 4947              		.loc 1 774 13 view .LVU1520
 4948              	.LBE127:
 776:Module/ssd_2832.c **** }
 4949              		.loc 1 776 2 view .LVU1521
 4950              	.LBB130:
 4951              	.LBB128:
 4952              	.LBI128:
 108:Module/ssd_2832.c **** {
 4953              		.loc 1 108 6 view .LVU1522
 4954              	.LBB129:
 110:Module/ssd_2832.c **** }
 4955              		.loc 1 110 2 view .LVU1523
 4956 007c 42F21070 		movw	r0, #10000
 4957 0080 FFF7FEFF 		bl	bsp_DelayUS
 4958              	.LVL472:
 110:Module/ssd_2832.c **** }
 4959              		.loc 1 110 2 is_stmt 0 view .LVU1524
 4960              	.LBE129:
 4961              	.LBE128:
 4962              	.LBE130:
1498:Module/ssd_2832.c ****         }
 4963              		.loc 1 1498 13 is_stmt 1 view .LVU1525
 4964 0084 0949     		ldr	r1, .L308+8
 4965 0086 1020     		movs	r0, #16
 4966 0088 FFF7FEFF 		bl	bridge_write_apb_reg
 4967              	.LVL473:
ARM GAS  C:\Users\ADMINI~1\AppData\Local\Temp\ccttuXL8.s 			page 138


1501:Module/ssd_2832.c ****         {
 4968              		.loc 1 1501 9 view .LVU1526
 4969 008c C9E7     		b	.L299
 4970              	.L307:
1503:Module/ssd_2832.c ****             bridge_write_apb_reg(0x0010,0x1C900E00); //DISABLE V2C
 4971              		.loc 1 1503 13 view .LVU1527
 4972 008e 4FF48641 		mov	r1, #17152
 4973 0092 B720     		movs	r0, #183
 4974 0094 FFF7FEFF 		bl	bridge_write_reg_16bit
 4975              	.LVL474:
1504:Module/ssd_2832.c ****         }
 4976              		.loc 1 1504 13 view .LVU1528
 4977 0098 0549     		ldr	r1, .L308+12
 4978 009a 1020     		movs	r0, #16
 4979 009c FFF7FEFF 		bl	bridge_write_apb_reg
 4980              	.LVL475:
 4981 00a0 BFE7     		b	.L299
 4982              	.L309:
 4983 00a2 00BF     		.align	2
 4984              	.L308:
 4985 00a4 14000000 		.word	.LC1
 4986 00a8 00000000 		.word	.LC32
 4987 00ac 000E911C 		.word	479268352
 4988 00b0 000E901C 		.word	479202816
 4989              		.cfi_endproc
 4990              	.LFE156:
 4992              		.section	.text.bridge_send_ls_nop_package,"ax",%progbits
 4993              		.align	1
 4994              		.global	bridge_send_ls_nop_package
 4995              		.syntax unified
 4996              		.thumb
 4997              		.thumb_func
 4999              	bridge_send_ls_nop_package:
 5000              	.LFB154:
1369:Module/ssd_2832.c ****     unsigned char data_buff[4] = {0};
 5001              		.loc 1 1369 1 view -0
 5002              		.cfi_startproc
 5003              		@ args = 0, pretend = 0, frame = 32
 5004              		@ frame_needed = 0, uses_anonymous_args = 0
 5005 0000 00B5     		push	{lr}
 5006              	.LCFI63:
 5007              		.cfi_def_cfa_offset 4
 5008              		.cfi_offset 14, -4
 5009 0002 89B0     		sub	sp, sp, #36
 5010              	.LCFI64:
 5011              		.cfi_def_cfa_offset 40
1370:Module/ssd_2832.c ****     struct mipi_port mipi;
 5012              		.loc 1 1370 5 view .LVU1530
1370:Module/ssd_2832.c ****     struct mipi_port mipi;
 5013              		.loc 1 1370 19 is_stmt 0 view .LVU1531
 5014 0004 0023     		movs	r3, #0
 5015 0006 0793     		str	r3, [sp, #28]
1371:Module/ssd_2832.c ****     struct bridge *pbridge;
 5016              		.loc 1 1371 5 is_stmt 1 view .LVU1532
1372:Module/ssd_2832.c **** 	
 5017              		.loc 1 1372 5 view .LVU1533
1374:Module/ssd_2832.c ****     mipi.port = 0;
ARM GAS  C:\Users\ADMINI~1\AppData\Local\Temp\ccttuXL8.s 			page 139


 5018              		.loc 1 1374 5 view .LVU1534
 763:Module/ssd_2832.c **** }
 5019              		.loc 1 763 2 view .LVU1535
 5020              	.LVL476:
1375:Module/ssd_2832.c **** 
 5021              		.loc 1 1375 5 view .LVU1536
1375:Module/ssd_2832.c **** 
 5022              		.loc 1 1375 15 is_stmt 0 view .LVU1537
 5023 0008 0593     		str	r3, [sp, #20]
1377:Module/ssd_2832.c **** 	{
 5024              		.loc 1 1377 5 is_stmt 1 view .LVU1538
1377:Module/ssd_2832.c **** 	{
 5025              		.loc 1 1377 20 is_stmt 0 view .LVU1539
 5026 000a 0C4B     		ldr	r3, .L314
 5027 000c 1B6C     		ldr	r3, [r3, #64]
1377:Module/ssd_2832.c **** 	{
 5028              		.loc 1 1377 7 view .LVU1540
 5029 000e 7BB9     		cbnz	r3, .L311
1379:Module/ssd_2832.c **** 	}
 5030              		.loc 1 1379 9 is_stmt 1 view .LVU1541
1379:Module/ssd_2832.c **** 	}
 5031              		.loc 1 1379 19 is_stmt 0 view .LVU1542
 5032 0010 0123     		movs	r3, #1
 5033 0012 0693     		str	r3, [sp, #24]
 5034              	.L312:
1387:Module/ssd_2832.c ****     mipi.data_type    = 0x39;
 5035              		.loc 1 1387 5 is_stmt 1 view .LVU1543
1387:Module/ssd_2832.c ****     mipi.data_type    = 0x39;
 5036              		.loc 1 1387 23 is_stmt 0 view .LVU1544
 5037 0014 0023     		movs	r3, #0
 5038 0016 0193     		str	r3, [sp, #4]
1388:Module/ssd_2832.c ****     mipi.hs_or_lp     = 0;
 5039              		.loc 1 1388 5 is_stmt 1 view .LVU1545
1388:Module/ssd_2832.c ****     mipi.hs_or_lp     = 0;
 5040              		.loc 1 1388 23 is_stmt 0 view .LVU1546
 5041 0018 3922     		movs	r2, #57
 5042 001a 0392     		str	r2, [sp, #12]
1389:Module/ssd_2832.c ****     data_buff[0]      = 0x00;
 5043              		.loc 1 1389 5 is_stmt 1 view .LVU1547
1389:Module/ssd_2832.c ****     data_buff[0]      = 0x00;
 5044              		.loc 1 1389 23 is_stmt 0 view .LVU1548
 5045 001c 0293     		str	r3, [sp, #8]
1390:Module/ssd_2832.c ****     mipi_write_regs(&mipi,data_buff,1);
 5046              		.loc 1 1390 5 is_stmt 1 view .LVU1549
1391:Module/ssd_2832.c ****     return 1;
 5047              		.loc 1 1391 5 view .LVU1550
 5048 001e 0122     		movs	r2, #1
 5049 0020 07A9     		add	r1, sp, #28
 5050 0022 01A8     		add	r0, sp, #4
 5051 0024 FFF7FEFF 		bl	mipi_write_regs
 5052              	.LVL477:
1392:Module/ssd_2832.c **** }
 5053              		.loc 1 1392 5 view .LVU1551
1393:Module/ssd_2832.c **** 
 5054              		.loc 1 1393 1 is_stmt 0 view .LVU1552
 5055 0028 0120     		movs	r0, #1
 5056 002a 09B0     		add	sp, sp, #36
ARM GAS  C:\Users\ADMINI~1\AppData\Local\Temp\ccttuXL8.s 			page 140


 5057              	.LCFI65:
 5058              		.cfi_remember_state
 5059              		.cfi_def_cfa_offset 4
 5060              		@ sp needed
 5061 002c 5DF804FB 		ldr	pc, [sp], #4
 5062              	.L311:
 5063              	.LCFI66:
 5064              		.cfi_restore_state
1381:Module/ssd_2832.c **** 	{
 5065              		.loc 1 1381 7 is_stmt 1 view .LVU1553
1381:Module/ssd_2832.c **** 	{
 5066              		.loc 1 1381 9 is_stmt 0 view .LVU1554
 5067 0030 012B     		cmp	r3, #1
1383:Module/ssd_2832.c **** 	}
 5068              		.loc 1 1383 6 is_stmt 1 view .LVU1555
1383:Module/ssd_2832.c **** 	}
 5069              		.loc 1 1383 16 is_stmt 0 view .LVU1556
 5070 0032 04BF     		itt	eq
 5071 0034 0323     		moveq	r3, #3
 5072 0036 0693     		streq	r3, [sp, #24]
 5073 0038 ECE7     		b	.L312
 5074              	.L315:
 5075 003a 00BF     		.align	2
 5076              	.L314:
 5077 003c 00000000 		.word	.LANCHOR8
 5078              		.cfi_endproc
 5079              	.LFE154:
 5081              		.section	.rodata.bridge_send_cmd_image.str1.4,"aMS",%progbits,1
 5082              		.align	2
 5083              	.LC33:
 5084 0000 25733A45 		.ascii	"%s:Err state %x, Reset 2829 inti 4330 \015\012\015\012"
 5084      72722073 
 5084      74617465 
 5084      2025782C 
 5084      20526573 
 5085 002a 00       		.ascii	"\000"
 5086 002b 00       		.align	2
 5087              	.LC34:
 5088 002c 25733A45 		.ascii	"%s:Err state %x, Reset init \015\012\015\012\000"
 5088      72722073 
 5088      74617465 
 5088      2025782C 
 5088      20526573 
 5089              		.section	.text.bridge_send_cmd_image,"ax",%progbits
 5090              		.align	1
 5091              		.global	bridge_send_cmd_image
 5092              		.syntax unified
 5093              		.thumb
 5094              		.thumb_func
 5096              	bridge_send_cmd_image:
 5097              	.LFB155:
1407:Module/ssd_2832.c **** 	unsigned int tmp = 0 , time_tick = 0;
 5098              		.loc 1 1407 1 is_stmt 1 view -0
 5099              		.cfi_startproc
 5100              		@ args = 0, pretend = 0, frame = 8
 5101              		@ frame_needed = 0, uses_anonymous_args = 0
 5102 0000 70B5     		push	{r4, r5, r6, lr}
ARM GAS  C:\Users\ADMINI~1\AppData\Local\Temp\ccttuXL8.s 			page 141


 5103              	.LCFI67:
 5104              		.cfi_def_cfa_offset 16
 5105              		.cfi_offset 4, -16
 5106              		.cfi_offset 5, -12
 5107              		.cfi_offset 6, -8
 5108              		.cfi_offset 14, -4
 5109 0002 82B0     		sub	sp, sp, #8
 5110              	.LCFI68:
 5111              		.cfi_def_cfa_offset 24
1408:Module/ssd_2832.c **** 	uint32_t reg_status = 0;
 5112              		.loc 1 1408 2 view .LVU1558
1408:Module/ssd_2832.c **** 	uint32_t reg_status = 0;
 5113              		.loc 1 1408 15 is_stmt 0 view .LVU1559
 5114 0004 0024     		movs	r4, #0
 5115 0006 0194     		str	r4, [sp, #4]
 5116              	.LVL478:
1409:Module/ssd_2832.c **** 		
 5117              		.loc 1 1409 2 is_stmt 1 view .LVU1560
1409:Module/ssd_2832.c **** 		
 5118              		.loc 1 1409 11 is_stmt 0 view .LVU1561
 5119 0008 0094     		str	r4, [sp]
1412:Module/ssd_2832.c **** 	bridge_send_hs_nop_package();
 5120              		.loc 1 1412 2 is_stmt 1 view .LVU1562
 5121 000a FFF7FEFF 		bl	bridge_send_ls_nop_package
 5122              	.LVL479:
1413:Module/ssd_2832.c **** 
 5123              		.loc 1 1413 2 view .LVU1563
 5124 000e FFF7FEFF 		bl	bridge_send_hs_nop_package
 5125              	.LVL480:
1415:Module/ssd_2832.c **** 	bridge_write_reg_32bit(0xD0,0X00009000); //SET HS TX TIMER2,H
 5126              		.loc 1 1415 2 view .LVU1564
 5127 0012 2146     		mov	r1, r4
 5128 0014 CF20     		movs	r0, #207
 5129 0016 FFF7FEFF 		bl	bridge_write_reg_32bit
 5130              	.LVL481:
1416:Module/ssd_2832.c **** 	bridge_write_apb_reg(0X0010,0X1C910E00); //ENABLE V2C
 5131              		.loc 1 1416 2 view .LVU1565
 5132 001a 4FF41041 		mov	r1, #36864
 5133 001e D020     		movs	r0, #208
 5134 0020 FFF7FEFF 		bl	bridge_write_reg_32bit
 5135              	.LVL482:
1417:Module/ssd_2832.c **** 
 5136              		.loc 1 1417 2 view .LVU1566
 5137 0024 2549     		ldr	r1, .L327
 5138 0026 1020     		movs	r0, #16
 5139 0028 FFF7FEFF 		bl	bridge_write_apb_reg
 5140              	.LVL483:
1419:Module/ssd_2832.c **** 	
 5141              		.loc 1 1419 2 view .LVU1567
 5142 002c 40F20B31 		movw	r1, #779
 5143 0030 B720     		movs	r0, #183
 5144 0032 FFF7FEFF 		bl	bridge_write_reg_16bit
 5145              	.LVL484:
1421:Module/ssd_2832.c **** 	do
 5146              		.loc 1 1421 2 view .LVU1568
1419:Module/ssd_2832.c **** 	
 5147              		.loc 1 1419 2 is_stmt 0 view .LVU1569
ARM GAS  C:\Users\ADMINI~1\AppData\Local\Temp\ccttuXL8.s 			page 142


 5148 0036 2324     		movs	r4, #35
1424:Module/ssd_2832.c **** 		if((reg_status & 0x100) == 0)
 5149              		.loc 1 1424 3 view .LVU1570
 5150 0038 C625     		movs	r5, #198
 5151              	.LBB141:
 5152              	.LBB142:
 5153              	.LBB143:
 110:Module/ssd_2832.c **** }
 5154              		.loc 1 110 2 view .LVU1571
 5155 003a 4FF47A76 		mov	r6, #1000
 5156              	.LVL485:
 5157              	.L319:
 110:Module/ssd_2832.c **** }
 5158              		.loc 1 110 2 view .LVU1572
 5159              	.LBE143:
 5160              	.LBE142:
 5161              	.LBE141:
1422:Module/ssd_2832.c **** 	{
 5162              		.loc 1 1422 2 is_stmt 1 view .LVU1573
1424:Module/ssd_2832.c **** 		if((reg_status & 0x100) == 0)
 5163              		.loc 1 1424 3 view .LVU1574
 5164 003e 6946     		mov	r1, sp
 5165 0040 2846     		mov	r0, r5
 5166 0042 FFF7FEFF 		bl	bridge_read_reg
 5167              	.LVL486:
1425:Module/ssd_2832.c **** 		{
 5168              		.loc 1 1425 3 view .LVU1575
1425:Module/ssd_2832.c **** 		{
 5169              		.loc 1 1425 18 is_stmt 0 view .LVU1576
 5170 0046 009A     		ldr	r2, [sp]
1425:Module/ssd_2832.c **** 		{
 5171              		.loc 1 1425 5 view .LVU1577
 5172 0048 12F4807F 		tst	r2, #256
 5173 004c 08D0     		beq	.L325
1431:Module/ssd_2832.c **** 		{
 5174              		.loc 1 1431 3 is_stmt 1 view .LVU1578
1431:Module/ssd_2832.c **** 		{
 5175              		.loc 1 1431 5 is_stmt 0 view .LVU1579
 5176 004e 12F4007F 		tst	r2, #512
 5177 0052 09D0     		beq	.L318
1435:Module/ssd_2832.c **** 		time_tick++;
 5178              		.loc 1 1435 3 is_stmt 1 view .LVU1580
 5179              	.LVL487:
 5180              	.LBB146:
 5181              	.LBI141:
 774:Module/ssd_2832.c **** {
 5182              		.loc 1 774 13 view .LVU1581
 5183              	.LBE146:
 776:Module/ssd_2832.c **** }
 5184              		.loc 1 776 2 view .LVU1582
 5185              	.LBB147:
 5186              	.LBB145:
 5187              	.LBI142:
 108:Module/ssd_2832.c **** {
 5188              		.loc 1 108 6 view .LVU1583
 5189              	.LBB144:
 110:Module/ssd_2832.c **** }
ARM GAS  C:\Users\ADMINI~1\AppData\Local\Temp\ccttuXL8.s 			page 143


 5190              		.loc 1 110 2 view .LVU1584
 5191 0054 3046     		mov	r0, r6
 5192 0056 FFF7FEFF 		bl	bsp_DelayUS
 5193              	.LVL488:
 110:Module/ssd_2832.c **** }
 5194              		.loc 1 110 2 is_stmt 0 view .LVU1585
 5195              	.LBE144:
 5196              	.LBE145:
 5197              	.LBE147:
1436:Module/ssd_2832.c **** 		if(time_tick > 34)
 5198              		.loc 1 1436 3 is_stmt 1 view .LVU1586
1437:Module/ssd_2832.c **** 		{
 5199              		.loc 1 1437 3 view .LVU1587
1437:Module/ssd_2832.c **** 		{
 5200              		.loc 1 1437 5 is_stmt 0 view .LVU1588
 5201 005a 013C     		subs	r4, r4, #1
 5202              	.LVL489:
1437:Module/ssd_2832.c **** 		{
 5203              		.loc 1 1437 5 view .LVU1589
 5204 005c EFD1     		bne	.L319
 5205 005e 03E0     		b	.L318
 5206              	.L325:
1428:Module/ssd_2832.c **** 			break;
 5207              		.loc 1 1428 4 is_stmt 1 view .LVU1590
 5208 0060 1749     		ldr	r1, .L327+4
 5209 0062 1848     		ldr	r0, .L327+8
 5210 0064 FFF7FEFF 		bl	printf
 5211              	.LVL490:
1429:Module/ssd_2832.c **** 		}
 5212              		.loc 1 1429 4 view .LVU1591
 5213              	.L318:
1443:Module/ssd_2832.c **** 	
 5214              		.loc 1 1443 2 view .LVU1592
 5215 0068 4FF44071 		mov	r1, #768
 5216 006c B720     		movs	r0, #183
 5217 006e FFF7FEFF 		bl	bridge_write_reg_16bit
 5218              	.LVL491:
1445:Module/ssd_2832.c **** 	do
 5219              		.loc 1 1445 2 view .LVU1593
1443:Module/ssd_2832.c **** 	
 5220              		.loc 1 1443 2 is_stmt 0 view .LVU1594
 5221 0072 6624     		movs	r4, #102
1448:Module/ssd_2832.c **** 		if((reg_status & 0x200) != 0)
 5222              		.loc 1 1448 3 view .LVU1595
 5223 0074 C625     		movs	r5, #198
 5224              	.LBB148:
 5225              	.LBB149:
 5226              	.LBB150:
 110:Module/ssd_2832.c **** }
 5227              		.loc 1 110 2 view .LVU1596
 5228 0076 4FF47A76 		mov	r6, #1000
 5229              	.LVL492:
 5230              	.L321:
 110:Module/ssd_2832.c **** }
 5231              		.loc 1 110 2 view .LVU1597
 5232              	.LBE150:
 5233              	.LBE149:
ARM GAS  C:\Users\ADMINI~1\AppData\Local\Temp\ccttuXL8.s 			page 144


 5234              	.LBE148:
1446:Module/ssd_2832.c **** 	{
 5235              		.loc 1 1446 2 is_stmt 1 view .LVU1598
1448:Module/ssd_2832.c **** 		if((reg_status & 0x200) != 0)
 5236              		.loc 1 1448 3 view .LVU1599
 5237 007a 6946     		mov	r1, sp
 5238 007c 2846     		mov	r0, r5
 5239 007e FFF7FEFF 		bl	bridge_read_reg
 5240              	.LVL493:
1449:Module/ssd_2832.c **** 		{//bit9
 5241              		.loc 1 1449 3 view .LVU1600
1449:Module/ssd_2832.c **** 		{//bit9
 5242              		.loc 1 1449 5 is_stmt 0 view .LVU1601
 5243 0082 009B     		ldr	r3, [sp]
 5244 0084 13F4007F 		tst	r3, #512
 5245 0088 05D1     		bne	.L320
1453:Module/ssd_2832.c **** 		{//10s
 5246              		.loc 1 1453 3 is_stmt 1 view .LVU1602
1453:Module/ssd_2832.c **** 		{//10s
 5247              		.loc 1 1453 5 is_stmt 0 view .LVU1603
 5248 008a 013C     		subs	r4, r4, #1
 5249              	.LVL494:
1453:Module/ssd_2832.c **** 		{//10s
 5250              		.loc 1 1453 5 view .LVU1604
 5251 008c 03D0     		beq	.L320
1457:Module/ssd_2832.c **** 		time_tick++;
 5252              		.loc 1 1457 3 is_stmt 1 view .LVU1605
 5253              	.LVL495:
 5254              	.LBB153:
 5255              	.LBI148:
 774:Module/ssd_2832.c **** {
 5256              		.loc 1 774 13 view .LVU1606
 5257              	.LBE153:
 776:Module/ssd_2832.c **** }
 5258              		.loc 1 776 2 view .LVU1607
 5259              	.LBB154:
 5260              	.LBB152:
 5261              	.LBI149:
 108:Module/ssd_2832.c **** {
 5262              		.loc 1 108 6 view .LVU1608
 5263              	.LBB151:
 110:Module/ssd_2832.c **** }
 5264              		.loc 1 110 2 view .LVU1609
 5265 008e 3046     		mov	r0, r6
 5266 0090 FFF7FEFF 		bl	bsp_DelayUS
 5267              	.LVL496:
 110:Module/ssd_2832.c **** }
 5268              		.loc 1 110 2 is_stmt 0 view .LVU1610
 5269              	.LBE151:
 5270              	.LBE152:
 5271              	.LBE154:
1458:Module/ssd_2832.c **** 	}while(1);
 5272              		.loc 1 1458 3 is_stmt 1 view .LVU1611
1459:Module/ssd_2832.c **** 	bridge_write_apb_reg(0X0010,0X1C900E00); //DISABLE V2C
 5273              		.loc 1 1459 8 view .LVU1612
1448:Module/ssd_2832.c **** 		if((reg_status & 0x200) != 0)
 5274              		.loc 1 1448 3 is_stmt 0 view .LVU1613
ARM GAS  C:\Users\ADMINI~1\AppData\Local\Temp\ccttuXL8.s 			page 145


 5275 0094 F1E7     		b	.L321
 5276              	.LVL497:
 5277              	.L320:
1460:Module/ssd_2832.c **** 
 5278              		.loc 1 1460 2 is_stmt 1 view .LVU1614
 5279 0096 0C49     		ldr	r1, .L327+12
 5280 0098 1020     		movs	r0, #16
 5281 009a FFF7FEFF 		bl	bridge_write_apb_reg
 5282              	.LVL498:
1462:Module/ssd_2832.c **** 	
 5283              		.loc 1 1462 2 view .LVU1615
 5284 009e 01A9     		add	r1, sp, #4
 5285 00a0 C720     		movs	r0, #199
 5286 00a2 FFF7FEFF 		bl	bridge_read_reg
 5287              	.LVL499:
1464:Module/ssd_2832.c **** 	{
 5288              		.loc 1 1464 2 view .LVU1616
1464:Module/ssd_2832.c **** 	{
 5289              		.loc 1 1464 4 is_stmt 0 view .LVU1617
 5290 00a6 019B     		ldr	r3, [sp, #4]
 5291 00a8 13B9     		cbnz	r3, .L326
 5292              	.L322:
1469:Module/ssd_2832.c **** }
 5293              		.loc 1 1469 2 is_stmt 1 view .LVU1618
1470:Module/ssd_2832.c **** 
 5294              		.loc 1 1470 1 is_stmt 0 view .LVU1619
 5295 00aa 0120     		movs	r0, #1
 5296 00ac 02B0     		add	sp, sp, #8
 5297              	.LCFI69:
 5298              		.cfi_remember_state
 5299              		.cfi_def_cfa_offset 16
 5300              		@ sp needed
 5301 00ae 70BD     		pop	{r4, r5, r6, pc}
 5302              	.L326:
 5303              	.LCFI70:
 5304              		.cfi_restore_state
1466:Module/ssd_2832.c **** 	}
 5305              		.loc 1 1466 3 is_stmt 1 view .LVU1620
 5306 00b0 009A     		ldr	r2, [sp]
 5307 00b2 0349     		ldr	r1, .L327+4
 5308 00b4 0548     		ldr	r0, .L327+16
 5309 00b6 FFF7FEFF 		bl	printf
 5310              	.LVL500:
 5311 00ba F6E7     		b	.L322
 5312              	.L328:
 5313              		.align	2
 5314              	.L327:
 5315 00bc 000E911C 		.word	479268352
 5316 00c0 14000000 		.word	.LC1
 5317 00c4 00000000 		.word	.LC33
 5318 00c8 000E901C 		.word	479202816
 5319 00cc 2C000000 		.word	.LC34
 5320              		.cfi_endproc
 5321              	.LFE155:
 5323              		.section	.rodata.mipi_read_regs.str1.4,"aMS",%progbits,1
 5324              		.align	2
 5325              	.LC35:
ARM GAS  C:\Users\ADMINI~1\AppData\Local\Temp\ccttuXL8.s 			page 146


 5326 0000 25733A5B 		.ascii	"%s:[%s@%s,%d]check reg 0xC6,fail1,0x%08X\012\015\012"
 5326      25734025 
 5326      732C2564 
 5326      5D636865 
 5326      636B2072 
 5327 002b 00       		.ascii	"\000"
 5328              		.align	2
 5329              	.LC36:
 5330 002c 25733A63 		.ascii	"%s:check reg 0xC6,fail2,0x%08X\012\015\012\000"
 5330      6865636B 
 5330      20726567 
 5330      20307843 
 5330      362C6661 
 5331              		.section	.text.mipi_read_regs,"ax",%progbits
 5332              		.align	1
 5333              		.global	mipi_read_regs
 5334              		.syntax unified
 5335              		.thumb
 5336              		.thumb_func
 5338              	mipi_read_regs:
 5339              	.LVL501:
 5340              	.LFB159:
1753:Module/ssd_2832.c **** 
1754:Module/ssd_2832.c **** /******************************************************************************/
1755:Module/ssd_2832.c **** /// Description:mipi read
1756:Module/ssd_2832.c **** /// @note:
1757:Module/ssd_2832.c **** /// @param input:port,len
1758:Module/ssd_2832.c **** /// @param output:data
1759:Module/ssd_2832.c **** /// @return value
1760:Module/ssd_2832.c **** /******************************************************************************/
1761:Module/ssd_2832.c **** int mipi_read_regs(struct mipi_port *pmipi, uint8_t *frame,uint32_t len)
1762:Module/ssd_2832.c **** {
 5341              		.loc 1 1762 1 view -0
 5342              		.cfi_startproc
 5343              		@ args = 0, pretend = 0, frame = 8
 5344              		@ frame_needed = 0, uses_anonymous_args = 0
 5345              		.loc 1 1762 1 is_stmt 0 view .LVU1622
 5346 0000 2DE9F041 		push	{r4, r5, r6, r7, r8, lr}
 5347              	.LCFI71:
 5348              		.cfi_def_cfa_offset 24
 5349              		.cfi_offset 4, -24
 5350              		.cfi_offset 5, -20
 5351              		.cfi_offset 6, -16
 5352              		.cfi_offset 7, -12
 5353              		.cfi_offset 8, -8
 5354              		.cfi_offset 14, -4
 5355 0004 84B0     		sub	sp, sp, #16
 5356              	.LCFI72:
 5357              		.cfi_def_cfa_offset 40
1763:Module/ssd_2832.c **** 	uint16_t rb6 = 0;
 5358              		.loc 1 1763 2 is_stmt 1 view .LVU1623
 5359              	.LVL502:
1764:Module/ssd_2832.c **** 	uint16_t rb7 = 0;
 5360              		.loc 1 1764 2 view .LVU1624
1765:Module/ssd_2832.c ****     uint32_t video_is_enable = 0;
 5361              		.loc 1 1765 5 view .LVU1625
1766:Module/ssd_2832.c **** 
ARM GAS  C:\Users\ADMINI~1\AppData\Local\Temp\ccttuXL8.s 			page 147


1767:Module/ssd_2832.c ****     uint32_t tmp = 0;
 5362              		.loc 1 1767 5 view .LVU1626
 5363              		.loc 1 1767 14 is_stmt 0 view .LVU1627
 5364 0006 0023     		movs	r3, #0
 5365 0008 0393     		str	r3, [sp, #12]
1768:Module/ssd_2832.c **** 	uint32_t tmp_mem_b6 = 0;
 5366              		.loc 1 1768 2 is_stmt 1 view .LVU1628
 5367              	.LVL503:
1769:Module/ssd_2832.c **** 	uint32_t tmp_last_b6 = 0;
 5368              		.loc 1 1769 2 view .LVU1629
1770:Module/ssd_2832.c **** 	uint32_t tmp_mem_b7 = 0;
 5369              		.loc 1 1770 2 view .LVU1630
1771:Module/ssd_2832.c **** 	uint32_t tmp_last_b7 = 0;
 5370              		.loc 1 1771 2 view .LVU1631
1772:Module/ssd_2832.c **** 	uint32_t tmp_mem_de = 0;
 5371              		.loc 1 1772 2 view .LVU1632
1773:Module/ssd_2832.c **** 
1774:Module/ssd_2832.c ****     int port = 0;
 5372              		.loc 1 1774 5 view .LVU1633
1775:Module/ssd_2832.c **** 	
1776:Module/ssd_2832.c **** 	port = pmipi->port;
 5373              		.loc 1 1776 2 view .LVU1634
1777:Module/ssd_2832.c **** 
1778:Module/ssd_2832.c **** 	if(len > 0)
 5374              		.loc 1 1778 2 view .LVU1635
 5375              		.loc 1 1778 4 is_stmt 0 view .LVU1636
 5376 000a 002A     		cmp	r2, #0
 5377 000c 00F0BB80 		beq	.L349
 5378 0010 0446     		mov	r4, r0
 5379 0012 0E46     		mov	r6, r1
 5380 0014 1546     		mov	r5, r2
1779:Module/ssd_2832.c **** 	{
1780:Module/ssd_2832.c **** 		//Set MIPITX
1781:Module/ssd_2832.c **** 		tmp_mem_de = bridge_read_mem_reg(0xDE);
 5381              		.loc 1 1781 3 is_stmt 1 view .LVU1637
 5382              	.LVL504:
 5383              	.LBB169:
 5384              	.LBI169:
 258:Module/ssd_2832.c **** {
 5385              		.loc 1 258 10 view .LVU1638
 5386              	.LBB170:
 260:Module/ssd_2832.c ****         return bridge_mem_reg_b6[0];
 5387              		.loc 1 260 5 view .LVU1639
 263:Module/ssd_2832.c ****         return bridge_mem_reg_b7[0];
 5388              		.loc 1 263 5 view .LVU1640
 266:Module/ssd_2832.c ****         return bridge_mem_reg_bd[0];
 5389              		.loc 1 266 5 view .LVU1641
 269:Module/ssd_2832.c ****         return bridge_mem_reg_de[0];
 5390              		.loc 1 269 5 view .LVU1642
 270:Module/ssd_2832.c **** 	
 5391              		.loc 1 270 9 view .LVU1643
 270:Module/ssd_2832.c **** 	
 5392              		.loc 1 270 33 is_stmt 0 view .LVU1644
 5393 0016 644B     		ldr	r3, .L361
 5394 0018 1A68     		ldr	r2, [r3]
 5395              	.LVL505:
 270:Module/ssd_2832.c **** 	
ARM GAS  C:\Users\ADMINI~1\AppData\Local\Temp\ccttuXL8.s 			page 148


 5396              		.loc 1 270 33 view .LVU1645
 5397              	.LBE170:
 5398              	.LBE169:
1782:Module/ssd_2832.c **** 		if(pmipi->dual & 0x02)//MIPI TX1
 5399              		.loc 1 1782 3 is_stmt 1 view .LVU1646
 5400              		.loc 1 1782 11 is_stmt 0 view .LVU1647
 5401 001a 4369     		ldr	r3, [r0, #20]
 5402              		.loc 1 1782 5 view .LVU1648
 5403 001c 13F0020F 		tst	r3, #2
 5404 0020 00F0BB80 		beq	.L331
1783:Module/ssd_2832.c **** 		{
1784:Module/ssd_2832.c **** 			tmp_mem_de |= (0x01 << 7);
 5405              		.loc 1 1784 4 is_stmt 1 view .LVU1649
 5406              		.loc 1 1784 15 is_stmt 0 view .LVU1650
 5407 0024 42F08001 		orr	r1, r2, #128
 5408              	.LVL506:
1785:Module/ssd_2832.c **** 		}
1786:Module/ssd_2832.c **** 
1787:Module/ssd_2832.c **** 		if(pmipi->dual & 0x01)//MIPI TX0
 5409              		.loc 1 1787 3 is_stmt 1 view .LVU1651
 5410              		.loc 1 1787 5 is_stmt 0 view .LVU1652
 5411 0028 13F0010F 		tst	r3, #1
 5412 002c 01D0     		beq	.L332
 5413              	.L348:
1788:Module/ssd_2832.c **** 		{
1789:Module/ssd_2832.c **** 			tmp_mem_de &= 0xFFFFFF7F;
 5414              		.loc 1 1789 4 is_stmt 1 view .LVU1653
 5415              		.loc 1 1789 15 is_stmt 0 view .LVU1654
 5416 002e 21F08001 		bic	r1, r1, #128
 5417              	.LVL507:
 5418              	.L332:
1790:Module/ssd_2832.c **** 		}
1791:Module/ssd_2832.c **** 
1792:Module/ssd_2832.c **** 		if(tmp_mem_de != bridge_read_mem_reg(0xDE))
 5419              		.loc 1 1792 3 is_stmt 1 view .LVU1655
 5420              		.loc 1 1792 5 is_stmt 0 view .LVU1656
 5421 0032 9142     		cmp	r1, r2
 5422 0034 02D0     		beq	.L333
1793:Module/ssd_2832.c **** 		{
1794:Module/ssd_2832.c **** 			bridge_write_reg_32bit(0xDE,tmp_mem_de);
 5423              		.loc 1 1794 4 is_stmt 1 view .LVU1657
 5424 0036 DE20     		movs	r0, #222
 5425              	.LVL508:
 5426              		.loc 1 1794 4 is_stmt 0 view .LVU1658
 5427 0038 FFF7FEFF 		bl	bridge_write_reg_32bit
 5428              	.LVL509:
 5429              	.L333:
1795:Module/ssd_2832.c **** 		}
1796:Module/ssd_2832.c **** 
1797:Module/ssd_2832.c **** 		tmp = 0;
 5430              		.loc 1 1797 3 is_stmt 1 view .LVU1659
 5431              		.loc 1 1797 7 is_stmt 0 view .LVU1660
 5432 003c 0023     		movs	r3, #0
 5433 003e 0393     		str	r3, [sp, #12]
1798:Module/ssd_2832.c **** 
1799:Module/ssd_2832.c **** 		tmp_mem_b6 = bridge_read_mem_reg(0xB6);
 5434              		.loc 1 1799 3 is_stmt 1 view .LVU1661
ARM GAS  C:\Users\ADMINI~1\AppData\Local\Temp\ccttuXL8.s 			page 149


 5435              	.LVL510:
 5436              	.LBB171:
 5437              	.LBI171:
 258:Module/ssd_2832.c **** {
 5438              		.loc 1 258 10 view .LVU1662
 5439              	.LBB172:
 260:Module/ssd_2832.c ****         return bridge_mem_reg_b6[0];
 5440              		.loc 1 260 5 view .LVU1663
 261:Module/ssd_2832.c **** 	
 5441              		.loc 1 261 9 view .LVU1664
 261:Module/ssd_2832.c **** 	
 5442              		.loc 1 261 33 is_stmt 0 view .LVU1665
 5443 0040 5A4B     		ldr	r3, .L361+4
 5444 0042 1A68     		ldr	r2, [r3]
 5445              	.LVL511:
 261:Module/ssd_2832.c **** 	
 5446              		.loc 1 261 33 view .LVU1666
 5447              	.LBE172:
 5448              	.LBE171:
1800:Module/ssd_2832.c **** 		tmp_last_b6 = tmp_mem_b6;
 5449              		.loc 1 1800 3 is_stmt 1 view .LVU1667
1801:Module/ssd_2832.c **** 
1802:Module/ssd_2832.c **** 		tmp_mem_b7 = bridge_read_mem_reg(0xB7);
 5450              		.loc 1 1802 3 view .LVU1668
 5451              	.LBB173:
 5452              	.LBI173:
 258:Module/ssd_2832.c **** {
 5453              		.loc 1 258 10 view .LVU1669
 5454              	.LBB174:
 260:Module/ssd_2832.c ****         return bridge_mem_reg_b6[0];
 5455              		.loc 1 260 5 view .LVU1670
 263:Module/ssd_2832.c ****         return bridge_mem_reg_b7[0];
 5456              		.loc 1 263 5 view .LVU1671
 264:Module/ssd_2832.c **** 	
 5457              		.loc 1 264 9 view .LVU1672
 264:Module/ssd_2832.c **** 	
 5458              		.loc 1 264 33 is_stmt 0 view .LVU1673
 5459 0044 5A4B     		ldr	r3, .L361+8
 5460 0046 1F68     		ldr	r7, [r3]
 5461              	.LVL512:
 264:Module/ssd_2832.c **** 	
 5462              		.loc 1 264 33 view .LVU1674
 5463              	.LBE174:
 5464              	.LBE173:
1803:Module/ssd_2832.c **** 		tmp_last_b7 = tmp_mem_b7;
 5465              		.loc 1 1803 3 is_stmt 1 view .LVU1675
1804:Module/ssd_2832.c **** 		rb6 = (tmp_mem_b6 & 0xFFFFFFFF);
 5466              		.loc 1 1804 3 view .LVU1676
 5467              		.loc 1 1804 7 is_stmt 0 view .LVU1677
 5468 0048 91B2     		uxth	r1, r2
 5469              	.LVL513:
1805:Module/ssd_2832.c **** 		rb7 = (tmp_mem_b7 & 0xFFFF);
 5470              		.loc 1 1805 3 is_stmt 1 view .LVU1678
1806:Module/ssd_2832.c **** 		//Set REN bit, Set to READ
1807:Module/ssd_2832.c **** 		rb7 |= 0x0080;
 5471              		.loc 1 1807 3 view .LVU1679
1808:Module/ssd_2832.c **** 		if(rb7 & 0x0008)
ARM GAS  C:\Users\ADMINI~1\AppData\Local\Temp\ccttuXL8.s 			page 150


 5472              		.loc 1 1808 3 view .LVU1680
 5473 004a 07F00800 		and	r0, r7, #8
 5474              	.LVL514:
1809:Module/ssd_2832.c **** 		{
1810:Module/ssd_2832.c **** 			video_is_enable = 1;
1811:Module/ssd_2832.c **** 		}
1812:Module/ssd_2832.c **** 		//2. Check dataType
1813:Module/ssd_2832.c **** 		switch(pmipi->data_type)
 5475              		.loc 1 1813 3 view .LVU1681
 5476              		.loc 1 1813 15 is_stmt 0 view .LVU1682
 5477 004e A368     		ldr	r3, [r4, #8]
 5478              		.loc 1 1813 3 view .LVU1683
 5479 0050 062B     		cmp	r3, #6
 5480 0052 15D0     		beq	.L334
 5481 0054 0CD9     		bls	.L356
 5482 0056 142B     		cmp	r3, #20
 5483 0058 01D0     		beq	.L336
 5484 005a 242B     		cmp	r3, #36
 5485 005c 0DD1     		bne	.L357
 5486              	.L336:
1814:Module/ssd_2832.c **** 		{
1815:Module/ssd_2832.c **** 			case 0x06:
1816:Module/ssd_2832.c **** 			{
1817:Module/ssd_2832.c **** 				//GenericRead
1818:Module/ssd_2832.c **** 				if(video_is_enable)
1819:Module/ssd_2832.c **** 				{
1820:Module/ssd_2832.c **** 					rb7 = (0x03<<8) |(0xC2 & 0xEF) | 0x0B;    //original settings
1821:Module/ssd_2832.c **** 				}
1822:Module/ssd_2832.c **** 				else if(pmipi->hs_or_lp)
1823:Module/ssd_2832.c **** 				{
1824:Module/ssd_2832.c **** 					rb7 = (0x03<<8) | (0xC2 & 0xEF) | 0X03;
1825:Module/ssd_2832.c **** 				}
1826:Module/ssd_2832.c **** 				else
1827:Module/ssd_2832.c **** 				{
1828:Module/ssd_2832.c **** 					rb7 = 0x03C2; //LP DCS read
1829:Module/ssd_2832.c **** 				}
1830:Module/ssd_2832.c **** 			}
1831:Module/ssd_2832.c **** 			break;
1832:Module/ssd_2832.c **** 			case 0x04:
1833:Module/ssd_2832.c **** 			case 0x14:
1834:Module/ssd_2832.c **** 			case 0x24:
1835:Module/ssd_2832.c **** 			{
1836:Module/ssd_2832.c **** 				//GenericRead
1837:Module/ssd_2832.c **** 				if(video_is_enable)
 5487              		.loc 1 1837 5 is_stmt 1 view .LVU1684
 5488              		.loc 1 1837 7 is_stmt 0 view .LVU1685
 5489 005e 0028     		cmp	r0, #0
 5490 0060 7DD1     		bne	.L352
1838:Module/ssd_2832.c **** 				{
1839:Module/ssd_2832.c **** 					rb7 = (0x03 << 8)|(0x82 & 0xEF) | 0x0B; //original settings
1840:Module/ssd_2832.c **** 				}
1841:Module/ssd_2832.c **** 				else if(pmipi->hs_or_lp)
 5491              		.loc 1 1841 10 is_stmt 1 view .LVU1686
 5492              		.loc 1 1841 12 is_stmt 0 view .LVU1687
 5493 0062 6368     		ldr	r3, [r4, #4]
 5494 0064 002B     		cmp	r3, #0
 5495 0066 40F09580 		bne	.L353
ARM GAS  C:\Users\ADMINI~1\AppData\Local\Temp\ccttuXL8.s 			page 151


1842:Module/ssd_2832.c **** 				{
1843:Module/ssd_2832.c **** 					rb7 = (0x03 << 8)|(0x82 & 0xEF) | 0X03;
1844:Module/ssd_2832.c **** 				}
1845:Module/ssd_2832.c **** 				else
1846:Module/ssd_2832.c **** 				{
1847:Module/ssd_2832.c **** 					rb7 = 0x0382; //LP generic read
 5496              		.loc 1 1847 10 view .LVU1688
 5497 006a 40F28233 		movw	r3, #898
 5498 006e 0EE0     		b	.L340
 5499              	.L356:
1813:Module/ssd_2832.c **** 		{
 5500              		.loc 1 1813 3 view .LVU1689
 5501 0070 042B     		cmp	r3, #4
 5502 0072 F4D0     		beq	.L336
 5503 0074 4FF0FF30 		mov	r0, #-1
 5504              	.LVL515:
1813:Module/ssd_2832.c **** 		{
 5505              		.loc 1 1813 3 view .LVU1690
 5506 0078 86E0     		b	.L329
 5507              	.LVL516:
 5508              	.L357:
1813:Module/ssd_2832.c **** 		{
 5509              		.loc 1 1813 3 view .LVU1691
 5510 007a 4FF0FF30 		mov	r0, #-1
 5511              	.LVL517:
1813:Module/ssd_2832.c **** 		{
 5512              		.loc 1 1813 3 view .LVU1692
 5513 007e 83E0     		b	.L329
 5514              	.LVL518:
 5515              	.L334:
1818:Module/ssd_2832.c **** 				{
 5516              		.loc 1 1818 5 is_stmt 1 view .LVU1693
1818:Module/ssd_2832.c **** 				{
 5517              		.loc 1 1818 7 is_stmt 0 view .LVU1694
 5518 0080 58B9     		cbnz	r0, .L350
1822:Module/ssd_2832.c **** 				{
 5519              		.loc 1 1822 10 is_stmt 1 view .LVU1695
1822:Module/ssd_2832.c **** 				{
 5520              		.loc 1 1822 12 is_stmt 0 view .LVU1696
 5521 0082 6368     		ldr	r3, [r4, #4]
 5522 0084 002B     		cmp	r3, #0
 5523 0086 40F08280 		bne	.L351
1828:Module/ssd_2832.c **** 				}
 5524              		.loc 1 1828 10 view .LVU1697
 5525 008a 40F2C233 		movw	r3, #962
 5526              	.LVL519:
 5527              	.L340:
1848:Module/ssd_2832.c **** 				}
1849:Module/ssd_2832.c **** 			}
1850:Module/ssd_2832.c **** 			break;
1851:Module/ssd_2832.c **** 			default:return -1;
1852:Module/ssd_2832.c **** 		}
1853:Module/ssd_2832.c **** 
1854:Module/ssd_2832.c **** 		//4. HS Mode
1855:Module/ssd_2832.c **** 		if(pmipi->hs_or_lp)
1856:Module/ssd_2832.c **** 		{
1857:Module/ssd_2832.c **** 			rb7 |= 0x0001;
ARM GAS  C:\Users\ADMINI~1\AppData\Local\Temp\ccttuXL8.s 			page 152


1858:Module/ssd_2832.c **** 			rb6 &= ~0x0040;//Non video data will be transmitted using HS mode.
1859:Module/ssd_2832.c **** 		}
1860:Module/ssd_2832.c **** 		else
1861:Module/ssd_2832.c **** 		{
1862:Module/ssd_2832.c **** 			rb7 &= ~0x0001;
 5528              		.loc 1 1862 4 is_stmt 1 view .LVU1698
 5529              		.loc 1 1862 8 is_stmt 0 view .LVU1699
 5530 008e 23F00103 		bic	r3, r3, #1
 5531              	.LVL520:
 5532              		.loc 1 1862 8 view .LVU1700
 5533 0092 9BB2     		uxth	r3, r3
 5534              	.LVL521:
1863:Module/ssd_2832.c **** 			rb6 |= 0x0040; //Non video data will be transmitted using LP mode.
 5535              		.loc 1 1863 4 is_stmt 1 view .LVU1701
 5536              		.loc 1 1863 8 is_stmt 0 view .LVU1702
 5537 0094 41F04001 		orr	r1, r1, #64
 5538              	.LVL522:
 5539              		.loc 1 1863 8 view .LVU1703
 5540 0098 09E0     		b	.L341
 5541              	.LVL523:
 5542              	.L350:
1820:Module/ssd_2832.c **** 				}
 5543              		.loc 1 1820 10 view .LVU1704
 5544 009a 40F2CB33 		movw	r3, #971
 5545              	.L337:
 5546              	.LVL524:
1855:Module/ssd_2832.c **** 		{
 5547              		.loc 1 1855 3 is_stmt 1 view .LVU1705
1855:Module/ssd_2832.c **** 		{
 5548              		.loc 1 1855 5 is_stmt 0 view .LVU1706
 5549 009e 6068     		ldr	r0, [r4, #4]
 5550              	.LVL525:
1855:Module/ssd_2832.c **** 		{
 5551              		.loc 1 1855 5 view .LVU1707
 5552 00a0 0028     		cmp	r0, #0
 5553 00a2 F4D0     		beq	.L340
 5554              	.LVL526:
 5555              	.L347:
1857:Module/ssd_2832.c **** 			rb6 &= ~0x0040;//Non video data will be transmitted using HS mode.
 5556              		.loc 1 1857 4 is_stmt 1 view .LVU1708
1857:Module/ssd_2832.c **** 			rb6 &= ~0x0040;//Non video data will be transmitted using HS mode.
 5557              		.loc 1 1857 8 is_stmt 0 view .LVU1709
 5558 00a4 43F00103 		orr	r3, r3, #1
 5559              	.LVL527:
1858:Module/ssd_2832.c **** 		}
 5560              		.loc 1 1858 4 is_stmt 1 view .LVU1710
1858:Module/ssd_2832.c **** 		}
 5561              		.loc 1 1858 8 is_stmt 0 view .LVU1711
 5562 00a8 21F04001 		bic	r1, r1, #64
 5563              	.LVL528:
1858:Module/ssd_2832.c **** 		}
 5564              		.loc 1 1858 8 view .LVU1712
 5565 00ac 89B2     		uxth	r1, r1
 5566              	.LVL529:
 5567              	.L341:
1864:Module/ssd_2832.c **** 		}
1865:Module/ssd_2832.c **** 
ARM GAS  C:\Users\ADMINI~1\AppData\Local\Temp\ccttuXL8.s 			page 153


1866:Module/ssd_2832.c **** 		 //Clock lane will enter HS mode for all the cases
1867:Module/ssd_2832.c **** 		rb7 |= 0x0002;
 5568              		.loc 1 1867 3 is_stmt 1 view .LVU1713
 5569              		.loc 1 1867 7 is_stmt 0 view .LVU1714
 5570 00ae 43F00208 		orr	r8, r3, #2
 5571              	.LVL530:
1868:Module/ssd_2832.c **** 
1869:Module/ssd_2832.c **** 		//7. Write rb6, rb7
1870:Module/ssd_2832.c **** 		tmp_mem_b6 &= 0xFFFF0000;
 5572              		.loc 1 1870 3 is_stmt 1 view .LVU1715
 5573              		.loc 1 1870 14 is_stmt 0 view .LVU1716
 5574 00b2 130C     		lsrs	r3, r2, #16
 5575 00b4 1B04     		lsls	r3, r3, #16
 5576              	.LVL531:
1871:Module/ssd_2832.c **** 		tmp_mem_b6 |= rb6;
 5577              		.loc 1 1871 3 is_stmt 1 view .LVU1717
 5578              		.loc 1 1871 14 is_stmt 0 view .LVU1718
 5579 00b6 1943     		orrs	r1, r1, r3
 5580              	.LVL532:
1872:Module/ssd_2832.c **** 		if(tmp_last_b6 != tmp_mem_b6)
 5581              		.loc 1 1872 3 is_stmt 1 view .LVU1719
 5582              		.loc 1 1872 5 is_stmt 0 view .LVU1720
 5583 00b8 9142     		cmp	r1, r2
 5584 00ba 53D1     		bne	.L358
 5585              	.LVL533:
 5586              	.L342:
1873:Module/ssd_2832.c **** 		{
1874:Module/ssd_2832.c **** 			bridge_write_reg_16bit(0xB6,tmp_mem_b6);
1875:Module/ssd_2832.c **** 		}
1876:Module/ssd_2832.c **** 
1877:Module/ssd_2832.c **** 		tmp_mem_b7 &= 0xFFFF0000;
 5587              		.loc 1 1877 3 is_stmt 1 view .LVU1721
 5588              		.loc 1 1877 14 is_stmt 0 view .LVU1722
 5589 00bc 390C     		lsrs	r1, r7, #16
 5590 00be 0904     		lsls	r1, r1, #16
 5591              	.LVL534:
1878:Module/ssd_2832.c **** 		tmp_mem_b7 |= rb7;
 5592              		.loc 1 1878 3 is_stmt 1 view .LVU1723
 5593              		.loc 1 1878 14 is_stmt 0 view .LVU1724
 5594 00c0 48EA0101 		orr	r1, r8, r1
 5595              	.LVL535:
1879:Module/ssd_2832.c **** 		if(tmp_last_b7 != tmp_mem_b7)
 5596              		.loc 1 1879 3 is_stmt 1 view .LVU1725
 5597              		.loc 1 1879 5 is_stmt 0 view .LVU1726
 5598 00c4 B942     		cmp	r1, r7
 5599 00c6 52D1     		bne	.L359
 5600              	.LVL536:
 5601              	.L343:
1880:Module/ssd_2832.c **** 		{
1881:Module/ssd_2832.c **** 			bridge_write_reg_16bit(0xB7,tmp_mem_b7);
1882:Module/ssd_2832.c **** 		}
1883:Module/ssd_2832.c **** 
1884:Module/ssd_2832.c **** 		//Set 0xC1 Maximum Return Size Register
1885:Module/ssd_2832.c **** 		tmp = len;
 5602              		.loc 1 1885 3 is_stmt 1 view .LVU1727
 5603              		.loc 1 1885 7 is_stmt 0 view .LVU1728
 5604 00c8 0395     		str	r5, [sp, #12]
ARM GAS  C:\Users\ADMINI~1\AppData\Local\Temp\ccttuXL8.s 			page 154


1886:Module/ssd_2832.c **** 		bridge_write_reg_16bit(0xC1,tmp);
 5605              		.loc 1 1886 3 is_stmt 1 view .LVU1729
 5606 00ca A9B2     		uxth	r1, r5
 5607 00cc C120     		movs	r0, #193
 5608 00ce FFF7FEFF 		bl	bridge_write_reg_16bit
 5609              	.LVL537:
1887:Module/ssd_2832.c **** 
1888:Module/ssd_2832.c **** 		//cancel operation to clear data in the buffer, some delay may required for CPHY panel
1889:Module/ssd_2832.c **** 		bridge_write_reg_16bit(0xC0,0x0001);
 5610              		.loc 1 1889 3 view .LVU1730
 5611 00d2 0121     		movs	r1, #1
 5612 00d4 C020     		movs	r0, #192
 5613 00d6 FFF7FEFF 		bl	bridge_write_reg_16bit
 5614              	.LVL538:
1890:Module/ssd_2832.c **** 
1891:Module/ssd_2832.c **** 		//SET Packet Size Control Register 1 (Transmit Data Count, TDC)
1892:Module/ssd_2832.c **** 		tmp = 0x0001;
 5615              		.loc 1 1892 3 view .LVU1731
 5616              		.loc 1 1892 7 is_stmt 0 view .LVU1732
 5617 00da 0121     		movs	r1, #1
 5618 00dc 0391     		str	r1, [sp, #12]
1893:Module/ssd_2832.c **** 		bridge_write_reg_16bit(0xBC,tmp);//Transmit Data Count Low
 5619              		.loc 1 1893 3 is_stmt 1 view .LVU1733
 5620 00de BC20     		movs	r0, #188
 5621 00e0 FFF7FEFF 		bl	bridge_write_reg_16bit
 5622              	.LVL539:
1894:Module/ssd_2832.c **** 
1895:Module/ssd_2832.c **** 		//4. Generic Packet Drop Register
1896:Module/ssd_2832.c **** 		tmp = pmipi->addr;
 5623              		.loc 1 1896 3 view .LVU1734
 5624              		.loc 1 1896 14 is_stmt 0 view .LVU1735
 5625 00e4 E168     		ldr	r1, [r4, #12]
 5626              		.loc 1 1896 7 view .LVU1736
 5627 00e6 0391     		str	r1, [sp, #12]
1897:Module/ssd_2832.c **** 
1898:Module/ssd_2832.c **** 		bridge_write_reg_16bit(0xBF,tmp);
 5628              		.loc 1 1898 3 is_stmt 1 view .LVU1737
 5629 00e8 89B2     		uxth	r1, r1
 5630 00ea BF20     		movs	r0, #191
 5631 00ec FFF7FEFF 		bl	bridge_write_reg_16bit
 5632              	.LVL540:
1899:Module/ssd_2832.c **** 
1900:Module/ssd_2832.c **** 		msleep(30);
 5633              		.loc 1 1900 3 view .LVU1738
 5634              	.LBB175:
 5635              	.LBI175:
 774:Module/ssd_2832.c **** {
 5636              		.loc 1 774 13 view .LVU1739
 5637              	.LBE175:
 776:Module/ssd_2832.c **** }
 5638              		.loc 1 776 2 view .LVU1740
 5639              	.LBB178:
 5640              	.LBB176:
 5641              	.LBI176:
 108:Module/ssd_2832.c **** {
 5642              		.loc 1 108 6 view .LVU1741
 5643              	.LBB177:
ARM GAS  C:\Users\ADMINI~1\AppData\Local\Temp\ccttuXL8.s 			page 155


 110:Module/ssd_2832.c **** }
 5644              		.loc 1 110 2 view .LVU1742
 5645 00f0 47F23050 		movw	r0, #30000
 5646 00f4 FFF7FEFF 		bl	bsp_DelayUS
 5647              	.LVL541:
 110:Module/ssd_2832.c **** }
 5648              		.loc 1 110 2 is_stmt 0 view .LVU1743
 5649              	.LBE177:
 5650              	.LBE176:
 5651              	.LBE178:
1901:Module/ssd_2832.c **** 		
1902:Module/ssd_2832.c **** 		bridge_read_reg(0xC6,&tmp);
 5652              		.loc 1 1902 3 is_stmt 1 view .LVU1744
 5653 00f8 03A9     		add	r1, sp, #12
 5654 00fa C620     		movs	r0, #198
 5655 00fc FFF7FEFF 		bl	bridge_read_reg
 5656              	.LVL542:
1903:Module/ssd_2832.c **** 
1904:Module/ssd_2832.c **** 		if(pmipi->dual & 0x02)//MIPI TX1
 5657              		.loc 1 1904 3 view .LVU1745
 5658              		.loc 1 1904 18 is_stmt 0 view .LVU1746
 5659 0100 6369     		ldr	r3, [r4, #20]
 5660              		.loc 1 1904 5 view .LVU1747
 5661 0102 13F0020F 		tst	r3, #2
1905:Module/ssd_2832.c **** 		{
1906:Module/ssd_2832.c **** 			tmp = tmp >> 16;
 5662              		.loc 1 1906 4 is_stmt 1 view .LVU1748
 5663              		.loc 1 1906 14 is_stmt 0 view .LVU1749
 5664 0106 1CBF     		itt	ne
 5665 0108 BDF80E30 		ldrhne	r3, [sp, #14]
 5666              		.loc 1 1906 8 view .LVU1750
 5667 010c 0393     		strne	r3, [sp, #12]
1907:Module/ssd_2832.c **** 		}
1908:Module/ssd_2832.c **** 
1909:Module/ssd_2832.c **** 		if((( tmp & 0x0001) == 0))
 5668              		.loc 1 1909 3 is_stmt 1 view .LVU1751
 5669              		.loc 1 1909 13 is_stmt 0 view .LVU1752
 5670 010e 039B     		ldr	r3, [sp, #12]
 5671              		.loc 1 1909 5 view .LVU1753
 5672 0110 13F0010F 		tst	r3, #1
 5673 0114 1CD1     		bne	.L345
1910:Module/ssd_2832.c **** 		{
1911:Module/ssd_2832.c **** 			//FAILED, RETRY
1912:Module/ssd_2832.c **** 			log_err("check reg 0xC6,fail1,0x%08X\n",tmp);
 5674              		.loc 1 1912 4 is_stmt 1 view .LVU1754
 5675 0116 0193     		str	r3, [sp, #4]
 5676 0118 4FF4EF63 		mov	r3, #1912
 5677 011c 0093     		str	r3, [sp]
 5678 011e 254B     		ldr	r3, .L361+12
 5679 0120 254A     		ldr	r2, .L361+16
 5680 0122 2649     		ldr	r1, .L361+20
 5681 0124 2648     		ldr	r0, .L361+24
 5682 0126 FFF7FEFF 		bl	printf
 5683              	.LVL543:
1913:Module/ssd_2832.c **** 			msleep(30);
 5684              		.loc 1 1913 4 view .LVU1755
 5685              	.LBB179:
ARM GAS  C:\Users\ADMINI~1\AppData\Local\Temp\ccttuXL8.s 			page 156


 5686              	.LBI179:
 774:Module/ssd_2832.c **** {
 5687              		.loc 1 774 13 view .LVU1756
 5688              	.LBE179:
 776:Module/ssd_2832.c **** }
 5689              		.loc 1 776 2 view .LVU1757
 5690              	.LBB182:
 5691              	.LBB180:
 5692              	.LBI180:
 108:Module/ssd_2832.c **** {
 5693              		.loc 1 108 6 view .LVU1758
 5694              	.LBB181:
 110:Module/ssd_2832.c **** }
 5695              		.loc 1 110 2 view .LVU1759
 5696 012a 47F23050 		movw	r0, #30000
 5697 012e FFF7FEFF 		bl	bsp_DelayUS
 5698              	.LVL544:
 110:Module/ssd_2832.c **** }
 5699              		.loc 1 110 2 is_stmt 0 view .LVU1760
 5700              	.LBE181:
 5701              	.LBE180:
 5702              	.LBE182:
1914:Module/ssd_2832.c **** 			bridge_read_reg(0xC6,&tmp);
 5703              		.loc 1 1914 4 is_stmt 1 view .LVU1761
 5704 0132 03A9     		add	r1, sp, #12
 5705 0134 C620     		movs	r0, #198
 5706 0136 FFF7FEFF 		bl	bridge_read_reg
 5707              	.LVL545:
1915:Module/ssd_2832.c **** 
1916:Module/ssd_2832.c **** 			if(pmipi->dual & 0x02)//MIPI TX1
 5708              		.loc 1 1916 4 view .LVU1762
 5709              		.loc 1 1916 19 is_stmt 0 view .LVU1763
 5710 013a 6369     		ldr	r3, [r4, #20]
 5711              		.loc 1 1916 6 view .LVU1764
 5712 013c 13F0020F 		tst	r3, #2
1917:Module/ssd_2832.c **** 			{
1918:Module/ssd_2832.c **** 				tmp =  tmp >> 16;
 5713              		.loc 1 1918 5 is_stmt 1 view .LVU1765
 5714              		.loc 1 1918 16 is_stmt 0 view .LVU1766
 5715 0140 1CBF     		itt	ne
 5716 0142 BDF80E30 		ldrhne	r3, [sp, #14]
 5717              		.loc 1 1918 9 view .LVU1767
 5718 0146 0393     		strne	r3, [sp, #12]
1919:Module/ssd_2832.c **** 			}
1920:Module/ssd_2832.c **** 
1921:Module/ssd_2832.c **** 			if((( tmp & 0x0001) == 0))
 5719              		.loc 1 1921 4 is_stmt 1 view .LVU1768
 5720              		.loc 1 1921 14 is_stmt 0 view .LVU1769
 5721 0148 039A     		ldr	r2, [sp, #12]
 5722              		.loc 1 1921 6 view .LVU1770
 5723 014a 12F0010F 		tst	r2, #1
 5724 014e 13D0     		beq	.L360
 5725              	.L345:
1922:Module/ssd_2832.c **** 			{
1923:Module/ssd_2832.c **** 				//FAILED, RETRY
1924:Module/ssd_2832.c **** 				log_info("check reg 0xC6,fail2,0x%08X\n",tmp);
1925:Module/ssd_2832.c **** 				return -1;
ARM GAS  C:\Users\ADMINI~1\AppData\Local\Temp\ccttuXL8.s 			page 157


1926:Module/ssd_2832.c **** 			}
1927:Module/ssd_2832.c **** 		}
1928:Module/ssd_2832.c **** 
1929:Module/ssd_2832.c **** 		//5.Read
1930:Module/ssd_2832.c **** 		bridge_read_regs(0xFF,frame,len);
 5726              		.loc 1 1930 3 is_stmt 1 view .LVU1771
 5727 0150 2A46     		mov	r2, r5
 5728 0152 3146     		mov	r1, r6
 5729 0154 FF20     		movs	r0, #255
 5730 0156 FFF7FEFF 		bl	bridge_read_regs
 5731              	.LVL546:
1931:Module/ssd_2832.c **** 		return len;
 5732              		.loc 1 1931 3 view .LVU1772
 5733              		.loc 1 1931 10 is_stmt 0 view .LVU1773
 5734 015a 2846     		mov	r0, r5
 5735 015c 14E0     		b	.L329
 5736              	.LVL547:
 5737              	.L352:
1839:Module/ssd_2832.c **** 				}
 5738              		.loc 1 1839 10 view .LVU1774
 5739 015e 40F28B33 		movw	r3, #907
 5740 0162 9CE7     		b	.L337
 5741              	.LVL548:
 5742              	.L358:
1874:Module/ssd_2832.c **** 		}
 5743              		.loc 1 1874 4 is_stmt 1 view .LVU1775
 5744 0164 89B2     		uxth	r1, r1
 5745              	.LVL549:
1874:Module/ssd_2832.c **** 		}
 5746              		.loc 1 1874 4 is_stmt 0 view .LVU1776
 5747 0166 B620     		movs	r0, #182
 5748 0168 FFF7FEFF 		bl	bridge_write_reg_16bit
 5749              	.LVL550:
1874:Module/ssd_2832.c **** 		}
 5750              		.loc 1 1874 4 view .LVU1777
 5751 016c A6E7     		b	.L342
 5752              	.LVL551:
 5753              	.L359:
1881:Module/ssd_2832.c **** 		}
 5754              		.loc 1 1881 4 is_stmt 1 view .LVU1778
 5755 016e 89B2     		uxth	r1, r1
 5756              	.LVL552:
1881:Module/ssd_2832.c **** 		}
 5757              		.loc 1 1881 4 is_stmt 0 view .LVU1779
 5758 0170 B720     		movs	r0, #183
 5759 0172 FFF7FEFF 		bl	bridge_write_reg_16bit
 5760              	.LVL553:
 5761 0176 A7E7     		b	.L343
 5762              	.L360:
1924:Module/ssd_2832.c **** 				return -1;
 5763              		.loc 1 1924 5 is_stmt 1 view .LVU1780
 5764 0178 1049     		ldr	r1, .L361+20
 5765 017a 1248     		ldr	r0, .L361+28
 5766 017c FFF7FEFF 		bl	printf
 5767              	.LVL554:
1925:Module/ssd_2832.c **** 			}
 5768              		.loc 1 1925 5 view .LVU1781
ARM GAS  C:\Users\ADMINI~1\AppData\Local\Temp\ccttuXL8.s 			page 158


1925:Module/ssd_2832.c **** 			}
 5769              		.loc 1 1925 12 is_stmt 0 view .LVU1782
 5770 0180 4FF0FF30 		mov	r0, #-1
 5771 0184 00E0     		b	.L329
 5772              	.LVL555:
 5773              	.L349:
1932:Module/ssd_2832.c **** 	}
1933:Module/ssd_2832.c **** 	return 0;
 5774              		.loc 1 1933 9 view .LVU1783
 5775 0186 0020     		movs	r0, #0
 5776              	.LVL556:
 5777              	.L329:
1934:Module/ssd_2832.c **** }
 5778              		.loc 1 1934 1 view .LVU1784
 5779 0188 04B0     		add	sp, sp, #16
 5780              	.LCFI73:
 5781              		.cfi_remember_state
 5782              		.cfi_def_cfa_offset 24
 5783              		@ sp needed
 5784 018a BDE8F081 		pop	{r4, r5, r6, r7, r8, pc}
 5785              	.LVL557:
 5786              	.L351:
 5787              	.LCFI74:
 5788              		.cfi_restore_state
1824:Module/ssd_2832.c **** 				}
 5789              		.loc 1 1824 10 view .LVU1785
 5790 018e 40F2C333 		movw	r3, #963
 5791 0192 87E7     		b	.L347
 5792              	.L353:
1843:Module/ssd_2832.c **** 				}
 5793              		.loc 1 1843 10 view .LVU1786
 5794 0194 40F28333 		movw	r3, #899
 5795              	.LVL558:
1855:Module/ssd_2832.c **** 		{
 5796              		.loc 1 1855 3 is_stmt 1 view .LVU1787
 5797 0198 84E7     		b	.L347
 5798              	.LVL559:
 5799              	.L331:
1787:Module/ssd_2832.c **** 		{
 5800              		.loc 1 1787 3 view .LVU1788
1787:Module/ssd_2832.c **** 		{
 5801              		.loc 1 1787 5 is_stmt 0 view .LVU1789
 5802 019a 13F0010F 		tst	r3, #1
 5803 019e 3FF44DAF 		beq	.L333
1781:Module/ssd_2832.c **** 		if(pmipi->dual & 0x02)//MIPI TX1
 5804              		.loc 1 1781 16 view .LVU1790
 5805 01a2 1146     		mov	r1, r2
 5806              	.LVL560:
1781:Module/ssd_2832.c **** 		if(pmipi->dual & 0x02)//MIPI TX1
 5807              		.loc 1 1781 16 view .LVU1791
 5808 01a4 43E7     		b	.L348
 5809              	.L362:
 5810 01a6 00BF     		.align	2
 5811              	.L361:
 5812 01a8 00000000 		.word	.LANCHOR6
 5813 01ac 00000000 		.word	.LANCHOR3
 5814 01b0 00000000 		.word	.LANCHOR4
ARM GAS  C:\Users\ADMINI~1\AppData\Local\Temp\ccttuXL8.s 			page 159


 5815 01b4 00000000 		.word	.LC0
 5816 01b8 00000000 		.word	.LANCHOR10
 5817 01bc 14000000 		.word	.LC1
 5818 01c0 00000000 		.word	.LC35
 5819 01c4 2C000000 		.word	.LC36
 5820              		.cfi_endproc
 5821              	.LFE159:
 5823              		.section	.text.buffer_ssd2832_data2spi4,"ax",%progbits
 5824              		.align	1
 5825              		.global	buffer_ssd2832_data2spi4
 5826              		.syntax unified
 5827              		.thumb
 5828              		.thumb_func
 5830              	buffer_ssd2832_data2spi4:
 5831              	.LVL561:
 5832              	.LFB161:
1935:Module/ssd_2832.c **** 
1936:Module/ssd_2832.c **** #define	SSD2832_WRITE_COMMAND_BYTE 	(uint8_t)0x70		
1937:Module/ssd_2832.c **** #define	SSD2832_READ_COMMAND_BYTE 		(uint8_t)0x71		
1938:Module/ssd_2832.c **** #define	SSD2832_WRITE_DATA_BYTE 		(uint8_t)0x72		
1939:Module/ssd_2832.c **** #define	SSD2832_READ_DATA_BYTE 		(uint8_t)0x73	
1940:Module/ssd_2832.c **** void buffer_ssd2832_data2spi4(uint8_t cmd,uint16_t value);
1941:Module/ssd_2832.c **** int spi_write_ssd2832_reg_len( uint16_t  reg,  uint16_t *data, int len)
1942:Module/ssd_2832.c **** {
1943:Module/ssd_2832.c **** 	int i;
1944:Module/ssd_2832.c **** 
1945:Module/ssd_2832.c **** 	if (data == NULL)
1946:Module/ssd_2832.c **** 	{
1947:Module/ssd_2832.c **** 		return -1;
1948:Module/ssd_2832.c **** 	}
1949:Module/ssd_2832.c **** 
1950:Module/ssd_2832.c **** 
1951:Module/ssd_2832.c **** 	
1952:Module/ssd_2832.c **** 	buffer_ssd2832_data2spi4(SSD2832_WRITE_COMMAND_BYTE, reg);
1953:Module/ssd_2832.c **** 
1954:Module/ssd_2832.c **** 	for (i=0; i<len; i++)
1955:Module/ssd_2832.c **** 	{
1956:Module/ssd_2832.c **** 		buffer_ssd2832_data2spi4(SSD2832_WRITE_DATA_BYTE, data[i]);
1957:Module/ssd_2832.c **** 	}
1958:Module/ssd_2832.c **** 	
1959:Module/ssd_2832.c **** 
1960:Module/ssd_2832.c **** 
1961:Module/ssd_2832.c **** 	return 0;
1962:Module/ssd_2832.c **** }
1963:Module/ssd_2832.c **** 
1964:Module/ssd_2832.c **** 
1965:Module/ssd_2832.c **** void buffer_ssd2832_data2spi4(uint8_t cmd,uint16_t value)
1966:Module/ssd_2832.c **** {
 5833              		.loc 1 1966 1 is_stmt 1 view -0
 5834              		.cfi_startproc
 5835              		@ args = 0, pretend = 0, frame = 8
 5836              		@ frame_needed = 0, uses_anonymous_args = 0
 5837              		.loc 1 1966 1 is_stmt 0 view .LVU1793
 5838 0000 00B5     		push	{lr}
 5839              	.LCFI75:
 5840              		.cfi_def_cfa_offset 4
 5841              		.cfi_offset 14, -4
ARM GAS  C:\Users\ADMINI~1\AppData\Local\Temp\ccttuXL8.s 			page 160


 5842 0002 83B0     		sub	sp, sp, #12
 5843              	.LCFI76:
 5844              		.cfi_def_cfa_offset 16
1967:Module/ssd_2832.c **** 	uint8_t tempbuf[4];
 5845              		.loc 1 1967 2 is_stmt 1 view .LVU1794
1968:Module/ssd_2832.c **** 	tempbuf[0]=cmd;
 5846              		.loc 1 1968 2 view .LVU1795
 5847              		.loc 1 1968 12 is_stmt 0 view .LVU1796
 5848 0004 8DF80400 		strb	r0, [sp, #4]
1969:Module/ssd_2832.c **** 	tempbuf[1]=value>>8;
 5849              		.loc 1 1969 2 is_stmt 1 view .LVU1797
 5850              		.loc 1 1969 12 is_stmt 0 view .LVU1798
 5851 0008 0B0A     		lsrs	r3, r1, #8
 5852 000a 8DF80530 		strb	r3, [sp, #5]
1970:Module/ssd_2832.c **** 	tempbuf[2]=value&0xff;
 5853              		.loc 1 1970 2 is_stmt 1 view .LVU1799
 5854              		.loc 1 1970 12 is_stmt 0 view .LVU1800
 5855 000e 8DF80610 		strb	r1, [sp, #6]
1971:Module/ssd_2832.c **** 	bridge_spi_write(tempbuf,sizeof(uint8_t)+sizeof(uint16_t));
 5856              		.loc 1 1971 2 is_stmt 1 view .LVU1801
 5857 0012 0321     		movs	r1, #3
 5858              	.LVL562:
 5859              		.loc 1 1971 2 is_stmt 0 view .LVU1802
 5860 0014 01A8     		add	r0, sp, #4
 5861              	.LVL563:
 5862              		.loc 1 1971 2 view .LVU1803
 5863 0016 FFF7FEFF 		bl	bridge_spi_write
 5864              	.LVL564:
1972:Module/ssd_2832.c **** 	
1973:Module/ssd_2832.c **** }
 5865              		.loc 1 1973 1 view .LVU1804
 5866 001a 03B0     		add	sp, sp, #12
 5867              	.LCFI77:
 5868              		.cfi_def_cfa_offset 4
 5869              		@ sp needed
 5870 001c 5DF804FB 		ldr	pc, [sp], #4
 5871              		.cfi_endproc
 5872              	.LFE161:
 5874              		.section	.text.spi_write_ssd2832_reg_len,"ax",%progbits
 5875              		.align	1
 5876              		.global	spi_write_ssd2832_reg_len
 5877              		.syntax unified
 5878              		.thumb
 5879              		.thumb_func
 5881              	spi_write_ssd2832_reg_len:
 5882              	.LVL565:
 5883              	.LFB160:
1942:Module/ssd_2832.c **** 	int i;
 5884              		.loc 1 1942 1 is_stmt 1 view -0
 5885              		.cfi_startproc
 5886              		@ args = 0, pretend = 0, frame = 0
 5887              		@ frame_needed = 0, uses_anonymous_args = 0
1943:Module/ssd_2832.c **** 
 5888              		.loc 1 1943 2 view .LVU1806
1945:Module/ssd_2832.c **** 	{
 5889              		.loc 1 1945 2 view .LVU1807
1945:Module/ssd_2832.c **** 	{
ARM GAS  C:\Users\ADMINI~1\AppData\Local\Temp\ccttuXL8.s 			page 161


 5890              		.loc 1 1945 5 is_stmt 0 view .LVU1808
 5891 0000 B1B1     		cbz	r1, .L368
1942:Module/ssd_2832.c **** 	int i;
 5892              		.loc 1 1942 1 view .LVU1809
 5893 0002 70B5     		push	{r4, r5, r6, lr}
 5894              	.LCFI78:
 5895              		.cfi_def_cfa_offset 16
 5896              		.cfi_offset 4, -16
 5897              		.cfi_offset 5, -12
 5898              		.cfi_offset 6, -8
 5899              		.cfi_offset 14, -4
 5900 0004 1646     		mov	r6, r2
 5901 0006 0D46     		mov	r5, r1
1952:Module/ssd_2832.c **** 
 5902              		.loc 1 1952 2 is_stmt 1 view .LVU1810
 5903 0008 0146     		mov	r1, r0
 5904              	.LVL566:
1952:Module/ssd_2832.c **** 
 5905              		.loc 1 1952 2 is_stmt 0 view .LVU1811
 5906 000a 7020     		movs	r0, #112
 5907              	.LVL567:
1952:Module/ssd_2832.c **** 
 5908              		.loc 1 1952 2 view .LVU1812
 5909 000c FFF7FEFF 		bl	buffer_ssd2832_data2spi4
 5910              	.LVL568:
1954:Module/ssd_2832.c **** 	{
 5911              		.loc 1 1954 2 is_stmt 1 view .LVU1813
1954:Module/ssd_2832.c **** 	{
 5912              		.loc 1 1954 12 view .LVU1814
1954:Module/ssd_2832.c **** 	{
 5913              		.loc 1 1954 2 is_stmt 0 view .LVU1815
 5914 0010 002E     		cmp	r6, #0
 5915 0012 10DD     		ble	.L369
 5916 0014 AC1E     		subs	r4, r5, #2
 5917 0016 05EB4605 		add	r5, r5, r6, lsl #1
 5918              	.LVL569:
1954:Module/ssd_2832.c **** 	{
 5919              		.loc 1 1954 2 view .LVU1816
 5920 001a 023D     		subs	r5, r5, #2
1956:Module/ssd_2832.c **** 	}
 5921              		.loc 1 1956 3 view .LVU1817
 5922 001c 7226     		movs	r6, #114
 5923              	.LVL570:
 5924              	.L367:
1956:Module/ssd_2832.c **** 	}
 5925              		.loc 1 1956 3 is_stmt 1 discriminator 3 view .LVU1818
 5926 001e 34F8021F 		ldrh	r1, [r4, #2]!
 5927 0022 3046     		mov	r0, r6
 5928 0024 FFF7FEFF 		bl	buffer_ssd2832_data2spi4
 5929              	.LVL571:
1954:Module/ssd_2832.c **** 	{
 5930              		.loc 1 1954 19 discriminator 3 view .LVU1819
1954:Module/ssd_2832.c **** 	{
 5931              		.loc 1 1954 12 discriminator 3 view .LVU1820
1954:Module/ssd_2832.c **** 	{
 5932              		.loc 1 1954 2 is_stmt 0 discriminator 3 view .LVU1821
 5933 0028 AC42     		cmp	r4, r5
ARM GAS  C:\Users\ADMINI~1\AppData\Local\Temp\ccttuXL8.s 			page 162


 5934 002a F8D1     		bne	.L367
1961:Module/ssd_2832.c **** }
 5935              		.loc 1 1961 9 view .LVU1822
 5936 002c 0020     		movs	r0, #0
 5937              	.L365:
1962:Module/ssd_2832.c **** 
 5938              		.loc 1 1962 1 view .LVU1823
 5939 002e 70BD     		pop	{r4, r5, r6, pc}
 5940              	.LVL572:
 5941              	.L368:
 5942              	.LCFI79:
 5943              		.cfi_def_cfa_offset 0
 5944              		.cfi_restore 4
 5945              		.cfi_restore 5
 5946              		.cfi_restore 6
 5947              		.cfi_restore 14
1947:Module/ssd_2832.c **** 	}
 5948              		.loc 1 1947 10 view .LVU1824
 5949 0030 4FF0FF30 		mov	r0, #-1
 5950              	.LVL573:
1962:Module/ssd_2832.c **** 
 5951              		.loc 1 1962 1 view .LVU1825
 5952 0034 7047     		bx	lr
 5953              	.LVL574:
 5954              	.L369:
 5955              	.LCFI80:
 5956              		.cfi_def_cfa_offset 16
 5957              		.cfi_offset 4, -16
 5958              		.cfi_offset 5, -12
 5959              		.cfi_offset 6, -8
 5960              		.cfi_offset 14, -4
1961:Module/ssd_2832.c **** }
 5961              		.loc 1 1961 9 view .LVU1826
 5962 0036 0020     		movs	r0, #0
 5963 0038 F9E7     		b	.L365
 5964              		.cfi_endproc
 5965              	.LFE160:
 5967              		.section	.text.write_ssd2832_reg,"ax",%progbits
 5968              		.align	1
 5969              		.global	write_ssd2832_reg
 5970              		.syntax unified
 5971              		.thumb
 5972              		.thumb_func
 5974              	write_ssd2832_reg:
 5975              	.LVL575:
 5976              	.LFB162:
1974:Module/ssd_2832.c **** 
1975:Module/ssd_2832.c **** 
1976:Module/ssd_2832.c **** 
1977:Module/ssd_2832.c **** void write_ssd2832_reg(uint16_t reg, uint16_t value)
1978:Module/ssd_2832.c **** {
 5977              		.loc 1 1978 1 is_stmt 1 view -0
 5978              		.cfi_startproc
 5979              		@ args = 0, pretend = 0, frame = 0
 5980              		@ frame_needed = 0, uses_anonymous_args = 0
 5981              		.loc 1 1978 1 is_stmt 0 view .LVU1828
 5982 0000 10B5     		push	{r4, lr}
ARM GAS  C:\Users\ADMINI~1\AppData\Local\Temp\ccttuXL8.s 			page 163


 5983              	.LCFI81:
 5984              		.cfi_def_cfa_offset 8
 5985              		.cfi_offset 4, -8
 5986              		.cfi_offset 14, -4
 5987 0002 0C46     		mov	r4, r1
1979:Module/ssd_2832.c **** 	buffer_ssd2832_data2spi4(SSD2832_WRITE_COMMAND_BYTE, reg);
 5988              		.loc 1 1979 2 is_stmt 1 view .LVU1829
 5989 0004 0146     		mov	r1, r0
 5990              	.LVL576:
 5991              		.loc 1 1979 2 is_stmt 0 view .LVU1830
 5992 0006 7020     		movs	r0, #112
 5993              	.LVL577:
 5994              		.loc 1 1979 2 view .LVU1831
 5995 0008 FFF7FEFF 		bl	buffer_ssd2832_data2spi4
 5996              	.LVL578:
1980:Module/ssd_2832.c **** 	buffer_ssd2832_data2spi4(SSD2832_WRITE_DATA_BYTE, value);
 5997              		.loc 1 1980 2 is_stmt 1 view .LVU1832
 5998 000c 2146     		mov	r1, r4
 5999 000e 7220     		movs	r0, #114
 6000 0010 FFF7FEFF 		bl	buffer_ssd2832_data2spi4
 6001              	.LVL579:
1981:Module/ssd_2832.c **** }
 6002              		.loc 1 1981 1 is_stmt 0 view .LVU1833
 6003 0014 10BD     		pop	{r4, pc}
 6004              		.cfi_endproc
 6005              	.LFE162:
 6007              		.section	.text.dsc_write,"ax",%progbits
 6008              		.align	1
 6009              		.global	dsc_write
 6010              		.syntax unified
 6011              		.thumb
 6012              		.thumb_func
 6014              	dsc_write:
 6015              	.LVL580:
 6016              	.LFB163:
1982:Module/ssd_2832.c **** 
1983:Module/ssd_2832.c **** void dsc_write(uint16_t *data,uint16_t len)
1984:Module/ssd_2832.c **** {
 6017              		.loc 1 1984 1 is_stmt 1 view -0
 6018              		.cfi_startproc
 6019              		@ args = 0, pretend = 0, frame = 0
 6020              		@ frame_needed = 0, uses_anonymous_args = 0
 6021              		.loc 1 1984 1 is_stmt 0 view .LVU1835
 6022 0000 38B5     		push	{r3, r4, r5, lr}
 6023              	.LCFI82:
 6024              		.cfi_def_cfa_offset 16
 6025              		.cfi_offset 3, -16
 6026              		.cfi_offset 4, -12
 6027              		.cfi_offset 5, -8
 6028              		.cfi_offset 14, -4
 6029 0002 0546     		mov	r5, r0
 6030 0004 0C46     		mov	r4, r1
1985:Module/ssd_2832.c ****    write_ssd2832_reg(0x00b7,0x000342);
 6031              		.loc 1 1985 4 is_stmt 1 view .LVU1836
 6032 0006 40F24231 		movw	r1, #834
 6033              	.LVL581:
 6034              		.loc 1 1985 4 is_stmt 0 view .LVU1837
ARM GAS  C:\Users\ADMINI~1\AppData\Local\Temp\ccttuXL8.s 			page 164


 6035 000a B720     		movs	r0, #183
 6036              	.LVL582:
 6037              		.loc 1 1985 4 view .LVU1838
 6038 000c FFF7FEFF 		bl	write_ssd2832_reg
 6039              	.LVL583:
1986:Module/ssd_2832.c **** 	 write_ssd2832_reg(0x00bd,len>>16);
 6040              		.loc 1 1986 3 is_stmt 1 view .LVU1839
 6041 0010 0021     		movs	r1, #0
 6042 0012 BD20     		movs	r0, #189
 6043 0014 FFF7FEFF 		bl	write_ssd2832_reg
 6044              	.LVL584:
1987:Module/ssd_2832.c **** 		write_ssd2832_reg(0x00bc,len);
 6045              		.loc 1 1987 3 view .LVU1840
 6046 0018 2146     		mov	r1, r4
 6047 001a BC20     		movs	r0, #188
 6048 001c FFF7FEFF 		bl	write_ssd2832_reg
 6049              	.LVL585:
1988:Module/ssd_2832.c **** 	spi_write_ssd2832_reg_len( 0xbf, data,len);
 6050              		.loc 1 1988 2 view .LVU1841
 6051 0020 2246     		mov	r2, r4
 6052 0022 2946     		mov	r1, r5
 6053 0024 BF20     		movs	r0, #191
 6054 0026 FFF7FEFF 		bl	spi_write_ssd2832_reg_len
 6055              	.LVL586:
1989:Module/ssd_2832.c **** }
 6056              		.loc 1 1989 1 is_stmt 0 view .LVU1842
 6057 002a 38BD     		pop	{r3, r4, r5, pc}
 6058              		.loc 1 1989 1 view .LVU1843
 6059              		.cfi_endproc
 6060              	.LFE163:
 6062              		.global	vblank_changeFrom
 6063              		.section	.bss.bridge_mem_reg_b6,"aw",%nobits
 6064              		.align	2
 6065              		.set	.LANCHOR3,. + 0
 6068              	bridge_mem_reg_b6:
 6069 0000 00000000 		.space	8
 6069      00000000 
 6070              		.section	.bss.bridge_mem_reg_b7,"aw",%nobits
 6071              		.align	2
 6072              		.set	.LANCHOR4,. + 0
 6075              	bridge_mem_reg_b7:
 6076 0000 00000000 		.space	8
 6076      00000000 
 6077              		.section	.bss.bridge_mem_reg_bd,"aw",%nobits
 6078              		.align	2
 6079              		.set	.LANCHOR5,. + 0
 6082              	bridge_mem_reg_bd:
 6083 0000 00000000 		.space	8
 6083      00000000 
 6084              		.section	.bss.bridge_mem_reg_de,"aw",%nobits
 6085              		.align	2
 6086              		.set	.LANCHOR6,. + 0
 6089              	bridge_mem_reg_de:
 6090 0000 00000000 		.space	8
 6090      00000000 
 6091              		.section	.bss.bridge_write_buff,"aw",%nobits
 6092              		.align	2
ARM GAS  C:\Users\ADMINI~1\AppData\Local\Temp\ccttuXL8.s 			page 165


 6093              		.set	.LANCHOR2,. + 0
 6096              	bridge_write_buff:
 6097 0000 00000000 		.space	256
 6097      00000000 
 6097      00000000 
 6097      00000000 
 6097      00000000 
 6098              		.section	.bss.gsrt_bridge,"aw",%nobits
 6099              		.align	2
 6100              		.set	.LANCHOR8,. + 0
 6103              	gsrt_bridge:
 6104 0000 00000000 		.space	328
 6104      00000000 
 6104      00000000 
 6104      00000000 
 6104      00000000 
 6105              		.section	.bss.vblank_changeFrom,"aw",%nobits
 6108              	vblank_changeFrom:
 6109 0000 00       		.space	1
 6110              		.section	.rodata.__FUNCTION__.0,"a"
 6111              		.align	2
 6112              		.set	.LANCHOR10,. + 0
 6115              	__FUNCTION__.0:
 6116 0000 6D697069 		.ascii	"mipi_read_regs\000"
 6116      5F726561 
 6116      645F7265 
 6116      677300
 6117              		.section	.rodata.__FUNCTION__.1,"a"
 6118              		.align	2
 6119              		.set	.LANCHOR9,. + 0
 6122              	__FUNCTION__.1:
 6123 0000 62726964 		.ascii	"bridge_check_id\000"
 6123      67655F63 
 6123      6865636B 
 6123      5F696400 
 6124              		.section	.rodata.__FUNCTION__.2,"a"
 6125              		.align	2
 6126              		.set	.LANCHOR7,. + 0
 6129              	__FUNCTION__.2:
 6130 0000 62726964 		.ascii	"bridge_read_apb_reg\000"
 6130      67655F72 
 6130      6561645F 
 6130      6170625F 
 6130      72656700 
 6131              		.section	.rodata.__FUNCTION__.3,"a"
 6132              		.align	2
 6133              		.set	.LANCHOR0,. + 0
 6136              	__FUNCTION__.3:
 6137 0000 62726964 		.ascii	"bridge_spi_read\000"
 6137      67655F73 
 6137      70695F72 
 6137      65616400 
 6138              		.section	.rodata.__FUNCTION__.4,"a"
 6139              		.align	2
 6140              		.set	.LANCHOR1,. + 0
 6143              	__FUNCTION__.4:
 6144 0000 62726964 		.ascii	"bridge_spi_write\000"
ARM GAS  C:\Users\ADMINI~1\AppData\Local\Temp\ccttuXL8.s 			page 166


 6144      67655F73 
 6144      70695F77 
 6144      72697465 
 6144      00
 6145              		.text
 6146              	.Letext0:
 6147              		.file 2 "i:\\csharp\\cx900_gcc_off_v1.1\\bin\\x86\\debug\\gcc-arm-none-eabi-10.3-2021.10\\arm-none
 6148              		.file 3 "i:\\csharp\\cx900_gcc_off_v1.1\\bin\\x86\\debug\\gcc-arm-none-eabi-10.3-2021.10\\arm-none
 6149              		.file 4 "Module/ssd_2832.h"
 6150              		.file 5 "Module/user_config.h"
 6151              		.file 6 "Soft_Drive/timer.h"
 6152              		.file 7 "i:\\csharp\\cx900_gcc_off_v1.1\\bin\\x86\\debug\\gcc-arm-none-eabi-10.3-2021.10\\arm-none
 6153              		.file 8 "Firmware/GD32F30x_standard_peripheral/Include/gd32f30x_gpio.h"
 6154              		.file 9 "MALLOC/malloc.h"
 6155              		.file 10 "Firmware/GD32F30x_standard_peripheral/Include/gd32f30x_rcu.h"
 6156              		.file 11 "Firmware/GD32F30x_standard_peripheral/Include/gd32f30x_dbg.h"
ARM GAS  C:\Users\ADMINI~1\AppData\Local\Temp\ccttuXL8.s 			page 167


DEFINED SYMBOLS
                            *ABS*:00000000 ssd_2832.c
C:\Users\ADMINI~1\AppData\Local\Temp\ccttuXL8.s:18     .text.SSD2832_GPIO_Init:00000000 $t
C:\Users\ADMINI~1\AppData\Local\Temp\ccttuXL8.s:24     .text.SSD2832_GPIO_Init:00000000 SSD2832_GPIO_Init
C:\Users\ADMINI~1\AppData\Local\Temp\ccttuXL8.s:137    .text.SSD2832_GPIO_Init:000000ac $d
C:\Users\ADMINI~1\AppData\Local\Temp\ccttuXL8.s:144    .text.malloc:00000000 $t
C:\Users\ADMINI~1\AppData\Local\Temp\ccttuXL8.s:150    .text.malloc:00000000 malloc
C:\Users\ADMINI~1\AppData\Local\Temp\ccttuXL8.s:177    .text.free:00000000 $t
C:\Users\ADMINI~1\AppData\Local\Temp\ccttuXL8.s:183    .text.free:00000000 free
C:\Users\ADMINI~1\AppData\Local\Temp\ccttuXL8.s:209    .text.usleep:00000000 $t
C:\Users\ADMINI~1\AppData\Local\Temp\ccttuXL8.s:215    .text.usleep:00000000 usleep
C:\Users\ADMINI~1\AppData\Local\Temp\ccttuXL8.s:237    .text.bridge_select_phy:00000000 $t
C:\Users\ADMINI~1\AppData\Local\Temp\ccttuXL8.s:243    .text.bridge_select_phy:00000000 bridge_select_phy
C:\Users\ADMINI~1\AppData\Local\Temp\ccttuXL8.s:271    .text.bridge_select_phy:00000018 $d
C:\Users\ADMINI~1\AppData\Local\Temp\ccttuXL8.s:276    .text.SSD2832_Write_Command:00000000 $t
C:\Users\ADMINI~1\AppData\Local\Temp\ccttuXL8.s:282    .text.SSD2832_Write_Command:00000000 SSD2832_Write_Command
C:\Users\ADMINI~1\AppData\Local\Temp\ccttuXL8.s:371    .text.SSD2832_Write_Command:0000004c $d
C:\Users\ADMINI~1\AppData\Local\Temp\ccttuXL8.s:376    .text.SSD2832_Write_Data:00000000 $t
C:\Users\ADMINI~1\AppData\Local\Temp\ccttuXL8.s:382    .text.SSD2832_Write_Data:00000000 SSD2832_Write_Data
C:\Users\ADMINI~1\AppData\Local\Temp\ccttuXL8.s:471    .text.SSD2832_Write_Data:0000004c $d
C:\Users\ADMINI~1\AppData\Local\Temp\ccttuXL8.s:476    .text.SSD2832_Read:00000000 $t
C:\Users\ADMINI~1\AppData\Local\Temp\ccttuXL8.s:482    .text.SSD2832_Read:00000000 SSD2832_Read
C:\Users\ADMINI~1\AppData\Local\Temp\ccttuXL8.s:593    .text.SSD2832_Read:00000068 $d
C:\Users\ADMINI~1\AppData\Local\Temp\ccttuXL8.s:599    .text.bridge_a_spi_read:00000000 $t
C:\Users\ADMINI~1\AppData\Local\Temp\ccttuXL8.s:605    .text.bridge_a_spi_read:00000000 bridge_a_spi_read
C:\Users\ADMINI~1\AppData\Local\Temp\ccttuXL8.s:673    .rodata.bridge_spi_read.str1.4:00000000 $d
C:\Users\ADMINI~1\AppData\Local\Temp\ccttuXL8.s:683    .text.bridge_spi_read:00000000 $t
C:\Users\ADMINI~1\AppData\Local\Temp\ccttuXL8.s:688    .text.bridge_spi_read:00000000 bridge_spi_read
C:\Users\ADMINI~1\AppData\Local\Temp\ccttuXL8.s:746    .text.bridge_spi_read:0000002c $d
C:\Users\ADMINI~1\AppData\Local\Temp\ccttuXL8.s:754    .text.bridge_a_spi_write:00000000 $t
C:\Users\ADMINI~1\AppData\Local\Temp\ccttuXL8.s:760    .text.bridge_a_spi_write:00000000 bridge_a_spi_write
C:\Users\ADMINI~1\AppData\Local\Temp\ccttuXL8.s:827    .text.bridge_spi_write:00000000 $t
C:\Users\ADMINI~1\AppData\Local\Temp\ccttuXL8.s:832    .text.bridge_spi_write:00000000 bridge_spi_write
C:\Users\ADMINI~1\AppData\Local\Temp\ccttuXL8.s:900    .text.bridge_spi_write:00000038 $d
C:\Users\ADMINI~1\AppData\Local\Temp\ccttuXL8.s:909    .text.bridge_write_data:00000000 $t
C:\Users\ADMINI~1\AppData\Local\Temp\ccttuXL8.s:914    .text.bridge_write_data:00000000 bridge_write_data
C:\Users\ADMINI~1\AppData\Local\Temp\ccttuXL8.s:1031   .text.bridge_write_data:00000068 $d
C:\Users\ADMINI~1\AppData\Local\Temp\ccttuXL8.s:1036   .text.bridge_write_cmd:00000000 $t
C:\Users\ADMINI~1\AppData\Local\Temp\ccttuXL8.s:1041   .text.bridge_write_cmd:00000000 bridge_write_cmd
C:\Users\ADMINI~1\AppData\Local\Temp\ccttuXL8.s:1083   .text.bridge_write_cmd:00000018 $d
C:\Users\ADMINI~1\AppData\Local\Temp\ccttuXL8.s:1088   .text.bridge_spi_read_data:00000000 $t
C:\Users\ADMINI~1\AppData\Local\Temp\ccttuXL8.s:1093   .text.bridge_spi_read_data:00000000 bridge_spi_read_data
C:\Users\ADMINI~1\AppData\Local\Temp\ccttuXL8.s:1176   .text.bridge_spi_read_data:00000038 $d
C:\Users\ADMINI~1\AppData\Local\Temp\ccttuXL8.s:1181   .text.bridge_read_mem_reg:00000000 $t
C:\Users\ADMINI~1\AppData\Local\Temp\ccttuXL8.s:1187   .text.bridge_read_mem_reg:00000000 bridge_read_mem_reg
C:\Users\ADMINI~1\AppData\Local\Temp\ccttuXL8.s:1250   .text.bridge_read_mem_reg:0000002c $d
C:\Users\ADMINI~1\AppData\Local\Temp\ccttuXL8.s:1258   .rodata.Read_SSD2832_Id.str1.4:00000000 $d
C:\Users\ADMINI~1\AppData\Local\Temp\ccttuXL8.s:1262   .text.Read_SSD2832_Id:00000000 $t
C:\Users\ADMINI~1\AppData\Local\Temp\ccttuXL8.s:1268   .text.Read_SSD2832_Id:00000000 Read_SSD2832_Id
C:\Users\ADMINI~1\AppData\Local\Temp\ccttuXL8.s:1352   .text.Read_SSD2832_Id:00000050 $d
C:\Users\ADMINI~1\AppData\Local\Temp\ccttuXL8.s:1358   .text.bridge_write_reg_32bit:00000000 $t
C:\Users\ADMINI~1\AppData\Local\Temp\ccttuXL8.s:1364   .text.bridge_write_reg_32bit:00000000 bridge_write_reg_32bit
C:\Users\ADMINI~1\AppData\Local\Temp\ccttuXL8.s:1456   .text.bridge_write_reg_32bit:0000004c $d
C:\Users\ADMINI~1\AppData\Local\Temp\ccttuXL8.s:1463   .text.bridge_write_reg_16bit:00000000 $t
C:\Users\ADMINI~1\AppData\Local\Temp\ccttuXL8.s:1469   .text.bridge_write_reg_16bit:00000000 bridge_write_reg_16bit
C:\Users\ADMINI~1\AppData\Local\Temp\ccttuXL8.s:1581   .text.bridge_write_reg_16bit:0000005c $d
C:\Users\ADMINI~1\AppData\Local\Temp\ccttuXL8.s:1589   .text.bridge_read_reg:00000000 $t
ARM GAS  C:\Users\ADMINI~1\AppData\Local\Temp\ccttuXL8.s 			page 168


C:\Users\ADMINI~1\AppData\Local\Temp\ccttuXL8.s:1595   .text.bridge_read_reg:00000000 bridge_read_reg
C:\Users\ADMINI~1\AppData\Local\Temp\ccttuXL8.s:1727   .text.bridge_read_reg:0000006c $d
C:\Users\ADMINI~1\AppData\Local\Temp\ccttuXL8.s:1734   .text.bridge_read_regs:00000000 $t
C:\Users\ADMINI~1\AppData\Local\Temp\ccttuXL8.s:1740   .text.bridge_read_regs:00000000 bridge_read_regs
C:\Users\ADMINI~1\AppData\Local\Temp\ccttuXL8.s:1849   .text.bridge_read_apb_reg:00000000 $t
C:\Users\ADMINI~1\AppData\Local\Temp\ccttuXL8.s:1855   .text.bridge_read_apb_reg:00000000 bridge_read_apb_reg
C:\Users\ADMINI~1\AppData\Local\Temp\ccttuXL8.s:1958   .text.bridge_read_apb_reg:00000064 $d
C:\Users\ADMINI~1\AppData\Local\Temp\ccttuXL8.s:1966   .text.bridge_write_apb_reg:00000000 $t
C:\Users\ADMINI~1\AppData\Local\Temp\ccttuXL8.s:1972   .text.bridge_write_apb_reg:00000000 bridge_write_apb_reg
C:\Users\ADMINI~1\AppData\Local\Temp\ccttuXL8.s:2048   .rodata.bridge_setbistmode.str1.4:00000000 $d
C:\Users\ADMINI~1\AppData\Local\Temp\ccttuXL8.s:2055   .text.bridge_setbistmode:00000000 $t
C:\Users\ADMINI~1\AppData\Local\Temp\ccttuXL8.s:2061   .text.bridge_setbistmode:00000000 bridge_setbistmode
C:\Users\ADMINI~1\AppData\Local\Temp\ccttuXL8.s:2118   .text.bridge_setbistmode:00000028 $d
C:\Users\ADMINI~1\AppData\Local\Temp\ccttuXL8.s:2126   .text.bridge_get:00000000 $t
C:\Users\ADMINI~1\AppData\Local\Temp\ccttuXL8.s:2132   .text.bridge_get:00000000 bridge_get
C:\Users\ADMINI~1\AppData\Local\Temp\ccttuXL8.s:2146   .text.bridge_get:00000004 $d
C:\Users\ADMINI~1\AppData\Local\Temp\ccttuXL8.s:2151   .text.bridge_hw_reset:00000000 $t
C:\Users\ADMINI~1\AppData\Local\Temp\ccttuXL8.s:2157   .text.bridge_hw_reset:00000000 bridge_hw_reset
C:\Users\ADMINI~1\AppData\Local\Temp\ccttuXL8.s:2248   .text.bridge_hw_reset:00000028 $d
C:\Users\ADMINI~1\AppData\Local\Temp\ccttuXL8.s:2254   .rodata.bridge_check_id.str1.4:00000000 $d
C:\Users\ADMINI~1\AppData\Local\Temp\ccttuXL8.s:2261   .text.bridge_check_id:00000000 $t
C:\Users\ADMINI~1\AppData\Local\Temp\ccttuXL8.s:2267   .text.bridge_check_id:00000000 bridge_check_id
C:\Users\ADMINI~1\AppData\Local\Temp\ccttuXL8.s:2387   .text.bridge_check_id:00000074 $d
C:\Users\ADMINI~1\AppData\Local\Temp\ccttuXL8.s:2397   .text.bridge_RSTPIN_reset:00000000 $t
C:\Users\ADMINI~1\AppData\Local\Temp\ccttuXL8.s:2403   .text.bridge_RSTPIN_reset:00000000 bridge_RSTPIN_reset
C:\Users\ADMINI~1\AppData\Local\Temp\ccttuXL8.s:2422   .text.bridge_RSTPIN_reset:0000000c $d
C:\Users\ADMINI~1\AppData\Local\Temp\ccttuXL8.s:2427   .text.bridge_stop_video:00000000 $t
C:\Users\ADMINI~1\AppData\Local\Temp\ccttuXL8.s:2433   .text.bridge_stop_video:00000000 bridge_stop_video
C:\Users\ADMINI~1\AppData\Local\Temp\ccttuXL8.s:2461   .text.bridge_stop_video:00000018 $d
C:\Users\ADMINI~1\AppData\Local\Temp\ccttuXL8.s:2466   .text.bridge_enter_sleep:00000000 $t
C:\Users\ADMINI~1\AppData\Local\Temp\ccttuXL8.s:2472   .text.bridge_enter_sleep:00000000 bridge_enter_sleep
C:\Users\ADMINI~1\AppData\Local\Temp\ccttuXL8.s:2497   .text.bridge_enter_sleep:00000014 $d
C:\Users\ADMINI~1\AppData\Local\Temp\ccttuXL8.s:2502   .rodata.bridge_reg_test.str1.4:00000000 $d
C:\Users\ADMINI~1\AppData\Local\Temp\ccttuXL8.s:2563   .text.bridge_reg_test:00000000 $t
C:\Users\ADMINI~1\AppData\Local\Temp\ccttuXL8.s:2569   .text.bridge_reg_test:00000000 bridge_reg_test
C:\Users\ADMINI~1\AppData\Local\Temp\ccttuXL8.s:2819   .text.bridge_reg_test:00000178 $d
C:\Users\ADMINI~1\AppData\Local\Temp\ccttuXL8.s:2844   .rodata.bridge_init.str1.4:00000000 $d
C:\Users\ADMINI~1\AppData\Local\Temp\ccttuXL8.s:2866   .text.bridge_init:00000000 $t
C:\Users\ADMINI~1\AppData\Local\Temp\ccttuXL8.s:2872   .text.bridge_init:00000000 bridge_init
C:\Users\ADMINI~1\AppData\Local\Temp\ccttuXL8.s:3571   .text.bridge_init:00000324 $d
C:\Users\ADMINI~1\AppData\Local\Temp\ccttuXL8.s:3592   .text.bridge_init:0000035c $t
C:\Users\ADMINI~1\AppData\Local\Temp\ccttuXL8.s:4257   .text.bridge_init:000005fc $d
C:\Users\ADMINI~1\AppData\Local\Temp\ccttuXL8.s:4273   .text.mipi_write_regs:00000000 $t
C:\Users\ADMINI~1\AppData\Local\Temp\ccttuXL8.s:4279   .text.mipi_write_regs:00000000 mipi_write_regs
C:\Users\ADMINI~1\AppData\Local\Temp\ccttuXL8.s:4432   .text.mipi_write_regs:00000062 $d
C:\Users\ADMINI~1\AppData\Local\Temp\ccttuXL8.s:4713   .text.mipi_write_regs:0000016c $d
C:\Users\ADMINI~1\AppData\Local\Temp\ccttuXL8.s:4722   .text.bridge_send_hs_nop_package:00000000 $t
C:\Users\ADMINI~1\AppData\Local\Temp\ccttuXL8.s:4728   .text.bridge_send_hs_nop_package:00000000 bridge_send_hs_nop_package
C:\Users\ADMINI~1\AppData\Local\Temp\ccttuXL8.s:4808   .text.bridge_send_hs_nop_package:0000003c $d
C:\Users\ADMINI~1\AppData\Local\Temp\ccttuXL8.s:4813   .rodata.bridge_v2c.str1.4:00000000 $d
C:\Users\ADMINI~1\AppData\Local\Temp\ccttuXL8.s:4817   .text.bridge_v2c:00000000 $t
C:\Users\ADMINI~1\AppData\Local\Temp\ccttuXL8.s:4823   .text.bridge_v2c:00000000 bridge_v2c
C:\Users\ADMINI~1\AppData\Local\Temp\ccttuXL8.s:4985   .text.bridge_v2c:000000a4 $d
C:\Users\ADMINI~1\AppData\Local\Temp\ccttuXL8.s:4993   .text.bridge_send_ls_nop_package:00000000 $t
C:\Users\ADMINI~1\AppData\Local\Temp\ccttuXL8.s:4999   .text.bridge_send_ls_nop_package:00000000 bridge_send_ls_nop_package
C:\Users\ADMINI~1\AppData\Local\Temp\ccttuXL8.s:5077   .text.bridge_send_ls_nop_package:0000003c $d
C:\Users\ADMINI~1\AppData\Local\Temp\ccttuXL8.s:5082   .rodata.bridge_send_cmd_image.str1.4:00000000 $d
ARM GAS  C:\Users\ADMINI~1\AppData\Local\Temp\ccttuXL8.s 			page 169


C:\Users\ADMINI~1\AppData\Local\Temp\ccttuXL8.s:5090   .text.bridge_send_cmd_image:00000000 $t
C:\Users\ADMINI~1\AppData\Local\Temp\ccttuXL8.s:5096   .text.bridge_send_cmd_image:00000000 bridge_send_cmd_image
C:\Users\ADMINI~1\AppData\Local\Temp\ccttuXL8.s:5315   .text.bridge_send_cmd_image:000000bc $d
C:\Users\ADMINI~1\AppData\Local\Temp\ccttuXL8.s:5324   .rodata.mipi_read_regs.str1.4:00000000 $d
C:\Users\ADMINI~1\AppData\Local\Temp\ccttuXL8.s:5332   .text.mipi_read_regs:00000000 $t
C:\Users\ADMINI~1\AppData\Local\Temp\ccttuXL8.s:5338   .text.mipi_read_regs:00000000 mipi_read_regs
C:\Users\ADMINI~1\AppData\Local\Temp\ccttuXL8.s:5812   .text.mipi_read_regs:000001a8 $d
C:\Users\ADMINI~1\AppData\Local\Temp\ccttuXL8.s:5824   .text.buffer_ssd2832_data2spi4:00000000 $t
C:\Users\ADMINI~1\AppData\Local\Temp\ccttuXL8.s:5830   .text.buffer_ssd2832_data2spi4:00000000 buffer_ssd2832_data2spi4
C:\Users\ADMINI~1\AppData\Local\Temp\ccttuXL8.s:5875   .text.spi_write_ssd2832_reg_len:00000000 $t
C:\Users\ADMINI~1\AppData\Local\Temp\ccttuXL8.s:5881   .text.spi_write_ssd2832_reg_len:00000000 spi_write_ssd2832_reg_len
C:\Users\ADMINI~1\AppData\Local\Temp\ccttuXL8.s:5968   .text.write_ssd2832_reg:00000000 $t
C:\Users\ADMINI~1\AppData\Local\Temp\ccttuXL8.s:5974   .text.write_ssd2832_reg:00000000 write_ssd2832_reg
C:\Users\ADMINI~1\AppData\Local\Temp\ccttuXL8.s:6008   .text.dsc_write:00000000 $t
C:\Users\ADMINI~1\AppData\Local\Temp\ccttuXL8.s:6014   .text.dsc_write:00000000 dsc_write
C:\Users\ADMINI~1\AppData\Local\Temp\ccttuXL8.s:6108   .bss.vblank_changeFrom:00000000 vblank_changeFrom
C:\Users\ADMINI~1\AppData\Local\Temp\ccttuXL8.s:6064   .bss.bridge_mem_reg_b6:00000000 $d
C:\Users\ADMINI~1\AppData\Local\Temp\ccttuXL8.s:6068   .bss.bridge_mem_reg_b6:00000000 bridge_mem_reg_b6
C:\Users\ADMINI~1\AppData\Local\Temp\ccttuXL8.s:6071   .bss.bridge_mem_reg_b7:00000000 $d
C:\Users\ADMINI~1\AppData\Local\Temp\ccttuXL8.s:6075   .bss.bridge_mem_reg_b7:00000000 bridge_mem_reg_b7
C:\Users\ADMINI~1\AppData\Local\Temp\ccttuXL8.s:6078   .bss.bridge_mem_reg_bd:00000000 $d
C:\Users\ADMINI~1\AppData\Local\Temp\ccttuXL8.s:6082   .bss.bridge_mem_reg_bd:00000000 bridge_mem_reg_bd
C:\Users\ADMINI~1\AppData\Local\Temp\ccttuXL8.s:6085   .bss.bridge_mem_reg_de:00000000 $d
C:\Users\ADMINI~1\AppData\Local\Temp\ccttuXL8.s:6089   .bss.bridge_mem_reg_de:00000000 bridge_mem_reg_de
C:\Users\ADMINI~1\AppData\Local\Temp\ccttuXL8.s:6092   .bss.bridge_write_buff:00000000 $d
C:\Users\ADMINI~1\AppData\Local\Temp\ccttuXL8.s:6096   .bss.bridge_write_buff:00000000 bridge_write_buff
C:\Users\ADMINI~1\AppData\Local\Temp\ccttuXL8.s:6099   .bss.gsrt_bridge:00000000 $d
C:\Users\ADMINI~1\AppData\Local\Temp\ccttuXL8.s:6103   .bss.gsrt_bridge:00000000 gsrt_bridge
C:\Users\ADMINI~1\AppData\Local\Temp\ccttuXL8.s:6109   .bss.vblank_changeFrom:00000000 $d
C:\Users\ADMINI~1\AppData\Local\Temp\ccttuXL8.s:6111   .rodata.__FUNCTION__.0:00000000 $d
C:\Users\ADMINI~1\AppData\Local\Temp\ccttuXL8.s:6115   .rodata.__FUNCTION__.0:00000000 __FUNCTION__.0
C:\Users\ADMINI~1\AppData\Local\Temp\ccttuXL8.s:6118   .rodata.__FUNCTION__.1:00000000 $d
C:\Users\ADMINI~1\AppData\Local\Temp\ccttuXL8.s:6122   .rodata.__FUNCTION__.1:00000000 __FUNCTION__.1
C:\Users\ADMINI~1\AppData\Local\Temp\ccttuXL8.s:6125   .rodata.__FUNCTION__.2:00000000 $d
C:\Users\ADMINI~1\AppData\Local\Temp\ccttuXL8.s:6129   .rodata.__FUNCTION__.2:00000000 __FUNCTION__.2
C:\Users\ADMINI~1\AppData\Local\Temp\ccttuXL8.s:6132   .rodata.__FUNCTION__.3:00000000 $d
C:\Users\ADMINI~1\AppData\Local\Temp\ccttuXL8.s:6136   .rodata.__FUNCTION__.3:00000000 __FUNCTION__.3
C:\Users\ADMINI~1\AppData\Local\Temp\ccttuXL8.s:6139   .rodata.__FUNCTION__.4:00000000 $d
C:\Users\ADMINI~1\AppData\Local\Temp\ccttuXL8.s:6143   .rodata.__FUNCTION__.4:00000000 __FUNCTION__.4
C:\Users\ADMINI~1\AppData\Local\Temp\ccttuXL8.s:4472   .text.mipi_write_regs:00000089 $d
C:\Users\ADMINI~1\AppData\Local\Temp\ccttuXL8.s:4472   .text.mipi_write_regs:0000008a $t

UNDEFINED SYMBOLS
rcu_periph_clock_enable
gpio_init
gpio_bit_set
gpio_bit_reset
mymalloc
myfree
bsp_DelayUS
gpio_input_bit_get
printf
__aeabi_ui2d
__aeabi_dmul
__aeabi_ddiv
__aeabi_d2uiz
__aeabi_ui2f
ARM GAS  C:\Users\ADMINI~1\AppData\Local\Temp\ccttuXL8.s 			page 170


__aeabi_fmul
__aeabi_f2d
__aeabi_dsub
__aeabi_dcmpgt
gMipiTableIndex
ptr_MIPI_TABLE
