:020000040801F1
:1000000000000120C95A02083D29010849290108B8
:100010004F290108552901085B290108000000004B
:10002000000000000000000000000000612901083D
:100030006D290108000000007929010885290108BF
:10004000115B0208115B0208115B0208115B0208D8
:10005000115B0208115B0208115B0208115B0208C8
:10006000115B0208115B0208115B0208115B0208B8
:10007000115B0208115B0208115B0208115B0208A8
:10008000115B0208115B0208115B0208115B020898
:1000900091290108115B0208115B0208115B02083B
:1000A000115B0208E1540208115B0208115B0208AF
:1000B000C9530208115B0208115B0208115B0208B8
:1000C000115B0208115B0208115B0208115B020858
:1000D000115B0208ED53020859540208893E0108D9
:1000E000115B0208115B0208115B0208115B020838
:1000F000115B0208115B0208115B0208115B020828
:10010000115B0208115B0208115B0208115B020817
:10011000115B0208115B0208115B0208D9E60108B5
:10012000115B0208115B0208115B0208115B0208F7
:1001400010B5054C237833B9044B13B10448AFF311
:1001500000800123237010BD7020002000000000EB
:100160006056030808B5034B1BB103490348AFF3BE
:10017000008008BD000000007420002060560308C5
:1001800081F0004102E000BF83F0004330B54FEA48
:1001900041044FEA430594EA050F08BF90EA020FB5
:1001A0001FBF54EA000C55EA020C7FEA645C7FEA48
:1001B000655C00F0E2804FEA5454D4EB5555B8BF6B
:1001C0006D420CDD2C4480EA020281EA030382EADC
:1001D000000083EA010180EA020281EA0303362D6E
:1001E00088BF30BD11F0004F4FEA01314FF4801C41
:1001F0004CEA113102D0404261EB410113F0004F53
:100200004FEA03334CEA133302D0524263EB430309
:1002100094EA050F00F0A780A4F10104D5F1200EA7
:100220000DDB02FA0EFC22FA05F2801841F1000102
:1002300003FA0EF2801843FA05F359410EE0A5F1D6
:1002400020050EF1200E012A03FA0EFC28BF4CF007
:10025000020C43FA05F3C01851EBE37101F00045BD
:1002600007D54FF0000EDCF1000C7EEB00006EEBCA
:100270000101B1F5801F1BD3B1F5001F0CD3490854
:100280005FEA30004FEA3C0C04F101044FEA4452AB
:1002900012F5800F80F09A80BCF1004F08BF5FEA32
:1002A000500C50F1000041EB045141EA050130BD12
:1002B0005FEA4C0C404141EB0101013C28BFB1F524
:1002C000801FE9D291F0000F04BF01460020B1FA6F
:1002D00081F308BF2033A3F10B03B3F120020CDA42
:1002E0000C3208DD02F1140CC2F10C0201FA0CF020
:1002F00021FA02F10CE002F11402D8BFC2F1200C85
:1003000001FA02F120FA0CFCDCBF41EA0C0190403A
:10031000E41AA2BF01EB0451294330BD6FEA040483
:100320001F3C1CDA0C340EDC04F11404C4F120026E
:1003300020FA04F001FA02F340EA030021FA04F380
:1003400045EA030130BDC4F10C04C4F1200220FAD7
:1003500002F001FA04F340EA0300294630BD21FA15
:1003600004F0294630BD94F0000F83F4801306BFDB
:1003700081F480110134013D4EE77FEA645C18BFCF
:100380007FEA655C29D094EA050F08BF90EA020F66
:1003900005D054EA000C04BF1946104630BD91EA5E
:1003A000030F1EBF0021002030BD5FEA545C05D161
:1003B0004000494128BF41F0004130BD14F58004A0
:1003C0003CBF01F5801130BD01F0004545F0FE4114
:1003D00041F470014FF0000030BD7FEA645C1ABF49
:1003E000194610467FEA655C1CBF0B46024650EA80
:1003F000013406BF52EA033591EA030F41F40021AC
:1004000030BD00BF90F0000F04BF0021704730B531
:100410004FF4806404F132044FF000054FF0000106
:1004200050E700BF90F0000F04BF0021704730B5C7
:100430004FF4806404F1320410F0004548BF40429C
:100440004FF000013EE700BF42004FEAE2014FEAF1
:1004500031014FEA02701FBF12F07F4393F07F4FCC
:1004600081F06051704732F07F4208BF704793F0CF
:100470007F4F04BF41F40021704730B54FF46074E2
:1004800001F0004521F000411CE700BF50EA0102E5
:1004900008BF704730B54FF000050AE050EA01028E
:1004A00008BF704730B511F0004502D5404261EBFE
:1004B00041014FF4806404F132045FEA915C3FF43F
:1004C000D8AE4FF003025FEADC0C18BF03325FEADC
:1004D000DC0C18BF033202EBDC02C2F1200300FA8D
:1004E00003FC20FA02F001FA03FE40EA0E0021FAB2
:1004F00002F11444BDE600BF70B54FF0FF0C4CF4A0
:10050000E06C1CEA11541DBF1CEA135594EA0C0F51
:1005100095EA0C0F00F0DEF82C4481EA030621EA8C
:100520004C5123EA4C5350EA013518BF52EA0335C7
:1005300041F4801143F4801338D0A0FB02CE4FF079
:100540000005E1FB02E506F00042E0FB03E54FF0A9
:100550000006E1FB03569CF0000F18BF4EF0010EA1
:10056000A4F1FF04B6F5007F64F5407404D25FEA9D
:100570004E0E6D4146EB060642EAC62141EA555150
:100580004FEAC52040EA5E504FEACE2EB4F1FD0C92
:1005900088BFBCF5E06F1ED8BEF1004F08BF5FEA10
:1005A000500E50F1000041EB045170BD06F00046C2
:1005B00046EA010140EA020081EA0301B4EB5C046F
:1005C000C2BFD4EB0C0541EA045170BD41F4801167
:1005D0004FF0000E013C00F3AB8014F1360FDEBF8C
:1005E000002001F0004170BDC4F10004203C35DA68
:1005F0000C341BDC04F11404C4F1200500FA05F3EB
:1006000020FA04F001FA05F240EA020001F000428B
:1006100021F0004110EBD37021FA04F642EB060101
:100620005EEA430E08BF20EAD37070BDC4F10C042B
:10063000C4F1200500FA04F320FA05F001FA04F2EF
:1006400040EA020001F0004110EBD37041F10001DB
:100650005EEA430E08BF20EAD37070BDC4F12005E6
:1006600000FA05F24EEA020E20FA04F301FA05F24E
:1006700043EA020321FA04F001F0004121FA04F2F6
:1006800020EA020000EBD3705EEA430E08BF20EAC6
:10069000D37070BD94F0000F0FD101F00046400000
:1006A00041EB010111F4801F08BF013CF7D041EA82
:1006B000060195F0000F18BF704703F00046520086
:1006C00043EB030313F4801F08BF013DF7D043EA57
:1006D0000603704794EA0C0F0CEA135518BF95EA0D
:1006E0000C0F0CD050EA410618BF52EA4306D1D194
:1006F00081EA030101F000414FF0000070BD50EAB3
:10070000410606BF1046194652EA430619D094EA3C
:100710000C0F02D150EA013613D195EA0C0F05D126
:1007200052EA03361CBF104619460AD181EA03017A
:1007300001F0004141F0FE4141F470014FF0000032
:1007400070BD41F0FE4141F4780170BD70B54FF0CD
:10075000FF0C4CF4E06C1CEA11541DBF1CEA13554D
:1007600094EA0C0F95EA0C0F00F0A7F8A4EB05042F
:1007700081EA030E52EA03354FEA013100F0888026
:100780004FEA03334FF0805545EA131343EA1263EF
:100790004FEA022245EA111545EA10654FEA0026A4
:1007A0000EF000419D4208BF964244F1FD0404F55D
:1007B000407402D25B084FEA3202B61A65EB0305B9
:1007C0005B084FEA32024FF480104FF4002CB6EB76
:1007D000020E75EB030E22BFB61A754640EA0C00F6
:1007E0005B084FEA3202B6EB020E75EB030E22BF36
:1007F000B61A754640EA5C005B084FEA3202B6EB77
:10080000020E75EB030E22BFB61A754640EA9C0035
:100810005B084FEA3202B6EB020E75EB030E22BF05
:10082000B61A754640EADC0055EA060E18D04FEAC3
:10083000051545EA16754FEA06164FEAC30343EA63
:1008400052734FEAC2025FEA1C1CC0D111F4801F30
:100850000BD141EA00014FF000004FF0004CB6E729
:1008600011F4801F04BF01430020B4F1FD0C88BFC8
:10087000BCF5E06F3FF6AFAEB5EB030C04BFB6EBD3
:10088000020C5FEA500C50F1000041EB045170BDC6
:100890000EF0004E4EEA113114EB5C04C2BFD4EBF3
:1008A0000C0541EA045170BD41F480114FF0000E77
:1008B000013C90E645EA060E8DE60CEA135594EAF3
:1008C0000C0F08BF95EA0C0F3FF43BAF94EA0C0FF6
:1008D0000AD150EA01347FF434AF95EA0C0F7FF46B
:1008E00025AF104619462CE795EA0C0F06D152EABF
:1008F00003353FF4FDAE1046194622E750EA4106A3
:1009000018BF52EA43067FF4C5AE50EA41047FF4B3
:100910000DAF52EA43057FF4EBAE12E74FF0FF3C18
:1009200006E000BF4FF0010C02E000BF4FF0010CE9
:100930004DF804CD4FEA410C7FEA6C5C4FEA430C62
:1009400018BF7FEA6C5C1BD001B050EA410C0CBFB1
:1009500052EA430C91EA030F02BF90EA020F002013
:10096000704710F1000F91EA030F58BF994208BF7A
:1009700090422CBFD8176FEAE37040F00100704737
:100980004FEA410C7FEA6C5C02D150EA013C07D18E
:100990004FEA430C7FEA6C5CD6D152EA033CD3D0D9
:1009A0005DF8040B704700BF8446104662468C46D3
:1009B0001946634600E000BF01B5FFF7B7FF002806
:1009C00048BF10F1000F01BD4DF808EDFFF7F4FF2F
:1009D0000CBF012000205DF808FB00BF4DF808EDBA
:1009E000FFF7EAFF34BF012000205DF808FB00BFDD
:1009F0004DF808EDFFF7E0FF94BF012000205DF8FF
:100A000008FB00BF4DF808EDFFF7CEFF94BF0120B3
:100A100000205DF808FB00BF4DF808EDFFF7C4FFAC
:100A200034BF012000205DF808FB00BF4A0011D24E
:100A300012F5001211D20DD56FF47873B3EB625238
:100A40000ED44FEAC12343F0004343EA505323FA44
:100A500002F070474FF00000704750EA013002D1B9
:100A60004FF0FF3070474FF0000070474FEA4102EF
:100A7000B2F1E04324BFB3F5001CDCF1FE5C0DD9FC
:100A800001F0004C4FEAC0024CEA5070B2F1004F46
:100A900040EB830008BF20F00100704711F0804F49
:100AA00021D113F13872BCBF01F00040704741F40E
:100AB00080114FEA5252C2F11802C2F1200C10FA12
:100AC0000CF320FA02F018BF40F001004FEAC123F6
:100AD0004FEAD32303FA0CFC40EA0C0023FA02F39A
:100AE0004FEA4303CCE77FEA625307D150EA013370
:100AF0001EBF4FF0FE4040F44000704701F0004040
:100B000040F0FE4040F40000704700BF80F000401D
:100B100002E000BF81F0004142001FBF5FEA4103D5
:100B200092EA030F7FEA226C7FEA236C6AD04FEAD5
:100B30001262D2EB1363C1BFD2184140484041401A
:100B4000B8BF5B42192B88BF704710F0004F40F4CC
:100B5000000020F07F4018BF404211F0004F41F4E8
:100B6000000121F07F4118BF494292EA030F3FD0B4
:100B7000A2F1010241FA03FC10EB0C00C3F12003C7
:100B800001FA03F100F0004302D5494260EB400056
:100B9000B0F5000F13D3B0F1807F06D340084FEAC1
:100BA000310102F10102FE2A51D2B1F1004F40EBB6
:100BB000C25008BF20F0010040EA0300704749001E
:100BC00040EB0000013A28BFB0F5000FEDD2B0FABB
:100BD00080FCACF1080CB2EB0C0200FA0CF0AABFDE
:100BE00000EBC25052421843BCBFD040184370477C
:100BF00092F0000F81F4000106BF80F40000013282
:100C0000013BB5E74FEA41037FEA226C18BF7FEA58
:100C1000236C21D092EA030F04D092F0000F08BF9A
:100C20000846704790EA010F1CBF0020704712F081
:100C30007F4F04D1400028BF40F00040704712F1C0
:100C400000723CBF00F50000704700F0004343F025
:100C5000FE4040F4000070477FEA226216BF08465B
:100C60007FEA23630146420206BF5FEA412390EA1E
:100C7000010F40F4800070474FF0000304E000BF14
:100C800010F0004348BF40425FEA000C08BF7047C5
:100C900043F0964301464FF000001CE050EA010289
:100CA00008BF70474FF000030AE000BF50EA01029E
:100CB00008BF704711F0004302D5404261EB41018B
:100CC0005FEA010C02BF84460146002043F0B643B0
:100CD00008BFA3F18053A3F50003BCFA8CF2083AD5
:100CE000A3EBC25310DB01FA02FC634400FA02FCDE
:100CF000C2F12002BCF1004F20FA02F243EB0200E5
:100D000008BF20F00100704702F1200201FA02FC46
:100D1000C2F1200250EA4C0021FA02F243EB020039
:100D200008BF20EADC7070474FF0FF0C1CEAD0527D
:100D30001EBF1CEAD15392EA0C0F93EA0C0F6FD03E
:100D40001A4480EA010C400218BF5FEA41211ED01C
:100D50004FF0006343EA501043EA5111A0FB013108
:100D60000CF00040B1F5000F3EBF490041EAD371DD
:100D70005B0040EA010062F17F02FD2A1DD8B3F159
:100D8000004F40EBC25008BF20F00100704790F0C8
:100D9000000F0CF0004C08BF49024CEA502040EA1A
:100DA00051207F3AC2BFD2F1FF0340EAC2507047E0
:100DB00040F400004FF00003013A5DDC12F1190F1E
:100DC000DCBF00F000407047C2F10002410021FA90
:100DD00002F1C2F1200200FA02FC5FEA310040F1A8
:100DE000000053EA4C0308BF20EADC70704792F021
:100DF000000F00F0004C02BF400010F4000F013A59
:100E0000F9D040EA0C0093F0000F01F0004C02BF53
:100E1000490011F4000F013BF9D041EA0C018FE7C2
:100E20000CEAD15392EA0C0F18BF93EA0C0F0AD0C8
:100E300030F0004C18BF31F0004CD8D180EA0100EE
:100E400000F00040704790F0000F17BF90F0004F87
:100E5000084691F0000F91F0004F14D092EA0C0F69
:100E600001D142020FD193EA0C0F03D14B0218BFFC
:100E7000084608D180EA010000F0004040F0FE4042
:100E800040F40000704740F0FE4040F440007047DE
:100E90004FF0FF0C1CEAD0521EBF1CEAD15392EA5D
:100EA0000C0F93EA0C0F69D0A2EB030280EA010C4D
:100EB00049024FEA402037D04FF0805343EA1111E6
:100EC00043EA10130CF000408B4238BF5B0042F144
:100ED0007D024FF4000C8B4224BF5B1A40EA0C00E9
:100EE000B3EB510F24BFA3EB510340EA5C00B3EB1B
:100EF000910F24BFA3EB910340EA9C00B3EBD10F09
:100F000024BFA3EBD10340EADC001B0118BF5FEA5A
:100F10001C1CE0D1FD2A3FF650AF8B4240EBC25083
:100F200008BF20F0010070470CF0004C4CEA502044
:100F30007F32C2BFD2F1FF0340EAC250704740F493
:100F400000004FF00003013A37E792F0000F00F085
:100F5000004C02BF400010F4000F013AF9D040EA03
:100F60000C0093F0000F01F0004C02BF490011F497
:100F7000000F013BF9D041EA0C0195E70CEAD1538F
:100F800092EA0C0F08D142027FF47DAF93EA0C0F76
:100F90007FF470AF084676E793EA0C0F04D14B025A
:100FA0003FF44CAF08466EE730F0004C18BF31F00C
:100FB000004CCAD130F000427FF45CAF31F0004306
:100FC0007FF43CAF5FE700BF4FF0FF3C06E000BF9F
:100FD0004FF0010C02E000BF4FF0010C4DF804CDC2
:100FE0004FEA40024FEA41037FEA226C18BF7FEAD2
:100FF000236C11D001B052EA530C18BF90EA010FD4
:1010000058BFB2EB030088BFC81738BF6FEAE17062
:1010100018BF40F0010070477FEA226C02D15FEAFE
:10102000402C05D17FEA236CE4D15FEA412CE1D06A
:101030005DF8040B704700BF844608466146FFE731
:101040000FB5FFF7C9FF002848BF10F1000F0FBD13
:101050004DF808EDFFF7F4FF0CBF012000205DF80C
:1010600008FB00BF4DF808EDFFF7EAFF34BF012091
:1010700000205DF808FB00BF4DF808EDFFF7E0FF2A
:1010800094BF012000205DF808FB00BF4DF808ED7B
:10109000FFF7D2FF94BF012000205DF808FB00BFDE
:1010A0004DF808EDFFF7C8FF34BF012000205DF8C0
:1010B00008FB00BF42000ED2B2F1FE4F0BD34FF03F
:1010C0009E03B3EB126209D44FEA002343F00043BE
:1010D00023FA02F070474FF00000704712F1610FE1
:1010E00001D1420202D14FF0FF3070474FF00000B3
:1010F000704700BF7BB972B90029BEBF00204FF016
:10110000004106E008BF00281CBF6FF000414FF00F
:10111000FF3000F0BFB9ADF1080C6DE904CE002935
:1011200009DB002B1ADB00F04DF8DDF804E0DDE907
:10113000022304B07047404261EB4101002B1BDBEE
:1011400000F040F8DDF804E0DDE9022304B040429D
:1011500061EB4101524263EB43037047524263EB40
:10116000430300F02FF8DDF804E0DDE9022304B0CA
:10117000404261EB41017047524263EB430300F090
:1011800021F8DDF804E0DDE9022304B0524263EB0C
:101190004303704753B94AB9002908BF00281CBF50
:1011A0004FF0FF314FF0FF3000F074B9ADF1080C93
:1011B0006DE904CE00F006F8DDF804E0DDE9022375
:1011C00004B070472DE9F047089E0D460446884656
:1011D000002B4DD18A42944668D9B2FA82F252B1BC
:1011E00001FA02F3C2F1200120FA01F10CFA02FC2B
:1011F00041EA030894404FEA1C45210CB8FBF5FE78
:101200001FFA8CF705FB1E8341EA03430EFB07F12F
:1012100099420BD91CEB03030EF1FF3080F01E81C5
:10122000994240F21B81AEF1020E63445B1AA4B2F4
:10123000B3FBF5F005FB103344EA034400FB07F76A
:10124000A7420AD91CEB040400F1FF3380F00881A7
:10125000A74240F2058164440238E41B40EA0E4094
:1012600000211EB1D4400023C6E90043BDE8F08749
:101270008B4208D9002E00F0EE800021C6E900055F
:101280000846BDE8F087B3FA83F100294AD1AB42A2
:1012900002D3824200F2F980841A65EB0303012035
:1012A0009846002EE2D0C6E90048DFE702B9FFDE2B
:1012B000B2FA82F2002A40F09180A1EB0C054FEACD
:1012C0001C471FFA8CFE0121B5FBF7F307FB1350F7
:1012D000250C45EA00450EFB03F0A84208D91CEB9B
:1012E000050503F1FF3802D2A84200F2CB80434645
:1012F0002D1AA4B2B5FBF7F007FB105544EA0544DC
:101300000EFB00FEA64508D91CEB040400F1FF35D6
:1013100002D2A64500F2BB802846A4EB0E0440EAA8
:1013200003409EE7C1F120078B4022FA07FC4CEAFC
:10133000030C20FA07F405FA01F31C43FD404FEAC1
:101340001C4900FA01F3B5FBF9F8200C1FFA8CFEDA
:1013500009FB185540EA054508FB0EF0A84202FAC1
:1013600001F20BD91CEB050508F1FF3A80F08880EB
:10137000A84240F28580A8F1020865442D1AA4B263
:10138000B5FBF9F009FB105544EA054500FB0EFEDC
:10139000AE4508D91CEB050500F1FF346CD2AE4513
:1013A0006AD90238654440EA0840A0FB0294A5EBE4
:1013B0000E05A542C846A64656D353D05EB1B3EB40
:1013C000080265EB0E0505FA07F722FA01F3CD4096
:1013D0001F43C6E900750021BDE8F087C2F1200374
:1013E00020FA03F10CFA02FC25FA03F395400D43B1
:1013F0004FEA1C471FFA8CFEB3FBF7F107FB1130D5
:101400002B0C43EA004301FB0EF0984204FA02F46D
:1014100008D91CEB030301F1FF382FD298422DD9D4
:10142000023963441B1AADB2B3FBF7F007FB10336C
:1014300045EA034500FB0EF3AB4208D91CEB05055A
:1014400000F1FF3816D2AB4214D902386544ED1AC8
:1014500040EA014138E73146304607E78646E5E68F
:101460001846FAE64B45A9D2B9EB020864EB0C0E1C
:101470000138A3E74046EAE7204694E74146D1E732
:10148000D0467BE7023B654432E7084609E76444FF
:10149000023842E7704700BF844641EA000313F078
:1014A00003036DD1403A41D351F8043B40F8043B6B
:1014B00051F8043B40F8043B51F8043B40F8043B2E
:1014C00051F8043B40F8043B51F8043B40F8043B1E
:1014D00051F8043B40F8043B51F8043B40F8043B0E
:1014E00051F8043B40F8043B51F8043B40F8043BFE
:1014F00051F8043B40F8043B51F8043B40F8043BEE
:1015000051F8043B40F8043B51F8043B40F8043BDD
:1015100051F8043B40F8043B51F8043B40F8043BCD
:1015200051F8043B40F8043B403ABDD2303211D36D
:1015300051F8043B40F8043B51F8043B40F8043BAD
:1015400051F8043B40F8043B51F8043B40F8043B9D
:10155000103AEDD20C3205D351F8043B40F8043B6D
:10156000043AF9D2043208D0D2071CBF11F8013B6B
:1015700000F8013B01D30B8803806046704700BF31
:10158000082A13D38B078DD010F003038AD0C3F140
:101590000403D21ADB071CBF11F8013B00F8013B22
:1015A00080D331F8023B20F8023B7BE7043AD9D3E1
:1015B000013A11F8013B00F8013BF9D20B780370B6
:1015C0004B7843708B788370604670470000000052
:1015D000000000000000000000000000000000000B
:1015E000A2EB0300704700BF02780B78012A28BFE6
:1015F0009A42F5D16DE9044540EA0104CDE902675C
:101600006FF0000C4FEA447212B380EA010414F048
:10161000070F6AD100F0070420F0070004F003056B
:1016200021F007014FEAC505F0E8042314F0040F88
:10163000F1E804670CFA05F462EA040266EA0406BB
:101640000AD063EA0403624667EA0407664603E0D9
:10165000F0E80423F1E8046782FA4CF582EA060414
:10166000A4FA8CF46CBB83FA4CF583EA0705A5FA5F
:101670008CF595B950E9022351E9026782FA4CF5DD
:1016800082EA0604A4FA8CF483FA4CF583EA07058F
:10169000A5FA8CF52543DBD09CB92DBAB5FA85F4B3
:1016A00024F0070427FA04F1DDE9026723FA04F3C2
:1016B00003F0FF0001F0FF01FDE80445A0EB01008D
:1016C000704724BAB4FA84F424F0070426FA04F12B
:1016D000DDE9026722FA04F202F0FF0001F0FF01E7
:1016E000FDE80445A0EB0100704714F0030F3CD166
:1016F00010F0030428D150F8082B51F8083B82FA67
:101700004CF582EA0305A5FA8CF55DB950F8042C76
:1017100051F8043C82FA4CF582EA0305A5FA8CF5EF
:10172000002DE8D02DBAB5FA85F424F0070423FA89
:1017300004F122FA04F202F0FF0001F0FF01FDE8DB
:101740000445A0EB010070474FEAC40420F00300F9
:1017500050F8082B21F0030151F8083B0CFA04F46F
:1017600062EA040263EA0403C9E710F003041AD032
:10177000A1EB040120F00300E40750F8042B06D08D
:101780000FD28B785FFAA2F4E41A06D12BB1CB7892
:101790005FFAB2F4E41A00D11BB920465DF8104B91
:1017A000704701F1040150F8042BCC0721F003012C
:1017B00051F8043B48D824D222F07F4482FA4CF5F9
:1017C00094EA1325A5FA8CF50AD165B951F8043BC2
:1017D00084EA0204B4EB036F0ED150F8042BEBE75C
:1017E0004FEA132355E035F07F454DD10878FDE8E9
:1017F0000445C0F1000070474FEA126203F0FF0396
:1018000047E002EA1C4482FA4CF594EA1345A5FA33
:101810008CF50AD165B951F8043B84EA0204B4EBB3
:10182000034F0CD150F8042BEBE74FEA134330E0A1
:1018300015EA1C4528D10B884FEA124229E04FEAED
:10184000124203EA1C4324E002F0FF0482FA4CF542
:1018500094EA1365A5FA8CF50AD165B951F8043BF1
:1018600084EA0204B4EB032F09D150F8042BEBE710
:101870004FEA13630DE015F0FF0F05D10B684FEA37
:10188000122223F07F4304E04FF00000FDE80445FE
:10189000704712BA1BBA82FA4CF482EA0304A4FA23
:1018A0008CF5B5FA85F402FA04F203FA04F34FEA70
:1018B0001260FDE80445A0EB1360704700000000D3
:1018C00090F800F06DE9024520F007016FF0000C80
:1018D00010F0070491F820F040F049804FF0000428
:1018E0006FF00700D1E9002391F840F000F1080003
:1018F00082FA4CF2A4FA8CF283FA4CF3A2FA8CF33B
:101900004BBBD1E9022382FA4CF200F10800A4FAA1
:101910008CF283FA4CF3A2FA8CF3E3B9D1E90423F5
:1019200082FA4CF200F10800A4FA8CF283FA4CF32C
:10193000A2FA8CF37BB9D1E9062301F1200182FAE6
:101940004CF200F10800A4FA8CF283FA4CF3A2FAEC
:101950008CF3002BC6D0002A04BF04301A4612BAFA
:10196000B2FA82F2FDE8024500EBD2007047D1E9FD
:10197000002304F00305C4F100004FEAC50514F08C
:10198000040F91F840F00CFA05F562EA05021CBF5D
:1019900063EA050362464FF00004A9E70000000077
:1019A00001F0FF01102A2BDB10F0070F08D010F810
:1019B000013B013A8B422DD010F0070F42B3F6D114
:1019C000F0B441EA012141EA014122F007047FF02D
:1019D00000070023F0E80256083C85EA010586EA84
:1019E000010685FA47F5A3FA87F586FA47F6A5FAC0
:1019F00087F68EB9EED1F0BC01F0FF0102F00702CC
:101A000032B110F8013B013A83EA010313B1F8D176
:101A10000020704701387047002D06BF3546033857
:101A2000073815F0010F07D1013015F4807F02BF90
:101A3000013015F4C03F0130F0BC0138704700BFE1
:101A40004FEA410C7FEA6C5C02D150EA013C0AD1BA
:101A50004FEA430C7FEA6C5C02D152EA033C02D1AC
:101A60004FF0000070474FF0010070474FEA41020D
:101A700012F5001215D211D56FF47873B3EB6252E0
:101A800012D94FEAC12343F0004343EA505311F007
:101A9000004F23FA02F018BF404270474FF0000099
:101AA000704750EA013005D111F0004008BF6FF0D7
:101AB000004070474FF00000704700BF38B5054642
:101AC0000C462846214600220023FEF787FF28B94E
:101AD00028462146BDE8384000F00AB8284604F1FF
:101AE000004100F005F8404261EB410138BD00BF04
:101AF000D0B50C4B002206460F46FEF7FDFCFEF764
:101B000095FF0446FEF77EFC074B0022FEF7F4FC2F
:101B100002460B4630463946FEF736FBFEF786FF97
:101B20002146D0BD0000F03D0000F04190B583B0EB
:101B300000AF0023FB7112E0FC7941F25801002054
:101B400000F0BEF903461F4A42F82430FB791D4AD3
:101B500052F82330002B06D0FB790133FB71FB795F
:101B6000012BE9D900E000BF4FF48251002000F0C2
:101B7000A7F90346144A13604FF48251002000F085
:101B80009FF90346114A13604FF40071002000F0E2
:101B900097F903460E4A1360FB79022B0DD10A4BCD
:101BA0001B68002B09D0094B1B68002B05D0084B84
:101BB0001B68002B01D0002300E0012318460C37DE
:101BC000BD4690BD0C2900201429002018290020B2
:101BD0001C29002080B487B000AFF8600B467A6003
:101BE000FB72FB687B6104E07B695A1C7A61FA7ABC
:101BF0001A707B685A1E7A60002BF5D100BF00BFB7
:101C00001C37BD4680BC704780B582B000AF03462C
:101C1000FB71FB79124A04339B0013445868FB792B
:101C2000104A52F823305B001A460021FFF7D2FF1A
:101C3000FB790B4A023352F82300FB790A4A52F827
:101C400023301A460021FFF7C5FFFB79044A1344ED
:101C5000012283F8202000BF0837BD4680BD00BFA9
:101C600000000020D8740308F074030880B485B025
:101C700000AF0346FB710023FB600023BB6011E053
:101C8000FB79144A04339B0013445A68BB685B0019
:101C900013441B88002B02D0FB680133FB60BB6838
:101CA0000133BB60FB790C4A52F82330BA689A4280
:101CB000E6D3FB68642203FB02F2FB79064951F884
:101CC0002330B2FBF3F3DBB218461437BD4680BCB9
:101CD000704700BF00000020D874030880B586B0AC
:101CE00000AF03463960FB7100237B6100233B8218
:101CF000FB79384A134493F82030002B04D1354B3C
:101D00001B68FA79104698473B68002B02D14FF0C8
:101D1000FF335AE0FB79304A52F823303A68B2FB7D
:101D2000F3F37B82FB792C4A52F823203B68B3FB08
:101D3000F2F101FB02F29B1A002B02D07B8A0133E5
:101D40007B82FB79254A52F82330013B7B6137E0E7
:101D5000FB79204A04339B0013445A687B695B007B
:101D600013441B88002B03D13B8A01333B8201E0E3
:101D700000233B823A8A7B8A9A421ED10023FB6071
:101D80000FE0FB79134A04339B0013445A687969C6
:101D9000FB680B445B0013447A8A1A80FB680133AA
:101DA000FB607B8AFA689A42EBD3FB790A4A52F8C5
:101DB00023307A6902FB03F307E07B69013B7B6117
:101DC0007B69002BC4DA4FF0FF3318461837BD4645
:101DD00080BD00BF00000020E4740308D87403082D
:101DE00080B586B000AF03463960FB71FB79224AAB
:101DF000134493F82030002B06D11F4B1B68FA794F
:101E000010469847012333E0FB791C4A52F82330EF
:101E10003A689A422BD2FB79194A52F823303A6831
:101E2000B2FBF3F33B61FB79134A04339B00134489
:101E30005A683B695B0013441B88FB6000237B618D
:101E40000FE0FB790C4A04339B0013445A6839694C
:101E50007B690B445B00134400221A807B690133C9
:101E60007B617A69FB689A42EBDB002300E0022386
:101E700018461837BD4680BD00000020F0740308E6
:101E8000E474030880B584B000AF03463960FB7189
:101E90003B68002B0DD03B68FA790849023251F8B3
:101EA00022209B1AFB60FB79F9681846FFF798FF20
:101EB00000E000BF1037BD4680BD00BF000000201D
:101EC00080B584B000AF03463960FB71FB79396897
:101ED0001846FFF703FFF860FB68B3F1FF3F01D13D
:101EE000002307E0FB79054A023352F823301A46F3
:101EF000FB68134418461037BD4680BD0000002023
:101F000080B500AFB7200EF045FD50200EF034FD37
:101F100002200EF031FDBD200EF03CFD00200EF041
:101F20002BFD00200EF028FD01200EF074FD28206E
:101F30000EF022FD0A2013F0C9F901200EF06BFD0E
:101F400010200EF019FD052013F0C0F900200FF04D
:101F5000A9F800200EF041FF00200EF088FF0020BD
:101F60000FF030F800200FF03BF80021012009F0BD
:101F70002DF800200EF012FF00200EF059FF002077
:101F80000EF0A0FF00200EF0F5FF00200FF006F885
:101F90000021022009F01AF800200EF02FFD00F0B9
:101FA000FBFB0AF0A3F901200DF09CFD00200FF0CF
:101FB0005FF800200DF018FF00200FF03FF8002020
:101FC0000EF07EFD00200EF09DFD00200EF0BEFD07
:101FD00000200EF055FD0F200DF0ACFD002101207A
:101FE0000DF0C0FE002102200DF0BCFE00210320F8
:101FF0000DF0B8FE002104200DF0B4FE00BF80BD3E
:1020000080B590B000AF00237B6007F10803002289
:102010001A609A80002387F83F3009F0F1F96421B3
:102020000A200EF0D7FD64211E200EF0E9FE642187
:102030001E200EF02FFF642132200EF077FF642166
:1020400032200EF085FF804B1B78DBB21A467F4BA7
:1020500053F82230B3F8AE3018460EF08BFF7A4BAF
:102060001B78DBB21A46794B53F82230B3F8B830FC
:1020700018460EF093FF744B1B78DBB21A46734B75
:1020800053F82230B3F8723018460EF0BBFD6E4B99
:102090001B78DBB21A466D4B53F82230B3F87C3014
:1020A00018460EF0C3FD684B1B78DBB21A46674B2F
:1020B00053F82230B3F8863018460EF0CBFD624B51
:1020C0001B78DBB21A46614B53F82230B3F89030DC
:1020D00018460EF0D3FD5C4B1B78DBB21A465B4B07
:1020E00053F82230B3F89A3018460EF0DBFD564B09
:1020F0001B78DBB21A46554B53F82230B3F8A430A4
:1021000018460EF0E3FD01200EF0F4FD01200EF064
:10211000FFFD01200EF00AFE01200EF015FE012049
:102120000EF020FE01200EF02BFE01200EF04AFFE3
:1021300001200EF055FF01200EF0B4FF00200DF03D
:10214000D1FC01200EF09CFC00200EF023FD0120AC
:102150000EF0B6FC01200EF044FC0A2013F0B6F895
:1021600000200EF03EFC322013F0B0F801200EF0FB
:1021700038FC322013F0AAF801200EF03FFF0120B6
:102180000EF05CFF322013F0A1F800200EF036FFB5
:102190000F200DF0CFFC322013F098F801200EF044
:1021A0002DFF322013F092F80121022008F00EFFDB
:1021B000322013F08BF80021022008F007FF3220B4
:1021C00013F084F80121022008F000FF1E4B1B7859
:1021D000DBB21A461D4B53F82230B3F8CC30DBB2D9
:1021E00018460DF0DBFC184B1B78DBB21A46174B78
:1021F00053F8223093F86130022B01D809F0CCFF5C
:10220000002000F01BFA0121012008F0DFFE0A2067
:1022100013F016F80021012008F0D8FE322013F048
:102220000FF80121012008F0D1FE00200DF06CFF15
:1022300000F06EFA01200DF067FF01200EF018FF8C
:1022400000BF4037BD4680BD6F4600201C02002005
:1022500080B582B000AF78600E4B1B78DBB21A46B7
:102260000D4B53F82230B3F862000A4B1B78DBB2F7
:102270001A46094B53F82230B3F864307A6819468D
:1022800009F038FF7968054801F016FE00BF0837ED
:10229000BD4680BD6F4600201C0200207856030812
:1022A00080B582B000AF0346FB800E4B1B78DBB2DB
:1022B0001A460D4B53F82230B3F86200094B1B78D5
:1022C000DBB21A46084B53F82230B3F86430FA8870
:1022D000194609F08BFC054801F0EEFD00BF0837F8
:1022E000BD4680BD6F4600201C02002090560308AA
:1022F00080B582B000AF0346FB800E4B1B78DBB28B
:102300001A460D4B53F82230B3F86200094B1B7884
:10231000DBB21A46084B53F82230B3F86430FA881F
:10232000194609F0C3FB054801F0C6FD00BF083798
:10233000BD4680BD6F4600201C020020AC5603083D
:1023400090B587B004AF786039601D4B1B78DBB265
:102350001A461C4B53F82230B3F86230013B98B256
:10236000174B1B78DBB21A46164B53F82230B3F8E2
:102370006430013B9CB2124B1B78DBB21A46114B06
:1023800053F82230B3F862300D4A1278D2B21146B7
:102390000C4A52F82120B2F8642039680391796818
:1023A000029101920093234602460121012009F087
:1023B000C1FC054801F080FD00BF0C37BD4690BD53
:1023C0006F4600201C020020C856030880B582B06A
:1023D00000AF0346FB800E4B1B78DBB21A460D4B59
:1023E00053F82230B3F86200094B1B78DBB21A466F
:1023F000084B53F82230B3F86430FA88194609F0D4
:10240000D5FC054801F058FD00BF0837BD4680BD2A
:102410006F4600201C020020E4560308F0B587B088
:1024200004AF78603960394B1B78DBB21A46384B01
:1024300053F82230B3F86230364AA2FB03235B081C
:1024400098B2324B1B78DBB21A46314B53F822302C
:10245000B3F864302F4AA2FB03235B089CB22B4BDA
:102460001B78DBB21A462A4B53F82230B3F86220AD
:10247000264B1B78DBB21946254B53F82130B3F8B5
:1024800062302449A1FB03135B089BB2D31A9DB2AF
:102490001E4B1B78DBB21A461D4B53F82230B3F8A3
:1024A00064201A4B1B78DBB21946194B53F82130C4
:1024B000B3F864301749A1FB03135B089BB2D31A2E
:1024C0009EB2124B1B78DBB21A46114B53F82230E6
:1024D000B3F862300D4A1278D2B211460C4A52F863
:1024E0002120B2F864203968039179680291019241
:1024F000009333462A46214609F01CFC064801F0A9
:10250000DBFC00BF0C37BD46F0BD00BF6F460020AE
:102510001C020020ABAAAAAA0057030880B582B00B
:1025200000AF0346FB71FB79184609F00FFEFB79FB
:102530001946034801F0C0FC00BF0837BD4680BD06
:102540001857030880B582B000AF78600B467B80D7
:102550000E4B1B78DBB21A460D4B53F82230B3F802
:1025600062000A4B1B78DBB21A46094B53F8223043
:10257000B3F864107B887A6809F072FC054801F0B2
:102580009BFC00BF0837BD4680BD00BF6F460020E2
:102590001C0200202C57030880B582B000AF786081
:1025A0000B467B800E4B1B78DBB21A460D4B53F863
:1025B0002230B3F862000A4B1B78DBB21A46094B93
:1025C00053F82230B3F864107B887A6809F0FEFC77
:1025D000054801F071FC00BF0837BD4680BD00BF53
:1025E0006F4600201C0200204857030880B582B0C7
:1025F00000AF786039600E4801F05EFC0D4B1B782F
:10260000DBB21A460C4B53F82230B3F86200094B88
:102610001B78DBB21A46084B53F82230B3F864102B
:102620003B687A6809F0F4FB00BF0837BD4680BDFF
:10263000645703086F4600201C02002080B59AB042
:1026400000AF0346FB71FB790B2B59D801A252F85E
:1026500023F000BF852601088D2601089526010874
:102660009F260108AD260108B5260108C3260108EA
:10267000CB260108D7260108E3260108F126010828
:10268000F92601082148FFF7E3FD3AE00820FFF7AB
:102690009DFE36E04FF0FF30FFF7DAFD31E04FF0FE
:1026A0007F414FF0FF30FFF74BFE2AE00820FFF795
:1026B0001FFE26E04FF0FF216FF47F40FFF796FFEB
:1026C0001FE00120FFF72AFF1BE008214FF0FF3039
:1026D000FFF738FF15E008214FF0FF30FFF75CFFF0
:1026E0000FE04FF0FF314FF07F40FFF797FE08E01B
:1026F0000820FFF7FDFD04E00820FFF7D1FD00E012
:1027000000BF00BF6837BD4680BD00BF0000FFFFAF
:1027100080B500AFB7200EF03DF950200EF02CF937
:1027200002200EF029F9BD200EF034F900200EF041
:1027300023F900200EF020F9282012F0C7FD012017
:102740000EF069F911200EF017F98C2012F0BEFD81
:1027500001200EF060F929200EF00EF9282012F069
:10276000B5FD00BF80BD80B582B000AF78607968EC
:102770000020FFF7A5FB034618460837BD4680BD7D
:1027800080B582B000AF786079680020FFF77AFBEF
:1027900000BF0837BD4680BD80B400AF034B0422A4
:1027A0001A6001231846BD4680BC704714100140D2
:1027B00080B500AF01F0A8FA054B00221A804FF453
:1027C00000720021034817F03BF900BF80BD00BF35
:1027D000202B00202029002080B500AFFFF7E8FF64
:1027E00000BF80BD80B582B000AFFB1D184601F070
:1027F000D5FA0346002B0ED1094B1B88B3F5FF7F9A
:1028000009D8074B1B885A1C91B2054A11801A46F9
:10281000F979044B995400BF0837BD4680BD00BF0D
:10282000202B00202029002080B582B000AF0EE0D0
:102830000D4B1B88B3F5FF7F09D80B4B1B885A1C27
:1028400091B2094A11801A46F979084B9954FB1D37
:10285000184601F0A3FA0346002BE9D000BF00BFE1
:102860000837BD4680BD00BF202B00202029002056
:1028700080B483B000AF03463960FB7197F907302D
:10288000002B0BDA3B68DAB20C49FB7903F00F033B
:10289000043B1201D2B20B441A7609E03B68DAB26B
:1028A000074997F907301201D2B20B4483F800238D
:1028B00000BF0C37BD4680BC704700BF00ED00E094
:1028C00000E100E080B582B000AF78607B68013B3A
:1028D000B3F1807F01D301230FE00A4A7B68013BFB
:1028E00053600F214FF0FF30FFF7C2FF054B00226E
:1028F0009A60044B07221A60002318460837BD4629
:1029000080BD00BF10E000E080B500AF094B1B6840
:10291000094AA2FB03239B091846FFF7D3FF03468E
:10292000002B00D0FEE700214FF0FF30FFF7A0FFA3
:1029300000BF80BD54020020D34D621080B400AFB0
:1029400000BFBD4680BC704780B400AFFEE780B4D6
:1029500000AFFEE780B400AFFEE780B400AFFEE753
:1029600080B400AF00BFBD4680BC704780B400AFEC
:1029700000BFBD4680BC704780B400AF00BFBD46FD
:1029800080BC704780B500AF12F0D0FC00BF80BDA6
:1029900080B400AF00BFBD4680BC704780B584B036
:1029A00002AF00237B60FFF7AFFF234800F090FAEF
:1029B000224800F08DFA224800F08AFA00F06EFA00
:1029C00012F060FD10F090FE0EF018FC0CF09EFF6F
:1029D0001C4B1B78002B0BD0002300934FF4E133EA
:1029E0000022012100200AF09BF90AF049FA03E0D5
:1029F000FFF7DEFEFFF7F0FE10F0C0F90EF01AFF51
:102A000008F002FA11F092F811F004F878607B688F
:102A10000D4A934204D10D490D4817F063F803E0C5
:102A20000A490C4817F05EF80B4810F051FD00BF42
:102A30000837BD4680BD00BF00380140004400405B
:102A400000480040901600201740EF007857030818
:102A5000805703089C570308D878002080B5ADF54F
:102A6000855D84B002AF012307F5845202F11002A4
:102A7000136007F5845303F110031B6883F3108878
:102A800000BF002307F5845202F11402136007F51A
:102A9000845303F114031B6883F3108800BF4FF4C1
:102AA00080314FF0006000F087FBBB4B00221A70B2
:102AB000FFF774FF01F028F90DF0D2FF0CF0DAFDFA
:102AC00001200DF037F801200EF0ECFA09F060FD5E
:102AD00009F05EFF08F0C6FC0FF0C4F811F03CFFEF
:102AE000AE4817F061F8AE4B1B781B02AC4A527827
:102AF00013431946AB4801F0DFF9FFF717F8002040
:102B0000FFF782F801200EF0A9FC03461A46A649F9
:102B1000A64816F0E7FF02200EF0A0FC03461A4676
:102B2000A149A34816F0DEFF0122A249002005F0CA
:102B300051FC01229F49A04805F04CFC034607F5D3
:102B4000845202F11B02137007F5845303F11B0337
:102B50001B780D2B40F0038100220021954807F0DF
:102B60008DF8034607F5845202F11B02137007F536
:102B7000845303F11B031B781A468B498F4816F0C8
:102B8000B1FF01228B49002005F024FC0122894974
:102B9000894805F01FFC07F10803083B1322884908
:102BA000184605F05FFC034607F5845202F11B024C
:102BB000137007F5845303F11B03197807F1A80379
:102BC00003F5776353E9022313460A4676497D48A5
:102BD00016F088FF002307F5825202F11C021360F1
:102BE00007F5835300221A605A601A72764A07F575
:102BF000825303F1100307CA03C31A800233120C75
:102C00001A70002307F5855202F1040213603CE0BC
:102C100007F5825202F1100207F5825000F11C0004
:102C200007F5855303F104031B68684917F008F89A
:102C300007F5845303F10C0307F5825101F11C01E0
:102C400007F1080008380D2206F0B7F9034607F52A
:102C5000845202F11B02137007F5845303F11B0326
:102C60001A7807F5845303F10C031B684E49584842
:102C700016F038FF07F5855303F104031B68013391
:102C800007F5855202F10402136007F5855303F13D
:102C900004031B68092BBBDD07F10803083B18463A
:102CA00006F061FD07F10803083B0322444918467A
:102CB00005F0D8FB034607F5845202F11B0213709E
:102CC00007F5845303F11B03197807F1A80303F5F3
:102CD000776353E9022313460A463349394816F00D
:102CE00001FF002307F5855213602AE007F58253A0
:102CF00007F5825101F1040107F1080008380D229F
:102D000005F0EAFE034607F5845202F11B02137038
:102D100007F58253196807F5845303F11B031B78E9
:102D200007F5825202F1040200930B461E4929481E
:102D300016F0D8FE07F585531B68013307F5855259
:102D4000136007F585531B68092BCFDD07F10803D6
:102D5000083B184606F007FD164810F089FA15489A
:102D600010F086FA002307F5835202F10C0213607B
:102D700007F5835303F1100300221A605A609A602A
:102D8000DA601A615A611A83002307F5845202F14E
:102D90001C02136051E000BF222B0020B45703082F
:102DA000D87800200C5803087857030820580308E7
:102DB000345803084C580308F056002050580308B4
:102DC0006058030870580308D0580308885803084F
:102DD00090580308A858030807F5845303F11C030F
:102DE0001A6813461B019B1A5B00274A134407F518
:102DF000835202F10C0211461846FEF7F5FB03461A
:102E0000002B22D007F5845303F11C031A681346E4
:102E10001B019B1A5B001C4A13441A461B491C48A1
:102E200016F060FE07F5845303F11C031B680133A1
:102E300007F5845202F11C02136007F5845303F175
:102E40001C031B683B2BC7DD00E000BF0CF0CCFB74
:102E5000104B01221A700CF033FC0F4B1B78002B27
:102E600002D00AF029F801E0FFF7DEFC0FF04EFC7B
:102E700011F034F910F09EFF00F0E2F800F0B6FF18
:102E80000BF0DAFFE7E700BFC46A002078570308B9
:102E9000C8580308222B00209016002080B500AFF0
:102EA00040F2036000F0E6FC4FF4007303221021AF
:102EB000044800F099F90449044816F013FE00BFD5
:102EC00080BD00BF000C014078570308DC580308A0
:102ED00080B584B000AF78600023FB607B68504A07
:102EE000934202D10023FB600CE07B684D4A934281
:102EF00002D10123FB6005E07B684B4A934201D17C
:102F00000223FB60494AFB6832F81330184600F090
:102F1000B1FC474AFB6832F81330184600F0AAFCAF
:102F20004FF4C06000F0A6FC0021042000F042FA3B
:102F3000404AFB6852F823003F4AFB6852F82330AE
:102F40000322182100F050F93A4AFB6852F8230096
:102F50003A4AFB6852F823300322482100F044F932
:102F60007B682F4A93420CD07B682D4A93421AD833
:102F70007B682C4A93420AD07B682B4A93420CD040
:102F800011E001220021252000F090F80CE0002241
:102F90000021262000F08AF806E0002200212720E8
:102FA00000F084F800E000BF786800F075FA7B68F4
:102FB0001B4A93420CD07B68194A93421AD87B680B
:102FC000184A93420AD07B68174A93420CD011E00A
:102FD0004FF4E131786800F0C1FA0CE04FF4E131D0
:102FE000786800F0BBFA06E04FF4E121786800F061
:102FF000B5FA00E000BF0421786800F04DFB08211D
:10300000786800F02CFB786800F018FB40F205317E
:10301000786800F09DFB00BF1037BD4680BD00BF43
:103020000038014000440040004800404C020020AD
:10303000200200204002002028020020340200204C
:1030400080B500AF0E4B1B68002B17D00C4B002235
:103050001A600B4BDB68002B08D1094B0122DA60A8
:103060004FF40071074800F073F907E0044B0022A9
:10307000DA604FF40071034800F079F900BF80BDB9
:10308000242B0020000C014080B483B000AF786096
:10309000054A7B6843F0BF6343F40033D36000BF4D
:1030A0000C37BD4680BC704700ED00E080B586B0AF
:1030B00000AF0346FB710B46BB7113467B710023C7
:1030C000FB6000237B6100233B61394BDB6803F429
:1030D000E063B3F5E06F04D100237B6104233B611F
:1030E00037E0334BDB6803F4E063B3F5C06F04D122
:1030F00001237B6103233B612BE02D4BDB6803F451
:10310000E063B3F5A06F04D102237B6102233B612E
:103110001FE0274BDB6803F4E063B3F5806F04D155
:1031200003237B6101233B6113E0214BDB6803F444
:10313000E063B3F5407F04D104237B6100233B614E
:1031400007E04FF4A060FFF79FFF02237B6102239B
:103150003B61BA797B69C3F1040302FA03F3FB60B4
:103160007A793B69C3F104030F2121FA03F3134079
:10317000FA681343FB60FB681B01FB600D4AFB7997
:10318000F968C9B213440A4683F80023FB7903F0B7
:103190001F030849FA795209D2B21046012202FAF5
:1031A00003F341F8203000BF1837BD4680BD00BF93
:1031B00000ED00E000E100E080B483B000AF786093
:1031C00039603B6823F0604323F07F0305497A6848
:1031D00013438B60BFF34F8F00BF00BF0C37BD465A
:1031E00080BC704700ED00E080B489B000AFF860AB
:1031F000B9607A603B600023BB6100237B61BB68E0
:1032000003F00F03BB61BB6803F01003002B14D065
:103210007B68042B0DD1BB6943F00303BB61FB68E2
:103220003C331A68FB683C3319463B6813430B6018
:1032300003E0BA697B681343BB610023FB8339E079
:10324000FB8B01229A403B681340002B2FD0FB6878
:103250001B687B61FB8B9B000F2202FA03F3DB43AD
:103260007A6913407B61FB8B9B00BA6902FA03F316
:103270007A6913437B61BB68282B09D1FB8B012240
:103280009A40FB68143319463B6813400B600BE00F
:10329000BB68482B08D1FB8B01229A40FB68103396
:1032A00019463B6813400B60FB687A691A60FB8B18
:1032B0000133FB83FB8B072BC2D90823FB833EE042
:1032C000FB8B01229A403B681340002B34D0FB68F3
:1032D00004331B687B61FB8B083B9B000F2202FAC7
:1032E00003F3DB437A6913407B61FB8B083B9B0054
:1032F000BA6902FA03F37A6913437B61BB68282B2E
:1033000009D1FB8B01229A40FB68143319463B68B4
:1033100013400B600BE0BB68482B08D1FB8B0122EC
:103320009A40FB68103319463B6813400B60FB68FA
:1033300004331A467B691360FB8B0133FB83FB8BE1
:103340000F2BBDD900BF00BF2437BD4680BC7047DE
:1033500080B483B000AF786039607B6810331A4660
:103360003B68136000BF0C37BD4680BC704780B41B
:1033700083B000AF786039607B6814331A463B68CD
:10338000136000BF0C37BD4680BC704780B483B06B
:1033900000AF786039607B6808331A683B68134077
:1033A000002B01D0012300E0002318460C37BD4656
:1033B00080BC704780B487B000AF78600B46FB706C
:1033C00000233B610023FB6000237B610023BB6083
:1033D0007B68002B03DA2E4B1B687B6102E02D4BD0
:1033E0001B687B617B681B0C03F00F03BB607B6871
:1033F0009BB23B617B6803F44013B3F5401F0AD1D5
:103400007B6923F0E0637B61224B1B68214A23F038
:10341000E063136021E07B6803F48013002B0ED07F
:103420000322BB6802FA03F3FB60FB68DB437A69A3
:1034300013407B617B6943F0E0637B610DE07B6857
:103440005B0D1B013A6902FA03F3DB437A6913400F
:103450007B617B6943F0E0637B61FB78002B08D0E4
:103460007B685B0D1B013A6902FA03F37A69134327
:103470007B617B68002B03DA054A7B69136002E0FD
:10348000044A7B69136000BF1C37BD4680BC70478F
:103490001C0001400400014080B582B000AF78609C
:1034A0007B68294A93421CD07B68274A934245D8BF
:1034B0007B68264A934238D07B68244A93423DD8A1
:1034C0007B68234A934227D07B68214A934235D8B0
:1034D0007B68204A93420DD07B681F4A934212D0EA
:1034E0002CE040F20E3000F0E7F940F20E3000F030
:1034F00005FA24E040F2114000F0DEF940F21140FC
:1035000000F0FCF91BE040F2124000F0D5F940F267
:10351000124000F0F3F912E040F2134000F0CCF951
:1035200040F2134000F0EAF909E040F2144000F0E4
:10353000C3F940F2144000F0E1F900E000BF00BF21
:103540000837BD4680BD00BF003801400050004034
:10355000004C0040004400400048004080B586B068
:1035600000AF7860396000237B6100233B6100235A
:10357000FB600023BB607B682B4A93421CD07B68B6
:10358000294A934231D87B68284A934228D07B68E5
:10359000264A934229D87B68254A93421BD07B68F0
:1035A000234A934221D87B68224A934209D07B6800
:1035B000214A93420AD018E0032000F0C3F9786151
:1035C00014E0022000F0BEF978610FE0022000F064
:1035D000B9F978610AE0022000F0B4F9786105E0F9
:1035E000022000F0AFF9786100E000BF3B685A08A4
:1035F0007B691A443B68B2FBF3F3BB60BA684FF6D1
:10360000F07313403B61BB6803F00F03FB603A6942
:10361000FB6842EA03017B6808331A468BB21360E9
:1036200000BF1837BD4680BD003801400050004043
:10363000004C0040004400400048004080B483B08B
:1036400000AF78607B680C331B687A680C3243F4F7
:103650000053136000BF0C37BD4680BC704780B478
:1036600085B000AF786039600023FB607B680C3365
:103670001B68FB60FB6823F00803FB60FA683B688B
:103680001343FB607B680C331A46FB68136000BF72
:103690001437BD4680BC704780B485B000AF7860F9
:1036A00039600023FB607B680C331B68FB60FB68A0
:1036B00023F00403FB60FA683B681343FB607B68FC
:1036C0000C331A46FB68136000BF1437BD4680BC3C
:1036D000704780B483B000AF786039607B68043392
:1036E0001A463B68C3F30803136000BF0C37BD469E
:1036F00080BC704780B483B000AF78607B680433CF
:103700001B689BB2C3F308039BB218460C37BD4637
:1037100080BC704780B483B000AF78600B467B807C
:103720007B889B099BB21A467B6813441A687B8886
:1037300003F01F0322FA03F303F00103002B01D06F
:10374000012300E0002318460C37BD4680BC7047BB
:1037500080B483B000AF78600B467B807B889B0988
:103760009BB21A467B6813441A687B8803F01F03D8
:10377000012101FA03F37988890989B20846796839
:10378000014413430B6000BF0C37BD4680BC70473B
:1037900080B483B000AF78600B467B807B889B0948
:1037A0009BB21A467B6813441A687B8803F01F0398
:1037B000012101FA03F3DB437988890989B20846BC
:1037C0007968014413400B6000BF0C37BD4680BCD4
:1037D000704780B485B000AF786039600023FB602B
:1037E0000023BB603B689B09C3F309027B68134459
:1037F0001A683B6803F01F03012101FA03F3134029
:10380000FB603B689A0D7B6813441A683B681B0C8D
:1038100003F01F03012101FA03F31340BB60BB68EF
:10382000002B04D0FB68002B01D0012300E0002313
:1038300018461437BD4680BC704780B483B000AFD3
:10384000786039603B689A0D7B6813441A683B685E
:103850001B0C03F01F03012101FA03F3DB4339685A
:10386000880D7968014413400B6000BF0C37BD46DA
:1038700080BC704780B483B000AF0346FB80FB88F8
:103880009B099BB203F1804303F504331968FB885D
:1038900003F01F0301229A40FB889B099BB203F1AE
:1038A000804303F50433184641EA0203036000BF76
:1038B0000C37BD4680BC704780B483B000AF034670
:1038C000FB80FB889B099BB203F1804303F5043323
:1038D0001968FB8803F01F0301229A40FB889B09AB
:1038E0009BB203F1804303F50433184641EA020317
:1038F000036000BF0C37BD4680BC704780B483B006
:1039000000AF0346FB80FB889B099BB203F1804319
:1039100003F504331968FB8803F01F03012202FA40
:1039200003F3DA43FB889B099BB203F1804303F561
:103930000433184601EA0203036000BF0C37BD469A
:1039400080BC704790B498B000AF0346FB71002371
:10395000FB656E4B07F11C040FCB84E80F006C4A2B
:1039600007F1140392E8030083E80300684A07F1B3
:103970000C0392E8030083E80300664B1B689B0876
:1039800003F00303FB64FB6C022B0FD0FB6C022BD8
:1039900064D8FB6C002B03D0FB6C012B03D05DE0E3
:1039A0005D4BBB655DE05C4BBB655AE0594B1B68EA
:1039B00003F48033BB64BB6CB3F5803F19D1574B24
:1039C0001B6803F080437B647B6C002B02D1524B5D
:1039D0003B6501E0524B3B654E4B1B6803F40033E3
:1039E0003B643B6CB3F5003F05D13B6D5B083B6529
:1039F00001E04C4B3B65474B1B689B0C03F00F03EE
:103A00007B65444B1B6803F00063002B03D07B6D88
:103A100043F010037B653F4B1B6803F08043002B92
:103A200003D07B6D43F020037B657B6D0E2B03D8A9
:103A30007B6D02337B650BE07B6D0E2B06D97B6DB6
:103A40003E2B03D87B6D01337B6501E03F237B6513
:103A50003B6D7A6D02FB03F3BB6502E02E4BBB6549
:103A600000BF2C4B1B681B0903F00F03FB6307F11E
:103A70001C02FB6B13441B78BB63BA6DBB6B22FA51
:103A800003F37B63234B1B681B0A03F00703FB63F1
:103A900007F11402FB6B13441B78BB637A6BBB6B9F
:103AA00022FA03F33B631B4B1B68DB0A03F007039B
:103AB000FB6307F10C02FB6B13441B78BB637A6B4F
:103AC000BB6B22FA03F3FB62FB79032B16D801A22E
:103AD00052F823F0E53A0108EB3A0108F13A0108FF
:103AE000F73A0108BB6DFB6509E07B6BFB6506E0FF
:103AF0003B6BFB6503E0FB6AFB6500E000BFFB6D11
:103B000018466037BD4690BC704700BFF8580308A0
:103B1000085903080410024000127A002C100240D9
:103B2000006CDC0200093D0080B582B000AF1D4B87
:103B30001B681C4A43F0010313601B4B1B681A4AA5
:103B400043F08003136000237B6002E07B68013355
:103B50007B607B6844F61F629342F7D9124B1B6867
:103B6000114A23F0030313600E4B1B680D4A23F028
:103B7000847323F4803313600C4B4FF41F021A60DC
:103B8000084B1B68074A23F480231360064B00226E
:103B90001A60074B00221A6000F00CF800BF0837CB
:103BA000BD4680BD001002400410024008100240D3
:103BB0002C10024080B500AF00F002F800BF80BDBD
:103BC00080B483B000AF00237B6000233B60494B8F
:103BD0001B68484A43F4803313607B6801337B6081
:103BE000444B1B6803F400333B603B68002B04D15B
:103BF0007B684FF6FF729342EFD13E4B1B6803F494
:103C00000033002B00D1FEE73B4B1B683A4A43F0E0
:103C100080531360394B1B68384A43F440431360A8
:103C2000374B374A1B681360354B354A1B681360A6
:103C3000334B1B68324A43F480631360304B1B687C
:103C40002F4A23F4403313602D4B1B682C4A43F456
:103C5000403313602A4B1B68294A23F0904323F416
:103C600070131360264B1B68254A43F0036343F42B
:103C7000802313601F4B1B681E4A43F08073136040
:103C800000BF1C4B1B6803F00073002BF9D01B4BCB
:103C90001B681A4A43F48033136000BF194B1B683A
:103CA00003F48033002BF9D0144B1B68134A43F400
:103CB0000033136000BF134B1B6803F40033002B69
:103CC000F9D00F4B1B680E4A23F0030313600C4B13
:103CD0001B680B4A43F00203136000BF084B1B68CC
:103CE00003F00803002BF9D000BF00BF0C37BD461E
:103CF00080BC7047001002401C1002400070004061
:103D0000041002400470004080B400AF084B002251
:103D10001A60074B00225A60054B064ADA60044BD2
:103D20004FF496729A6000BFBD4680BC704700BFDA
:103D3000342B0020442B002080B483B000AF034616
:103D4000FB71154B1968144B5B680133124A92687A
:103D5000B3FBF2F000FB02F29B1A994202D14FF042
:103D6000FF3313E00C4BDA680B4B5B681344FA79B2
:103D70001A70094B5B680133074A9268B3FBF2F192
:103D800001FB02F29B1A044A5360002318460C37C9
:103D9000BD4680BC704700BF342B002080B483B088
:103DA00000AF7860104B1A680F4B5B689A4201D1E4
:103DB000002314E00C4BDA680B4B1B6813441A7891
:103DC0007B681A70084B1B680133074A9268B3FB83
:103DD000F2F101FB02F29B1A034A13600123184619
:103DE0000C37BD4680BC7047342B002080B582B0B4
:103DF00000AFFB1D1846FFF7D1FF0346002B03D091
:103E0000FB79184600F0CCFC00BF0837BD4680BDEA
:103E100080B500AF0448FFF76DFC0346DAB2034BF0
:103E20001A7000BF80BD00BF00480040702C002009
:103E300080B500AF044B1B781846FFF77DFFFFF7F6
:103E4000E7FF00BF80BD00BF702C002080B500AF31
:103E50000448FFF74FFC0346DAB2034B1A7000BF69
:103E600080BD00BF00440040702C002080B500AF32
:103E7000044B1B781846FFF75FFFFFF7E7FF00BF13
:103E800080BD00BF702C002080B500AF07490848F6
:103E9000FFF79FFC0346002B05D0FFF7C9FF05493C
:103EA0000348FFF7CAFC00BF80BD00BF0503050043
:103EB00000480040050303000FB480B59CB000AF7C
:103EC0000023FB6607F17C037B6007F108007B6839
:103ED000BA6F64211BF038FF19E007F10802FB6E8E
:103EE00013441B7819461248FFF7F3FB642011F0C6
:103EF000A7F9FB6E0133FB660E490D48FFF769FC1D
:103F00000346002B03D00C490948FFF796FCFB6ED3
:103F1000622B06DC07F10802FB6E13441B78002BB2
:103F2000DBD100BF7037BD46BDE8804004B07047AC
:103F300000440040070307000603060080B400AFFA
:103F4000BFF34F8F00BF064BDB6803F4E062044908
:103F5000044B1343CB60BFF34F8F00BFFEE700BF9E
:103F600000ED00E00400FA0580B582B000AF786093
:103F7000054B1B78002B02D0044815F015FE00BF3E
:103F80000837BD4680BD00BF222B00205C590308C6
:103F900080B582B000AF78600FF094FB034815F055
:103FA000A1FD00BF0837BD4680BD00BF6C590308A6
:103FB00080B582B000AF78600FF036FB044815F092
:103FC00091FDFFF7BBFF00BF0837BD4680BD00BFB6
:103FD0008059030880B582B000AF786018497868CE
:103FE00016F05AF80346002B03D0164815F0DCFDF6
:103FF00022E01549786816F04FF80346002B03D0ED
:10400000124B01221A7017E01149786816F044F833
:104010000346002B02D00F4B01221A700E4978681C
:1040200016F03AF80346002B06D00C4B01221A700A
:104030000B48FFF741FF00BF0837BD4680BD00BFFA
:10404000985903089C590308BC590308714600207D
:10405000C059030872460020C8590308734600205F
:10406000D059030880B582B000AF786010497868F5
:1040700016F012F80346002B08D010F06DFC0D4B23
:1040800001221A700C4B00221A700DE00B4978685F
:1040900016F002F80346002B06D0064B01221A70D8
:1040A000054B01221A7000BF0837BD4680BD00BF16
:1040B000E4590308704600206E460020E8590308C2
:1040C00080B584B000AF78601049786815F0E4FFDF
:1040D0000346002B16D007F108031A460C497868EE
:1040E00015F0CEFD0346FB60FB68012B0AD1BB68CF
:1040F000FA681946074815F0F5FCBB68DBB21846AC
:10410000FEF79CFA00BF1037BD4680BDEC5903088E
:10411000F4590308005A030880B582B000AF7860F4
:104120000649786815F0B8FF0346002B02D00BF063
:104130005BFA00BF0837BD4680BD00BF185A0308B0
:1041400080B592B000AF78607949786815F0A4FF27
:104150000346002B16D007F124031A4675497868E8
:1041600015F08EFD03467B647B6C012B0AD17B6AC4
:104170001946714815F0B6FC7B6A9BB2194642207D
:1041800008F05EF96D49786815F086FF0346002B4C
:1041900016D007F120031A466949786815F070FDBA
:1041A00003463B643B6C012B0AD13B6A19466548C8
:1041B00015F098FC3B6A9BB21946432008F040F981
:1041C0006149786815F068FF0346002B16D007F1A7
:1041D0001C031A465D49786815F052FD0346FB63DF
:1041E000FB6B012B0AD1FB691946594815F07AFC83
:1041F000FB699BB21946452008F022F955497868B9
:1042000015F04AFF0346002B16D007F118031A4693
:104210005149786815F034FD0346BB63BB6B012B35
:104220000AD1BB6919464D4815F05CFCBB699BB2CD
:104230001946442008F004F94949786815F02CFF24
:104240000346002B16D007F114031A464549786837
:1042500015F016FD03467B637B6B012B0AD17B694E
:104260001946414815F03EFC7B699BB21946462031
:1042700008F0E6F83D49786815F00EFF0346002B7C
:1042800016D007F110031A463949786815F0F8FC82
:1042900003463B633B6B012B0AD13B69194635480A
:1042A00015F020FC3B699BB21946482008F0C8F87D
:1042B0003149786815F0F0FE0346002B16D007F15F
:1042C0000C031A462D49786815F0DAFC0346FB62A8
:1042D000FB6A012B0AD1FB681946294815F002FC3C
:1042E000FB689BB21946472008F0AAF82549786870
:1042F00015F0D2FE0346002B16D007F108031A462C
:104300002149786815F0BCFC0346BB62BB6A012BEF
:104310000AD1BB6819461D4815F0E4FBBB689BB287
:104320001946492008F08CF800BF4837BD4680BDCB
:104330001C5A0308245A03082C5A0308385A030845
:10434000405A03084C5A0308585A03085C5A030899
:10435000645A0308705A0308745A03087C5A030805
:10436000885A03088C5A0308945A0308A05A030871
:10437000A45A0308AC5A0308B85A0308BC5A0308E5
:10438000C45A0308D05A0308D45A0308DC5A030855
:1043900080B582B000AF78602A49786815F07CFE5D
:1043A0000346002B11D040F205312748FFF7F0F902
:1043B00011F0D0F840F205312348FFF7C9F9234B3B
:1043C00000221A70FFF7BAFD38E02149786815F02D
:1043D00063FE0346002B09D0FDF792FD1B4B002224
:1043E0001A700FF003F9FFF7A9FD27E01949786863
:1043F00015F052FE0346002B04D00FF0BBF8FFF778
:104400009DFD1BE01449786815F046FE0346002B1D
:1044100014D040F205310C48FFF7BAF911F09AF8C0
:104420000E4800F01DF840F205310748FFF790F9FB
:10443000064B00221A70FFF781FD00BF0837BD460A
:1044400080BD00BFE85A030800480040222B00202E
:10445000EC5A0308F05A0308F85A0308005B0308F3
:1044600080B5ADF5C35D00AF07F50663A3F65C0349
:1044700018604FF0006307F5C25202F11C0213608E
:1044800007F50663A3F58A6300221A6004334FF42C
:104490007F720021184615F0D3FA002307F5C252A7
:1044A00002F118021360C7E007F5C25303F11803C5
:1044B0001A6813461B019B1A5B00664A1A4407F5EB
:1044C0000663A3F65C0319681046FDF78DF80346F2
:1044D000002B40F0A68007F50663A3F654030022E4
:1044E0001A6004334FF47F720021184615F0A8FAC1
:1044F00007F50663A3F65C0207F12003143B12687C
:104500005549184615F09CFB07F12001143907F5B1
:104510000263103B0122184603F0A4FF034607F58F
:10452000C25202F11702137007F5C25303F11703C9
:104530001B78002B17D107F5C25303F11703197825
:1045400007F5066303F57C63D3E9002393B20A46BB
:104550004249434815F0C6FA4FF000614FF601603A
:104560000DF000F901E0FF236EE007F58463143BD2
:1045700007F58461103907F5026010384FF4806246
:1045800004F0AAFA034607F5C25202F117021370AB
:1045900007F5C25303F117031B78002B15D107F55C
:1045A000C25303F117031A7807F50663A3F25443C5
:1045B0001B682A492B4815F095FA07F50663A3F204
:1045C00054431B68002B2AD001E0FE233CE007F592
:1045D0000663A3F254431B689BB2194607F5846334
:1045E000103B07F5C25202F11C02126818460DF08A
:1045F00051F80346002B10D007F50663A3F254438D
:104600001B6807F5C25202F11C021268134407F539
:10461000C25202F11C021360A7E7FD2314E000233D
:1046200012E007F5C25303F118031B68013307F5C5
:10463000C25202F11802136007F5C25303F11803C6
:104640001B683B2B7FF730AF184607F5C357BD46B5
:1046500080BD00BFC46A0020505B0308185B0308DC
:10466000205B0308385B030880B584B000AF786036
:104670000B23BB600C4815F097FA0023FB600AE09F
:104680000A4AFB6852F833301946094815F02AFAED
:10469000FB680133FB60FA68BB689A42F0DB00BF3D
:1046A00000BF1037BD4680BD9C5B03087802002028
:1046B000B05B030880B58AB000AF78600F4910483E
:1046C00015F010FA0023BB6007F10C0300221A60FA
:1046D0005A609A60DA601A615A611A8307F1080316
:1046E00018460EF0BFFF07F10803023319460548CC
:1046F00015F0F8F900BF2837BD4680BD58020020EC
:10470000B85B0308C45B030880B483B000AF786073
:1047100002E07B6801337B607B681B78202BF8D03C
:104720007B6818460C37BD4680BC704780B586B0A4
:1047300000AF78600B233B6100237B6125E0174AC3
:104740007B6952F833301846FDF7BAF80346FB6030
:10475000124A7B6952F83330FA681946786815F0C6
:1047600001FB0346002B0DD1FB687A681344184601
:10477000FFF7CAFFB860094A7B69DB0013445B6836
:10478000B86898477B6901337B617A693B699A42D3
:10479000D5DB00BF00BF1837BD4680BD78020020C2
:1047A00080B582B000AF0346FB71FB797E2B2BD81E
:1047B000FB791F2B0FD8164B1B78002B17D0144BEF
:1047C00000221A701348FFF7B1FF40220021114860
:1047D00015F036F90BE00E4B1B7819460D4AFB79A4
:1047E00053540B4B1B780133DAB2094B1A70084B48
:1047F0001B783F2B09D9064B00221A70402200215A
:10480000044815F01DF900E000BF0837BD4680BD23
:10481000B42C0020742C002080B58AB000AF034671
:104820003960FB8000237B61FB887F2B02D8FB88EB
:10483000FB8446E03B68002B04D0244B9B685B085C
:104840007B6101E000237B61204B9B685B08FB617F
:10485000FB699B08013BFB6100233B6210237B83C8
:1048600023E0FA693B6AD31A5B083A6A13443B6156
:10487000164B5A683B699B001A447B69D11807F1B3
:104880000C03042218460FF08BF8BB89FA889A4271
:104890000FD0BB89FA889A4202D93B693B6201E09A
:1048A0003B69FB617B8B013B7B837B8B002BD8D1EE
:1048B00000E000BF7B8B002B01D0FB8900E00023D0
:1048C000FB84FB8C18462837BD4680BD407E002007
:1048D00080B485B000AF0346FB800023FB6002E09C
:1048E000FB680133FB600F4AFB6832F81330002B82
:1048F00006D00C4AFB6832F81330FA889A42EFD19E
:10490000084AFB6832F81330002B04D0064AFB68D3
:1049100032F8133000E0FB8818461437BD4680BCDF
:10492000704700BF0C750308EC76030880B487B0AD
:1049300000AFF860B9607A60FB687B61BB683B617F
:1049400007E03A69531C3B617B69591C7961127815
:104950001A707B685A1E7A60002BF2D100BF00BF2C
:104960001C37BD4680BC704780B487B000AFF8608C
:10497000B9607A60FB687B6105E07B695A1C7A61EB
:10498000BA68D2B21A707B685A1E7A60002BF4D1D2
:1049900000BF00BF1C37BD4680BC704780B489B0E3
:1049A00000AFF860B9607A60FB68FB61BB68BB610F
:1049B00000237B6100BF7B685A1E7A60002B0DD0FC
:1049C000FB695A1CFA611B781946BB695A1CBA610B
:1049D0001B78CB1A7B617B69002BECD07B69184676
:1049E0002437BD4680BC704780B483B000AF786088
:1049F000396002E07B6801337B607B681B78002BA9
:104A000005D07B681B781A463B689342F2D17B68DD
:104A10001B7818460C37BD4680BC70472DE9B04363
:104A200088B002AF78600023FB727B6803F5805387
:104A30001B79002B56D07B6803F582531033D3E9E2
:104A40000023C7E904237B6803F58053587879680D
:104A500001230093D7E9042311F0D8FD0346002B6E
:104A600002D00123FB723DE07B6803F580530022F6
:104A70001A717B6803F5825353E90223D7E90401D5
:104A8000841A61EB03057B6803F58153103353E906
:104A90000223944275EB030324D27B6803F5805311
:104AA000DB78FB601BE07B6803F58153103353E92F
:104AB0000223D7E9040110EB020841EB0309C7E91F
:104AC00004897B6803F58053587879680123009343
:104AD000D7E9042311F09AFDFB68013BFB60FB68FA
:104AE000012BE0D8FB7A18461837BD46BDE8B083E5
:104AF00080B588B002AFF860C7E900230023FB75DA
:104B0000FB6803F582531033D3E90023D7E9000192
:104B1000994208BF904226D0F868FFF77FFF03460E
:104B2000FB75FB7D002B1ED1FB6803F58053587885
:104B3000F96801230093D7E9002311F045FD0346EE
:104B4000002B07D04FF0FF324FF00003C7E90023DE
:104B50000123FB75FB6803F5825310331946D7E92F
:104B60000023C1E90023FB7D18461837BD4680BDF0
:104B7000B0B586B002AF78607868FFF74FFF0346A4
:104B8000FB73FB7B002B40F0DE807B6803F58053DA
:104B90001B78032B40F0C9807B6803F580535B7959
:104BA000012B40F0C28078687B6803F580535B89F5
:104BB0001A460021FFF7D8FE7B68552283F8FE21B4
:104BC0007B68AA2283F8FF217B6852221A707B68D7
:104BD00052225A707B6861229A707B684122DA7097
:104BE0007B68722283F8E4217B68722283F8E521D6
:104BF0007B68412283F8E6217B68612283F8E72104
:104C00007B6803F5815353E90223D2B27B6883F8B2
:104C1000E8217B6803F5815353E9022393B21B0A11
:104C20009BB2DAB27B6883F8E9217B6803F5815394
:104C300053E902014FF000024FF00003020C42EA78
:104C400001420B0CD2B27B6883F8EA217B6803F542
:104C5000815353E902014FF000024FF00003020EAE
:104C600042EA01220B0ED2B27B6883F8EB217B680B
:104C700003F580531033D3E90023D2B27B6883F865
:104C8000EC217B6803F580531033D3E9002393B202
:104C90001B0A9BB2DAB27B6883F8ED217B6803F5CF
:104CA00080531033D3E900014FF000024FF00003AE
:104CB000020C42EA01420B0CD2B27B6883F8EE216F
:104CC0007B6803F580531033D3E900014FF00002F5
:104CD0004FF00003020E42EA01220B0ED2B27B68B3
:104CE00083F8EF217B6803F581531033D3E9002368
:104CF000541C43F100057B6803F582531033C3E96C
:104D000000457B6803F58053587879687B6803F524
:104D100082531033D3E900230124009411F076FC70
:104D20007B6803F5805300225A717B6803F580533A
:104D30005B7800220021184611F08AFC0346002B04
:104D400001D00123FB73FB7B18461037BD46B0BD75
:104D50002DE9B00F89B000AFF861C7E90423D7E9A6
:104D60000423911E396043F1FF337B60D7E90023B0
:104D7000C7E90423FB6903F58153D3E90023B2F1AA
:104D8000020843F1FF39D7E90423424573EB0903D5
:104D900006D34FF000034FF00004C7E902341EE0D1
:104DA000FB6903F580539B78DBB200229A46934659
:104DB0003B690BFB03F27B690AFB03F313443A697B
:104DC000A2FB0A452B441D46FB6903F582531033B1
:104DD00053E90223A118B96045EB0303FB60D7E94F
:104DE0000223104619462437BD46BDE8B00F704770
:104DF0002DE9B04FB4B000AFC7F8B400C7E92A231B
:104E0000D7E92A23022A73F100030AD3D7F8B43072
:104E100003F58153D3E90001D7E92A2382428B416C
:104E200006D34FF001024FF00003C7E93223C7E178
:104E30004FF0FF324FF00003C7E93223D7F8B43008
:104E400003F580531B78032B00F00A81032B00F33A
:104E5000A981012B03D0022B00F0AB80A2E1D7F88F
:104E6000A830C7F8C030D7F8C0305A08D7F8C030DB
:104E70001344C7F8C030D7F8B43003F5825353E970
:104E80000201D7F8B43003F580535B891A46D7F88E
:104E9000C030B3FBF2F30022C7F8A030C7F8A4205B
:104EA000D7E928894346C318C7F898304B4641EBE9
:104EB0000303C7F89C30D7E92623D7F8B400FFF7DF
:104EC00017FE0346002B40F07481D7F8C0305A1CFF
:104ED000C7F8C020D7F8B42002F580525289B3FB3E
:104EE000F2F101FB02F29B1AD7F8B420D35CC7F8A9
:104EF000BC30D7F8B43003F5825353E90223D7F816
:104F0000B41001F5805149890846D7F8C010B1FBAB
:104F1000F0F10020C7F89010C7F89400D7E9248971
:104F200041465118C7F88810494643EB0101C7F8BC
:104F30008C10D7E92223D7F8B400FFF7D9FD034638
:104F4000002B40F03881D7F8B43003F580535B89EB
:104F50001A46D7F8C030B3FBF2F101FB02F29B1AFC
:104F6000D7F8B420D35C1B021A46D7F8BC301343E1
:104F7000C7F8BC30D7E92A2302F00104002554EA1F
:104F8000050306D0D7F8BC301B0900229A46934689
:104F90000CE0D7F8BC300022C7F88030C7F8842076
:104FA000D7F88030C3F30B0A4FF0000BC7E932ABE0
:104FB00006E1D7F8B43003F5825353E90245D7F838
:104FC000B43003F580535B895B089BB29BB200222F
:104FD000BB67FA67D7E91E23D7E92A01FCF7DAF89D
:104FE00002460B4614EB020845EB030942464B46CA
:104FF000D7F8B400FFF77CFD0346002B40F0DD80BE
:10500000D7E92A23911839615B417B61D7E9040113
:10501000D7F8B43003F580535B899BB200223B671D
:105020007A67D7E91C23FCF7B5F8D7F8B4108B18CA
:10503000C7F8C430D7F8C43001331B781B021AB24A
:10504000D7F8C4301B781BB213431BB29BB29BB280
:105050000022BB60FA60D7E90234C7E93234AFE01E
:10506000D7F8B43003F5825353E90245D7F8B4308A
:1050700003F580535B899B089BB29BB20022BB6601
:10508000FA66D7E91A23D7E92A01FCF783F8024622
:105090000B46A118396645EB03037B66D7E9182355
:1050A000D7F8B400FFF724FD0346002B40F08780BB
:1050B000D7E92A234FF000004FF00001990041EAA0
:1050C00092719000D7F8B43003F580535B899BB29E
:1050D0000022BB65FA65D7E91623FCF75BF8D7F821
:1050E000B4108B18C7F8C430D7F8C43003331B781A
:1050F000DBB200223B657A65D7E914120B461B0A26
:10510000FB640B461B06BB64D7F8C43002331B7824
:10511000DBB200223B647A644FF000024FF00003E0
:10512000D7E9104529460B0420462946044643EAA0
:10513000144301460A04D7E9120104461443BC6330
:105140001943F963D7F8C43001331B781B02DA170F
:105150003B637A63D7E90E341846D7E90C120D4643
:105160002843B86223461343FB62D7F8C4301B7848
:10517000DBB200223B627A62D7E90A341846D7E9EB
:1051800008120D462843B86123461343FB61BB69EF
:1051900023F070433B6000237B60D7E90034C7E90C
:1051A00032340DE04FF001024FF00003C7E9322323
:1051B00006E000BF04E000BF02E000BF00E000BF67
:1051C000D7E9322310461946D037BD46BDE8B08F27
:1051D0002DE9B04FB0B000AFC7F8AC00C7E9282345
:1051E000D7E92823022A73F100030AD3D7F8AC3099
:1051F00003F58153D3E90001D7E9282382428B418B
:1052000003D3022387F8BF303DE2D7F8AC3003F573
:1052100080531B78032B00F04A81032B00F3288274
:10522000012B03D0022B00F0E88021E2D7F8A03058
:10523000C7F8B430D7F8B4305B08D7F8B4201344BB
:10524000C7F8B430D7F8AC3003F5825353E9020104
:10525000D7F8AC3003F580535B891A46D7F8B430E1
:10526000B3FBF2F30022C7F89830C7F89C20D7E9C7
:1052700026AB5346C318C7F890305B4641EB030397
:10528000C7F89430D7E92423D7F8AC00FFF730FCF7
:10529000034687F8BF3097F8BF30002B40F0EC8111
:1052A000D7F8B4305A1CC7F8B420D7F8AC2002F5B0
:1052B00080525289B3FBF2F101FB02F29B1AD7F83C
:1052C000AC201344C7F8B830D7E9282302F001080E
:1052D0004FF0000958EA09030ED0D7F8B8301B7810
:1052E0005BB203F00F035AB297F8E0301B015BB2D8
:1052F00013435BB2DBB201E097F8E030D7F8B82097
:105300001370D7F8AC3003F5805301221A71D7F827
:10531000AC3003F5825353E90223D7F8AC1001F502
:10532000805149890846D7F8B410B1FBF0F100204C
:10533000C7F88810C7F88C00D7E922894146511870
:10534000C7F88010494643EB0101C7F88410D7E93C
:105350002023D7F8AC00FFF7CBFB034687F8BF301C
:1053600097F8BF30002B40F08981D7F8AC3003F5B7
:1053700080535B891A46D7F8B430B3FBF2F101FBD6
:1053800002F29B1AD7F8AC201344C7F8B830D7E91B
:10539000282302F00104002554EA05030BD0D7E9C5
:1053A00038014FF000024FF00003020942EA017297
:1053B0000B09D3B217E0D7F8B8301B785BB223F0F3
:1053C0000F035CB2D7E938014FF000024FF0000341
:1053D000020A42EA01620B0A53B203F00F035BB206
:1053E00023435BB2DBB2D7F8B8201370D7F8AC30E8
:1053F00003F5805301221A7145E1D7F8AC3003F56B
:10540000825353E90245D7F8AC3003F580535B89EA
:105410005B089BB29BB20022BB67FA67D7E91E23E9
:10542000D7E92801FBF7B6FE02460B4614EB020A49
:1054300045EB030B52465B46D7F8AC00FFF758FB31
:10544000034687F8BF3097F8BF30002B40F0188133
:10545000D7E928239118B9605B41FB60D7E90201C5
:10546000D7F8AC3003F580535B899BB200223B67D1
:105470007A67D7E91C23FBF78DFED7F8AC108B18A1
:10548000C7F8B83097F8E020D7F8B8301A70B7F8F6
:10549000E0301B0A9AB2D7F8B8300133D2B21A7092
:1054A000D7F8AC3003F5805301221A71EBE0D7F83E
:1054B000AC3003F5825353E90245D7F8AC3003F51D
:1054C00080535B899B089BB29BB20022BB66FA6645
:1054D000D7E91A23D7E92801FBF75CFE02460B4601
:1054E000A118396645EB03037B66D7E91823D7F883
:1054F000AC00FFF7FDFA034687F8BF3097F8BF30DE
:10550000002B40F0BF80D7E928234FF000004FF078
:105510000001990041EA92719000D7F8AC3003F590
:1055200080535B899BB20022BB65FA65D7E91623DD
:10553000FBF730FED7F8AC108B18C7F8B830D7F8A7
:10554000B83003331B78DBB200223B657A65D7E9BC
:1055500014120B461B0AFB640B461B06BB64D7F8F0
:10556000B83002331B78DBB200223B647A644FF020
:1055700000024FF00003D7E9104529460B042046EE
:105580002946044643EA144301460A04D7E91201B6
:1055900004461443BC631943F963D7F8B8300133A8
:1055A0001B781B02DA173B637A63D7E90E3418467F
:1055B000D7E90C120D462843B86223461343FB6219
:1055C000D7F8B8301B78DBB200223B627A62D7E9A9
:1055D0000A341846D7E908120D462843B861234615
:1055E0001343FB61BB6903F070433B6100237B61A4
:1055F000D7E93823D7E90401044614433C60194332
:105600007960D7E90034C7E9383497F8E020D7F853
:10561000B8301A70B7F8E0301B0A9AB2D7F8B83031
:105620000133D2B21A70D7E938014FF000024FF0BF
:105630000003020C42EA01420B0CD7F8B810023109
:10564000D3B20B70D7E938014FF000024FF00003DE
:10565000020E42EA01220B0ED7F8B8100331D3B282
:105660000B70D7F8AC3003F5805301221A710AE0B1
:10567000022387F8BF3006E000BF04E000BF02E06D
:1056800000BF00E000BF97F8BF301846C037BD46E6
:10569000BDE8B08FB0B58AB002AFF860C7E90023AB
:1056A000D7E90023022A73F100030AD3FB6803F54C
:1056B0008153D3E90023D7E90001904271EB030342
:1056C00002D30223FB7760E00023FB774EE0D7E9AB
:1056D0000023F868FFF78CFBC7E90401D7E904232E
:1056E00013434FD0D7E90423511E0B4302D10223A9
:1056F000FB774AE0D7E90423511C0B4302D1012375
:10570000FB7742E04FF000024FF00003CDE90023A9
:10571000D7E90023F868FFF75BFD0346FB77FB7FC3
:10572000002B31D1FB6803F5815353E90223511C4F
:105730000B4317D0FB6803F5815353E90223541C34
:1057400043F10005FB6803F5815343E90245FB681B
:1057500003F580535B7943F00103DAB2FB6803F58C
:1057600080535A71D7E90423C7E90023FB6803F586
:105770008153D3E90023D7E90001904271EB030381
:10578000A5D302E000BF00E000BFFB7F1846203732
:10579000BD46B0BD2DE9B0438EB002AFF860C7E999
:1057A0000023D7E9002313431DD1FB6803F5805381
:1057B0001033D3E90023C7E90823D7E908231343AB
:1057C0000AD0FB6803F58153D3E90023D7E9080128
:1057D000904271EB030332D34FF001024FF000030C
:1057E000C7E908232BE0D7E90023F868FFF700FB9F
:1057F000C7E90401D7E90423022A73F1000304D2A4
:105800004FF001024FF00003C5E0D7E90423511C1B
:105810000B4302D1D7E90423BDE0FB6803F58153B4
:10582000D3E90023D7E90401904271EB030302D2CC
:10583000D7E90423AFE0D7E90023C7E90823D7E974
:105840000823C7E90A23D7E90A2312F1010843F123
:105850000009C7E90A89FB6803F58153D3E90023EE
:10586000D7E90A01904271EB030312D34FF0020211
:105870004FF00003C7E90A23D7E90A23D7E9080153
:10588000904271EB030304D24FF000024FF000038B
:1058900081E0D7E90A23F868FFF7AAFAC7E904010B
:1058A000D7E90423134319D0D7E90423511C0B4330
:1058B00004D0D7E90423511E0B4302D1D7E90423B6
:1058C00069E0D7E90A01D7E90823994208BF904265
:1058D000B9D14FF000024FF000035CE000BF6FF061
:1058E00070424FF00003CDE90023D7E90A23F8689E
:1058F000FFF76EFC0346FB77FB7F002B0ED1D7E949
:10590000002313430AD0D7E90A23CDE90023D7E9BE
:105910000023F868FFF75CFC0346FB77FB7F002B56
:1059200029D1FB6803F5805310331946D7E90A23C0
:10593000C1E90023FB6803F5815353E90223511C9D
:105940000B4326D0FB6803F5815353E90223541E11
:1059500043F1FF35FB6803F5815343E90245FB68DA
:1059600003F580535B7943F00103DAB2FB6803F57A
:1059700080535A710DE0FB7F012B04D14FF0FF32B1
:105980004FF0000303E04FF001024FF00003C7E9BE
:105990000A23D7E90A23104619463037BD46BDE829
:1059A000B0832DE9B04F8CB000AF7861C7E9022316
:1059B0007B6903F58053DB6B08337B627B6903F5FE
:1059C00080531B6803F580535B899BB200223B60C8
:1059D0007A60D7E90023D7E90201FBF7DBFB024637
:1059E0000B46104619467B6903F580531B6803F587
:1059F00080539B78DBB200229A46934652465B4620
:105A0000FBF7C8FB02460B46C7E90A237B6A03F192
:105A100008027A62D3E90023C7E90623D7E90623FF
:105A2000134304D14FF000044FF000051EE0D7E906
:105A30000A01D7E90623904271EB03030DD3D7E99E
:105A40000A01D7E90623B0EB020861EB0309C7E9B5
:105A50000A897B6A08337B62D8E700BF7B6AD3E997
:105A60000001D7E90A23841841EB030522462B469F
:105A7000104619463037BD46BDE8B08F2DE9B0431A
:105A800088B000AF786039603B689AB27B6803F5F4
:105A90008053DA807B6803F58053103353E9022387
:105AA000C7E90623D7E90623511E0B430DD07B68B7
:105AB00003F580531B6803F58153D3E90023D7E92D
:105AC0000601904271EB030301D30223C8E0D7E93A
:105AD0000623134312D17B6803F580531B6803F53B
:105AE00080531B78032B09D17B6803F580531B6817
:105AF00003F58253D3E90023C7E90623D7E9062338
:105B0000134317D17B6803F580531B6803F580535B
:105B10001B891A463B68934201D30223A0E07B68AD
:105B200003F580531B6803F58253D3E90023C7E9CB
:105B300004234FE07B6803F580531B6803F5805313
:105B40005B895B099BB21A467B6803F580531B682F
:105B500003F580539B7802FB03F3FB602BE07B682B
:105B600003F580531968D7E906230846FFF740F983
:105B7000C7E90601D7E90623511C0B4301D10123D4
:105B80006EE0D7E90623022A73F100030DD37B6888
:105B900003F580531B6803F58153D3E90023D7E94C
:105BA0000601904271EB030301D3022358E03A68E7
:105BB000FB68D31A3B603A68FB689A42CFD27B6895
:105BC00003F580531968D7E906230846FFF7C0F8A4
:105BD000C7E904017B6803F5805310331946D7E900
:105BE0000623C1E90023D7E90423134301D102238B
:105BF00036E07B6803F580531B6803F580535B89AF
:105C00005B099BB21A463B68B3FBF2F300221C46C9
:105C10001546D7E9042314EB020845EB03097B681A
:105C200003F5815343E902897B6803F580531B68C0
:105C300018467B6803F580531B6803F580535B8926
:105C40005B099BB21A463B68B3FBF2F101FB02F21F
:105C50009B1A5B0103447A6802F5805213620023A9
:105C600018462037BD46BDE8B0832DE9F04F89B016
:105C700000AFF860B960FB6803F58053DB8801333F
:105C80003B613B699BB2002B06D0FB6803F5815357
:105C900053E90223134301D1042361E1FB6803F5B7
:105CA00080531B6803F580535B895B099BB21A46DE
:105CB0003B69B3FBF2F101FB02F29B1A002B40F0AF
:105CC0002D81FB6803F5815353E90223511C396090
:105CD00043F100037B60FB6803F58153D7E90012B1
:105CE00043E90212FB6803F580531033D3E9002324
:105CF00013430DD1FB6803F580531B6803F58053F4
:105D00001B891A463B699342C0F00881042327E1AE
:105D1000FB6803F580531B6803F580535B895B09BF
:105D20009BB21A463B69B3FBF2F3FA6802F5805264
:105D3000126802F580529278013A1340002B40F02D
:105D4000ED80FB6803F580531968FB6803F5805309
:105D50001033D3E900230846FFF74AF8C7E90601E4
:105D6000D7E90623022A73F1000301D20223F7E0E8
:105D7000D7E90623511C0B4301D10123F0E0FB6856
:105D800003F580531B6803F58153D3E90023D7E95A
:105D90000601904271EB0303C0F0A780BB68002BA3
:105DA00001D10423DCE0FB6803F580531968FB682C
:105DB00003F580531033D3E900230846FFF7EAFCCC
:105DC000C7E90601D7E90623134301D10723C7E03A
:105DD000D7E90623511E0B4301D10223C0E0D7E9C6
:105DE0000623511C0B4301D10123B9E0FB6803F5E5
:105DF00080531B681846FEF711FE0346002B01D0A6
:105E00000123ADE0FB6803F580531B681846FB686F
:105E100003F580531B6803F580535B891A46002104
:105E2000FEF7A2FDFB6803F580531968FB6803F5D4
:105E300080531E68D7E906230846FEF789FF06F55A
:105E400082531033C3E9000100237B6128E0FB6823
:105E500003F580531B6803F5805301221A71FB6818
:105E600003F580531B681846FEF7D8FD0346002B48
:105E700001D0012374E0FB6803F58053196801F534
:105E800082531033D3E9002312F1010A43F1000BCE
:105E900001F582531033C3E900AB7B6901337B61A9
:105EA000FB6803F580531B6803F580539B781A4603
:105EB0007B699342CBD3FB6803F580531B6803F5E2
:105EC00082531033D3E90023796900200C4605463C
:105ED000F96801F580510968B2EB040863EB050924
:105EE00001F582531033C3E90089FB6803F5805341
:105EF00010331946D7E90623C1E90023FB6803F5EF
:105F000080531968D7E906230846FEF721FF0246A9
:105F10000B46F96801F5815141E902233B699AB2C8
:105F2000FB6803F58053DA80FB6803F580531B6838
:105F30001846FB6803F580531B6803F580535B89A3
:105F40005B099BB21A463B69B3FBF2F101FB02F21B
:105F50009B1A5B010344FA6802F580521362002326
:105F600018462437BD46BDE8F08F80B584B000AF39
:105F70007860396000217868FFF780FD0346FB7385
:105F8000FB7B002B35D10023BB607B6803F580537E
:105F900019687B6803F5815353E902230846FEF72D
:105FA000A7FD0346FB73FB7B002B21D17B6803F528
:105FB00080531B6A1B78E52B06D07B6803F5805362
:105FC0001B6A1B78002B07D1BB680133BB60BA6822
:105FD0003B689A4202D10CE00023BB600121786843
:105FE000FFF743FE0346FB73FB7B002BCDD000E0A5
:105FF00000BFFB7B042B01D10723FB73FB7B1846FF
:106000001037BD4680BD2DE9B00F85B000AF786078
:10601000396039681B310978090208B239681A31C8
:10602000097809B2014309B289B289B200208A46CF
:106030008346C7E902AB796801F5805109780329E5
:1060400019D1396815310978090208B23968143153
:10605000097809B2014309B289B289B200200C461D
:106060000546230C2204D7E9020140EA020841EA6E
:106070000309C7E90289D7E90223104619461437F4
:10608000BD46BDE8B00F704780B485B000AFF86082
:10609000C7E90023FB681A333A781A703B881B0A59
:1060A0009AB2FB681B33D2B21A70D7E900014FF0E5
:1060B00000024FF00003020C42EA01420B0CF968A7
:1060C0001431D3B20B70D7E900014FF000024FF04A
:1060D0000003020C42EA01420B0C93B21B0A9AB273
:1060E000FB681533D2B21A7000BF1437BD4680BCAE
:1060F0007047000080B586B000AF786039603B68BB
:106100001B7823F040035A1E13465B0013449B0088
:1061100013447B6100233B610123FB812B4A3B69D4
:1061200013441B7801333A6813441B781B021AB2DC
:1061300026493B690B441B7819463B680B441B7886
:106140001BB213431BB2BB81FB89002B19D0BB8947
:106150001846FEF7BDFB0346FB817B69FE2B0ED87C
:106160007B695A1C7A615B007A6813441B88184665
:10617000FEF7AEFB03461A46FB89934208D0002384
:106180001FE0BB894FF6FF72934201D0002318E055
:106190003B6901333B613B690C2BBFD93B681B78E2
:1061A00003F04003002B0BD0FB89002B08D07B6948
:1061B0005B007A6813441B88002B01D0002300E0A9
:1061C000012318461837BD4680BD00BFFC74030884
:1061D00080B487B000AF786039603B681B7803F00B
:1061E0003F035A1E13465B0013449B0013447B611C
:1061F00000233B610123FB81264A3B6913441B7842
:1062000001333A6813441B781B021AB221493B69D7
:106210000B441B7819463B680B441B781BB2134395
:106220001BB2BB81FB89002B0FD07B69FE2B01D9F0
:10623000002329E0BB89FB817B695A1C7A615B00E2
:106240007A681344FA891A8006E0BB894FF6FF7218
:10625000934201D0002317E03B6901333B613B6966
:106260000C2BC9D93B681B7803F04003002B0AD0E4
:106270007B69FE2B01D9002306E07B695B007A680D
:10628000134400221A80012318461C37BD4680BCE7
:10629000704700BFFC74030880B489B000AFF86099
:1062A000B96011461A460B46FB711346BB71BB68B9
:1062B0000D33BA791A70BB680B330F221A70BB68A2
:1062C0000C3300221A70BB681A3300221A70BB68A4
:1062D0001B3300221A70FB795A1E13465B001344CD
:1062E0009B001344FB610023FB820023BB61FB8AFC
:1062F0004FF6FF72934207D0FB695A1CFA615B00AC
:10630000FA6813441B88FB821C4ABB6913441B7840
:106310001A46BB681344FA8AD2B21A70FB8A1B0A67
:1063200099B2164ABB6913441B780133BA68134407
:10633000CAB21A70FB8A002B02D14FF6FF73FB82A0
:10634000BB690133BB61BB690C2BD0D9FB8A4FF60B
:10635000FF72934206D0FB695B00FA6813441B8806
:10636000002B03D1FB7943F04003FB71BB68FA7942
:106370001A7000BF2437BD4680BC7047FC74030808
:106380002DE9B04F94B000AFF862B9627A623B6217
:106390000B22B96AF86AFEF7C9FA3B6A052B50D995
:1063A0003B6A00223B617A61D7E90423C7E90E23E7
:1063B00041E07B6A9A1C7A621B88A7F8423000236E
:1063C000BB6435E0D7E90E239118B9605B41FB60EF
:1063D000D7E90223B7F842100020B961F861B96922
:1063E00001F001084FF0000912EB0801396043EB9E
:1063F00009037B60D7E90023C7E90E23B7F84230D1
:106400005B08A7F84230D7E90E2302F4803A4FF038
:10641000000B5AEA0B0308D0D7E90E2382F4883424
:1064200084F021041D46C7E90E45BB6C0133BB64F3
:10643000BB6C0F2BC6D97B6A1B88002BB9D1BB6BF9
:106440003B620723BB643B6ADBB203F00F03DBB2A2
:10645000303387F84F3097F84F30392B04D997F8FD
:106460004F30073387F84F30BB6C5A1EBA64303355
:1064700007F12002134497F84F2003F8202C3B6AC1
:106480001B093B623B6A002BDDD107F13002BB6C7C
:1064900013447E221A7000237B6416E0FA6A7B6C38
:1064A00013441B78802B0DD9FA6A7B6C13441B783C
:1064B000FF2B07D0BB6C013B7A6C9A4210D07B6CEF
:1064C00001337B647B6C01337B647A6CBB6C9A42D6
:1064D00007D2FA6A7B6C13441B78202BDED100E0D4
:1064E00000BFBB6C072B09D8BB6C5A1CBA64303395
:1064F00007F12002134413F8201C00E020217B6CDC
:106500005A1C7A64FA6A13440A461A707B6C072B89
:10651000E7D900BF00BF5037BD46BDE8B08F80B49B
:1065200085B000AF78600023FB730B23BB60FB7B5F
:10653000DAB25208DB011343DAB27B68591C796086
:106540001B781344FB73BB68013BBB60BB68002B2B
:10655000EDD1FB7B18461437BD4680BC704780B533
:1065600086B000AF786000217868FFF787FA0346AD
:10657000FB75FB7D002B01D0FB7DB8E0FF233B7555
:106580003B7D7B757B6803F580534FF6FF729A85E0
:106590007B6803F5805319687B6803F5815353E9E1
:1065A00002230846FEF7A4FA0346FB75FB7D002B89
:1065B00040F097807B6803F580531B6A3B613B6921
:1065C0001B78BB75BB7D002B02D10423FB758DE0CE
:1065D0003B690B331B7803F03F03FB73BB7DE52B5B
:1065E00007D0FB7B03F00803002B0BD0FB7B0F2BAA
:1065F00008D0FF237B757B6803F580534FF6FF724D
:106600009A8563E0FB7B0F2B37D17B6803F58053C2
:106610009B6A002B5AD0BB7D03F04003002B10D0A7
:106620003B695B7B3B75BB7D23F04003BB75BB7D4A
:106630007B757B6803F58053DA887B6803F58053AC
:106640009A85BA7D7B7D9A4214D13B690D331B78C4
:106650003A7D9A420ED17B6803F580539B6A396973
:106660001846FFF747FD0346002B03D07B7D013B17
:10667000DBB200E0FF237B7528E07B7D002B07D198
:106680003869FFF74CFF03461A463B7D93422AD0F8
:106690007B6803F580535B6A0B331B7803F00103BF
:1066A000002B0BD17B6803F580535B6A0B221946E4
:1066B0003869FEF773F90346002B16D0FF237B756C
:1066C0007B6803F580534FF6FF729A850021786846
:1066D000FFF7CBFA0346FB75FB7D002B3FF458AF69
:1066E00004E000BF02E000BF00E000BFFB7D1846F1
:1066F0001837BD4680BD80B586B000AF7860396080
:10670000FF237B75FF233B750423FB758AE07B68C1
:1067100003F5805319687B6803F5815353E902231D
:106720000846FEF7E5F90346FB75FB7D002B40F0BC
:1067300082807B6803F580531B6A3B613B691B7851
:10674000BB75BB7D002B02D10423FB7578E03B6950
:106750000B331B7803F03F03FB73BB7DE52B0ED09F
:10676000BB7D2E2B0BD0FB7B23F02003082B0CBF13
:1067700001230023DBB21A463B68934202D0FF2379
:106780007B7546E0FB7B0F2B31D1BB7D03F04003D3
:10679000002B10D03B695B7B3B75BB7D23F0400336
:1067A000BB75BB7D7B757B6803F58053DA887B689E
:1067B00003F580539A85BA7D7B7D9A4214D13B695B
:1067C0000D331B783A7D9A420ED17B6803F58053D6
:1067D0009B6A39691846FFF7FBFC0346002B03D080
:1067E0007B7D013BDBB200E0FF237B7511E07B7D0D
:1067F000002B07D13869FFF792FE03461A463B7D0E
:1068000093421AD07B6803F580534FF6FF729A8546
:1068100013E000217868FFF728FA0346FB75FB7D3B
:10682000002B0CD17B6803F5815353E902231343FA
:106830007FF46DAF04E000BF02E000BF00E000BFE6
:10684000FB7D002B09D07B6803F5815319464FF07F
:1068500000024FF0000341E90223FB7D1846183780
:10686000BD4680BD80B58CB000AF78607B6803F515
:1068700080535B6A3B627B6803F580539B6AFB61D4
:1068800007F10C030C22396A1846FEF74FF8FB7D1E
:1068900003F00103002B3BD03B6A0B3300221A703C
:1068A0007B6803F580531A46002393620123BB6281
:1068B00013E007F10C01BB6AFA69386AFFF760FD63
:1068C0007868FFF74CFE034687F82F3097F82F3093
:1068D000002B06D1BB6A0133BB62BB6A632BE8D9CC
:1068E00000E000BFBB6A642B01D10723D8E097F812
:1068F0002F30042B02D097F82F30D1E03B6A0B33B6
:10690000FA7D1A707B6803F580531A46FB6993621F
:10691000FB7D03F00203002B14D00023BB6202E0D6
:10692000BB6A0133BB62BB6A5B00FA6913441B8814
:10693000002BF5D1BB6A19335B4AA2FB03239B08EA
:106940007B6201E001237B62796A7868FFF70DFBC7
:10695000034687F82F3097F82F30002B5BD17B6AE6
:10696000013B7B627B6A002B55D07B6803F580532B
:10697000DB881A467B6AD31A19467868FFF77EF8D7
:10698000034687F82F3097F82F30002B43D17B68D0
:1069900003F580535B6A1846FFF7C1FD0346FB769B
:1069A0007B6803F5805319687B6803F5815353E9CD
:1069B00002230846FEF79CF8034687F82F3097F825
:1069C0002F30002B26D17B6803F58053986A7B68B3
:1069D00003F58053196A7B6ADAB2FB7EFFF75CFC31
:1069E0007B6803F580531B6803F5805301221A71FD
:1069F00000217868FFF739F9034687F82F3097F8B8
:106A00002F30002B07D17B6A013B7B627B6A002B16
:106A1000C6D100E000BF97F82F30002B3ED17B6835
:106A200003F5805319687B6803F5815353E902230A
:106A30000846FEF75DF8034687F82F3097F82F30A9
:106A4000002B2BD17B6803F580531B6A2022002189
:106A50001846FDF789FF7B6803F58053186A7B6849
:106A600003F580535B6A0B221946FDF75FFF7B68D5
:106A700003F580535B6A0B331A787B6803F5805308
:106A80001B6A0C3302F01802D2B21A707B6803F54D
:106A900080531B6803F5805301221A7197F82F3039
:106AA00018463037BD4680BD4FECC44E2DE9B04F7F
:106AB00092B000AFF862B962BB6A0D333B64FB6A07
:106AC00003F5815353E90223134300F0AF80FB6ABF
:106AD00003F580531B6A7B6300237B643BE07A6C85
:106AE000531C7B647B6B13441B7887F83F3097F80B
:106AF0003F30202B00D12EE097F83F30052B02D1FC
:106B0000E52387F83F307B6C092B04D13A6C531C8A
:106B10003B642E23137097F83F30402B15D997F81C
:106B20003F305A2B11D87B6B0C331B781A467B6C89
:106B3000082B01D9102300E008231340002B04D0B8
:106B400097F83F30203387F83F303A6C531C3B6452
:106B500097F83F3013707B6C0A2BC0D97B6BDB7AC4
:106B6000BA6A13737B6B1F331B78DBB20022BB61E5
:106B7000FA61D7E9062311464FEA112B13464FEA73
:106B8000036A7B6B1E331B78DBB200223B627A62A6
:106B90004FF000024FF00003796A0B04D7E90801B7
:106BA000844643EA1C4301460A044AEA02084BEAC7
:106BB00003097B6B1D331B781B02DA173B617A617B
:106BC000D7E90423114648EA010449EA03057B6B2F
:106BD0001C331B78DBB20022BB60FA60D7E90223CA
:106BE0001146214339602B437B60BB6AD7E9001211
:106BF000C3E900127B6B19331B781B021AB27B6B43
:106C000018331B781BB213431BB29AB2BB6A1A81AA
:106C10007B6B17331B781B021AB27B6B16331B7806
:106C20001BB213431BB29AB2BB6A5A813B6C00225F
:106C30001A70BB6ADB69002B55D000237B64BB6AEA
:106C4000DB693B64FB6A03F5815353E90223134379
:106C500044D0BB6A1B6A002B40D0FB6A03F580530B
:106C60009B8D4FF6FF72934238D0FB6A03F5805339
:106C70009B6ABB632AE07B8E00211846FDF7CCFDA2
:106C800003467B867B8E002B02D100237B6425E0AC
:106C90007B8EFF2B09D97B8E1B0A99B27B6C5A1C09
:106CA0007A643A6C1344CAB21A70BB6A1B6A013B1D
:106CB0007A6C9A4202D300237B640FE07B6C5A1CEF
:106CC0007A643A6C13447A8ED2B21A70BB6B9A1CF7
:106CD000BA631B887B867B8E002BCCD13A6C7B6C95
:106CE000134400221A7000BF4837BD46BDE8B08F7C
:106CF00080B58AB000AF786039603B681B683B6143
:106D000002E03B6901333B613B691B782F2BF8D0D4
:106D10003B691B785C2BF4D07B6803F580539B6A3E
:106D2000FB6000237B617B69BB61BB695A1CBA6154
:106D30003A6913441B78BB84BB8C1F2B59D9BB8C7D
:106D40002F2B56D0BB8C5C2B53D07B69FE2B01D9EB
:106D50000623CAE1BB8CDBB2BB84BB8CDBB2802BCD
:106D600025D9BB8CDBB2FF2B21D0BB695A1CBA6181
:106D70003A6913441B7887F82730BB8C1B029AB200
:106D800097F827309BB21344BB8497F827303F2BEA
:106D900003D997F827307E2B09D997F92730002B94
:106DA00003DA97F82730FF2B01D106239DE1BB8C36
:106DB00001211846FDF730FD0346BB84BB8C002B38
:106DC00001D1062391E1BB8C7F2B09D8BB8C1946DE
:106DD0009C48FDF709FE0346002B01D0062384E101
:106DE0007B695A1C7A615B00FA681344BA8C1A807A
:106DF0009BE73A69BB691A443B681A60BB8C1F2B3E
:106E000001D8042300E0002387F8263011E07B69D5
:106E100003F10043013B5B00FA6813441B88BB8409
:106E2000BB8C202B02D0BB8C2E2B06D17B69013B67
:106E30007B617B69002BEAD100E000BF7B69002BFE
:106E400001D1062351E17B695B00FA6813440022FB
:106E50001A807B6803F580535B6A0B222021184659
:106E6000FDF782FD0023BB6102E0BB690133BB611A
:106E7000BB695B00FA6813441B88202BF5D0BB6903
:106E80005B00FA6813441B882E2BEED0BB69002BE5
:106E900009D097F8263043F0030387F8263002E044
:106EA0007B69013B7B617B69002B09D07B6903F126
:106EB0000043013B5B00FA6813441B882E2BEFD183
:106EC00000233B62002387F827300823FB61BB695E
:106ED0005A1CBA615B00FA6813441B88BB84BB8CE4
:106EE000002B00F0AD80BB8C202B06D0BB8C2E2B52
:106EF0000AD1BA697B699A4206D097F8263043F0E6
:106F0000030387F826309AE03A6AFB699A4203D273
:106F1000BA697B699A4224D1FB690B2B06D197F899
:106F2000263043F0030387F8263090E0BA697B6986
:106F30009A4205D097F8263043F0030387F82630AD
:106F4000BA697B699A4200F281807B69BB61082340
:106F50003B620B23FB6197F827309B0087F82730B3
:106F60006DE0BB8C7F2B10D9BB8C1846FDF7B0FCB5
:106F7000034600211846FDF74FFC0346BB8497F8F3
:106F8000263043F0020387F82630BB8CFF2B1BD939
:106F9000FB69013B3A6A9A4208D397F8263043F0DE
:106FA000030387F82630FB693B6248E0BB8C1B0A71
:106FB00098B27B6803F580535A6A3B6A591C396260
:106FC0001344C2B21A702FE0BB8C002B07D0BB8CCD
:106FD00019461D48FDF708FD0346002B08D05F2326
:106FE000BB8497F8263043F0030387F826301BE074
:106FF000BB8C402B09D9BB8C5A2B06D897F827306D
:1070000043F0020387F827300EE0BB8C602B0BD9CE
:10701000BB8C7A2B08D897F8273043F0010387F808
:107020002730BB8C203BBB847B6803F580535A6AB6
:107030003B6A591C39621344BA8CD2B21A7046E7C3
:1070400000BF04E0D05B0308DC5B030800BF7B6883
:1070500003F580535B6A1B78E52B05D17B6803F54C
:1070600080535B6A05221A70FB69082B04D197F8DC
:1070700027309B0087F8273097F8273003F00C0360
:107080000C2B05D097F8273003F00303032B05D111
:1070900097F8263043F0020387F8263097F8263019
:1070A00003F00203002B17D197F8273003F00303F6
:1070B000012B05D197F8263043F0100387F82630CE
:1070C00097F8273003F00C03042B05D197F82630EE
:1070D00043F0080387F826307B6803F580535B6A2A
:1070E0000B3397F826201A70002318462837BD4620
:1070F00080BD00BF80B584B000AF786039603B6868
:107100001B782F2B03D03B681B785C2B02D13B688C
:1071100001333B607B6803F58053103319464FF011
:1071200000024FF0000341E902233B681B781F2B4C
:107130000CD800217868FEF7A1FC0346FB737B683E
:1071400003F580531A46002313624AE03B46194672
:107150007868FFF7CDFD0346FB73FB7B002B3BD12B
:107160007868FFF7FCF90346FB737B6803F58053EF
:107170005B6ADB7ABB73FB7B002B0AD0FB7B042BA7
:107180002CD1BB7B03F00403002B27D10523FB7319
:1071900024E0BB7B03F00403002B21D17B6803F5C3
:1071A00080531B6ABB60BB680B331B7803F0100372
:1071B000002B02D10523FB7313E07B6803F580539A
:1071C0001B68B9681846FEF71EFF7B6803F58053FD
:1071D000103343E90201B9E700BF02E000BF00E05D
:1071E00000BFFB7B18461037BD4680BD80B487B01A
:1071F00000AF78604FF0FF333B617B681B68002B6A
:1072000031D07B681B687B6102E07B6901337B6165
:107210007B691B781F2B03D97B691B783A2BF4D130
:107220007B691B783A2B1CD17B681B68FB60FB6871
:107230005A1CFA601B78303BBB60BB68092B0ED828
:10724000FA687B699A420AD1BB68012B07D8BB68F0
:107250003B617B6901337B617B687A691A603B69BA
:1072600002E000233B613B6918461C37BD4680BCE9
:10727000704700002DE9B04FA2B000AFC7F88400FE
:10728000C7E91E23D7F8843003F580531A4600233C
:107290001371D7F8843003F58253103319464FF039
:1072A000FF324FF00003C1E90023D7E91E23D7F8CE
:1072B0008400FDF71DFC0346002B01D00323D5E01D
:1072C000D7F8843003F5FF7301331B781B021AB221
:1072D000D7F8843093F8FE311BB213431AB2664BD1
:1072E0009A4201D00223C1E0D7F884303633033309
:1072F0001B78DBB200223B677A67D7E91C120B468A
:107300001D0A0B461C06D7F88430363302331B782F
:10731000DBB20022984691464FF000024FF0000386
:107320004FEA094343EA18434FEA084244EA020A93
:1073300045EA030BD7F88430363301331B781B0240
:10734000DA17BB66FA66D7E91A341A464AEA020225
:107350003A6623464BEA03037B66D7F8843093F8FA
:107360003630DBB20022BB65FA65D7E9183418461F
:10737000D7E916120D4628433865234613437B652B
:107380003B6D23F07F43BB640023FB643B4BD7E999
:10739000121208460344134301D1002366E0D7F8D4
:1073A0008430523303331B78DBB200223B647A64AF
:1073B000D7E910120B461B0AFB630B461B06BB6387
:1073C000D7F88430523302331B78DBB200223B63A0
:1073D0007A634FF000024FF00003D7E90C452946CD
:1073E0000B0420462946044643EA144301460A0496
:1073F000D7E90E0104461443BC621943F962D7F879
:107400008430523301331B781B02DA173B627A62F5
:10741000D7E90A341846D7E908120D462843B8615F
:1074200023461343FB61D7F8843093F85230DBB224
:1074300000223B617A61D7E906341846D7E9041285
:107440000D462843B86023461343FB60BB6823F016
:107450007F433B6000237B60084BD7E9001208465E
:107460000344134301D1002300E001231846883769
:10747000BD46BDE8B08F00BF55AAFFFFBABEABFF47
:107480002DE9B04FADF54A7D00AFC7F8B402C7F89B
:10749000B012134687F8AF32D7F8B4220023136036
:1074A000D7F8B002FFF7A2FEC7F8F802D7F8F83213
:1074B000002B02DA0B2300F048BFBF4AD7F8F8329E
:1074C00052F82330C7F8F432D7F8F432002B02D147
:1074D0000C2300F03ABFD7F8B422D7F8F432136087
:1074E000D7F8F43203F580531B78002B20D0D7F85F
:1074F000F43203F580535B7818460FF025F8034605
:1075000087F8F33297F8F33203F00103002B0FD121
:1075100097F8AF32002B08D097F8F33203F004034A
:10752000002B02D00A2300F010BF002300F00DBF93
:10753000D7F8F43203F580531A4600231370D7F8B6
:10754000F832D9B2D7F8F43203F580531A460B4615
:107550005370D7F8F43203F580535B7818460FF078
:107560000DF8034687F8F33297F8F33203F001037E
:10757000002B02D0032300F0E8BE97F8AF32002BB7
:1075800008D097F8F33203F00403002B02D00A234B
:1075900000F0DBBED7F8F43203F580535878D7F803
:1075A000F43203F580530A331A4602210FF050F8E3
:1075B0000346002B0FD1D7F8F43203F580535B89D3
:1075C000B3F5007F07D3D7F8F43203F580535B8916
:1075D000B3F5805F02D9012300F0B7BE4FF000027F
:1075E0004FF00003C7E9C623D7E9C623D7F8F40252
:1075F000FFF740FE034687F8273397F82733012B20
:1076000040F0B5800023C7F8FC3278E0D7F8F422C8
:10761000D7F8FC321B0103F5DF731344C7F8EC32D3
:10762000D7F8EC3204331B78002B55D0D7F8EC3266
:107630000B331B78DBB20022C7F88832C7F88C22E4
:10764000D7E9A2120B461B0AC7F884320B461B0669
:10765000C7F88032D7F8EC320A331B78DBB200224D
:10766000C7F89832C7F89C224FF000024FF0000391
:10767000D7F89C120B04D7E9A601844643EA1C43C1
:1076800001460A04D7E9A00184464CEA020841EA0F
:107690000309D7F8EC3209331B781B02DA17C7F855
:1076A0007832C7F87C22D7E99E23114648EA0104C4
:1076B00049EA0305D7F8EC3208331B78DBB2002225
:1076C000C7F87032C7F87422D7E99C23114644EA00
:1076D000010A45EA030B03E04FF0000A4FF0000BEC
:1076E000D7F8FC32DB00803307F52A721344703B75
:1076F000C3E900ABD7F8FC320133C7F8FC32D7F846
:10770000FC32032B82D90023C7F8FC32D7F8FC32B5
:10771000002B04D0D7F8FC32013BC7F8FC32D7F875
:10772000FC32DB00803307F52A721344703BD3E947
:107730000023C7E9C623D7E9C623134307D0D7E9F7
:10774000C623D7F8F402FFF795FD034600E00223B5
:1077500087F8273397F82733002B08D0D7F8FC3267
:107760000133C7F8FC32D7F8FC32032BD7D997F88E
:107770002733032B02D1012300F0E7BD97F827330D
:10778000002B02D00D2300F0E0BDD7F8F4321B7BB4
:107790001B021AB2D7F8F432DB7A1BB213431AB2C7
:1077A000D7F8F43203F580535B891BB29A4205D0B7
:1077B0000D2300F0CABD00BFB82C0020D7F8F4326A
:1077C000DB7D1B021AB2D7F8F4329B7D1BB2134348
:1077D0001BB29BB29BB200223B637A63D7E90C34A5
:1077E000C7E9C434D7E9C423134365D1D7F8F432C9
:1077F00093F82730DBB20022C7F86832C7F86C2252
:10780000D7E99A120B461B0AC7F864320B461B06CF
:10781000C7F86032D7F8F43293F82630DBB2002292
:10782000C7F85832C7F85C224FF000024FF000034F
:10783000D7E9964529460B0420462946044643EAE3
:10784000144301460A04D7E9980104461443C7F8D3
:1078500050421943C7F85412D7F8F43293F8253040
:107860001B02DA17C7F84832C7F84C22D7E994341C
:107870001846D7E992120D462843C7F8400223461E
:107880001343C7F84432D7F8F43293F82430DBB20C
:107890000022C7F83832C7F83C22D7E9903418469E
:1078A000D7E98E120D462843B86223461343FB6284
:1078B000D7E90A34C7E9C434D7F8F43203F5815361
:1078C00010331946D7E9C42341E90223D7F8F4322B
:1078D000197CD7F8F43203F580531A460B46D3705F
:1078E000D7F8F43203F58053DB78012B09D0D7F8B1
:1078F000F43203F58053DB78022B02D00D2300F025
:1079000024BDD7F8F43203F58053DB78DBB20022D4
:10791000C7F83032C7F83422D7F81433D7E98C458A
:10792000224602FB03F2D7F81033294601FB03F38A
:107930001A44D7F810332146A3FB0131C7F8A4122B
:10794000C7F8A032D7F8A432D318C7F8A432D7E9C1
:10795000A834C7E9C434C7E9C434D7F8F432597B32
:10796000D7F8F43203F580531A460B469370D7F8D4
:10797000F43203F580539B78002B0ED0D7F8F43205
:1079800003F580539B781A46D7F8F43203F58053F9
:107990009B78013B1340002B02D00D2300F0D5BC97
:1079A000D7F8F4329B7C1B021AB2D7F8F4325B7C16
:1079B0001BB213431BB299B2D7F8F43203F58053CC
:1079C0001A460B461381D7F8F43203F58053198910
:1079D000D7F8F43203F580535B895B099AB2B1FBA7
:1079E000F2F302FB03F3CB1A9BB2002B02D00D2360
:1079F00000F0ABBCD7F8F4321B7D1B021AB2D7F8EB
:107A0000F432DB7C1BB213431BB29BB29BB200224D
:107A10003B627A62D7E90834C7E9C234D7E9C223A6
:107A2000134365D1D7F8F43293F82330DBB2002248
:107A3000C7F82832C7F82C22D7E98A120B461B0A4E
:107A4000C7F824320B461B06C7F82032D7F8F432A9
:107A500093F82230DBB20022C7F81832C7F81C2294
:107A60004FF000024FF00003D7E9864529460B048A
:107A700020462946044643EA144301460A04D7E94E
:107A8000880104461443C7F810421943C7F814127A
:107A9000D7F8F43293F821301B02DA17C7F808320E
:107AA000C7F80C22D7E984341846D7E982120D466C
:107AB0002843C7F8000223461343C7F80432D7F817
:107AC000F43293F82030DBB20022C7F8F831C7F85F
:107AD000FC21D7E980341846D7E97E120D462843A9
:107AE000B86123461343FB61D7E90634C7E9C234C2
:107AF000D7F8F432DB7B1B021AB2D7F8F4329B7B47
:107B00001BB213431BB2A7F8EA32B7F8EA32002BD4
:107B100002D10D2300F019BCB7F8EA320022C7F8F1
:107B2000F031C7F8F421D7E9C423D7E97C452146D1
:107B30008918C7F8E811294643EB0101C7F8EC1191
:107B4000D7F8F43203F580531A89D7F8F43203F5E5
:107B500080535B895B099BB2B2FBF3F39BB29BB290
:107B60000022C7F8E031C7F8E421D7E97A45234677
:107B7000D7E9780102469B183B610B462A4642EB47
:107B800003037B61D7E90434C7E9B834D7E9C201FC
:107B9000D7E9B823904271EB030301D20D23D4E35C
:107BA000D7E9C201D7E9B823841AC7F8D84161EBF5
:107BB0000303C7F8DC31D7F8F43203F580539B7820
:107BC000DBB20022C7F8D031C7F8D421D7E974233B
:107BD000D7E97601F9F7DEFA02460B46C7E9B62384
:107BE000D7E9B623134301D10D23AEE3012387F870
:107BF0002733D7E9B62340F6F6718A4273F10003C2
:107C000002D3022387F82733D7E9B6234FF6F6715C
:107C10008A4273F1000302D3032387F82733D7E99D
:107C2000B623911CC7F8C81143F10003C7F8CC3143
:107C3000D7F8F43203F58153D7E97212C3E9001281
:107C4000D7F8F43203F5815310331946D7E9C62328
:107C5000C1E90023B7F8EA320022C7F8C031C7F8FB
:107C6000C421D7E9C623D7E9704521468918C7F84A
:107C7000B811294643EB0101C7F8BC11D7F8F4321B
:107C800003F58253D7E96E1243E90212D7E9C60120
:107C9000D7E9B8238418C7F8B04141EB0303C7F80C
:107CA000B431D7F8F43203F582531033D7E96C12AC
:107CB00043E9021297F82733032B40F08680D7F868
:107CC000F43203F580531B89002B01D00D233CE3D4
:107CD000D7F8F43293F82F30DBB20022C7F8A8317E
:107CE000C7F8AC21D7E96A120B461B0AC7F8A431C2
:107CF0000B461B06C7F8A031D7F8F43293F82E30A4
:107D0000DBB20022C7F89831C7F89C214FF000027F
:107D10004FF00003D7E9664529460B042046294663
:107D2000044643EA144301460A04D7E968010446BD
:107D30001443C7F890411943C7F89411D7F8F432A7
:107D400093F82D301B02DA17C7F88831C7F88C2159
:107D5000D7E964341846D7E962120D462843C7F8BC
:107D6000800123461343C7F88431D7F8F43293F8DF
:107D70002C30DBB20022C7F87831C7F87C21D7E974
:107D800060341846D7E95E120D462843C7F87001E3
:107D900023461343C7F87431D7F8F43203F58253FE
:107DA000D7E95C12C3E90012D7F8F43203F5815326
:107DB000D3E900234FF000004FF00001990041EAA1
:107DC00092719000C7E9C0016FE0D7F8F43203F573
:107DD00080531B89002B01D10D23B6E2D7F8F43272
:107DE00003F5825353E90201D7E9C4238418C7F885
:107DF000684141EB0303C7F86C31D7F8F43203F55F
:107E00008253D7E95A12C3E9001297F82733022B9D
:107E10000ED1D7F8F43203F58153D3E9002391183A
:107E2000B9605B41FB60D7E90234C7E9A43438E0AC
:107E3000D7F8F43203F58153D3E9000102460B462B
:107E400094183C605B417B60D7E900231418C7F8A5
:107E500060414B41C7F864314FF000004FF0000122
:107E6000D7E95845234658082A4640EAC2702B46AF
:107E70005908D7F8F43203F58153D3E9002302F00F
:107E80000103C7F858310023C7F85C31D7E95645DC
:107E90002346C318C7F890322B4641EB0303C7F8BB
:107EA0009432D7E9A434C7E9C034D7F8F43203F5E3
:107EB0008153103353E90245D7F8F43203F5805368
:107EC0005B89013BDA17C7F85031C7F85421D7E96D
:107ED000C023D7E9548941468918C7F84811494653
:107EE00043EB0101C7F84C11D7F8F43203F5805386
:107EF0005B899BB20022C7F84031C7F84421D7E91B
:107F00005023D7E95201F9F745F902460B4694424E
:107F100075EB030301D20D2317E2D7F8F43203F512
:107F2000815319464FF0FF324FF0000341E902231D
:107F3000D7F8F43203F5815353E90201D7F8F4324C
:107F400003F580531033C3E90001D7F8F43203F589
:107F500080531A468023537197F82733032B40F040
:107F6000DE81D7F8F43293F831301B021AB2D7F819
:107F7000F43293F830301BB213431BB2012B40F0A4
:107F8000CE81D7E9C623511CC7F8381143F100034D
:107F9000C7F83C31D7E94E23D7F8F402FCF7A8FD27
:107FA0000346002B40F0BB81D7F8F43203F5805331
:107FB0001A4600235371D7F8F43293F8FF311B02AD
:107FC0001AB2D7F8F43293F8FE311BB213431AB247
:107FD0006C4B9A4240F0A381D7F8F432DB78DBB2E5
:107FE0000022C7F83031C7F83421D7E94C120B46CC
:107FF0001B0AC7F82C310B461B06C7F82831D7F8E7
:10800000F4329B78DBB20022C7F82031C7F8242174
:108010004FF000024FF00003D7E9484529460B0412
:1080200020462946044643EA144301460A04D7E998
:108030004A0104461443C7F818411943C7F81C11F4
:10804000D7F8F4325B781B02DA17C7F81031C7F89B
:108050001421D7E946341846D7E944120D4628437F
:10806000C7F8080123461343C7F80C31D7F8F43298
:108070001B78DBB20022C7F80031C7F80421D7E92A
:1080800042341846D7E940120D462843C7F8F80095
:1080900023461343C7F8FC303B4BD7E93E12084652
:1080A0000344134340F03B81D7F8F43293F8E731AF
:1080B000DBB20022C7F8F030C7F8F420D7E93C1251
:1080C0000B461B0AC7F8EC300B461B06C7F8E83016
:1080D000D7F8F43293F8E631DBB20022C7F8E0308B
:1080E000C7F8E4204FF000024FF00003D7E938450D
:1080F00029460B0420462946044643EA1443014618
:108100000A04D7E93A0104461443C7F8D840194392
:10811000C7F8DC10D7F8F43293F8E5311B02DA1710
:10812000C7F8D030C7F8D420D7E936341846D7E995
:1081300034120D462843C7F8C80023461343C7F836
:10814000CC30D7F8F43293F8E431DBB20022C7F830
:10815000C030C7F8C420D7E932341846D7E9301206
:108160000D462843C7F8B80023461343C7F8BC3070
:10817000064BD7E92E1208460344134340F0CF8044
:1081800006E000BF55AAFFFFAEAD9EBE8E8DBE9E1F
:10819000D7F8F43293F8EB31DBB20022C7F8B030F5
:1081A000C7F8B420D7E92C120B461B0AC7F8AC302D
:1081B0000B461B06C7F8A830D7F8F43293F8EA311B
:1081C000DBB20022C7F8A030C7F8A4204FF00002AD
:1081D0004FF00003D7E9284529460B0420462946DD
:1081E000044643EA144301460A04D7E92A01044637
:1081F0001443C7F898401943C7F89C10D7F8F432D5
:1082000093F8E9311B02DA17C7F89030C7F89420C9
:10821000D7E926341846D7E924120D462843C7F873
:10822000880023461343C7F88C30D7F8F43293F80C
:10823000E831DBB20022C7F88030C7F88420D7E9E4
:1082400022341846D7E920120D462843B867234642
:108250001343FB67D7F8F43203F58153D7E91E12B5
:1082600043E90212D7F8F43293F8EF31DBB200227F
:108270003B677A67D7E91C120B461B0AFB660B4665
:108280001B06BB66D7F8F43293F8EE31DBB200225E
:108290003B667A664FF000024FF00003D7E91845BD
:1082A00029460B0420462946044643EA1443014666
:1082B0000A04D7E91A0104461443BC651943F96559
:1082C000D7F8F43293F8ED311B02DA173B657A6583
:1082D000D7E916341846D7E914120D462843B86476
:1082E00023461343FB64D7F8F43293F8EC31DBB246
:1082F00000223B647A64D7E912341846D7E9101299
:108300000D462843B86323461343FB63D7F8F43282
:1083100003F580531033D7E90E12C3E90012D7F8E2
:10832000F43203F580531A4697F8273313700A4B3B
:108330001B8801339AB2084B1A80074B1A88D7F86A
:10834000F43203F58053DA800023184607F54A77A4
:10835000BD46BDE8B08F00BFC02C002080B584B002
:1083600000AF78607B68FB60FB68002B2AD0FB685D
:1083700003F580531B68002B24D0FB6803F5805362
:108380001B6803F580531B78002B1BD0FB6803F59B
:1083900080531B6803F58053DA88FB6803F580532C
:1083A0009B889A420ED1FB6803F580531B6803F546
:1083B00080535B7818460EF0C7F8034603F00103BC
:1083C000002B01D0092300E0002318461037BD46DA
:1083D00080BD000080B588B000AFF860B96013467A
:1083E000FB71BB683B6107F110031846FEF7FEFE08
:1083F000F861FB69002B01DA0B232CE0184AFB69BA
:1084000052F82330BB61BB69002B04D0BB6903F574
:10841000805300221A70FB68002B04D0FB6803F520
:10842000805300221A70FA680D49FB6941F8232035
:10843000FB68002B02D0FB79012B01D000230AE05E
:1084400007F1080107F10C0300221846FFF718F89E
:108450000346FB75FB7D18462037BD4680BD00BF37
:10846000B82C00202DE9B04FADF5845D86B000AF8B
:1084700007F1980343F85C0C07F1980343F8601C7C
:10848000114607F198031A460B4602F8613C07F1C2
:10849000980353F85C3C002B01D1092314E307F146
:1084A000980353F85C3C03F580531A46002313608D
:1084B00007F198031A4607F1980313F8613C03F09B
:1084C0001F0302F8613C07F1980313F8613C23F0A5
:1084D0000103DAB207F1380107F15803083B03F54D
:1084E00080531846FEF7CCFF034607F5845202F18D
:1084F0001702137007F5845303F117031B78002B41
:1085000040F0DD8207F198031A4607F15803143B47
:10851000C2F8DC3F07F198031A46CA4BC2F8E03FA5
:1085200007F1980353F8602C07F15803083B1146F4
:108530001846FEF7DFFD034607F5845202F11702E5
:10854000137007F19803D3F8D83F07F5845202F16E
:108550001002136007F5845303F117031B78002BF7
:108560000CD107F5845303F110031B68002B05D1D0
:10857000062307F5845202F11702137007F19803DE
:1085800013F8613C03F01C03002B00F05D8107F53C
:10859000845303F117031B78002B27D007F584536E
:1085A00003F117031B78042B0BD107F15803083B89
:1085B0001846FEF757F9034607F5845202F11702F1
:1085C000137007F198031A4607F1980313F8613CFA
:1085D00043F0080302F8613C07F19803D3F8D83F51
:1085E00007F5845202F1100213601FE007F584536F
:1085F00003F110031B680B331B7803F01103002BEE
:1086000006D0072307F5845202F1170213700DE01C
:1086100007F1980313F8613C03F00403002B05D025
:10862000082307F5845202F11702137007F58453EB
:1086300003F117031B78002B40F0388107F19803F2
:1086400013F8613C03F00803002B00F02F810EF0BB
:108650001DF807F5845303F10803C3E9000107F58A
:10866000845303F110031B6803F10E0207F58453D2
:1086700003F108031B78137007F5845303F1080313
:108680001B881B0A99B207F5845303F110031B687A
:1086900003F10F02CBB2137007F5845303F1080303
:1086A000D3E900234FF000004FF00001100C40EA26
:1086B0000340190C07F5845303F110031B6803F101
:1086C0001002C3B2137007F5845303F10803D3E912
:1086D00000234FF000004FF00001100E40EA03208D
:1086E000190E07F5845303F110031B6803F11102FF
:1086F000C3B2137007F5845303F110031B6803F131
:108700000B020023137007F5845303F110031B6859
:1087100003F11C020023137007F5845303F11003C7
:108720001B6803F11D020023137007F5845303F146
:1087300010031B6803F11E020023137007F5845316
:1087400003F110031B6803F11F020023137007F1EC
:108750009803D3F8B83F07F5845202F1100211686C
:108760001846FDF750FC07F58453C3E900014FF0AC
:1087700000024FF0000307F5845101F11001086871
:10878000FDF782FC07F19803D3F8B83F03F5805357
:108790001A460123137107F58453D3E900231343C9
:1087A00000F0848007F19803D3F8B83F03F58253B3
:1087B0001033D3E9002307F5845101F10801C1E921
:1087C000002307F19803D3F8B81F07F58453D3E9C2
:1087D00000230846FCF75EFF034607F5845202F1CA
:1087E0001702137007F5845303F117031B78002B4E
:1087F0005CD107F19803D3F8B81F07F58453D3E988
:108800000023501E386243F1FF337B6201F5805331
:108810001033D7E90812C3E9001207F19803D3F81F
:10882000B81F07F5845303F10803D3E90023084672
:10883000FCF75EF9034607F5845202F11702137044
:1088400034E000BFC42C002007F5845303F1170364
:108850001B78002B2AD107F5845303F110031B6802
:108860000B331B7803F01003002B06D0042307F50D
:10887000845202F11702137018E007F1980313F8FD
:10888000613C03F00203002B10D007F5845303F181
:1088900010031B680B331B7803F00103002B05D07A
:1088A000072307F5845202F11702137007F584536A
:1088B00003F117031B78002B31D107F1980313F84C
:1088C000613C03F00803002B0AD007F198031A4615
:1088D00007F1980313F8613C43F0200302F8613C70
:1088E00007F19803D3F8B83F03F582531033D3E967
:1088F000000107F1980353F85C3C03F581531033F2
:10890000C3E9000107F1980353F85C3C03F5805379
:108910001A4607F5845303F110031B68936307F5A8
:10892000845303F117031B78002B40F0C88007F134
:10893000980353F85C3C03F580531A4607F19803FB
:1089400013F8613C937107F1980353F85C3C03F50D
:1089500080531A460023D37107F19803D3F8B83F28
:1089600007F5845202F1100211681846FDF74BFB1F
:1089700007F1980353F85C3C03F5815343E9020186
:1089800007F5845303F110031B681F331B78DBB218
:108990000022BB61FA61D7E9062311464FEA112B89
:1089A00013464FEA036A07F5845303F110031B686B
:1089B0001E331B78DBB20022BB62FA624FF000026A
:1089C0004FF00003F96A0B04D7E90A01844643EA31
:1089D0001C4301460A044AEA02084BEA030907F568
:1089E000845303F110031B681D331B781B02DA1735
:1089F0003B617A61D7E90423114648EA010449EA58
:108A0000030507F5845303F110031B681C331B781F
:108A1000DBB20022BB60FA60D7E902231146214392
:108A200039602B437B6007F1980353F85C3C03F5F6
:108A300080531033D7E90012C3E9001207F19803FD
:108A400053F85C3C03F58053103319464FF0000295
:108A50004FF0000341E9022307F1980353F85C3C0F
:108A600003F58153103319464FF000024FF0000315
:108A700041E9022307F1980353F85C3C03F5805366
:108A80001A460023D36307F19803D3F8B83F07F1E0
:108A9000980252F85C2C02F58052136007F198039B
:108AA00053F85C3C03F580531B6803F58053DA8868
:108AB00007F1980353F85C3C03F580539A8007F55F
:108AC000845303F117031B78184607F584571837AA
:108AD000BD46BDE8B08F00BF2DE9B04FA4B002AFD6
:108AE00078653965FA64BB643B6D7B67BA6C0023BB
:108AF0001360786DFFF732FC034687F8733097F800
:108B00007330002B02D097F8733051E27B6D03F580
:108B10008053DB79002B04D07B6D03F58053DB7928
:108B200046E27B6D03F580539B7903F00103002B34
:108B300001D107233CE27B6D03F580531033D3E969
:108B400000017B6D03F58053103353E90223841A2F
:108B500061EB0305C7E91A45FB6C00229846914674
:108B6000D7E91A23424573EB090380F01C82BB6EE0
:108B7000FB6418E27B6D03F58053103353E9020167
:108B80007B6D03F580531B6803F580535B899BB2B3
:108B900000223B647A64D7E91023F8F7FBFA134309
:108BA00040F099817B6D03F58053103353E9020146
:108BB0007B6D03F580531B6803F580535B899BB283
:108BC0000022BB63FA63D7E90E23F8F7E3FA024603
:108BD0000B46D2B27B6D03F580531B6803F58053BF
:108BE0009B78013BDBB2134087F8673097F867301A
:108BF000002B50D17B6D03F58053103353E90223D2
:108C0000134307D17B6D03F5815353E90223C7E971
:108C100020231FE07B6D03F58053DB6B002B0BD013
:108C20007B6D03F58053103353E90223786DFCF715
:108C3000B8FEC7E920010DE07B6D03F5805319688C
:108C40007B6D03F58153D3E900230846FCF7D0F888
:108C5000C7E92001D7E92023022A73F1000306D2D5
:108C60007B6D03F580530222DA710223A0E1D7E97C
:108C70002023511C0B4306D17B6D03F58053012249
:108C8000DA71012394E17B6D03F581531946D7E92D
:108C90002023C1E900237B6D03F5805319687B6DA8
:108CA00003F58153D3E900230846FCF751F8C7E9DF
:108CB0001601D7E91623134306D17B6D03F58053C4
:108CC0000222DA71022373E197F8673000223B63D6
:108CD0007A63D7E91623D7E90C4521465118396044
:108CE00029464B417B60D7E90034C7E916347B6DD8
:108CF00003F580531B6803F580535B891A46FB6CB0
:108D0000B3FBF2F3BB67BB6F002B00F0828097F8D8
:108D10006720BB6F1A447B6D03F580531B6803F516
:108D200080539B789A420BD97B6D03F580531B6867
:108D300003F580539B781A4697F86730D31ABB67C0
:108D40007B6D03F580531B6803F580535878BB6F28
:108D50000093D7E91623796F0DF036FC0346002BFC
:108D600006D07B6D03F580530122DA7101231FE1E8
:108D70007B6D03F580539B7903F04003002B3BD0C0
:108D80007B6D03F58153103353E90201D7E91623B4
:108D9000B0EB020A61EB030BBB6F0022BB62FA620D
:108DA000D7E90A341A46924523467BEB030323D2C4
:108DB0007B6D03F58153103353E90201D7E9162384
:108DC000841A3C6261EB03037B623A6A7B6D03F5B4
:108DD00080531B6803F580535B8903FB02F27B6FB2
:108DE0009818796D7B6D03F580531B6803F58053EC
:108DF0005B891A46FBF79AFD7B6D03F580531B6870
:108E000003F580535B891A46BB6F02FB03F3FB67D4
:108E1000A1E07B6D03F58153103353E90201D7E9DB
:108E200016238B4208BF82424CD07B6D03F58053E2
:108E30009B7903F04003002B2CD07B6D03F580530E
:108E40001B6803F580535D787C6D7B6D03F5815362
:108E5000103353E902010123009302460B462146D9
:108E600028460DF0D3FB0346002B06D07B6D03F59F
:108E700080530122DA7101239AE07B6D03F5805360
:108E80009B7923F04003D9B27B6D03F580531A46DA
:108E90000B4693717B6D03F580531B6803F580537C
:108EA0005878796D01230093D7E916230DF08CFBD8
:108EB0000346002B06D07B6D03F580530122DA7147
:108EC000012375E07B6D03F5815310331946D7E913
:108ED000162341E902237B6D03F580531B6803F5DC
:108EE00080535B8918467B6D03F58053103353E93B
:108EF000022311467B6D03F580531B6803F58053F5
:108F00005B891A46B1FBF2F302FB03F3CB1AC31AD7
:108F1000FB67FA6FFB6C9A4201D9FB6CFB677B6DB8
:108F200003F58053103353E902017B6D03F5805341
:108F30001B6803F580535B899BB20022BB61FA6119
:108F4000D7E90623F8F726F9796D8B18FA6F1946D9
:108F5000786FFBF7EBFC7A6FFB6F13447B677B6DDD
:108F600003F58053103353E90223F96F0020396170
:108F70007861D7E9044521465118B96029464B412B
:108F8000FB607B6D03F580531033D7E9021243E990
:108F90000212BB6C1A68FB6F1A44BB6C1A60FA6C45
:108FA000FB6FD31AFB64FB6C002B7FF4E3AD002353
:108FB00018468837BD46BDE8B08F2DE9B04FA0B048
:108FC00002AF78653965FA64BB643B6D7B66BA6C49
:108FD00000231360786DFFF7C1F9034687F863300B
:108FE00097F86330002B02D097F86330BEE27B6DB8
:108FF00003F58053DB79002B04D07B6D03F58053A0
:10900000DB79B3E27B6D03F580539B7903F00203B8
:10901000002B01D10723A9E27B6D03F580531033A8
:1090200053E90223F96C00208846814612EB0804BC
:1090300043EB09057B6D03F58053103353E902239D
:10904000944275EB030380F063820023FB645FE2CC
:109050007B6D03F58053103353E902017B6D03F5FB
:1090600080531B6803F580535B899BB200223B64ED
:109070007A64D7E91023F8F78DF8134340F0D381D1
:109080007B6D03F58053103353E902017B6D03F5CB
:1090900080531B6803F580535B899BB20022BB633E
:1090A000FA63D7E90E23F8F775F802460B46D2B2F9
:1090B0007B6D03F580531B6803F580539B78013B60
:1090C000DBB2134087F8623097F86230002B74D11E
:1090D0007B6D03F58053103353E90223134318D1FA
:1090E0007B6D03F5815353E90223C7E91C23D7E9BC
:1090F0001C2313432DD17B6D03F5805319684FF06A
:1091000000024FF000030846FCF744FBC7E91C01CE
:109110001FE07B6D03F58053DB6B002B0BD07B6D69
:1091200003F58053103353E90223786DFCF739FCC3
:10913000C7E91C010DE07B6D03F5805319687B6D59
:1091400003F58153D3E900230846FCF723FBC7E965
:109150001C01D7E91C23134300F0DF81D7E91C234E
:10916000511E0B4306D17B6D03F580530222DA7149
:109170000223FBE1D7E91C23511C0B4306D17B6D75
:1091800003F580530122DA710123EFE17B6D03F5D2
:1091900081531946D7E91C23C1E900237B6D03F5F0
:1091A000815353E90223134307D17B6D03F58153A8
:1091B0001946D7E91C2341E902237B6D03F580534F
:1091C0009B7903F04003002B2CD07B6D03F580537B
:1091D0001B6803F580535D787C6D7B6D03F58153CF
:1091E000103353E902010123009302460B46214646
:1091F00028460DF00BFA0346002B06D07B6D03F5D5
:1092000080530122DA710123B0E17B6D03F58053B5
:109210009B7923F04003D9B27B6D03F580531A4646
:109220000B4693717B6D03F5805319687B6D03F5D5
:109230008153D3E900230846FBF78AFDC7E91601ED
:10924000D7E91623134306D17B6D03F58053022221
:10925000DA7102238AE197F8623000223B637A6375
:10926000D7E91623D7E90C4521465118396029461C
:109270004B417B60D7E90034C7E916347B6D03F5B9
:1092800080531B6803F580535B891A46FB6CB3FB64
:10929000F2F3BB66BB6E002B00F0888097F862206B
:1092A000BB6E1A447B6D03F580531B6803F5805336
:1092B0009B789A420BD97B6D03F580531B6803F5AD
:1092C00080539B781A4697F86230D31ABB667B6D41
:1092D00003F580531B6803F580535878BB6E0093E9
:1092E000D7E91623796E0DF091F90346002B06D0CD
:1092F0007B6D03F580530122DA71012336E17B6D2A
:1093000003F58153103353E90201D7E91623B0EB7B
:10931000020A61EB030BBB6E0022BB62FA62D7E963
:109320000A341A46924523467BEB030331D27C6D07
:109330007B6D03F58153103353E90201D7E91623FE
:10934000851A3D6261EB03037B623A6A7B6D03F52C
:1093500080531B6803F580535B8903FB02F27B6E2D
:1093600099187B6D03F580531B6803F580535B8967
:109370001A462046FBF7DAFA7B6D03F580539B799A
:1093800023F04003D9B27B6D03F580531A460B4698
:1093900093717B6D03F580531B6803F580535B89E4
:1093A0001A46BB6E02FB03F3FB6689E07B6D03F597
:1093B0008153103353E90201D7E916238B4208BFCA
:1093C000824227D07B6D03F58053103353E90201AD
:1093D0007B6D03F580531033D3E90023904271EB8A
:1093E000030317D27B6D03F580531B6803F580538D
:1093F0005878796D01230093D7E916230DF0E4F82E
:109400000346002B06D07B6D03F580530122DA71F1
:109410000123ABE07B6D03F5815310331946D7E987
:10942000162341E902237B6D03F580531B6803F586
:1094300080535B8918467B6D03F58053103353E9E5
:10944000022311467B6D03F580531B6803F580539F
:109450005B891A46B1FBF2F302FB03F3CB1AC31A82
:10946000FB66FA6EFB6C9A4201D9FB6CFB667B6D66
:1094700003F58053103353E902017B6D03F58053EC
:109480001B6803F580535B899BB20022BB61FA61C4
:10949000D7E90623F7F77EFE796D8B18FA6E796EA1
:1094A0001846FBF743FA7B6D03F580539B7943F035
:1094B0004003D9B27B6D03F580531A460B46937176
:1094C0007A6EFB6E13447B667B6D03F5805310331D
:1094D00053E90223F96E002039617861D7E9044528
:1094E00021465118B96029464B41FB607B6D03F55D
:1094F00080531033D7E9021243E90212BB6C1A6899
:10950000FB6E1A44BB6C1A60FA6CFB6ED31AFB64D8
:10951000FB6C002B7FF49CAD00E000BF7B6D03F57E
:109520008053103353E90223796D01F580511031D6
:10953000D1E90001904271EB03030BD27B6D03F57F
:109540008053103353E902017B6D03F580531033D0
:10955000C3E900017B6D03F580539B7943F0200341
:10956000DAB27B6D03F580539A7100231846783781
:10957000BD46BDE8B08F90B589B002AF786078681D
:10958000FEF7ECFE0346FB75FB7D002B40F0E6800A
:109590007B6803F580539B7903F02003002B00F0D8
:1095A000DD807B6803F580539B7903F04003002B3B
:1095B00021D07B6803F580531B6803F580535878EE
:1095C00079687B6803F58153103353E90223012442
:1095D00000940DF01BF80346002B01D00123BEE0E0
:1095E0007B6803F580539B7923F04003DAB27B68F4
:1095F00003F580539A717B6803F5805319687B6883
:1096000003F581531033D3E900230846FBF770FAC2
:109610000346FB75FB7D002B40F0A0807B6803F5C3
:1096200080539B6B3B613B690B331A783B690B336F
:1096300042F02002D2B21A707B6803F580531033D7
:10964000D3E9002339691C31D3B20B707B6803F571
:1096500080531033D3E9002393B21B0A9AB23B69BB
:109660001D33D2B21A707B6803F580531033D3E9EF
:1096700000014FF000024FF00003020C42EA0142E9
:109680000B0C39691E31D3B20B707B6803F5805324
:109690001033D3E900014FF000024FF00003020E37
:1096A00042EA01220B0E39691F31D3B20B707B687D
:1096B00003F5815353E902233869FCF7E5FC0CF00C
:1096C000E5FFC7E902013B6916333A7A1A703B8914
:1096D0001B0A9AB23B691733D2B21A70D7E902015A
:1096E0004FF000024FF00003020C42EA01420B0C63
:1096F00039691831D3B20B70D7E902014FF000027B
:109700004FF00003020E42EA01220B0E39691931B3
:10971000D3B20B703B69123300221A703B691333CA
:1097200000221A707B6803F580539B7923F0200395
:10973000DAB27B6803F580539A717B6803F5805336
:109740001B6803F5805301221A717B6803F580536F
:109750001B681846FBF70CFA0346FB75FB7D1846A1
:109760001C37BD4690BD80B584B000AF7860786886
:10977000FFF701FF0346FB73FB7B002B0DD17868DD
:10978000FEF7ECFD0346FB73FB7B002B05D17B68EA
:1097900003F580531A4600231360FB7B18461037ED
:1097A000BD4680BD80B588B000AF786039607B6809
:1097B000002B01D1092369E0394607F11803002283
:1097C0001846FDF75DFE0346FB77FB7F002B53D168
:1097D000BB697A6802F5805213607B6803F5805399
:1097E0001A4607F10C0353627B6803F580531A464F
:1097F000284B93623B6819467868FDF77BFC03466B
:10980000FB77FB7F002B32D17B6803F580531B6A0B
:10981000002B1BD07B6803F580531B6A0B331B782E
:1098200003F01003002B0FD0BA697B6803F5805357
:109830001B6A19461046FCF7E6FB7B6803F580536C
:10984000103343E9020101E00523FB77FB7F002B86
:109850000DD1BB6903F58053DA887B6803F580532B
:109860009A8000217868FCF709F90346FB77FB7FB3
:10987000042B01D10523FB77FB7F002B05D07B68F0
:1098800003F580531A4600231360FB7F18462037E8
:10989000BD4680BDC42C002080B586B000AF786086
:1098A00039607868FEF75AFD0346FB75FB7D002B97
:1098B00047D13B68002B06D100217868FCF7DEF821
:1098C0000346FB753DE07B6803F580531A4607F1BC
:1098D000080353627B6803F580531A461B4B93625F
:1098E00000217868FCF707FF0346FB75FB7D042B1E
:1098F0000BD17B6803F5815319464FF000024FF0FE
:10990000000341E902230023FB75FB7D002B18D1E6
:1099100039687868FDF7CAF800217868FCF7A5F97E
:109920000346FB75FB7D042B0BD17B6803F581534C
:1099300019464FF000024FF0000341E902230023D3
:10994000FB75FB7D18461837BD4680BDC42C002032
:109950002DE9B04FACB000AF78673967FA6607F110
:10996000740300221946F86EFDF78AFD034687F856
:10997000AF30FB6E1B68C7F8843097F8AF30002B10
:1099800040F07481D7F8843003F5815353E9020124
:10999000D7F8843003F58153D3E90023941E43F1B3
:1099A000FF35844275EB010309D3D7F8843003F502
:1099B000815353E90223396FC1E9002356E1D7F8F7
:1099C000843003F580531B7887F883304FF0000212
:1099D0004FF00003C7E9282397F88330012B40D1CB
:1099E0004FF002024FF00003C7E92623D7E92623F0
:1099F000D7F88400FBF7FCF9C7E91E01D7E91E235D
:109A0000511C0B4303D1012387F8AF3013E1D7E991
:109A10001E23511E0B4303D1022387F8AF300AE106
:109A2000D7E91E23134307D1D7E9282312F1010AEE
:109A300043F1000BC7E928ABD7E9262312F101084F
:109A400043F10009C7E92689D7F8843003F581532B
:109A5000D3E90023D7E92601904271EB0303C5D374
:109A6000E9E0D7F8843003F58153D3E90023C7E94F
:109A70002623D7F8843003F5825353E90223C7E93C
:109A800024230023C7F88C300023C7F88830D7F888
:109A90008C30002B21D1D7E92423511CB96143F12B
:109AA0000001F961D7E90601C7E92401D7F884006C
:109AB000FBF71EF8034687F8AF3097F8AF30002B5E
:109AC00040F0B880D7F88430C7F88830D7F88430B1
:109AD00003F580535B89C7F88C3097F88330022BED
:109AE00023D1D7F8883001331B781B021AB2D7F87C
:109AF00088301B781BB213431BB2002B0AD1D7E965
:109B00002823511C396143F100037B61D7E90434F8
:109B1000C7E92834D7F888300233C7F88830D7F837
:109B20008C30023BC7F88C3073E0D7F888300333B1
:109B30001B78DBB200223B667A66D7E918120B4627
:109B40001B0AFB650B461B06BB65D7F88830023342
:109B50001B78DBB200223B657A654FF000024FF0C4
:109B60000003D7E9144529460B042046294604463C
:109B700043EA144301460A04D7E916010446144394
:109B8000BC640B43FB64D7F8883001331B781B029D
:109B9000DA173B647A64D7E912120846D7E9103421
:109BA0001D462843B86323461343FB63D7F8883028
:109BB0001B78DBB200223B637A63D7E90E120846BA
:109BC000D7E90C341D462843B86223461343FB6291
:109BD000BB6A23F070433B6200237B62D7E9083401
:109BE0001A46234613430AD1D7E92823511CB960EA
:109BF00043F10003FB60D7E90234C7E92834D7F802
:109C000088300433C7F88830D7F88C30043BC7F865
:109C10008C30D7E92623511E396043F1FF337B6036
:109C2000D7E90034C7E92634D7E9262313437FF464
:109C30002EAF00E000BFD7F8843003F581531946FA
:109C4000D7E9282341E90223D7F8843003F580536C
:109C50005B7943F00103DAB2D7F8843003F580531F
:109C60005A71396FD7E92823C1E9002397F8AF303B
:109C70001846B037BD46BDE8B08F00002DE9B04FA3
:109C8000ADF5087D02AFC7F88C010B46C7F88421FB
:109C900087F88B3197F88B31012B02D9132301F010
:109CA000ACB807F5C6731846FDF7A0FAC7F8CC01A3
:109CB000D7F8CC31002B02DA0B2301F09EB8BB4A57
:109CC000D7F8CC3152F82330C7F8C831D7F8C831AB
:109CD000002B02D10C2301F090B8D7F8C83103F55E
:109CE00080531A4600231370D7F8CC3187F8FF3120
:109CF000002387F8FE3197F8FF3118460CF03EFC40
:109D0000034687F8FD3197F8FD3103F00103002B7E
:109D100002D0032301F071B897F8FD3103F004037A
:109D2000002B02D00A2301F068B8D7F8C83103F538
:109D300080530A3397F8FF011A4602210CF088FC81
:109D40000346002B0FD1D7F8C83103F580535B8948
:109D5000B3F5805F07D8D7F8C83103F580535B8926
:109D6000B3F5007F02D2012301F047B807F5C873AD
:109D700097F8FF011A4601210CF06AFC0346002BFC
:109D800005D1D7E96423802A73F1000302D20123AD
:109D900001F033B897F88B31002B04D04FF000025C
:109DA0004FF0000303E04FF03F024FF00003C7E91C
:109DB0008023D7E96401D7E98023B0EB020CC7F810
:109DC00070C161EB0303C7F87431D7E95C23C7E9BD
:109DD0006423D7F884315A1ED7F884311340002BFE
:109DE00002D00023C7F88431D7F88431002B3DD14D
:109DF000D7E96401D7F8C83103F580535B895B0A62
:109E00009BB21A464FF4FA6393FBF2F3DA17C7F8E2
:109E10006831C7F86C21D7E95A23F7F7BBF9024636
:109E20000B46C7E984230023C7F80C3204E0D7F8B7
:109E30000C320133C7F80C325D4AD7F80C3232F8D5
:109E400013309BB20022C7F86031C7F86421D7E90C
:109E50008423D7E95801844662458B41E7D3554AAC
:109E6000D7F80C3232F81330C7F88431D7F8843180
:109E7000B3F5007F0BD3D7F8C83103F580535B8966
:109E80001A46D7F88431B3FBF2F3C7F88431D7F818
:109E90008431002B02D10123C7F88431D7F88431F3
:109EA000802B02D98023C7F88431D7E96401D7F821
:109EB00084310022C7F85831C7F85C21D7E956230E
:109EC000F7F768F902460B46C7E96E23012387F8C6
:109ED000C731D7E96E2340F6F6718A4273F1000369
:109EE00002D3022387F8C731D7E96E234FF6F67104
:109EF0008A4273F1000302D3032387F8C73197F82E
:109F0000C731032B58D1D7E96E2312F1020843F170
:109F100000094FF000004FF000014FEA890141EACB
:109F200098714FEA8800D7F8C83103F580535B89F0
:109F30009BB20022C7F85031C7F85421D7E95445E5
:109F40002346C318C7F848312B4641EB0303C7F833
:109F50004C31D7E952120B46013BC7F8403113464A
:109F600043F1FF33C7F84431D7F8C83103F58053C4
:109F70005B899BB20022C7F83831C7F83C21D7E98A
:109F80004E23D7E95001F7F705F902460B46C7E91A
:109F900076234FF020024FF00003C7E978234FF0FB
:109FA00000024FF00003C7E9742395E0B82C0020AD
:109FB000CC780308E478030897F8C731012B29D13E
:109FC000D7E96E0102460B469418BC655B41FB6500
:109FD000D7E916231418C7F830414B41C7F834317C
:109FE000D7E94C341A4612F1010A234643F1000B1B
:109FF0004FF000024FF000034FEA5A0242EACB72E0
:10A000004FEA5B03D11CC7F8781143F10003C7F88E
:10A010007C310DE0D7E96E23941C43F10005231930
:10A020003B6545EB05037B65D7E91434C7E95E342E
:10A03000D7E95E34C7E97634D7F8C83103F58053E1
:10A040005B899BB20022C7F82831C7F82C21D7E9D9
:10A050007623D7E94A4521468918C7F820112946B1
:10A0600043EB0101C7F82411D7E948120B46013B25
:10A07000C7F81831134643F1FF33C7F81C31D7F83E
:10A08000C83103F580535B899BB20022C7F81031B9
:10A09000C7F81421D7E94423D7E94601F7F77AF83E
:10A0A00002460B46C7E976234FF001024FF000034A
:10A0B000C7E97823D7F8C83103F580535A894FF49C
:10A0C0008043B3FBF2F39BB29BB20022BB64FA6401
:10A0D000D7E91234C7E97434D7E98001D7E9782386
:10A0E00084183C6441EB03037B64D7E91034C7E96F
:10A0F0007A34D7E97A01D7E976238418BC6341EB37
:10A100000303FB63D7E90E34C7E96C34D7E96C016C
:10A11000D7E9742384183C6341EB03037B63D7E9DD
:10A120000C34C7E96A34D7F884310022C7F8083103
:10A13000C7F80C21D7E96A23D7E942452146891897
:10A14000C7F80011294643EB0101C7F80411D7E90C
:10A150008023D7E940010446A41AC7F8F84061EB10
:10A160000303C7F8FC30D7E96423D7E93E0104466E
:10A17000A2428B4102D20E2300F03FBE07F5CC7302
:10A1800097F8FF011A4603210CF062FA0346002BF0
:10A190000BD1D7E96623134307D0D7E9662348F2EA
:10A1A00001018A4273F1000305D34FF001024FF021
:10A1B0000003C7E96623D7E96601D7E96A23841853
:10A1C000C7F8F04041EB0303C7F8F430D7E93C127D
:10A1D0000B46013BC7F8E830134643F1FF33C7F89D
:10A1E000EC30D7E9662300215042C7F8E00061EB6C
:10A1F0000303C7F8E430D7E93A341846D7E93812F0
:10A200000D462840C7F8D80023461340C7F8DC3075
:10A21000D7E93634C7E96634D7E96601D7E96A2356
:10A22000841AC7F8D04061EB0303C7F8D430D7E9EC
:10A230003434C7E9663497F8C731032B18D1D7E90E
:10A240006601D7E978231418BC624B41FB62D7E959
:10A250000A34C7E97834D7E96601D7E97A231418B4
:10A260003C624B417B62D7E90834C7E97A340BE0A2
:10A27000D7E96601D7E976231418BC614B41FB612D
:10A28000D7E90634C7E97634D7E96401D7E97823FA
:10A29000841AC7F8C84061EB0303C7F8CC30D7E98C
:10A2A0007623D7E932010446A41AC7F8C04061EB0F
:10A2B0000303C7F8C430D7E97423D7E93001044653
:10A2C000A41AC7F8B84061EB0303C7F8BC30D7F84D
:10A2D00084310022C7F8B030C7F8B420D7E92C2366
:10A2E000D7E92E01F6F756FF02460B46C7E96E2363
:10A2F00097F8C731022B07D1D7E96E2340F6F671E4
:10A300008A4273F100030BD397F8C731032B0AD1AC
:10A31000D7E96E234FF6F6718A4273F1000302D239
:10A320000E2300F06ABD97F8C731032B03D10C232D
:10A3300087F8FB311AE097F8C731012B0AD1D7E92A
:10A340006423B2F5803F73F1000303D2012387F841
:10A35000FB310BE0D7E96423B2F5803F73F10003D2
:10A3600001D2042300E0062387F8FB3197F88B31F4
:10A37000002B03D0F02387F8FC31C4E0D7F8C801E4
:10A38000D7F8C83103F580535B891A460021FAF7E4
:10A39000EBFAD7F8C83103F5DF73C7F8A431D7F863
:10A3A000A4315A1C01231370D7F8A4319A1C01233D
:10A3B0001370D7F8A431DA1C00231370D7F8A43136
:10A3C0001A1D97F8FB311370D7F8A4315A1DFE23DC
:10A3D0001370D7E96401D7E980238418C7F8A8402F
:10A3E00041EB0303C7F8AC3043F6C1624FF0000302
:10A3F000D7E92A01F6F7CEFE02460B46C7E96623E7
:10A40000D7E966234FF000004FF00001900840EAC2
:10A4100083709908C2B2D7F8A431991D42F03F0366
:10A42000DBB20B70D7E96601D7F8A431DA1DC3B2ED
:10A430001370D7F8A43103F108023F231370D7F843
:10A44000A43103F1090200231370D7F8A43103F1FA
:10A450000A0200231370D7F8A43103F10B02002382
:10A460001370D7E96401D7F8A43103F10C02C3B229
:10A470001370D7E9642393B21B0A99B2D7F8A431B9
:10A4800003F10D02CBB21370D7E964234FF0000043
:10A490004FF00001100C40EA0340190CD7F8A4312A
:10A4A00003F10E02C3B21370D7E964234FF000002A
:10A4B0004FF00001100E40EA0320190ED7F8A43126
:10A4C00003F10F02C3B21370D7F8C821552382F8E5
:10A4D000FE31D7F8C821AA2382F8FF31D7F8C81176
:10A4E00097F8FF01012300934FF000024FF00003A3
:10A4F0000CF08CF80346002B02D0012300F07DBC49
:10A50000F82387F8FC31D7F8C831C7F8A431D7F859
:10A51000C83103F580535B891A460021D7F8A4019E
:10A52000FAF722FA0B22D649D7F8A401FAF7FEF976
:10A53000D7F8C83103F580535B89C7F80C32D7F8D8
:10A54000A43103F10B02D7F80C32DBB21370D7F849
:10A550000C329BB21B0A99B2D7F8A43103F10C025A
:10A56000CBB21370D7F8A43103F10D02D7F88431C0
:10A57000DBB21370D7F8A43103F10E0297F8E03183
:10A580001370B7F8E0311B0A99B2D7F8A43103F180
:10A590000F02CBB21370D7F8A43103F110020123DC
:10A5A000137097F8C731032B01D1002301E04FF45A
:10A5B0000073C7F80C32D7F8A43103F11102D7F8B1
:10A5C0000C32DBB21370D7F80C329BB21B0A99B273
:10A5D000D7F8A43103F11202CBB21370D7E9642388
:10A5E000B2F5803F73F1000313D2D7E96401D7F8C5
:10A5F000A43103F11302C3B21370D7E9642393B2F9
:10A600001B0A99B2D7F8A43103F11402CBB213702C
:10A6100032E0D7E96401D7F8A43103F12002C3B2D4
:10A620001370D7E9642393B21B0A99B2D7F8A43107
:10A6300003F12102CBB21370D7E964234FF000007D
:10A640004FF00001100C40EA0340190CD7F8A43178
:10A6500003F12202C3B21370D7E964234FF0000064
:10A660004FF00001100E40EA0320190ED7F8A43174
:10A6700003F12302C3B21370D7F8A43103F115021A
:10A6800097F8FC311370D7F8A43103F118023F2377
:10A690001370D7F8A43103F1190200231370D7F80F
:10A6A000A43103F11A02FF231370D7F8A43103F188
:10A6B0001B0200231370D7F8A43103F11C0297F892
:10A6C00000321370B7F800321B0A99B2D7F8A431E0
:10A6D00003F11D02CBB21370D7E980234FF00000C5
:10A6E0004FF00001100C40EA0340190CD7F8A431D8
:10A6F00003F11E02C3B21370D7E980234FF00000AC
:10A700004FF00001100E40EA0320190ED7F8A431D3
:10A7100003F11F02C3B213700BF0B8FF02460B46E1
:10A72000C7E9662397F8C731032B40F0AD80D7E91E
:10A730006601D7F8A43103F14302C3B21370D7E91D
:10A74000662393B21B0A99B2D7F8A43103F14402ED
:10A75000CBB21370D7E966234FF000004FF0000131
:10A76000100C40EA0340190CD7F8A43103F145025C
:10A77000C3B21370D7E966234FF000004FF0000119
:10A78000100E40EA0320190ED7F8A43103F1460257
:10A79000C3B21370D7F8A43103F1240297F8D8316B
:10A7A0001370B7F8D8311B0A99B2D7F8A43103F166
:10A7B0002502CBB21370D7E976234FF000004FF09B
:10A7C0000001100C40EA0340190CD7F8A43103F142
:10A7D0002602C3B21370D7E976234FF000004FF082
:10A7E0000001100E40EA0320190ED7F8A43103F13E
:10A7F0002702C3B21370D7F8A43103F12C0202234D
:10A800001370D7F8A43103F12D0200231370D7F889
:10A81000A43103F12E0200231370D7F8A43103F101
:10A820002F0200231370D7F8A43103F13002012363
:10A830001370D7F8A43103F1310200231370D7F855
:10A84000A43103F1320206231370D7F8A43103F1C7
:10A85000330200231370D7F8A43103F140028023A0
:10A860001370D7F8A43103F1420229231370D7F8EB
:10A87000A4314733132203491846FAF757F85BE02F
:10A88000F45B0308005C0308D7E96601D7F8A4313C
:10A8900003F12702C3B21370D7E9662393B21B0AF0
:10A8A00099B2D7F8A43103F12802CBB21370D7E9DB
:10A8B00066234FF000004FF00001100C40EA034007
:10A8C000190CD7F8A43103F12902C3B21370D7E9E8
:10A8D00066234FF000004FF00001100E40EA032005
:10A8E000190ED7F8A43103F12A02C3B21370D7F8B6
:10A8F000A43103F1160297F8D8311370B7F8D831A4
:10A900001B0A99B2D7F8A43103F11702CBB2137026
:10A91000D7F8A43103F1240280231370D7F8A431AF
:10A9200003F1260229231370D7F8A4312B33132205
:10A93000B6491846F9F7FAFFD7F8A43103F5FF72C4
:10A9400055231370D7F8A43103F2FF12AA23137012
:10A9500097F8FF0101230093D7E98023D7F8A411CA
:10A960000BF054FE0346002B01D0012345E297F87B
:10A97000C731032B12D1D7E98023911DC7F8A0104E
:10A9800043F10003C7F8A43097F8FF0101230093B7
:10A99000D7E92823D7F8A4110BF038FED7E97A239A
:10A9A000C7E97C230023C7F80C3223E1D7F8C8316C
:10A9B00003F580535B891A460021D7F8A401F9F703
:10A9C000D3FF97F8FC310022C7F89830C7F89C20D5
:10A9D000D7E92634C7E9663497F8C731032B47D047
:10A9E00097F8C731012B03D189484FF0000103E0EC
:10A9F0006FF0FF004FF00001D7E9662340EA020440
:10AA0000C7F890400B43C7F89430D7E92434C7E91E
:10AA10006634D7E96623D3B2D7F8A4211370D7E9F7
:10AA2000662393B21B0A99B2D7F8A4315A1CCBB251
:10AA30001370D7E966234FF000004FF00001100CAF
:10AA400040EA0340190CD7F8A4319A1CC3B2137022
:10AA5000D7E966234FF000004FF00001100E40EAE6
:10AA60000320190ED7F8A431DA1CC3B2137065E0C5
:10AA7000D7E9662362F0FF01C7F88810C7F88C3069
:10AA8000D7E92234C7E96634D7E96623D3B2D7F8C9
:10AA9000A4211370D7E9662393B21B0A99B2D7F8A1
:10AAA000A4315A1CCBB21370D7E966234FF00000D3
:10AAB0004FF00001100C40EA0340190CD7F8A43104
:10AAC0009A1CC3B21370D7E966234FF000004FF011
:10AAD0000001100E40EA0320190ED7F8A431DA1C49
:10AAE000C3B21370D7F8A4311A1DFF231370D7F81F
:10AAF000A4315A1DFF231370D7F8A4319A1DFF23E8
:10AB00001370D7F8A431DA1DFF231370D7F8A431DE
:10AB100003F10802FF231370D7F8A43103F10902EF
:10AB2000FF231370D7F8A43103F10A02FF23137037
:10AB3000D7F8A43103F10B020F231370D7E97C235C
:10AB4000511C396143F100017961D7E90401C7E97A
:10AB50007C0197F8FF0101210091D7F8A4110BF0B7
:10AB600055FD0346002B01D0012346E1D7F8C8313B
:10AB700003F580535B891A460021D7F8A401F9F741
:10AB8000F3FE4FF001024FF00003C7E9662324E013
:10AB9000D7E97C23511CB96043F10001F960D7E982
:10ABA0000201C7E97C0197F8FF0101210091D7F864
:10ABB000A4110BF02BFD0346002B01D001231CE157
:10ABC000D7E96623511CC7F8801043F10003C7F88A
:10ABD0008430D7E92034C7E96634D7E96601D7E97C
:10ABE0007623904271EB0303D2D3D7F80C320133B2
:10ABF000C7F80C32D7F80C32002B3FF4D7AE97F8D9
:10AC0000C731032B06D0D7F8D03105E0145C030818
:10AC100000FFFF00D7F88431C7F80C32D7E97C2356
:10AC2000511C396043F100017960D7E90001C7E99F
:10AC30007C0197F8FF0101210091D7F8A4110BF0D6
:10AC4000E5FC0346002B01D00123D6E0D7F80C32F7
:10AC5000013BC7F80C32D7F80C32002BDED197F845
:10AC6000C731032B40F0BC80D7F8A43152221A70B0
:10AC7000D7F8A431013352221A70D7F8A431023325
:10AC800061221A70D7F8A431033341221A70D7F821
:10AC9000A43103F5F27372221A70D7F8A43103F2CB
:10ACA000E51372221A70D7F8A43103F5F373412229
:10ACB0001A70D7F8A43103F2E71361221A7097F8DB
:10ACC000B821D7F8A43103F5F473013AD2B21A705F
:10ACD000B7F8B831013B9BB21B0A9AB2D7F8A4313E
:10ACE00003F2E913D2B21A70D7E96E23511EB96785
:10ACF00043F1FF33FB674FF000024FF00003D7E949
:10AD00001E4521460A0C204629460C4642EA0442CA
:10AD10000B0CD7F8A41101F5F571D3B20B70D7E97C
:10AD20006E23511E396743F1FF337B674FF00002FA
:10AD30004FF00003D7E91C4521460A0E204629465C
:10AD40000C4642EA04220B0ED7F8A41101F2EB11D3
:10AD5000D3B20B70D7F8A43103F5F67302221A7040
:10AD6000D7F8A43103F2ED1300221A70D7F8A431FA
:10AD700003F5F77300221A70D7F8A43103F2EF132A
:10AD800000221A70D7F8A43103F5FF7355221A7008
:10AD9000D7F8A43103F2FF13AA221A70D7E980234F
:10ADA000511CB96643F10003FB6697F8FF010123CC
:10ADB0000093D7E91A23D7F8A4110BF027FCD7E9A1
:10ADC0008023D11D396643F100037B6697F8FF01AC
:10ADD00001230093D7E91823D7F8A4110BF016FC30
:10ADE00097F8FF310022002118460BF031FC034692
:10ADF000002B14BF01230023DBB2184607F50677AA
:10AE0000BD46BDE8B08F00BF80B500AF012000F0A7
:10AE100003F800BF80BD000080B582B000AF0346DC
:10AE2000FB71FB79002B0AD04FF0C04392221A80AD
:10AE30000A4B4FF410421A8000F0B0F809E04FF0CE
:10AE4000C04392221A80054B4FF400421A8000F052
:10AE5000A5F800BF0837BD4680BD00BF00000460F4
:10AE600090B583B000AF00237B6011E0FFF7CCFF0B
:10AE70007B68DCB27B680021184606F0B1FF034610
:10AE80009BB21946204600F00BF87B6801337B60CB
:10AE90007B68072BEADD00BF00BF0C37BD4690BDC5
:10AEA00080B586B000AF03460A46FB711346BB80EF
:10AEB00000237B820023FB600023FB750023BB8201
:10AEC000BB881846F5F7D8FE034630491846F5F713
:10AED000DFFF03464FF08B411846F5F725FF034689
:10AEE0001846F6F7E7F80346BB82BB8AB3F5805FE6
:10AEF00002D94FF48053BB82FB79072B2AD801A2D9
:10AF000052F823F025AF01082BAF010831AF01083B
:10AF100037AF01083DAF010843AF010849AF010851
:10AF20004FAF01080023FB7514E00423FB7511E00B
:10AF30000123FB750EE00523FB750BE00223FB7577
:10AF400008E00623FB7505E00323FB7502E00723F9
:10AF5000FB7500BFFB7D082B03D90D490D480EF092
:10AF6000C1FDFB7D9BB21B037B827A8ABB8A1343A4
:10AF70007B824FF0C04392221A80074A7B8A13805B
:10AF800000F00CF800BF1837BD4680BD00401C45DE
:10AF9000285C0308305C03080000046080B500AF43
:10AFA0004FF0C04390221A80074B01221A800120E3
:10AFB0000AF08CF94FF0C04390221A80024B002215
:10AFC0001A8000BF80BD00BF0000046080B584B05F
:10AFD00000AF03460A46FB711346BB710023FB8199
:10AFE0004FF0C04305221A80174B1B88FB81FB7969
:10AFF000022B03D915480EF075FD21E0BB79002B1B
:10B0000010D1FB79013B012202FA03F31BB2DB43AF
:10B010001AB2B7F90E3013401BB2FB810A4AFB8902
:10B0200013800DE0FB79013B012202FA03F31AB20F
:10B03000B7F90E3013431BB2FB81034AFB8913801F
:10B040001037BD4680BD00BF00000460445C0308AB
:10B0500080B483B000AF03460A46FB801346BB8032
:10B060004FF0C043B0221A80074AFB8813804FF08C
:10B07000C043BA221A80044ABB88138000BF0C3731
:10B08000BD4680BC704700BF0000046080B483B040
:10B0900000AF03460A46FB801346BB804FF0C04317
:10B0A000B1221A80074AFB8813804FF0C043BB22AD
:10B0B0001A80044ABB88138000BF0C37BD4680BC91
:10B0C000704700BF0000046080B483B000AF034647
:10B0D0000A46FB801346BB804FF0C043B2221A8061
:10B0E000074AFB8813804FF0C043BC221A80044AF1
:10B0F000BB88138000BF0C37BD4680BC704700BFC3
:10B100000000046080B483B000AF03460A46FB80B1
:10B110001346BB804FF0C043B3221A80074AFB8816
:10B1200013804FF0C043BD221A80044ABB881380AD
:10B1300000BF0C37BD4680BC704700BF00000460F4
:10B1400080B483B000AF03460A46FB801346BB8041
:10B150004FF0C043B4221A80074AFB8813804FF097
:10B16000C043BE221A80044ABB88138000BF0C373C
:10B17000BD4680BC704700BF0000046080B483B04F
:10B1800000AF03460A46FB801346BB804FF0C04326
:10B19000B5221A80074AFB8813804FF0C043BF22B4
:10B1A0001A80044ABB88138000BF0C37BD4680BCA0
:10B1B000704700BF0000046080B483B000AF034656
:10B1C0000A46FB801346BB804FF0C043B6221A806C
:10B1D000074AFB8813804FF0C043C0221A80044AFC
:10B1E000BB88138000BF0C37BD4680BC704700BFD2
:10B1F0000000046080B483B000AF03460A46FB80C1
:10B200001346BB804FF0C043B7221A80074AFB8821
:10B2100013804FF0C043C1221A80044ABB881380B8
:10B2200000BF0C37BD4680BC704700BF0000046003
:10B2300080B485B000AF03460A46FB711346BB716C
:10B240000023FB814FF0C043C4221A806B4B1B8844
:10B25000FB81FB79013B082B00F2CA8001A252F866
:10B2600023F000BF89B20108B1B20108D9B20108C8
:10B2700001B3010829B3010851B3010879B30108EA
:10B28000A1B30108C9B30108BB79002B04D0FB8925
:10B2900043F00103FB8103E0FB8923F00103FB8101
:10B2A0004FF0C043C4221A80544AFB8913809FE0A8
:10B2B000BB79002B04D0FB8943F00203FB8103E040
:10B2C000FB8923F00203FB814FF0C043C4221A80A4
:10B2D0004A4AFB8913808BE0BB79002B04D0FB89A1
:10B2E00043F00403FB8103E0FB8923F00403FB81AB
:10B2F0004FF0C043C4221A80404AFB89138077E094
:10B30000BB79002B04D0FB8943F00803FB8103E0E9
:10B31000FB8923F00803FB814FF0C043C4221A804D
:10B32000364AFB89138063E0BB79002B04D0FB898C
:10B3300043F01003FB8103E0FB8923F01003FB8142
:10B340004FF0C043C4221A802C4AFB8913804FE07F
:10B35000BB79002B04D0FB8943F02003FB8103E081
:10B36000FB8923F02003FB814FF0C043C4221A80E5
:10B37000224AFB8913803BE0BB79002B04D0FB8978
:10B3800043F08003FB8103E0FB8923F08003FB8112
:10B390004FF0C043C4221A80184AFB89138027E06B
:10B3A000BB79002B04D0FB8943F04003FB8103E011
:10B3B000FB8923F04003FB814FF0C043C4221A8075
:10B3C0000E4AFB89138013E0BB79002B04D0FB8964
:10B3D00043F48073FB8103E0FB8923F48073FB81DA
:10B3E0004FF0C043C4221A80044AFB89138000BF77
:10B3F00000BF1437BD4680BC704700BF000004602A
:10B4000080B582B000AF0023FB804FF0C043042220
:10B410001A80134B1B88FB80FB8843F40053FB808E
:10B420004FF0C04304221A800D4AFB881380642029
:10B4300009F04CFF4FF0C04304221A80084B1B88D0
:10B44000FB80FB8823F40053FB804FF0C0430422B1
:10B450001A80034AFB88138000BF0837BD4680BDB1
:10B4600000000460F0B58BB004AFFF23BB82FF2364
:10B470007B8200233B81894B1B78DBB21A46884BC9
:10B4800053F82230B3F86230FB80844B1B78DBB278
:10B490001A46834B53F82230B3F86430BB807F4B9D
:10B4A0001B78DBB21A467E4B53F8223093F85730A4
:10B4B000002B57D1794B1B78DBB21A46784B53F8E7
:10B4C0002230B3F862301A46744B1B78DBB219464F
:10B4D000734B53F82130B3F8683013446F4A127835
:10B4E000D2B211466E4A52F82120B2F866201344B7
:10B4F0006A4A1278D2B21146694A52F82120B2F84B
:10B500006A201344654A1278D2B21146644A52F84E
:10B510002120B2F864201146604A1278D2B2104657
:10B520005F4A52F82020B2F86E200A445B4909783D
:10B53000C9B208465A4951F82010B1F86C100A44B3
:10B5400056490978C9B20846554951F82010B1F852
:10B5500070100A4402FB03F31846F5F791FB03460B
:10B56000FB6058E04D4B1B78DBB21A464C4B53F84E
:10B570002230B3F862305B089BB21A46474B1B7807
:10B58000DBB21946464B53F82130B3F86830134408
:10B59000424A1278D2B21146414A52F82120B2F8FA
:10B5A000662013443D4A1278D2B211463C4A52F802
:10B5B0002120B2F86A201344384A1278D2B21146D8
:10B5C000374A52F82120B2F864201146334A1278E3
:10B5D000D2B21046324A52F82020B2F86E200A4405
:10B5E0002E490978C9B208462D4951F82010B1F802
:10B5F0006C100A4429490978C9B20846284951F80B
:10B600002010B1F870100A4402FB03F31846F5F756
:10B6100037FB0346FB60214B1B78DBB21A46204BFD
:10B6200053F82230B3F85A301A461E4B02FB03F38C
:10B630001846F5F725FB0346F9681846F5F728FC88
:10B6400003461846F5F736FD03463B813B891A460B
:10B65000154916480EF046FA104B1B78DBB21A4615
:10B660000F4B53F8223093F86130022B20D80B4B4C
:10B670001B78DBB21A460A4B53F82230B3F85A3023
:10B680007B81064B1B78DBB21A46054B53F8223000
:10B69000B3F85A30184605F075F81FE06F460020E1
:10B6A0001C02002040420F00505C0308585C030855
:10B6B000A74B1B78DBB21A46A64B53F82230B3F8DF
:10B6C0005A307B81A24B1B78DBB21A46A14B53F850
:10B6D0002230B3F85A30184605F054F89C4B1B78CA
:10B6E000DBB21A469B4B53F8223093F85730002BAD
:10B6F0004BD1974B1B78DBB21A46964B53F822304E
:10B70000B3F86860924B1B78DBB21A46914B53F842
:10B710002230B3F866C08E4B1B78DBB21A468D4BD5
:10B7200053F82230B3F86A30894A1278D2B21146FF
:10B73000884A52F82120B2F86E2085490978C9B2AA
:10B740000846844951F82010B1F86C108048007800
:10B75000C0B204467F4850F82400B0F87000BD889D
:10B76000FC88039002910192009363463246294679
:10B77000204600F07DFEBB88FA88002100200BF0F7
:10B78000F9FA00200BF0CAFAE9E0714B1B78DBB242
:10B790001A46704B53F8223093F85730002B67D07D
:10B7A0006B4B1B78DBB21A466A4B53F8223093F886
:10B7B0005930002B5CD1FB885B089CB2644B1B7832
:10B7C000DBB21A46634B53F82230B3F86860604B23
:10B7D0001B78DBB21A465F4B53F82230B3F866C0D1
:10B7E0005B4B1B78DBB21A465A4B53F82230B3F846
:10B7F0006A30574A1278D2B21146564A52F821207E
:10B80000B2F86E2052490978C9B20846514951F838
:10B810002010B1F86C104E480078C0B205464D4873
:10B8200050F82500B0F87000BD8803900291019295
:10B830000093634632462946204600F019FEBB8835
:10B84000FA88002100200BF095FA414B1B78DBB2FF
:10B850001A46404B53F8223093F85830002B03D04F
:10B8600030200BF05BFA7AE010200BF057FA76E00C
:10B87000374B1B78DBB21A46364B53F8223093F81D
:10B880005730002B6BD0324B1B78DBB21A46314B52
:10B8900053F8223093F85930002B60D0FB885B08B6
:10B8A0009CB22B4B1B78DBB21A462A4B53F8223042
:10B8B000B3F86860264B1B78DBB21A46254B53F869
:10B8C0002230B3F866C0224B1B78DBB21A46214BFC
:10B8D00053F82230B3F86A301D4A1278D2B21146BA
:10B8E0001C4A52F82120B2F86E2019490978C9B2D1
:10B8F0000846184951F82010B1F86C101448007827
:10B90000C0B20546134850F82500B0F87000BD8855
:10B9100003900291019200936346324629462046E5
:10B9200000F0A6FDBB88FA88002100200BF022FA67
:10B93000074B1B78DBB21A46064B53F8223093F8BC
:10B940005830002B08D070200BF0E8F907E000BF5A
:10B950006F4600201C02002050200BF0DFF93E4B08
:10B960001B78DBB21A463D4B53F8223093F85E3019
:10B97000184600F041FD384B1B78DBB21A46374BB6
:10B9800053F8223093F85D30184600F0EDFC324B4E
:10B990001B78DBB21A46314B53F8223093F85F30F4
:10B9A000184600F005FD012000F0BAFC0123FB75EC
:10B9B00036E00123BB7523E0FB7D642203FB02F22A
:10B9C000BB7D92FBF3F39BB27A89D31A7B827B8A8D
:10B9D000002B06D1224AFB7D1370224ABB7D1370D7
:10B9E00011E07A8ABB8A9A4207D21D4AFB7D137006
:10B9F0001C4ABB7D13707B8ABB82BB7D0133BB7548
:10BA0000BB7DFF2BD8D17B8A002B06D1144AFB7D4E
:10BA10001370144ABB7D137005E0FB7D0133FB7589
:10BA2000FB7DFF2BC5D10E4B1B78012B05D90C4B91
:10BA30001B78013BDAB20A4B1A700A4B1B78012BB8
:10BA400005D9084B1B78013BDAB2064B1A7000236C
:10BA500018461C37BD46F0BD6F4600201C02002072
:10BA6000C42E0020C52E002090B583B000AF044640
:10BA7000084611461A462346FB800346BB800B4608
:10BA80007B8013463B803B887A88B988F8880BF026
:10BA9000E3F8B8690BF012F90BF08AF8002000F017
:10BAA0009FFB00BF0C37BD4690BD000080B586B03F
:10BAB00002AF0346FB800B46BB8013467B800BF036
:10BAC0002BF80023FB8175E0FB890F2B57D801A2CF
:10BAD00052F823F015BB01081BBB010821BB01086C
:10BAE00029BB010831BB010839BB010841BB010872
:10BAF00047BB01084FBB010855BB01085BBB0108F0
:10BB000061BB010867BB01086DBB010873BB01087D
:10BB100079BB01080023BB6031E0FF23BB602EE04E
:10BB20004FF47F43BB602AE04FF47F03BB6026E005
:10BB30004FF0FF13BB6022E04FF6FF73BB601EE0C7
:10BB4000214BBB601BE06FF07F43BB6017E01F4BD6
:10BB5000BB6014E01E4BBB6011E01E4BBB600EE0EF
:10BB60001D4BBB600BE01D4BBB6008E01C4BBB607A
:10BB700005E01C4BBB6002E01B4BBB6000BFFB89B8
:10BB8000BA8803FB02F27B8892FBF3F399B2FB893C
:10BB90000133BA8803FB02F27B8892FBF3F398B27D
:10BBA000FA88BB68009303460020FFF75DFFFB891E
:10BBB0000133FB81FA897B889A4285D30BF0C2F866
:10BBC00000BF1037BD4680BD00FFFF000FF0FF0033
:10BBD000FF0FF0000F00F0000FF0F000FFF0F0009A
:10BBE000FFF0FF000FFFF0000F0FF00080B586B0F0
:10BBF00002AF0346FB800B46BB8013467B800AF0F6
:10BC00008BFF0023FB816BE0FB890D2B4DD801A23C
:10BC100052F823F04DBC010853BC010859BC01087F
:10BC200061BC010869BC010871BC010879BC01084C
:10BC30007FBC010887BC01088DBC010893BC0108CA
:10BC400099BC01089FBC0108A5BC01080023BB608A
:10BC50002BE0FF23BB6028E04FF47F43BB6024E070
:10BC60004FF47F03BB6020E04FF0FF13BB601CE08C
:10BC70004FF6FF73BB6018E0254BBB6015E06FF01B
:10BC80007F43BB6011E0234BBB600EE0224BBB60E7
:10BC90000BE0224BBB6008E0214BBB6005E0214B71
:10BCA000BB6002E0204BBB6000BFFB89FA8803FB4E
:10BCB00002F27B8892FBF3F398B2FB890133FA8896
:10BCC00003FB02F27B8892FBF3F39AB2B988BB685C
:10BCD00000930B460021FFF7C7FEFB890133FB8170
:10BCE000FA897B889A428FD30BF02CF80F4B1B7884
:10BCF000DBB21A460E4B53F8223093F86130032B17
:10BD000002D1072004F040F900BF1037BD4680BDC6
:10BD100000FFFF000FF0FF00FF0FF0000F00F0002A
:10BD20000FF0F000FFF0F000FFF0FF006F46002082
:10BD30001C02002090B585B002AF044608461146AB
:10BD40001A462346FB800346BB800B467B80134686
:10BD50003B800AF0E1FEB98B3A8B3B6A00930B46BD
:10BD600000210020FFF780FE3C887A88B988F88897
:10BD70007B6A00932346FFF777FE0AF0E3FF094B47
:10BD80001B78DBB21A46084B53F8223093F8613027
:10BD9000032B02D1072004F0F7F800BF0C37BD4693
:10BDA00090BD00BF6F4600201C02002080B582B00D
:10BDB00000AF0346FB800B46BB8013467B80FA88AE
:10BDC0007B88B2FBF3F398B2BA887B88B2FBF3F3BB
:10BDD00099B200236FF07F4200F098FB022000F040
:10BDE000FFF9094B1B78DBB21A46084B53F8223097
:10BDF00093F86130032B02D1022004F0C5F800BF94
:10BE00000837BD4680BD00BF6F4600201C020020E1
:10BE100080B584B000AFBA607B600346FB810B46FF
:10BE2000BB81B9897B68BA68012000F06FFB0220F2
:10BE300000F0D6F9084B1B78DBB21A46074B53F8D3
:10BE4000223093F86130032B02D1022004F09CF8D9
:10BE500000BF1037BD4680BD6F4600201C02002089
:10BE600090B58BB002AFBA601A460346FB810B4611
:10BE7000BB811346FB800023FB760023BB760023A7
:10BE80007B76BB681B0C3B76BB681B0AFB75BB68EB
:10BE9000BB750AF041FEFA89FB88B2FBF3F39BB253
:10BEA0001846F4F7EDFE03463B610023BB830023F5
:10BEB000FB836EE0FB8B1846F4F7E2FE034639691C
:10BEC0001846F4F731FF03461846F5F7F3F8034632
:10BED000BB83FA7E397EFB8891FBF3F31344FF2B7F
:10BEE000A8BFFF23FB76BA7EF97DFB8891FBF3F3B5
:10BEF0001344FF2BA8BFFF23BB767A7EB97DFB8856
:10BF000091FBF3F31344FF2BA8BFFF237B76BB8B7E
:10BF10001846F4F7B5FE034639691846F4F7FCFDF8
:10BF200003461C46FB891846F4F7AAFE0346194649
:10BF30002046F5F7B5F80346002B0AD0FB891846D2
:10BF4000F4F79EFE03461846F5F7B4F803469AB296
:10BF50000EE0BB8B1846F4F793FE0346396918468A
:10BF6000F4F7DAFD03461846F5F7A4F803469AB24B
:10BF7000FB7E1904BB7E1B0219437B7E0B431946D3
:10BF8000BB89B88B00910021FFF76EFDFB8B01335D
:10BF9000FB83BA8BFB899A428CD30AF0D3FE094B00
:10BFA0001B78DBB21A46084B53F8223093F8613005
:10BFB000032B02D1072003F0E7FF00BF2437BD4663
:10BFC00090BD00BF6F4600201C02002080B58AB0E3
:10BFD00002AFBA601A460346FB810B46BB8113468B
:10BFE000FB800023FB760023BB7600237B76BB68B7
:10BFF0001B0C3B76BB681B0AFB75BB68BB750AF064
:10C000008BFDBA89FB88B2FBF3F39BB21846F4F7B9
:10C0100037FE03463B610023BB830023FB834CE0D8
:10C02000FB8B1846F4F72CFE034639691846F4F7E3
:10C030007BFE03461846F5F73DF80346BB83FA7EC0
:10C04000397EFB8891FBF3F31344FF2BA8BFFF233A
:10C05000FB76BA7EF97DFB8891FBF3F31344FF2B4B
:10C06000A8BFFF23BB767A7EB97DFB8891FBF3F3F3
:10C070001344FF2BA8BFFF237B76BB8B1846F4F736
:10C08000FFFD034639691846F4F746FD0346184696
:10C09000F5F710F8034698B2FB7E1A04BB7E1B022C
:10C0A0001A437B7E1343FA89B98B00930346002021
:10C0B000FFF7DAFCFB8B0133FB83BA8BBB899A4217
:10C0C000AED30AF03FFE094B1B78DBB21A46084B91
:10C0D00053F8223093F86130032B02D1072003F08C
:10C0E00053FF00BF2037BD4680BD00BF6F46002014
:10C0F0001C02002080B584B002AF03463A60FB808A
:10C100000B46BB800AF008FDB988FA883B680093AB
:10C110000B4600210020FFF7A7FC0AF013FE094B95
:10C120001B78DBB21A46084B53F8223093F8613083
:10C13000032B02D1072003F027FF00BF0837BD46BD
:10C1400080BD00BF6F4600201C02002080B584B077
:10C1500000AF0346FB71FB799BB20133FB81FB8986
:10C1600018460AF0C7FD002000F03AF8084B1B788B
:10C17000DBB21A46074B53F8223093F86130032B99
:10C1800002D1072003F000FF00BF1037BD4680BD7D
:10C190006F4600201C02002080B582B000AF402313
:10C1A000FB804FF0C042FB8813800C4B1B88BB8088
:10C1B000BB8843F00103BB80012009F087F8074AE0
:10C1C000BB8813804FF0C042FB881380034ABB88B2
:10C1D000138000BF0837BD4680BD00BF000004606B
:10C1E00080B485B000AF0346FB714023BB814FF0A4
:10C1F000C042BB8913803C4B1B88FB81FB8903F049
:10C20000F103FB81FB790D2B65D801A252F823F0D5
:10C21000D7C2010849C2010853C201085DC2010822
:10C2200067C2010871C201087BC2010885C201080A
:10C230008FC2010899C20108A7C20108B1C2010852
:10C24000BFC20108C9C20108FB8943F00203FB8198
:10C2500042E0FB8943F00403FB813DE0FB8943F0AE
:10C260000603FB8138E0FB8943F00803FB8133E0E0
:10C27000FB8943F00A03FB812EE0FB8943F00C03AA
:10C28000FB8129E0FB8943F00E03FB8124E0FB895D
:10C2900043F40073FB811FE0FB8943F4007343F018
:10C2A0000203FB8118E0FB8943F40173FB8113E077
:10C2B000FB8943F4017343F00203FB810CE0FB892B
:10C2C00043F40273FB8107E0FB8943F4027343F0FC
:10C2D0000203FB8100E000BF034AFB89138000BF1B
:10C2E0001437BD4680BC70470000046080B483B042
:10C2F00000AF4023FB804FF0C042FB881380074B08
:10C300001B88BB80BB8823F00103BB80034ABB882A
:10C31000138000BF0C37BD4680BC7047000004602E
:10C3200080B485B000AF0346FB714023BB814FF062
:10C33000C042BB8913800B4B1B88FB81FB79012B0F
:10C3400004D1FB8923F08003FB8103E0FB8943F0E8
:10C350008003FB81034AFB89138000BF1437BD466D
:10C3600080BC70470000046080B485B000AF034615
:10C37000FB714023BB814FF0C042BB8913800B4B44
:10C380001B88FB81FB79012B04D1FB8923F010036F
:10C39000FB8103E0FB8943F01003FB81034AFB8927
:10C3A000138000BF1437BD4680BC70470000046096
:10C3B00080B485B000AF0346FB714023BB814FF0D2
:10C3C000C042BB8913800B4B1B88FB81FB79012B7F
:10C3D00004D1FB8923F02003FB8103E0FB8943F0B8
:10C3E0002003FB81034AFB89138000BF1437BD463D
:10C3F00080BC70470000046080B485B000AF034685
:10C40000FB714023BB814FF0C042BB8913800B4BB3
:10C410001B88FB81FB79012B04D1FB8923F04003AE
:10C42000FB8103E0FB8943F04003FB81034AFB8966
:10C43000138000BF1437BD4680BC70470000046005
:10C4400080B483B000AF03460A46FB711346BB803D
:10C450004FF0C043FA7992B21A80044ABB88138025
:10C4600000BF0C37BD4680BC704700BF00000460B1
:10C4700090B482B000AF0446084611461A462346DF
:10C48000FB800346BB800B467B8013463B804FF00E
:10C49000C04342221A801C4AFB8813804FF0C043DD
:10C4A00043221A80184ABB8813804FF0C0434422AD
:10C4B0001A80154A7B8813804FF0C04345221A80AA
:10C4C000114A3B8813804FF0C04346221A800E4A1F
:10C4D0003B8A13804FF0C04347221A800A4ABB8A26
:10C4E00013804FF0C04348221A80074A3B8B1380C9
:10C4F0004FF0C04349221A80034ABB8B138000BF10
:10C500000837BD4690BC70470000046080B485B019
:10C5100000AFBA607B600346FB810B46BB814FF0E6
:10C52000C0434A221A80194AFB89013B9BB21380FF
:10C530004FF0C0434B221A80144ABB8913804FF03E
:10C54000C0434C221A80114BBA6892B21A804FF045
:10C55000C0434D221A80BB681A0C0C4B92B21A8051
:10C560004FF0C0434E221A80084B7A6892B21A806C
:10C570004FF0C0434F221A807B681A0C034B92B2D3
:10C580001A8000BF1437BD4680BC704700000460AD
:10C5900080B584B000AF4FF0C04310221A804D4BDD
:10C5A00001221A804FF0C04311221A80494BFE220B
:10C5B0001A800A2008F08AFE0023FB60F968002038
:10C5C00000F094F84FF4D573FB60F968082000F090
:10C5D0008DF84FF0C04316221A803E4B1B889BB249
:10C5E000FB60FB68DB08FB60FB6803F00103FB609A
:10C5F000FA68394939480DF075FAFB68012B01D109
:10C60000012363E00023FB600023FB7215E0F9685F
:10C61000372000F06BF8324BFB60F968292000F0FE
:10C6200065F8F860FB68DB0FFB60FB7A0133FB7297
:10C63000FB7AC82B01D9012348E0FB68002BE6D028
:10C640000023FB60F968022000F050F8F96803202D
:10C6500000F04CF878607968092000F047F87968B4
:10C66000072000F043F84FF0C04311221A80194B05
:10C6700004221A807968372000F038F8002133202E
:10C6800000F034F87968372000F030F80A2008F01C
:10C690001DFE0223FB60F968062000F027F8114B0D
:10C6A000FB60F968062000F021F80F4BFB60F96889
:10C6B000062000F01BF84FF0C04311221A80054BF2
:10C6C00002221A80034B02221A80002318461037D8
:10C6D000BD4680BD00000460745C03087C5C0308F8
:10C6E0000080FF4001FFFF0001FFFF8080B584B0A4
:10C6F00000AF03463960FB714FF0C04312221A802D
:10C70000354BFA7992B21A804FF0C04313221A8047
:10C71000314B3A6892B21A804FF0C04314221A800B
:10C720003B681A0C2C4B92B21A804FF0C043102277
:10C730001A80294B1B889BB2FB60FB6843F0030304
:10C74000FB60254BFA6892B21A804FF0C04310226A
:10C750001A80FA684FF6FD731340FB601E4BFA68AF
:10C7600092B21A800023BB6002E0BB680133BB6059
:10C77000BB68632BF9D94FF0C04316221A800023FF
:10C78000FB6007E0144B1B889BB2FB60FB6803F067
:10C790000103FB60FB68002BF4D04FF0C043132271
:10C7A0001A800D4B1B889BB2FB604FF0C0431422D4
:10C7B0001A80094B1B889BB2BB60BB681B04BB6023
:10C7C000BA68FB681344BB600A2008F039FDBB68F7
:10C7D00018461037BD4680BD0000046080B586B0A5
:10C7E00000AFF860B9601346FB71404B1B78002B1B
:10C7F00002D1BB685B02BB60FB79012B2DD14FF0EE
:10C80000C04315221A803A4B00221A80B9681120C1
:10C81000FFF76CFF642008F013FD00237B6116E036
:10C820004FF0C04318221A80314B7A6992B21A80B5
:10C830004FF0C04317221A802D4B1B8899B2FA681B
:10C840007B691344CAB21A707B6901337B617B69CF
:10C85000B3F5007FE4D3002343E04FF0C04315223B
:10C860001A80FB799BB2224A013B9BB21380B968C4
:10C870001220FFF73BFF00210C20FFF737FF0023BA
:10C880003B6129E000237B611FE04FF0C043182289
:10C890001A803B699BB25B029AB27B699BB21449D6
:10C8A00013449BB20B804FF0C04317221A80104BE9
:10C8B0001B8899B23B695A027B691344FA68134496
:10C8C000CAB21A707B6901337B617B69B3F5007F63
:10C8D000DBD33B6901333B61FB793A699A42D1D39F
:10C8E000002318461837BD4680BD00BFC841002050
:10C8F0000000046080B582B000AF78600B467B809A
:10C900000AF026F94FF0C04310221A801E4B002275
:10C910001A804FF0C04310221A801B4B01221A804C
:10C920004FF0C04310221A80174B05221A804FF097
:10C93000C04315221A80144A7B88013B9BB21380A6
:10C94000124B1B78002B02D17B685B027B607968FD
:10C950001220FFF7CBFE00210C20FFF7C7FE4FF09F
:10C96000C04310221A80084B00221A804FF0C043A7
:10C9700010221A80044B00221A800AF001F90023C9
:10C9800018460837BD4680BD00000460C84100203D
:10C99000B0B58EB002AF012200214B48FFF71EFF59
:10C9A000494B93F8FE31552B40F08980464B93F864
:10C9B000FF31AA2B40F08380434B1B78EB2B03D035
:10C9C000414B1B78E92B02D10023FB6242E03F4B35
:10C9D0001B68FB623E4B1B6800221C461546C7E9DC
:10C9E0000845D7E908014FF000024FF000034B0261
:10C9F00043EAD0534202C7E90623D7E906014FF0C4
:10CA000000024FF00003820A42EA81528B0AC7E912
:10CA10000623D7E906014FF000024FF00003820A17
:10CA200042EA81528B0AC7E90623D7E9062340F27E
:10CA300009718A4273F1000302D3264B01221A7056
:10CA4000FA6A254925480DF04DF80122F96A1E4879
:10CA5000FFF7C4FE1C4B93F8FE31552B29D11A4B1E
:10CA600093F8FF31AA2B24D1174B5B7BFB751C4B32
:10CA70001B883B61FA6A3B691344FB62124B1B7CC7
:10CA80003B61184B1B68FB60174B1B68BB603B6925
:10CA9000FA6802FB03F33B61FA6A3B691344FB62E9
:10CAA000FA6A0D4911480DF01DF800BF00237B857F
:10CAB00021E1FA6A08490E480DF014F820E1064910
:10CAC0000C480DF00FF81BE1C82E00208E3000201E
:10CAD00092300020C8410020745C0308905C030879
:10CAE000D62E0020EC2E0020F42E0020B45C03088B
:10CAF000DC5C0308105D03080422F96A8248FFF732
:10CB00006DFE7B8D804AD35C462B40F0F1807B8D9F
:10CB100003337D4AD35C202B40F0EA807B8D0133C8
:10CB2000794AD35C3F2B00F2E3807B8D0233764A57
:10CB3000D35C3F2B00F2DC807B8D0133724AD35CE7
:10CB4000292B40F2D5807B8D02336F4AD35C292B91
:10CB500040F2CE807B8D01336B4AD35C303B3B612E
:10CB60007B8D0233684AD35C303BFB603B699BB2F0
:10CB70001A46920013445B009AB2FB689BB21344BE
:10CB8000FB80FB883F2B00F2B3807B8D14335E4A21
:10CB900013441B883B617B8D1A335B4A13441B880B
:10CBA000FB603B691B04FA6813433B613A69BB684D
:10CBB000D31AFA7D02FB03F3FA6A13443B617B8DBF
:10CBC0001C33514A13441B68FB60FB685B0A01334A
:10CBD000FB60012239694C48FFF700FE4A4BDB7CC1
:10CBE000BB80BB881B02BB80474B9B7C9AB2BB8837
:10CBF0001344BB80444BDB7D7B807B881B027B80A6
:10CC0000414B9B7D9AB27B8813447B80FA883F49D5
:10CC100013465B0013449B000B44BA881A80FA88C1
:10CC20003A4913465B0013449B000B4402337A8855
:10CC30001A80FA88354913465B0013449B000B4465
:10CC400008333A691A60FA88304913465B00134486
:10CC50009B000B440433FA681A60FB88013B0E2BDF
:10CC600020D801A252F823F0A5CC0108A5CC0108D8
:10CC7000A5CC0108A5CC0108A5CC0108A5CC0108CC
:10CC8000A5CC0108A5CC0108A5CC0108A5CC0108BC
:10CC9000A5CC0108A5CC0108A5CC0108A5CC0108AC
:10CCA000A5CC0108FA88B9887B8800930B461849FF
:10CCB00018480CF017FFFB8819461748F7F7FCF8DF
:10CCC0007B88BA880021002009F0C6FFFB88013369
:10CCD0009BB2184609F00CFFFB683A690C490F48F3
:10CCE0000CF000FFFB689BB219463869FFF702FEA3
:10CCF0007B8D20337B857B8DB3F5805FFFF4FCAEAD
:10CD00003037BD46B0BD00BFC82E0020C83E002051
:10CD1000745C0308305D0308505D03086C5D030814
:10CD200080B584B000AF3B600346FB710B46BB711E
:10CD300013467B710023FB73BB79002B05D0BB79B5
:10CD4000002B02D0BB79F72B02D90223FB735FE0E3
:10CD5000324ABB791370FB79002B02D0012B22D011
:10CD600043E02F4B2F4A1A602F4B304A1A60304B4A
:10CD7000304A1A60304B314A1A60314B00221A6037
:10CD8000304B314A1A60314B314A1A60314B324ACA
:10CD90001A60224B18783B7E79793A6801F024F9C1
:10CDA0000346FB7323E01E4B2C4A1A601E4B2C4A91
:10CDB0001A601F4B2B4A1A601F4B2B4A1A60204BDC
:10CDC00000221A601F4B294A1A60204B284A1A6019
:10CDD000204B284A1A60114B18783B7E79793A68C3
:10CDE00000F026F90346FB7301E00223FB73FB7B93
:10CDF000002B0DD101F03CFB0346002B02D1032395
:10CE0000FB7305E01C4AFB7913701C4B01221A705E
:10CE1000FB7B18461037BD4680BD00BFC9410020CE
:10CE2000D041002071E00108D4410020ADE00108AC
:10CE3000CC4100208DE10108D8410020E1E001084B
:10CE4000DC410020E041002065E20108E4410020CF
:10CE500035E30108E8410020E5E30108A1D001081D
:10CE6000E1D00108BDD1010815D1010879D201082E
:10CE7000FDD301085DD50108CA410020D002002081
:10CE800080B582B000AF0023FB71094B1B78012BEA
:10CE900006D1084B1B689847054B00221A7001E029
:10CEA0000623FB71FB7918460837BD4680BD00BFDD
:10CEB000D0020020D041002090B583B000AF002305
:10CEC000FB70514B1B78002B01D0062397E0BB1C55
:10CED000184601F0EFFA0346012B40F08A80BB7838
:10CEE000032B00F28B8001A252F823F0FDCF010842
:10CEF000FDCE01082FCF0108FDCF0108434B1B6871
:10CF0000434A4449444898470346FB70FB78002B4A
:10CF100071D1414B1A78414B1B789A4203D03E4B5A
:10CF20001B78002B67D1022001F0AEFA63E0394B89
:10CF30001B681A783A4B1A703A4B01221A70002378
:10CF40007B601FE0384A7B6812F83330002B1DD01D
:10CF5000354A7B6812F83320314B1B789A420ED148
:10CF6000314A7B68DB0013445B682A4A126828490F
:10CF70001046984703461A462A4B1A7007E07B680A
:10CF800001337B607B680F2BDCDD00E000BF224BB0
:10CF90001B78002B31D0234B1B78002B1DD01C4B52
:10CFA00000221A801E4B1A781A4B1968184B1B88DE
:10CFB000581C84B2164804800B4462F07F02D2B23F
:10CFC0001A70144B1A68124B1B88591C88B21049EE
:10CFD00008801344134A12781A70144B1B680F4AC6
:10CFE00010780C4A11680A4A128898470346FB7069
:10CFF00003E000BF02E000BF00E000BF00231846CE
:10D000000C37BD4690BD00BFD0020020D8410020A3
:10D01000F4410020F0410020EC410020C9410020F3
:10D02000F6410020F7410020D4020020CC4100202E
:10D0300080B586B000AF3A601A460346FB710B46D6
:10D04000BB7113467B710023FB7501233B613B6978
:10D0500083F3108800BF114B0A221A707B79B879CC
:10D060000722396801F04AFA0346012B02D0032354
:10D07000FB7508E044F6206001F0C4FA0346012B7A
:10D0800001D00323FB750023FB60FB6883F310884A
:10D0900000BFFB7D18461837BD4680BD0642002004
:10D0A00080B582B000AF01233B603B6883F31088FA
:10D0B00000BF0021012001F035FA084B00221A7050
:10D0C00000237B607B6883F3108800BF002001F0A1
:10D0D000DBF900BF0837BD4680BD00BFF941002025
:10D0E00080B582B000AF01233B603B6883F31088BA
:10D0F00000BF0021002001F015FA01F0CDFA002355
:10D100007B607B6883F3108800BF00BF0837BD4693
:10D1100080BD000080B588B000AFF860B9607A606B
:10D120000023FB770123BB61BB6983F3108800BF39
:10D130001D4B1B889BB2FF2B05D91C4B1C4A9C2105
:10D140001C480CF025FC184B1B889BB2022B1ED9E7
:10D15000194B1B68144A128892B21146184600F007
:10D1600071FA0346002B12D1134B1B681B78DAB2FD
:10D17000FB681A700C4B1B889BB2023B9AB27B680F
:10D180001A800D4B1B685A1CBB681A6001E005230E
:10D19000FB7700237B617B6983F3108800BFFB7FF3
:10D1A00018462037BD4680BDFA410020AC5D03081B
:10D1B000FC780308D45D03085403002080B586B0D2
:10D1C00000AF03463960FB711346BB800023FB753B
:10D1D00001233B613B6983F3108800BF214B1B781F
:10D1E000DBB2002B31D13B68013B1F4A13601F4B60
:10D1F00001221A801C4B1B68FA791A701B4B1B8882
:10D200009AB2BB8813449AB2184B1A80164B1B680B
:10D21000164A128892B21146184600F013FA0346D5
:10D22000BB75134B1A68114B1B889BB2591C88B2F3
:10D230000E4908801344BA7D1A700E4B01221A70F1
:10D240000121002001F06EF901E00523FB750023A8
:10D25000FB60FB6883F3108800BFFB7D184618371E
:10D26000BD4680BDF941002000420020044200205C
:10D2700054030020F841002080B582B000AF0023A5
:10D28000FB71554B1B78DBB2002B05D0534B544A36
:10D29000E32154480CF07CFB7B1D184601F08CF90F
:10D2A000514B1B78DBB2022B5DD0022B00F38E803A
:10D2B000002B7CD0012B40F0898001F0D7F97B79DD
:10D2C0003A2B06D1494B00221A70494B00221A8092
:10D2D0007CE07B790D2B03D1434B02221A7075E061
:10D2E0007B79184600F066F90346BB713F4B1B780B
:10D2F000DBB2002B02D0012B19D067E03C4B1B881E
:10D300009BB2FF2B0DD83B4B1B68394A128892B257
:10D310001344BA791201D2B21A70344B01221A7036
:10D3200020E0314B00221A7001F0B6F91AE0314BBF
:10D330001B682F4A128892B211460B441B78D9B24F
:10D340002C4B1B681344BA790A43D2B21A70284B8B
:10D350001B889BB201339AB2254B1A80234B0022C3
:10D360001A7000BF32E07A79234B1B78DBB29A4205
:10D370000AD101F091F91C4B00221A70012001F032
:10D3800083F80346FB7121E07B793A2B0BD1174BD5
:10D3900000221A70164B00221A80134B01221A70B9
:10D3A00001F064F912E0104B00221A700EE07B7954
:10D3B0003A2B0AD101F05AF90D4B00221A800B4B7F
:10D3C00000221A70084B01221A7000BFFB79184620
:10D3D0000837BD4680BD00BFF8410020F05D03085E
:10D3E0000C790308D45D0308F9410020FC410020BA
:10D3F000FA410020540300200642002080B582B08C
:10D4000000AF0023FB714C4B1B78DBB2002B06D026
:10D410004A4B4B4A40F24F114A480CF0B9FA4A4B7A
:10D420001B78DBB2042B00F2818001A252F823F0BA
:10D4300023D5010845D401085FD40108EFD40108C1
:10D4400003D501083A23BB71BB79184601F0A0F857
:10D450003D4B02221A703D4B00221A7066E03C4B95
:10D460001B889BB2002B3AD0384B1B78DBB2002BC9
:10D4700002D0012B13D059E0364B1B681B78DBB26E
:10D480001B09DBB2184600F0B5F80346BB71BB7947
:10D49000184601F07DF82D4B01221A7026E02D4B25
:10D4A0001B681B78DBB203F00F03DBB2184600F0F9
:10D4B000A1F80346BB71BB79184601F069F8254B0A
:10D4C0001B680133234A1360204B00221A70204B43
:10D4D0001B889BB2013B9AB21D4B1A8006E00D20BF
:10D4E00001F056F8184B03221A701FE01EE01A4B89
:10D4F0001B78DBB2184601F04BF8134B04221A706C
:10D5000014E0114B00221A70032000F0BDFF034607
:10D51000FB710021012001F005F80B4B00221A706D
:10D5200004E00021012000F0FDFF00BFFB79184658
:10D530000837BD4680BD00BFF94100200C5E0308DE
:10D5400020790308D45D0308F8410020FC41002045
:10D5500004420020004200200642002080B500AFB7
:10D56000104B1B78DBB2013B012B03D80D4B002283
:10D570001A7011E00B4B1B78DBB2012B0BD0094B5F
:10D580001B78DBB2022B06D0074B084A40F2A711EA
:10D5900007480CF0FDF900BF01F07EF800231846A3
:10D5A00080BD00BFF9410020285E030834790308DC
:10D5B000D45D030880B483B000AF0346FB71FB79F0
:10D5C0002F2B06D9FB79392B03D8FB79303BDBB203
:10D5D0000AE0FB79402B06D9FB79462B03D8FB796F
:10D5E000373BDBB200E0FF2318460C37BD4680BC5A
:10D5F0007047000080B582B000AF0346FB71FB7935
:10D60000092B03D8FB793033DBB210E0FB79092B0F
:10D6100006D9FB790F2B03D8FB793733DBB206E051
:10D62000054B064A4FF4E87105480CF0B1F918466D
:10D630000837BD4680BD00BF6C5E03084C79030807
:10D64000D45D030880B485B000AF78600B467B8062
:10D650000023FB7306E07B685A1C7A601A78FB7B18
:10D660001344FB737B885A1E7A80002BF3D1FB7B1B
:10D670005B42FB73FB7B18461437BD4680BC70478A
:10D6800080B586B000AF786039600023BB753B6819
:10D690001B88052B6CD17B6801331B789BB21B0266
:10D6A000BB827B6802331B789AB2BB8A1343BB826E
:10D6B000BB8A0133BB827B6803331B789BB21B029E
:10D6C0007B827B6804331B789AB27B8A13437B820C
:10D6D0007B8A002B49D07B8AB3F5FA6F45D27B68F1
:10D6E000FB603B6800221A80FB685A1CFA6001222A
:10D6F0001A703B681B8801339AB23B681A807B8A98
:10D7000003F00703002B06D07B8ADB089BB2DBB259
:10D710000133FB7503E07B8ADB089BB2FB75FB687A
:10D720005A1CFA60FA7D1A703B681B8801339AB262
:10D730003B681A807A8AB98A0023F86801F09AFC5B
:10D740000346FB72FB7A002B06D0FB7A184600F0EA
:10D750002AFC0346BB750DE03B681A88FB7D9BB233
:10D7600013449AB23B681A8004E00323BB7501E0BE
:10D770000323BB75BB7D18461837BD4680BD80B5F9
:10D7800084B000AF786039600023FB733B681B886E
:10D79000052B40D17B6801331B789BB21B02BB81F8
:10D7A0007B6802331B789AB2BB891343BB81BB8968
:10D7B0000133BB817B6804331B78002B28D17B6845
:10D7C00003331B78FF2B04D07B6803331B78002BBB
:10D7D0001ED100237B727B6803331B78FF2B02D1A1
:10D7E00001233B7201E000233B72B98907F1080075
:10D7F0000123012201F03EFC0346FB72FB7A002B61
:10D800000BD0FB7A184600F0CEFB0346FB7304E016
:10D810000323FB7301E00323FB73FB7B18461037E4
:10D82000BD4680BD80B584B000AF7860396000230C
:10D83000BB733B681B88052B54D97B6801331B786D
:10D840009BB21B02BB817B6802331B789AB2BB89F7
:10D850001343BB81BB890133BB817B6803331B78D6
:10D860009BB21B027B817B6804331B789AB27B8955
:10D8700013437B817B685B797B727B8903F00703B1
:10D88000002B06D07B89DB089BB2DBB20133FB7334
:10D8900003E07B89DB089BB2FB737B89002B1ED0E6
:10D8A0007B89B3F5F66F1AD8FA7B7B7A9A4216D148
:10D8B0007B68981D7A89B989012301F0DBFB034657
:10D8C0003B723B7A002B06D03B7A184600F06BFB8C
:10D8D0000346BB7308E03B6805221A8004E003237B
:10D8E000BB7301E00323BB73BB7B18461037BD46F7
:10D8F00080BD80B586B000AF786039600023BB750D
:10D900003B681B88052B6CD17B6801331B789BB26D
:10D910001B02BB827B6802331B789AB2BB8A13431B
:10D92000BB82BB8A0133BB827B6803331B789BB20B
:10D930001B027B827B6804331B789AB27B8A134379
:10D940007B827B8A002B49D07B8AB3F5FA6F45D264
:10D950007B68FB603B6800221A80FB685A1CFA60F7
:10D9600002221A703B681B8801339AB23B681A8006
:10D970007B8A03F00703002B06D07B8ADB089BB26F
:10D98000DBB20133FB7503E07B8ADB089BB2FB75DE
:10D99000FB685A1CFA60FA7D1A703B681B880133D9
:10D9A0009AB23B681A807A8ABB8A1946F86801F0F5
:10D9B0000AFC0346FB72FB7A002B06D0FB7A184662
:10D9C00000F0F1FA0346BB750DE03B681A88FB7D59
:10D9D0009BB213449AB23B681A8004E00323BB75E0
:10D9E00001E00323BB75BB7D18461837BD4680BDDB
:10D9F00080B584B000AF786039600023FB733B686A
:10DA00001B88052B22D17B6801331B789BB21B023C
:10DA1000BB817B6802331B789AB2BB891343BB81FD
:10DA2000BB890133BB817B68D81CB98901230122E2
:10DA300000F0D0FE0346FB72FB7A002B08D0FB7A85
:10DA4000184600F0B0FA0346FB7301E00323FB73B2
:10DA5000FB7B18461037BD4680BD80B584B000AF53
:10DA6000786039600023FB733B681B88052B46D91F
:10DA70007B6801331B789BB21B02BB817B6802333E
:10DA80001B789AB2BB891343BB81BB890133BB812D
:10DA90007B6803331B789BB21B027B817B6804335A
:10DAA0001B789AB27B8913437B817B685B797B729D
:10DAB0007B89002B20D07B89782B1DD87B89DBB21A
:10DAC0005B00DBB27A7A9A4216D17B68981D7A891C
:10DAD000B989012300F07EFE03463B723B7A002B9E
:10DAE00006D03B7A184600F05EFA0346FB7308E066
:10DAF0003B6805221A8004E00323FB7301E0032343
:10DB0000FB73FB7B18461037BD4680BD80B586B0E1
:10DB100000AF786039600023FB753B681B88052BDC
:10DB20005CD17B6801331B789BB21B02BB827B6894
:10DB300002331B789AB2BB8A1343BB82BB8A013380
:10DB4000BB827B6803331B789BB21B027B827B68A2
:10DB500004331B787B827B8A002B3CD07B8A7D2B15
:10DB600039D87B68FB603B6800221A80FB685A1C2E
:10DB7000FA6003221A703B681B8801339AB23B6833
:10DB80001A807B8ADAB2FB68591CF9605200D2B263
:10DB90001A703B681B8801339AB23B681A807A8AF4
:10DBA000B98A0023F86800F015FE0346FB72FB7A81
:10DBB000002B06D0FB7A184600F0F5F90346FB75FA
:10DBC0000EE03B681A887B8A5B009BB213449AB2D2
:10DBD0003B681A8004E00323FB7501E00323FB7517
:10DBE000FB7D18461837BD4680BD80B586B000AFB6
:10DBF000786039600023FB753B681B88092B40F275
:10DC000099807B6801331B789BB21B02BB827B68C7
:10DC100002331B789AB2BB8A1343BB82BB8A01339F
:10DC2000BB827B6803331B789BB21B027B827B68C1
:10DC300004331B789AB27B8A13437B827B6805335B
:10DC40001B789BB21B023B827B6806331B789AB21F
:10DC50003B8A13433B823B8A01333B827B68073319
:10DC60001B789BB21B02FB817B6808331B789AB23E
:10DC7000FB891343FB817B685B7A7B737B8A002B78
:10DC800056D07B8A7D2B53D8FB89002B50D0FB8943
:10DC9000792B4DD8FB895A007B7B9A4248D17B680F
:10DCA00003F10A00FA89398A012300F093FD034643
:10DCB000BB75BB7D002B31D17B68BB603B6800220C
:10DCC0001A80BB685A1CBA6017221A703B681B88FE
:10DCD00001339AB23B681A807B8ADAB2BB68591C5E
:10DCE000B9605200D2B21A703B681B8801339AB2F5
:10DCF0003B681A807A8AB98A0023B86800F06AFD06
:10DD00000346BB75BB7D002B08D13B681A887B8A14
:10DD10005B009BB213449AB23B681A80BB7D002B18
:10DD200008D0BB7D184600F03EF90346FB7501E0C4
:10DD30000323FB75FB7D18461837BD4680BD80B5B3
:10DD400086B000AF786039600023FB753B681B88A4
:10DD5000052B5FD17B6801331B789BB21B02BB8212
:10DD60007B6802331B789AB2BB8A1343BB82BB8A9F
:10DD70000133BB827B6803331B789BB21B027B821F
:10DD80007B6804331B789AB27B8A13437B827B8A3D
:10DD9000002B3CD07B8A7C2B39D87B68FB603B68AE
:10DDA00000221A80FB685A1CFA6004221A703B6831
:10DDB0001B8801339AB23B681A807B8ADAB2FB680F
:10DDC000591CF9605200D2B21A703B681B880133AB
:10DDD0009AB23B681A807A8ABB8A1946F86800F0C2
:10DDE00093FC0346FB72FB7A002B06D0FB7A1846A5
:10DDF00000F0D9F80346FB750EE03B681A887B8A71
:10DE00005B009BB213449AB23B681A8004E0032380
:10DE1000FB7501E00323FB75FB7D18461837BD46F3
:10DE200080BD000080B582B000AF786039607B684B
:10DE30000133084A128808491846F3F72DFB054BB1
:10DE40001B8801339AB23B681A80002318460837B2
:10DE5000BD4680BD284200200842002080B586B023
:10DE600000AF7860084611461A4603467B800B4691
:10DE70007B7013463B703B78FB827B78082B05D97F
:10DE8000294B2A4A37212A480BF082FD7B88DB0880
:10DE9000BB82BB8ADB009BB27A88D31A7B82FA8A68
:10DEA0007B8A02FA03F3FB827B78012202FA03F3F6
:10DEB0009BB2013B3B823A8A7988BB8ADB00CB1A52
:10DEC00002FA03F33B82BB8A7A6813441B78FB8116
:10DED000BB8A01337A6813441B781B021AB2B7F964
:10DEE0000E3013431BB2FB81B7F91030DB431AB27B
:10DEF000B7F90E3013401AB2B7F9163013431BB2FC
:10DF0000FB81BB8A7A681344FA89D2B21A70FB8902
:10DF10001B0A99B2BB8A01337A681344CAB21A70D9
:10DF200000BF1837BD4680BD705E03085C790308EA
:10DF3000805E030880B485B000AF78600B467B80BC
:10DF400013467B707B88DB08FB81FB89DB009BB27F
:10DF50007A88D31ABB817B78012202FA03F39BB241
:10DF6000013B7B81FB897A6813441B783B81FB89E9
:10DF700001337A6813441B781B021AB2B7F90830D0
:10DF800013431BB23B813A89BB8942FA03F33B81BD
:10DF90003A897B8913403B813B89DBB218461437B1
:10DFA000BD4680BC704780B485B000AF0346FB71AE
:10DFB000FB79072B0CD0072B0DDC002B02D0012B9B
:10DFC00003D008E00023FB7308E00223FB7305E0A5
:10DFD0000623FB7302E00423FB7300BFFB7B1846A0
:10DFE0001437BD4680BC704780B586B000AF3A603C
:10DFF0001A460346FB710B46BB7113467B71002327
:10E00000FB750123FB60FB6883F3108800BF7B79FD
:10E01000B8790822396800F071FA0346012B02D062
:10E020000323FB7516E03B68B3F5964F02D9232313
:10E030003B6105E03B685B000C4AB2FBF3F33B61DC
:10E040003B699BB2184600F0DDFA0346012B01D074
:10E050000323FB750023BB60BB6883F3108800BFFC
:10E06000FB7D18461837BD4680BD00BFA07F170056
:10E0700080B582B000AF01233B603B6883F310881A
:10E0800000BF094B00221A700021012000F04AFA5B
:10E0900000F0ECFA00237B607B6883F3108800BFFC
:10E0A00000BF0837BD4680BD2B42002080B582B03E
:10E0B00000AF01233B603B6883F3108800BF002161
:10E0C000002000F02FFA00F0E7FA00237B607B6865
:10E0D00083F3108800BF00BF0837BD4680BD000035
:10E0E00080B588B000AFF860B9607A600023BB7774
:10E0F0000023FB770123BB61BB6983F3108800BF5A
:10E100001C4B1B889BB2FF2B05D91B4B1B4A9C2128
:10E110001B480BF03DFC174B1B889BB2032B1BD9F4
:10E12000144B1B889BB21946164808F055FE03464F
:10E13000002B11D1134B1B78DAB2FB681A700D4B10
:10E140001B889BB2033B9AB27B681A80BB680E4A5D
:10E150001A600123BB7701E00523FB7700237B6175
:10E160007B6983F3108800BFFB7F18462037BD46CC
:10E1700080BD00BF32430020A05E03086C79030815
:10E18000C85E03082C4200202D42002080B586B0D6
:10E1900000AF03463960FB711346BB800023FB755B
:10E1A00001233B613B6983F3108800BF284B1B7838
:10E1B000DBB2012B3FD13B68013B264A1360264B63
:10E1C00001221A80234B1B68FA791A70224B1B8894
:10E1D0009AB2BB8813449AB21F4B1A801D4B1B681E
:10E1E0001D4A128892B21146184608F0F5FD034602
:10E1F000BB82194B1B889BB25A1C91B2164A1180E4
:10E200001A46BB8AD9B2154B9954BB8A1B0A99B2DC
:10E21000114B1B889BB25A1C90B20F4A10801A46B1
:10E22000C9B20E4B99540E4B01221A7001210020E5
:10E2300000F078F901E00523FB750023FB60FB6823
:10E2400083F3108800BFFB7D18461837BD4680BD9C
:10E250002B4200202C430020304300202C42002081
:10E260002A42002080B582B000AF0023FB712A4B08
:10E270001B78DBB2002B05D0284B294AE621294820
:10E280000BF086FBBB1D184600F096F9264B1B7859
:10E29000DBB2032B3BD801A252F823F0ADE2010818
:10E2A000B9E20108E1E20108B3E2010800F0DEF999
:10E2B0002DE000F0DBF92AE01C4B00221A801B4BFA
:10E2C0001B889BB25A1C91B2184A11801A46B97920
:10E2D000174B9954144B02221A7000F0C7F916E03C
:10E2E000124B1B889BB2FF2B0BD8104B1B889BB289
:10E2F0005A1C91B20D4A11801A46B9790C4B9954A7
:10E3000002E0094B03221A7000F0B0F900BFFB795C
:10E3100018460837BD4680BD2A420020E05E03084B
:10E320007C790308C85E03082B420020324300209A
:10E330002C42002080B582B000AF0023FB71224B3D
:10E340001B78DBB2012B06D0204B214A40F2211171
:10E3500020480BF01DFB204B1B78DBB2002B02D0BA
:10E36000012B05D02AE00021012000F0DBF825E098
:10E370001A4B1B889BB2002B13D0194B1B681B78C0
:10E38000DBB2184600F004F9154B1B680133144A40
:10E390001360124B1B889BB2013B9AB20F4B1A8041
:10E3A0000BE0032000F070F80346FB710021012010
:10E3B00000F0B8F8084B00221A7000BFFB7918462D
:10E3C0000837BD4680BD00BF2B420020FC5E03081D
:10E3D00090790308C85E03082A42002030430020D9
:10E3E0002C43002080B582B000AF0023FB711C4B92
:10E3F0001B78DBB2032B28D0032B10DC002B02D0C0
:10E40000022B06D00BE0002000F03EF80346FB7123
:10E410001CE0012000F038F80346FB7116E0104BB9
:10E420001B78DBB2002B11D00D4B1B78DBB2022B1B
:10E430000CD00B4B1B78DBB2032B07D0094B0A4ADD
:10E440004FF4AD7109480BF0A3FA00BF00F024F9B6
:10E45000034B01221A70FB7918460837BD4680BD70
:10E460002B420020185F0308A4790308C85E030844
:10E4700080B400AF034B00221A7001231846BD463A
:10E4800080BC70473543002080B483B000AF0346A2
:10E49000FB71064B01221A70054AFB7913700123A8
:10E4A00018460C37BD4680BC704700BF354300207E
:10E4B0003443002080B485B000AF78600023FB7344
:10E4C000094B1B78002B08D0084B1A787B681A7010
:10E4D000054B00221A700123FB73FB7B184614378F
:10E4E000BD4680BC704700BF354300203443002048
:10E4F00080B400AF00BFBD4680BC704780B582B01D
:10E5000000AF396011461A460346FB710B46BB71DA
:10E5100013467B71FFF7ECFF012318460837BD4611
:10E5200080BD000080B582B000AF03460A46FB7193
:10E530001346BB71FB79002B08D040F2053113481C
:10E54000F5F706F9002001F06FFB07E040F2053116
:10E550000E48F5F71DF9012001F066FBBB79002B91
:10E5600008D040F207310948F5F7F2F8012001F030
:10E570005BFB07E040F207310448F5F709F900209A
:10E5800001F052FB00BF0837BD4680BD0038014096
:10E5900080B582B000AF0346FB71FB791946054890
:10E5A000F5F797F8642006F04BFE0123184608376C
:10E5B000BD4680BD0038014080B582B000AF7860B4
:10E5C0000548F5F797F80346DAB27B681A7001231D
:10E5D00018460837BD4680BD0038014080B500AF01
:10E5E000024B1B68984700BF80BD00BFE44100207C
:10E5F00080B500AF024B1B68984700BF80BD00BFCD
:10E60000E041002080B586B000AF0346FB8040F2B9
:10E610000570F5F72FF9144807F010FD07F108030E
:10E62000184607F0A3FD41F26F733B810023BB81C5
:10E63000FB88013B3B610023FB8107F1080319467E
:10E64000094807F0AFFD0121074807F055FE0648CD
:10E6500007F024FE002200213720F4F727FD0123D4
:10E6600018461837BD4680BD0014004080B500AF85
:10E670000021084807F030FE0121064807F07FFE20
:10E680000121044807F038FE024807F007FE00BFEA
:10E6900080BD00BF0014004080B500AF00210848D5
:10E6A00007F01AFE0121064807F069FE012104481F
:10E6B00007F035FE024807F000FE00BF80BD00BF36
:10E6C0000014004080B500AF024B1B68984700BFA4
:10E6D00080BD00BFE841002080B500AF012109489E
:10E6E00007F030FE0346002B09D00121054807F052
:10E6F00046FE0021034807F0EFFDFFF7E3FF00BFF0
:10E7000080BD00BF0014004080B487B000AF7860C7
:10E710000B467B8013463B800023FB757B88B3F55B
:10E720007A7F4AD97A883B881344B3F57D7F44DAEF
:10E730007B88A3F2E9333B61244BFB60244B44F21A
:10E7400058321A80224B44F64A325A80204B42F209
:10E7500007129A801E4B6622DA801D4B4FF480729E
:10E760001A811B4B40F201125A81FB681B0C9AB2B2
:10E77000174B9A81FB689AB2154BDA8119E0144A5B
:10E780003B6932F813301B0A99B27B685A1C7A60D5
:10E79000CAB21A700E4A3B6932F813107B685A1CD1
:10E7A0007A60CAB21A703B6901333B613B88013B16
:10E7B0003B803B88002BE2D101E00123FB75FB7D10
:10E7C00018461C37BD4680BC704700BF1607222084
:10E7D0003843002080B58CB000AFF8600846114681
:10E7E0001A4603467B810B463B811346FB7100238F
:10E7F00087F82F30002006F093F838627B8940F2CA
:10E80000F232934240F206837A893B89134440F204
:10E81000BB42934200F3FE827B89A3F2F333BB62D7
:10E82000FB79002B03D0012B00F03281F5E23B6A2B
:10E830005B699AB2814B1A803B6A9B699AB27F4BA3
:10E840005A803B6A30335B699AB27C4B9A803B6A50
:10E8500030339B699AB2794BDA803B6A60335B69EB
:10E860009AB2764B1A813B6A60339B699AB2734BBA
:10E870005A813B6A90335B699AB2704B9A813B6ACA
:10E8800090339B699AB26D4BDA813B6AC0335B6906
:10E890009AB26A4B1A823B6AC0339B699AB2674B41
:10E8A0005A823B6AF0335B699AB2644B9A823B6A44
:10E8B000F0339B699AB2614BDA823B6A03F590733D
:10E8C0005B699AB25D4B1A833B6A03F590739B694F
:10E8D0009AB25A4B5A833B6A03F5A8735B699AB2A2
:10E8E000564B9A833B6A03F5A8739B699AB2534BC4
:10E8F000DA83534B1B689AB2504B1A84504B5B68B7
:10E900009AB24E4B5A844E4B9B689AB24B4B9A84A8
:10E910004B4BDB689AB2494BDA84494B1B699AB27C
:10E92000464B1A85474BB3F85020444BA3F8502070
:10E93000444BB3F85620414BA3F85620414BB3F853
:10E9400054203E4BA3F854203E4BB3F858203B4B89
:10E95000A3F858203C4B1B78DBB29AB2374BA3F894
:10E96000C8203A4B1B78DBB29AB2344BA3F8CA20CA
:10E97000344BB3F8D820314BA3F8CC20012001F060
:10E98000CBF903469AB22D4BA3F8FA20022001F0EE
:10E99000C3F903469AB2294BA3F8FC20032001F0E7
:10E9A000BBF903469AB2254BA3F8FE20042001F0E0
:10E9B000B3F903469AB2214BA3F80021052001F0D8
:10E9C000ABF903469AB21D4BA3F80221062001F0D1
:10E9D000A3F903469AB2194BA3F80421072001F0CA
:10E9E0009BF903469AB2154BA3F80621082001F0C3
:10E9F00093F903469AB2114BA3F8082119E00F4A84
:10EA0000BB6A32F813301B0A99B2FB685A1CFA60D1
:10EA1000CAB21A70094ABB6A32F81310FB685A1C52
:10EA2000FA60CAB21A70BB6A0133BB623B89013B10
:10EA30003B813B89002BE2D1EBE100BF4C4300203E
:10EA4000E87D0020DC4400206E4600206D4600205A
:10EA5000FB685A1CFA601B789BB21B0299B2BE4A33
:10EA6000BB6A22F81310FB685A1CFA601978BA4A7C
:10EA7000BB6A32F813208BB2134399B2B64ABB6A11
:10EA800022F81310BB6A0133BB623B89013B3B8117
:10EA90003B89002BDCD1B04BB3F85020AF4BB3F81F
:10EAA00050309A4232D0AC4BB3F85020AB4BA3F865
:10EAB0005020AA4BB3F85030002B27D0A64B002291
:10EAC000A3F85020A44B0022A3F85620A24B00220A
:10EAD000A3F85420A04B0022A3F858209E4B0022FC
:10EAE000A3F852209D4B0022A3F850209B4B0022FC
:10EAF000A3F85620994B0022A3F85420974B0022EC
:10EB0000A3F85820954B0022A3F85220924BB3F85B
:10EB10005620924BB3F856309A420CD08E4BB3F835
:10EB200056208E4BA3F856208C4BB3F85630013B41
:10EB3000184603F021FD884BB3F85420874BB3F8F7
:10EB400054309A420BD0844BB3F85420834BA3F833
:10EB50005420824BB3F85430184603F0CFFC7E4B60
:10EB6000B3F858207D4BB3F858309A4210D07A4B06
:10EB7000B3F85820794BA3F85820784BB3F85830A5
:10EB80001A46764BB3F852301946104603F02AFD68
:10EB9000714BB3F85220714BB3F852309A420BD0FC
:10EBA0006D4BB3F852206D4BA3F852206B4BB3F86A
:10EBB0005230184603F0C4FC674BB3F87820674B1B
:10EBC000B3F878309A4212D0634BB3F87820634B95
:10EBD000A3F87820614BB3F878301946002003F091
:10EBE000FFF803469BB219460020FCF759F95A4B2F
:10EBF000B3F87A20594BB3F87A309A4212D0564B78
:10EC0000B3F87A20554BA3F87A20544BB3F87A30F6
:10EC10001946012003F0E4F803469BB2194601208F
:10EC2000FCF73EF94C4BB3F87C204C4BB3F87C30EE
:10EC30009A4212D0484BB3F87C20484BA3F87C2072
:10EC4000464BB3F87C301946022003F0C9F803465E
:10EC50009BB219460220FCF723F93F4BB3F87E2004
:10EC60003E4BB3F87E309A4212D03B4BB3F87E2035
:10EC70003A4BA3F87E20394BB3F87E301946032077
:10EC800003F0AEF803469BB219460320FCF708F9DF
:10EC9000314BB3F88020314BB3F880309A4212D018
:10ECA0002D4BB3F880202D4BA3F880202B4BB3F8CD
:10ECB00080301946042003F093F803469BB21946AE
:10ECC0000420FCF7EDF8244BB3F88220234BB3F873
:10ECD00082309A4212D0204BB3F882201F4BA3F807
:10ECE00082201E4BB3F882301946052003F078F8D5
:10ECF00003469BB219460520FCF7D2F8164BB3F831
:10ED00008420164BB3F884309A4212D0124BB3F8D9
:10ED10008420124BA3F88420104BB3F8843019469A
:10ED2000062003F05DF803469BB219460620FCF767
:10ED3000B7F8094BB3F88620084BB3F886309A42EF
:10ED400018D0054BB3F88620044BA3F88620034B5C
:10ED5000B3F8863004E000BF4C430020DC440020C0
:10ED60001946072003F03CF803469BB219460720DA
:10ED7000FCF796F82C4BB3F8A0202C4BB3F8A0303E
:10ED80009A4215D0284BB3F8A020284BA3F8A02016
:10ED9000264BB3F8A030002B0AD00021002002F04F
:10EDA000A9FD214B0022A3F8A02021480AF0FCFE77
:10EDB0001D4BB3F8A2201D4BB3F8A2309A4225D0C8
:10EDC000194BB3F8A220194BA3F8A220174BB3F8A4
:10EDD000A230002B1AD000237B6208E007F110025A
:10EDE0007B6A134400221A707B6A01337B627B6A60
:10EDF0000D2BF3DD07F11003184604F059FB0A4B05
:10EE00000022A3F8A2200B480AF0CEFE00F014F86E
:10EE100003E002E0012387F82F3097F82F301846DF
:10EE20003037BD4680BD00BF4C430020DC4400208D
:10EE30007C5F0308885F030880B500AF874BB3F899
:10EE4000CE20874BB3F8CE309A4216D0834BB3F81E
:10EE5000CE20834BA3F8CE20804B0022A3F8CE20F7
:10EE60007E4BB3F8C830002B07D17D4BB3F8CE30C2
:10EE7000002B02D07B4B01221A70784BB3F8D020C4
:10EE8000774BB3F8D0309A4216D0744BB3F8D020F9
:10EE9000734BA3F8D020714B0022A3F8D0206F4B06
:10EEA000B3F8C830012B07D16D4BB3F8D030002B2D
:10EEB00002D06C4B01221A70684BB3F8D220684B19
:10EEC000B3F8D2309A4216D0644BB3F8D220644BD8
:10EED000A3F8D220614B0022A3F8D2205F4BB3F8F5
:10EEE000C830012B07D15E4BB3F8D230002B02D0D3
:10EEF0005D4B01221A70594BB3F8C830012B19D160
:10EF0000564BB3F8D420564BB3F8D4309A4211D0B4
:10EF1000524BB3F8D420524BA3F8D4204F4B0022CD
:10EF2000A3F8D4204E4BB3F8D430002B02D04F4B73
:10EF300001221A70494BB3F8C830012B19D1474B45
:10EF4000B3F8D620464BB3F8D6309A4211D0434B93
:10EF5000B3F8D620424BA3F8D620404B0022A3F8AA
:10EF6000D6203F4BB3F8D630002B02D0404B0122C5
:10EF70001A703A4BB3F8C830012B14D1374BB3F8A1
:10EF8000D820374BB3F8D8309A420CD0334BB3F873
:10EF9000D820334BA3F8D820314BB3F8D830DBB2AC
:10EFA0001846F3F74BFB2D4BB3F8F0202C4BB3F87E
:10EFB000F0309A420DD0294BB3F8F020284BA3F83B
:10EFC000F020274BB3F8F030DBB21946012000F0F7
:10EFD000C9FE224BB3F8F220214BB3F8F2309A422B
:10EFE0000DD01E4BB3F8F2201D4BA3F8F2201C4BA2
:10EFF000B3F8F230DBB21946022000F0B3FE174B33
:10F00000B3F8F420164BB3F8F4309A420DD0134BFA
:10F01000B3F8F420124BA3F8F420114BB3F8F430FA
:10F02000DBB21946032000F09DFE0C4BB3F8F6202E
:10F030000B4BB3F8F6309A420DD0084BB3F8F620DC
:10F04000074BA3F8F620064BB3F8F630DBB21946AF
:10F05000042000F087FE00BF80BD00BF4C430020AD
:10F06000DC440020704600207146002072460020DB
:10F070007346002090B58BB000AFF860084611468B
:10F080001A4603467B810B463B811346FB710023E6
:10F0900087F827303B89DB089BB201337B84002350
:10F0A000FB6100237B8300233B830023FB827B895E
:10F0B000013B7B817A897B8B9A427BD37A893B891E
:10F0C0001A44798B3B8B0B449A4273DC7A89FB8A16
:10F0D000D31A9BB2DB08BB847A89FB8AD31A9BB212
:10F0E00003F00703BB82FB79002B15D0012B45D021
:10F0F00063E0BB8C5A1CBA841A46FB699818FC68FA
:10F10000631CFB60BB8A08221946FEF713FF034607
:10F1100023707B8C013B7B847B8C002BE9D1FB68CB
:10F12000013BFB603B8903F007033B81FB681B78D5
:10F130001A463B89C3F1080302FA03F3DAB2FB680B
:10F140001A70FB681B781A463B89C3F1080342FA20
:10F1500003F3DAB2FB681A702BE0BB8C5A1CBA843A
:10F160001A46FB699818FB685A1CFA601B78B98A22
:10F170000822FEF773FE7B8C013B7B847B8C012B8A
:10F18000EBD83B8903F007033B813B89002B0FD071
:10F19000BB8C5A1CBA841A46FB6998183B89DCB2AE
:10F1A000FB685A1CFA601B78B98A2246FEF756FEA5
:10F1B00000BF02E0012387F8273097F82730184670
:10F1C0002C37BD4690BD90B589B000AF78600B4636
:10F1D0007B8013463B800023FB773B88DB089BB298
:10F1E00001337B8300237B6100237B8200233B82EE
:10F1F0000023FB817B88013B7B807A887B8A9A4253
:10F2000049D37A883B881A44798A3B8A0B449A42CC
:10F2100041DC7A88FB89D31A9BB2DB08BB837A88EE
:10F22000FB89D31A9BB203F00703BB8112E0BB8BAF
:10F230005A1CBA831A467B6998187C68631C7B60E9
:10F24000BB8908221946FEF775FE034623707B8BA7
:10F25000013B7B837B8B002BE9D17B68013B7B608F
:10F260003B8803F007033B807B681B781A463B888A
:10F27000C3F1080302FA03F3DAB27B681A707B6801
:10F280001B781A463B88C3F1080342FA03F3DAB24B
:10F290007B681A7001E00123FB77FB7F1846243757
:10F2A000BD4690BD80B582B000AF00237B600AE010
:10F2B0007B68DBB2184605F00DFD134B00221A8067
:10F2C0007B6801337B607B68072BF1DD0F48F4F727
:10F2D000F3FD04F027F90E4804F0FAF80C4B1B7804
:10F2E0001B020B4A5278134319460A48F4F7E4FD0F
:10F2F000F2F786FE084B00221A70084B01221A70A2
:10F3000000BF0837BD4680BD2C7E0020985F0308F3
:10F31000D8780020A45F03086C4600206E460020C9
:10F3200080B500AF064B01221A700648F4F7C4FD01
:10F33000F2F7E6FD044B00221A7000BF80BD00BF4B
:10F340006C460020B85F03086E46002080B500AF11
:10F350001C4B00221A700A2000F0ECFB1A4B1B78A1
:10F36000DBB2002B2CD0194B1B78DBB2002B0ED15B
:10F37000174B1B78DBB21A46164B53F82230B3F802
:10F38000F230DBB2013BDAB2104B1A7006E00F4BE1
:10F390001B78DBB2013BDAB20C4B1A700E4B1B78B8
:10F3A000DBB2002B02D0094B00221A700A4B00225C
:10F3B0001A70064B1B78DBB21846F3F73FF900E0F2
:10F3C00000BF80BD714600206E4600206C460020C4
:10F3D0006F4600201C0200206D46002080B500AF63
:10F3E0001C4B00221A700A2000F0A4FB1A4B1B7859
:10F3F000DBB2002B2CD0194B1B78DBB21A46184B12
:10F400001B78DBB21946174B53F82130B3F8F230B2
:10F41000013B9A4203DB114B00221A7006E00F4BAE
:10F420001B78DBB20133DAB20C4B1A700E4B1B782F
:10F43000DBB2002B02D0094B01221A700A4B0022CA
:10F440001A70064B1B78DBB21846F3F7F7F800E0AA
:10F4500000BF80BD724600206E4600206C46002032
:10F460006F4600201C0200206D46002080B500AFD2
:10F470000F4B00221A700A2000F05CFB0D4B1B782A
:10F48000DBB2002B12D00C4B1B78DBB2002B0CBF75
:10F4900001230023DBB21A46074B1A70064B1B7878
:10F4A000DBB219460548F4F707FD00E000BF80BD58
:10F4B000734600206E4600206D460020C45F03089E
:10F4C00080B500AF0E4B00221A700E4B1B78DBB2DA
:10F4D000002B12D00C4B1B78DBB21A460B4B53F8A7
:10F4E0002230B3F8F230DAB2094B1A70084B1B78AD
:10F4F000DBB21846F3F7A2F800E000BF80BD00BF02
:10F50000744600206E4600206F4600201C0200203A
:10F510006C46002080B582B000AF0023FB71002351
:10F52000BB712B4B1B78DBB2002B4AD0294B1B78CD
:10F53000DBB21A46284B53F8223093F80331012BE3
:10F5400006D101F0C7FD0346FB71FB795B00FB713F
:10F55000204B1B78DBB21A461F4B53F8223093F82E
:10F560000431012B06D101F0C1FD0346BB71BB790B
:10F570009B00BB71BA79FB791343BB71BB79062B36
:10F5800021D801A252F823F0C7F50108C7F50108F8
:10F59000A5F50108C7F50108ADF50108C7F5010893
:10F5A000B5F501080D4B01221A700DE00B4B01223D
:10F5B0001A7009E0FFF7B4FE09490A480AF092FA06
:10F5C00002E000BF00E000BF00BF0837BD4680BDBD
:10F5D0006E4600206F4600201C020020704600206E
:10F5E000D45F0308DC5F030880B500AF1A4B1B78BB
:10F5F000DBB21A46194B53F822303A3319461848F1
:10F60000F4F75AFC144B1B78DBB21A46134B53F831
:10F61000223019461348F4F74FFC0F4B1B78DBB22E
:10F620001A460E4B53F822301D3319460E48F4F794
:10F6300043FC094B1B78DBB21A46084B53F82230C7
:10F6400093F8F43019460948F4F736FC0C210848C1
:10F65000F4F732FC00BF80BD6F4600201C02002082
:10F66000EC5F0308006003081060030820600308D3
:10F670003460030880B500AF0A4B01221A700A4BB0
:10F6800000221A70094B00221A70094B00221A70CE
:10F6900000F0B2F9074A084908480AF023FA00BF07
:10F6A00080BD00BF6C4600206D4600206E460020E5
:10F6B0006F46002080460020D45F030844600308A2
:10F6C00080B500AFFFF726FF784B1B78DBB2002B2D
:10F6D00045D0774B1B78DBB2002B40D0754B1B78A5
:10F6E000002B07D1734B01221A7005F09FFD0346D2
:10F6F000714A136005F09AFD0246704B1B78DBB22D
:10F7000019466F4B53F82130B3F8F03019466A4B65
:10F710001B680B449A4222D9664B00221A70694B2F
:10F720001B78DBB29AB2654B1B78DBB21946644B8F
:10F7300053F82130B3F8F2309A4203D1614B0022E2
:10F740001A7006E05F4B1B78DBB20133DAB25D4B17
:10F750001A705C4B1B78DBB21846F2F76FFF5A4BFE
:10F760001B78012B31D1534B1B78002B07D1514B08
:10F7700001221A7005F05AFD0346544A136005F041
:10F7800055FD02464D4B1B78DBB219464C4B53F8E6
:10F790002130B3F8F63019464C4B1B680B449A42A3
:10F7A00048D9444B00221A7049494A480AF09AF94C
:10F7B000FFF7CCFD4848F4F77FFB3C4B1B78DBB2EE
:10F7C00019464648F4F778FB34E0454B1B78012B8B
:10F7D00030D1384B1B78002B07D1364B01221A70E1
:10F7E00005F024FD0346394A136005F01FFD02466B
:10F7F000324B1B78DBB21946314B53F82130B3F84A
:10F80000F6301946314B1B680B449A4212D9294BEA
:10F8100000221A702E4933480AF064F93248F4F78E
:10F820004BFBFFF7DBFD214B1B78DBB219462B4866
:10F83000F4F742FB2D4B1B78012B1AD12B4B0022E6
:10F840001A701B4B1B78DBB2002B09D0FFF768FD49
:10F850001F4927480AF046F92648F4F72DFB08E02F
:10F86000FFF720FD1A4924480AF03CF92348F4F731
:10F8700023FB234B1B78012B01D1FFF7F7FD214B15
:10F880001B78012B0BD10A4B1B78DBB2002B06D067
:10F89000FFF716FE0E491C480AF024F903E0194B45
:10F8A00000221A7000BF00BF80BD00BF6D4600205F
:10F8B0006E46002075460020784600206F460020E6
:10F8C0001C0200206C460020714600207C4600206F
:10F8D000D45F03085C60030864600308C45F030826
:10F8E0007246002078600308846003087046002098
:10F8F000DC5F03089C600308B4600308C46003086D
:10F900007346002074460020DC60030880B596B082
:10F9100000AF4FF4A160F3F7ADFF00F037F802231A
:10F92000BB6102237B6103233B610023FB60002357
:10F93000BB6000237B6000233B600123FB6100234D
:10F94000FB640023BB6410237B6400233B6400231F
:10F95000FB630023BB6300237B6301233B63002322
:10F96000FB620023BB6200233B623B463B653B4698
:10F970007B6507F11C03184606F012FD012006F016
:10F98000CDFD00BF5837BD4680BD000080B500AF3B
:10F9900040F20460F3F76EFF40F20560F3F76AFF90
:10F9A00040F20660F3F766FF4CF20373032218215E
:10F9B0000F48F3F719FC4FF68073032218210D4806
:10F9C000F3F712FC4FF48053032218210848F3F791
:10F9D0000BFC3023032218210548F3F705FC802394
:10F9E000032218210248F3F7FFFB00BF80BD00BFD0
:10F9F000001401400018014080B588B002AF4FF0FC
:10FA0000C04308221A80344B1B88FB82FB8A1B0AE6
:10FA10009BB2DBB23B71FB8ADBB27B714FF0C04320
:10FA200009221A802C4B1B88FB82FB8A1B0A9BB283
:10FA3000DBB2BB71FB8ADBB2FB714FF0C0430A2221
:10FA40001A80254B1B88FB82FB8A1B0A9BB2DBB208
:10FA50003B72FB8ADBB27B724FF0C0430B221A80F1
:10FA60001D4B1B88FB82FB8A1B0A9BB2DBB2BB725D
:10FA7000FB8ADBB2FB724FF0C0430C221A80164B9C
:10FA80001B88FB82FB8A1B0A9BB2DBB23B73FB8A9F
:10FA9000DBB27B734FF0C0430E221A800E4B1B88E3
:10FAA000FB82FB8ABB824FF0C0430F221A800A4BB5
:10FAB0001B88FB82FB8A7B820023FB82B98A7B8ABC
:10FAC0003A1D00930B46054905480AF0B9F800BFF6
:10FAD0001837BD4680BD00BF00000460E860030821
:10FAE0008046002080B485B000AF0346FB80002331
:10FAF000FB814FF0C04304221A800D4B1B88FB8111
:10FB0000FB88002B07D1FB8923F48053FB81084A33
:10FB1000FB89138006E0FB8943F48053FB81044A90
:10FB2000FB89138000BF1437BD4680BC704700BFFF
:10FB30000000046080B584B000AF0346FB80002362
:10FB4000FB814FF0C04304221A80134B1B88FB81BA
:10FB5000FB8943F40053FB814FF0C04304221A8019
:10FB60000D4AFB8913801E2005F0B0FB4FF0C04307
:10FB700004221A80084B1B88FB81FB8923F4005365
:10FB8000FB814FF0C04304221A80034AFB89138093
:10FB900000BF1037BD4680BD0000046080B584B052
:10FBA00000AF0346FB71FB79142B01D91423FB71C1
:10FBB000FB791846F1F760F8034618491846F1F743
:10FBC000B3F803461846F1F775FA0346BB81BB89C3
:10FBD000C3F17F03FB81FB897F2B01D97F23FB814D
:10FBE000FB890B2B01D80C23FB81FB896833BB609D
:10FBF000BB685B01BB60BB68094AA2FB03231B090E
:10FC0000BB604FF0C04302221A80064BBA6892B222
:10FC10001A8000BF1037BD4680BD00BF0000C04045
:10FC200009CB3D8D0000046080B485B000AF034671
:10FC3000FB800023FB814FF0C04304221A800D4B50
:10FC40001B88FB81FB88002B07D1FB8923F4006311
:10FC5000FB81084AFB89138006E0FB8943F40063BB
:10FC6000FB81044AFB89138000BF1437BD4680BC6A
:10FC7000704700BF0000046080B485B000AF034649
:10FC8000FB800023FB814FF0C04304221A800D4B00
:10FC90001B88FB81FB88002B07D1FB8923F40073B1
:10FCA000FB81084AFB89138006E0FB8943F400735B
:10FCB000FB81044AFB89138000BF1437BD4680BC1A
:10FCC000704700BF0000046080B485B000AF0346F9
:10FCD000FB800023FB814FF0C04304221A800D4BB0
:10FCE0001B88FB81FB88002B07D1FB8923F48063F1
:10FCF000FB81084AFB89138006E0FB8943F480639B
:10FD0000FB81044AFB89138000BF1437BD4680BCC9
:10FD1000704700BF0000046080B485B000AF0346A8
:10FD2000FB710023BB810023FB734FF0C04305220E
:10FD30001A800B4B1B88BB81BA89FB79023342FACC
:10FD400003F303F00103002B02D00123FB7301E056
:10FD50000023FB73FB7B18461437BD4680BC7047FD
:10FD60000000046080B584B000AF03460A46FB7112
:10FD70001346BB710023FB814FF0C04305221A805C
:10FD8000174B1B88FB81FB79042B03D9154809F01D
:10FD9000A9FE21E0BB79002B10D1FB790A330122A7
:10FDA00002FA03F31BB2DB431AB2B7F90E30134069
:10FDB0001BB2FB810A4AFB8913800DE0FB790A33F1
:10FDC000012202FA03F31AB2B7F90E3013431BB241
:10FDD000FB81034AFB8913801037BD4680BD00BFFD
:10FDE00000000460F060030880B483B000AF0346F5
:10FDF000FB8000BF0C37BD4680BC704780B483B029
:10FE000000AF0346FB804FF0C04350221A80044AE3
:10FE1000FB88138000BF0C37BD4680BC704700BF15
:10FE20000000046080B483B000AF78604FF0C0433E
:10FE300051221A80084B7A6892B21A804FF0C04360
:10FE400052221A807B681A0C034B92B21A8000BFB0
:10FE50000C37BD4680BC70470000046080B400AF22
:10FE60004FF0C04350221A80034B1B889BB2DBB279
:10FE70001846BD4680BC70470000046080B584B061
:10FE800000AFF860B9601346FB800120FCF7A8F9C9
:10FE900040F2F620FFF7B2FF002000F011FEF868F4
:10FEA000FFF7C0FF4FF40870FFF7A8FF40F22220D1
:10FEB000FFF7A4FF4FF42270FFF7A0FF11E0BB682B
:10FEC0001A1DBA601B681846FFF7ACFF4FF40870A4
:10FED000FFF794FF40F22220FFF790FFFB88013BE1
:10FEE000FB80FB88002BEAD1012000F0E9FD00BF78
:10FEF0001037BD4680BD80B584B000AF78600B463A
:10FF0000FB700120FCF76CF940F2F620FFF776FF5A
:10FF1000002000F0D5FD7868FFF784FF4FF40870EB
:10FF2000FFF76CFF40F22220FFF768FF4FF462708A
:10FF3000FFF764FFFB781846FCF752F9FCF72CF941
:10FF40000023FB81012005F0C1F9FFF787FF03467D
:10FF5000BB81BB8903F00103BB81FB890133FB81BA
:10FF6000BB89002BEED0FB89B3F5FA7FEAD8FCF70A
:10FF7000BDF90020FFF742FF012000F0A1FD00BF06
:10FF80001037BD4680BD000080B586B000AF034687
:10FF9000FB715A4B1B78DBB21A46594B53F822308F
:10FFA000B3F86230FB82554B1B78DBB21A46544BD8
:10FFB00053F82230B3F86430BB8201233B6107F170
:10FFC000100301221946C020FFF758FF40F2437387
:10FFD0003B6107F1100301221946B720FFF74EFFDE
:10FFE00005233B6107F1100301221946BC20FFF7EE
:10FFF00045FF00233B6107F1100301221946BD2094
:020000040802F0
:10000000FFF73CFF2A23BB60FB8A013B1B029AB22D
:10001000FB8A013B1B12DBB21344FB6007F10803B0
:1000200002221946BF20FFF729FF40F243733B61CC
:1000300007F1100301221946B720FFF71FFF052320
:100040003B6107F1100301221946BC20FFF716FFA0
:1000500000233B6107F1100301221946BD20FFF781
:100060000DFF2B23BB60BB8A013B1B029AB2BB8AEC
:10007000013B1B12DBB21344FB6007F108030222B1
:100080001946BF20FFF7FAFE40F243733B6107F1C8
:10009000100301221946B720FFF7F0FEFB8ABA8A47
:1000A00003FB02F213465B0013449BB23B6107F172
:1000B000100301221946BC20FFF7E0FEFB8ABA8A32
:1000C00003FB02F213465B0013441B0C3B6107F178
:1000D000100301221946BD20FFF7D0FE07F11003DF
:1000E00000221946BF20FFF7C9FEFB7919462C20D4
:1000F000FFF701FF00BF1837BD4680BD6F460020E7
:100100001C0200200000000090B587B000AF03463D
:10011000FB71FF23BB74604B1B78DBB21A465F4B4D
:1001200053F8223093F85C307B755D4B1B780133BC
:10013000642203FB02F25B4B1B78013392FBF3F367
:100140001846F0F79DFD0346FB607B7D082B01D12F
:1001500004237B75FB79002B00F01482B72000F09C
:1001600019FC502000F008FC002000F005FCB8202D
:1001700000F010FC002000F0FFFB002000F0FCFB72
:10018000B92000F007FC002000F0F6FB002000F092
:10019000F3FBF868F0F758F902460B46424809F0BD
:1001A000A1FC4249F868F0F7BFFD03461C467B7D81
:1001B0001846F0F765FD034619462046F0F768FE3D
:1001C0000346FB60F868F0F73FF931A3D3E9002359
:1001D000F0F792F902460B4610461946F0F746FC36
:1001E0000346FB60F868F0F765FF03467B81012357
:1001F0007B7423E001233B741AE07A7C13465B0096
:100200001344DB001A463B7C92FBF3F39BB27A89E2
:10021000D31AFB82BB7C9BB2FA8A9A4205D27B7CC2
:10022000FB743B7C3B75FB8ABB743B7C01333B74AA
:100230003B7C1E2BE1D97B7C01337B747B7CFF2BC9
:10024000D8D17B893E2B05D97B897C2B02D8002312
:10025000FB822FE07B897E2B05D97B89F92B02D885
:100260000123FB8226E07B89FB2B06D97B89B3F532
:10027000FA7F02D20223FB821CE07B89B3F5FB7F6D
:1002800016D37B89B3F57A7F12D20323FB8211E068
:10029000F6285C8FC2F5F03F6F4600201C0200205C
:1002A000C42E0020C52E0020FC6003080000C041C1
:1002B0000323FB82FB8A9B011AB23B7D1BB21343D3
:1002C0001BB2FB82BA2000F065FBFB7C184600F0F5
:1002D00053FBFB8ADBB2184600F04EFB052004F00E
:1002E000F5FFB92000F056FB012000F045FB00208F
:1002F00000F042FBC92000F04DFB022000F03CFB67
:10030000232000F039FB052004F0E0FFCA2000F0B4
:1003100041FB012000F030FB232000F02DFBCB201F
:1003200000F038FB102000F027FB052000F024FB34
:10033000CC2000F02FFB052000F01EFB102000F069
:100340001BFB052004F0C2FFB12000F023FBB24BE1
:100350001B78DBB21A46B14B53F82230B3F86A303F
:10036000DBB2184600F008FBAB4B1B78DBB21A4639
:10037000AA4B53F82230B3F87030DBB2184600F0C5
:10038000FBFAB22000F006FBA34B1B78DBB21A4647
:10039000A24B53F82230B3F86830DBB2184600F0B5
:1003A000EBFA9D4B1B78DBB21A469C4B53F822307C
:1003B000B3F86E30DBB2184600F0DEFAB32000F07E
:1003C000E9FA954B1B78DBB21A46944B53F822306E
:1003D000B3F86630DBB2184600F0CEFA8E4B1B78CD
:1003E000DBB21A468D4B53F82230B3F86C30DBB2D7
:1003F000184600F0C1FAB42000F0CCFA864B1B7806
:10040000DBB21A46854B53F8223093F85730002B55
:100410001CD1814B1B78DBB21A46804B53F822303B
:10042000B3F86230DBB2184600F0A6FA7A4B1B78BC
:10043000DBB21A46794B53F82230B3F862301B0A0C
:100440009BB2DBB2184600F097FA1DE0724B1B78A6
:10045000DBB21A46714B53F82230B3F862305B08B6
:100460009BB2DBB2184600F087FA6B4B1B78DBB20D
:100470001A466A4B53F82230B3F862305B0A9BB2DB
:10048000DBB2184600F078FAB52000F083FA624B30
:100490001B78DBB21A46614B53F82230B3F8643054
:1004A000DBB2184600F068FA5B4B1B78DBB21A46E9
:1004B0005A4B53F82230B3F864301B0A9BB2DBB2BC
:1004C000184600F059FA544B1B78DBB21A46534BCE
:1004D00053F8223093F86130032B17D801A252F859
:1004E00023F000BFF5040208FB040208010502081E
:1004F000070502081B23FB8208E01723FB8205E0A7
:100500001323FB8202E01B23FB8200BF052004F0C3
:10051000DDFEB62000F03EFAFB8ADBB2184600F0A2
:100520002BFA002000F028FA052004F0CFFE7B7D96
:100530009BB2013BFB82DE2000F02CFAFB8ADBB28F
:10054000184600F019FA002000F016FAD62000F044
:1005500021FA042000F010FA002000F00DFAB72074
:1005600000F018FA4B2000F007FA022000F004FA1D
:10057000322004F0ABFE2C2000F00CFA052004F031
:10058000A5FE88E0B72000F005FA502000F0F4F94D
:10059000002000F0F1F9B82000F0FCF9002000F094
:1005A000EBF9002000F0E8F9B92000F0F3F90020A1
:1005B00000F0E2F9002000F0DFF9142004F086FEDC
:1005C0007B7D182292FBF3F3FB82BA2000F0E2F964
:1005D000FB8ADBB2184600F0CFF9802000F0CCF99E
:1005E000052004F073FE7B7D013B032B1BD801A289
:1005F00052F823F0050602080B060208110602084D
:10060000210602080323FB820DE00323FB820AE09C
:100610000823FB8207E000BF6F4600201C02002079
:100620000623FB8200BFBB2000F0B4F9FB8ADBB2DB
:10063000184600F0A1F9002000F09EF9642004F0B3
:1006400045FEB92000F0A6F9012000F095F9002040
:1006500000F092F9142004F039FE7B7D9BB2013B3F
:10066000FB82DE2000F096F9FB8ADBB2184600F030
:1006700083F9002000F080F9142004F027FEC9203F
:1006800000F088F9022000F077F9232000F074F9D7
:10069000142004F01BFE00BF1C37BD4690BD00BFF8
:1006A00080B584B000AF0346FB80002000F008FA5C
:1006B000002000F04BFA002000F024FA012000F0A6
:1006C00021FA0823FB7317E0FB8803F08003002B5B
:1006D00003D0012000F03AFA02E0002000F036FAE0
:1006E000002000F00FFA012000F00CFAFB885B00FC
:1006F000FB80FB7B013BFB73FB7B002BE4D10020E9
:1007000000F000FA012000F0DBF900BF1037BD4611
:1007100080BD80B584B000AF0346FB80002000F0B0
:10072000CFF9012000F012FA002000F0EBF90120CF
:1007300000F0E8F90823FB7317E0FB8803F080035F
:10074000002B03D0012000F001FA02E0002000F0AD
:10075000FDF9002000F0D6F9012000F0D3F9FB8864
:100760005B00FB80FB7B013BFB73FB7B002BE4D13D
:10077000002000F0C7F9012000F0A2F900BF1037F7
:10078000BD4680BD80B588B000AF0346FB80FB88C6
:10079000AF2B04D97449754809F0A4F9DFE0FB8850
:1007A0005A1F734913465B001344DB000B441B685C
:1007B000FB61FB885A1F6E4913465B001344DB0044
:1007C0000B4404331B68BB61FB885A1F68491346FE
:1007D0005B001344DB000B4408331B687B61FB8820
:1007E0005A1F634913465B001344DB000B440C3370
:1007F0001B683B61FB885A1F5D4913465B0013442D
:10080000DB000B4410331B68FB60FB885A1F584900
:1008100013465B001344DB000B4414331B68BB60BE
:100820004FF0C04353221A80524B00221A804FF0DF
:10083000C04354221A804F4BFA6992B21A800120A9
:1008400004F044FD4FF0C04355221A80FB691A0C96
:10085000484B92B21A80012004F038FD4FF0C0439B
:1008600056221A80434BBA6992B21A80012004F0D2
:100870002DFD4FF0C04357221A80BB691A0C3D4B27
:1008800092B21A80012004F021FD4FF0C04358229B
:100890001A80384B7A6992B21A80012004F016FD52
:1008A0004FF0C04359221A807B691A0C314B92B227
:1008B0001A80012004F00AFD4FF0C0435A221A802A
:1008C0002C4B3A6992B21A80012004F0FFFC4FF0E1
:1008D000C0435B221A803B691A0C264B92B21A80E5
:1008E000012004F0F3FC4FF0C0435C221A80214B3E
:1008F000FA6892B21A80012004F0E8FC4FF0C0437D
:100900005D221A80FB681A0C1A4B92B21A800120E1
:1009100004F0DCFC4FF0C0435E221A80154BBA682D
:1009200092B21A80012004F0D1FC4FF0C0435F2244
:100930001A80BB681A0C0F4B92B21A80012004F087
:10094000C5FC4FF0C04353221A800A4B01221A8083
:100950004FF0C04353221A80064B00221A8000BF7A
:100960002037BD4680BD00BF086103081061030841
:10097000580300200000046080B582B000AF034639
:10098000FB71FB799BB21846FFF7C3FE00BF083727
:10099000BD4680BD80B582B000AF0346FB71FB79D8
:1009A0009BB21846FFF77CFE00BF0837BD4680BDEE
:1009B00080B582B000AF7860BC20FFF7EBFF7B68AA
:1009C000DBB21846FFF7D8FF7B681B0ADBB218467C
:1009D000FFF7D2FFBF20FFF7DDFF00BF0837BD469E
:1009E00080BD80B582B000AF0346FB71FB7918462D
:1009F00000F046F800BF0837BD4680BD80B582B024
:100A000000AF0346FB71FB79184600F0F7FA00BF10
:100A10000837BD4680BD80B582B000AF0346FB718C
:100A2000FB791846FFF7C4FF00BF0837BD4680BDFD
:100A300080B582B000AF0346FB71FB79002B04D177
:100A400040210648F2F793FC03E040210348F2F707
:100A50007FFC00BF0837BD4680BD00BF00140140C9
:100A600080B500AF0020FFF7E3FF642004F02EFC08
:100A70000120FFF7DDFF642004F028FC00BF80BDEB
:100A800080B582B000AF0346FB71FB79002B08D123
:100A900004210A48F2F76BFC08210848F2F767FCCA
:100AA00007E004210548F2F753FC08210348F2F758
:100AB0004FFC00BF0837BD4680BD00BF001001409D
:100AC00080B582B000AF0346FB71FB79002B08D1E3
:100AD00010210A48F2F74BFC04210948F2F747FCC1
:100AE00007E010210548F2F733FC04210448F2F72F
:100AF0002FFC00BF0837BD4680BD00BF0008014085
:100B0000000C014080B582B000AF0346FB71FB7959
:100B1000002B09D120210B48F2F729FC4FF400519A
:100B20000948F2F724FC08E020210648F2F710FCFF
:100B30004FF400510448F2F70BFC00BF0837BD46E4
:100B400080BD00BF00080140000C014080B582B0AC
:100B500000AF0346FB71FB79002B09D180210B48C4
:100B6000F2F705FC4FF400410948F2F700FC08E0F9
:100B700080210648F2F7ECFB4FF400410448F2F7FD
:100B8000E7FB00BF0837BD4680BD00BF000801403D
:100B9000000C014080B582B000AF0346FB71FB79C9
:100BA000002B08D101210A48F2F7E1FB0221084895
:100BB000F2F7DDFB07E001210548F2F7C9FB02214E
:100BC0000348F2F7C5FB00BF0837BD4680BD00BF34
:100BD000000C014080B582B000AF03460A46FB809E
:100BE0001346BB80BA88FB8811461846FAF76CFAA0
:100BF000BA88FB8811461846FAF7C0FA00BF0837D2
:100C0000BD4680BD80B582B000AF0346FB80FB8847
:100C10001946002001F0E4F803469BB21946002073
:100C2000FAF73EF900BF0837BD4680BD80B582B0F7
:100C300000AF0346FB80FB881946012001F0D0F885
:100C400003469BB219460120FAF72AF900BF08377C
:100C5000BD4680BD80B582B000AF0346FB80FB88F7
:100C60001946022001F0BCF803469BB21946022047
:100C7000FAF716F900BF0837BD4680BD80B582B0CF
:100C800000AF0346FB80FB881946032001F0A8F85B
:100C900003469BB219460320FAF702F900BF083752
:100CA000BD4680BD80B582B000AF0346FB80FB88A7
:100CB0001946042001F094F803469BB2194604201B
:100CC000FAF7EEF800BF0837BD4680BD80B582B0A8
:100CD00000AF0346FB80FB881946052001F080F831
:100CE00003469BB219460520FAF7DAF800BF083729
:100CF000BD4680BD80B582B000AF0346FB71FB7975
:100D000019460120FAF794FA00BF0837BD4680BDA6
:100D100080B582B000AF0346FB71FB791946022013
:100D2000FAF786FA00BF0837BD4680BD80B582B0AD
:100D300000AF0346FB71FB7919460320FAF778FAF6
:100D400000BF0837BD4680BD80B582B000AF034606
:100D5000FB71FB7919460420FAF76AFA00BF0837DD
:100D6000BD4680BD80B582B000AF0346FB71FB7904
:100D700019460520FAF75CFA00BF0837BD4680BD6A
:100D800080B582B000AF0346FB71FB79194606209F
:100D9000FAF74EFA00BF0837BD4680BD80B582B075
:100DA00000AF0346FB80FB881946022001F018F8CB
:100DB00003469BB219460220FAF772F8FB881946DF
:100DC000052001F00DF803469BB219460520FAF7FD
:100DD00067F800BF0837BD4680BD80B582B000AF60
:100DE0000346FB71FB7919460320FAF721FAFB79D8
:100DF00019460620FAF71CFA00BF0837BD4680BD29
:100E000080B582B000AF03460A46FB801346BB8024
:100E1000BA88FB8811461846FAF738F9BA88FB8871
:100E200011461846FAF78CF900BF0837BD4680BD59
:100E300080B582B000AF0346FB80FB8819460120D5
:100E400000F0CEFF03469BB219460120FAF728F8BE
:100E5000FB881946042000F0C3FF03469BB21946E5
:100E60000420FAF71DF800BF0837BD4680BD80B5E5
:100E700082B000AF0346FB71FB7919460220FAF7F6
:100E8000D7F9FB7919460520FAF7D2F900BF0837E0
:100E9000BD4680BD80B582B000AF03460A46FB80E8
:100EA0001346BB80BA88FB8811461846FAF7D0F87B
:100EB000BA88FB8811461846FAF724F900BF0837AC
:100EC000BD4680BD80B582B000AF0346FB80FB8885
:100ED0001946002000F084FF03469BB2194600200B
:100EE000F9F7DEFFFB881946032000F079FF03467F
:100EF0009BB219460320F9F7D3FFFB88B3F5487F6F
:100F000008D901210120FAF793F901210420FAF709
:100F10008FF907E000210120FAF78AF90021042067
:100F2000FAF786F900BF0837BD4680BD80B582B0AC
:100F300000AF03460A46FB801346BB80BA88FB8895
:100F400011461846FAF738F900BF0837BD4680BD8C
:100F500080B582B000AF03460A46FB801346BB80D3
:100F6000BA88FB8811461846FAF744F900BF0837DB
:100F7000BD4680BD80B582B000AF0346FB80FB88D4
:100F80001946062000F02CFF03469BB219460620A6
:100F9000F9F786FF00BF0837BD4680BD80B582B037
:100FA00000AF0346FB80FB881946072000F018FFBE
:100FB00003469BB219460720F9F772FF00BF0837B6
:100FC000BD4680BD80B582B000AF0346FB71FB79A2
:100FD00019460720FAF72CF900BF0837BD4680BD37
:100FE00080B582B000AF0346FB71FB79194608203B
:100FF000FAF71EF900BF0837BD4680BD80B582B044
:1010000000AF0346FB71FB79002B08D101210A4890
:10101000F2F79EF902210848F2F79AF907E0012158
:101020000548F2F7A4F902210348F2F7A0F900BF3E
:101030000837BD4680BD00BF0018014080B582B0B2
:1010400000AF0346FB71FB79002B05D14FF4007113
:101050000648F2F78CF904E04FF400710348F2F708
:1010600077F900BF0837BD4680BD00BF000C0140C6
:1010700080B582B000AF0346FB71FB79002B05D130
:101080004FF480710648F2F772F904E04FF4807172
:101090000348F2F75DF900BF0837BD4680BD00BFC9
:1010A0000008014080B582B000AF0346FB71FB79B8
:1010B000002B04D108210648F2F759F903E0082172
:1010C0000348F2F745F900BF0837BD4680BD00BFB1
:1010D0000014014080B500AF40210348F2F756F9F3
:1010E0000346184680BD00BF0010014080B500AF28
:1010F00080210348F2F74AF90346184680BD00BF35
:101100000010014080B582B000AF0346FB71FB794F
:10111000032B33D801A252F823F000BF2D1102088F
:101120004111020855110208691102084FF40041EB
:101130001548F2F71CF910211448F2F718F91EE0CF
:101140004FF400411048F2F703F910210F48F2F76D
:101150000EF914E04FF400410B48F2F708F91021A2
:101160000A48F2F7F5F80AE04FF400410648F2F7B2
:10117000EFF810210548F2F7EBF800E000BF00237C
:1011800018460837BD4680BD0010014000180140D8
:1011900080B582B000AF0346FB71FB79032B27D8E3
:1011A00001A252F823F000BFB9110208C7110208CA
:1011B000D5110208E31102080020FEF75DFD0020B2
:1011C000FEF782FD15E00120FEF756FD0020FEF738
:1011D0007BFD0EE00020FEF74FFD0120FEF774FDC1
:1011E00007E00120FEF748FD0120FEF76DFD00E05D
:1011F00000BF00BF0837BD4680BD00BF80B500AF4F
:1012000040F20260F2F736FBB023032210218E4831
:10121000F1F7EAFF4023032204218B48F1F7E4FFB2
:1012200040F20360F2F726FB4FF420430322102123
:101230008648F1F7D9FF4FF4804303220421834805
:10124000F1F7D2FF40F20460F2F714FB0C23032203
:1012500010217F48F1F7C8FF40F20460F2F70AFB63
:10126000C023032204217A48F1F7BEFF40F2066052
:10127000F2F700FB0323032210217648F1F7B4FFB5
:1012800040F20560F2F7F6FA0823032210217248B3
:10129000F1F7AAFF40F20360F2F7ECFA4FF4807323
:1012A000032210216948F1F79FFF4FF480716748CE
:1012B000F2F74EF840F20260F2F7DCFA4FF4807376
:1012C000032210216048F1F78FFF40F20360F2F72C
:1012D000D1FA0323032210215C48F1F785FF40F285
:1012E0000360F2F7C7FA4023032210215748F1F7B1
:1012F0007BFF40F20260F2F7BDFA40F20360F2F7C2
:10130000B9FA1023032210214F48F1F76DFF04238F
:10131000032210214D48F1F767FF40F20460F2F715
:10132000A9FA0123032204214948F1F75DFF40F2A5
:101330000460F2F79FFA0223032204214448F1F7E4
:1013400053FF40F20460F2F795FA102303220421C0
:101350003F48F1F749FF40F20460F2F78BFA40F2A0
:101360000660F2F787FA4FF4004303221021384851
:10137000F1F73AFF40F20660F2F77CFA10230322FD
:1013800010213448F1F730FF40F20460F2F772FAAE
:101390002023032204212E48F1F726FF40F20560A6
:1013A000F2F768FA4023032210212B48F1F71CFFC3
:1013B00040212948F1F7CCFF40F20460F2F75AFAD5
:1013C0004FF40053032204212148F1F70DFF4FF49D
:1013D00000511F48F1F7BCFF40F20460F2F74AFAEF
:1013E0004FF48043032204211948F1F7FDFE40F237
:1013F0000460F2F73FFA4FF4F85303220421144833
:10140000F1F7F2FE40F20560F2F734FA042303220A
:1014100004211148F1F7E8FE40F20460F2F72AFADD
:1014200040F20560F2F726FA4FF4F8530322042144
:101430000748F1F7D9FE0423032204210648F1F7F7
:10144000D3FE00BF80BD00BF00080140000C01407A
:1014500000100140001801400014014080B588B020
:1014600002AF0346FB71FB79012B06D1404B7B6138
:10147000404B3B61404BFB600BE0FB79002B08D0FD
:10148000FB79022B05D13D4B7B613D4B3B613D4BD5
:10149000FB603969F86805F04FF90346FB72FB7A87
:1014A000002B0AD0FB79384A52F823301A463749C4
:1014B000374808F017FB002355E0FB79324A52F811
:1014C00023203B693149334808F00CFBFB792E4A55
:1014D00052F823301A462D492F4808F003FB00220A
:1014E00039697869F6F776FF0346FB72FB7A002BC1
:1014F0000DD0FB79244A52F823301A462349274855
:1015000008F0F0FA386905F05DF900232BE0FB796B
:101510001D4A52F823301A461C49214808F0E2FAC5
:10152000FB79184600F046F80346FB72FB7A002B65
:101530000AD0FB79144A52F823301A461349194845
:1015400008F0D0FA00230EE0FB790F4A52F823206E
:10155000154B1968154B1B6800930B460B49144833
:1015600008F0C0FA012318461837BD4680BD00BFF9
:101570009846002048670020047A0308F0560020AF
:101580004C670020187A03081816002048610308E9
:101590005061030870610308A0610308B461030887
:1015A000D0610308F86103089046002094460020AB
:1015B00018620308B0B588B000AF0346FB71002382
:1015C000BB600023BB6100237B61FB79012B02D14F
:1015D0002B4BFB610AE0FB79002B02D1294BFB610D
:1015E00004E0FB79022B01D1274BFB6107F10C02D0
:1015F00007F108031946F869F8F7AAF90346FB74DE
:10160000FB7C002B36D1FB6803F58153D3E9002323
:10161000941E43F1FF352246FB6803F580539B7807
:1016200002FB03F37B61FB6803F580539B781A464A
:10163000BB6802FB03F3BB61FB6803F580535B8966
:101640005B0A9BB21A467B6902FB03F37B61FB6872
:1016500003F580535B895B0A9BB21A46BB6902FBA8
:1016600003F3BB617B695B08084A1360BB695B08D5
:10167000074A1360FB7C18462037BD46B0BD00BF4B
:1016800048670020506700204C67002090460020EB
:101690009446002080B58AB002AFF860B9607A60E5
:1016A00000237B610023FB617B6803F00303002BB5
:1016B00004D07B689B0801339B007B607B68B3F19F
:1016C000006F03D37B68214A934209D974230093A6
:1016D0001F4B204A2049214808F004FA012331E039
:1016E0007A68BB6813443B6104F0A4FA40F2073007
:1016F00004F0FAFB3A697B68D31ADB0A7B617B69E9
:1017000001337B617B68FB61FB68BB6113E0BB69F4
:101710001B681946F86904F071FB0346002B06D1DB
:10172000FB690433FB61BB690433BB6103E00C4814
:1017300008F03AFAFBE7FA693B699A42E7D304F00A
:10174000ABFA012318462037BD4680BD01000808CA
:101750005C630308BC7903087063030878630308BB
:10176000B063030880B588B002AF786039600023A9
:101770003B6100237B613B6803F00303002B04D033
:101780003B689B0801339B003B603B68B3F1006FF3
:1017900003D33B68204A93420AD940F20B130093CB
:1017A0001E4B1F4A1F49204808F09CF901232FE0D7
:1017B0003A687B681344FB6004F03CFA40F207305F
:1017C00004F092FBFA683B68D31ADB0A3B613B6981
:1017D00001333B6100237B6111E07B69DA023B68E6
:1017E0001344184604F076FA0346002B04D00F4841
:1017F00008F078F900230BE07B6901337B617A699B
:101800003B699A4203D20A4B1B78002BE5D0012397
:1018100018461837BD4680BD010008085C63030800
:10182000CC7903087063030878630308E463030852
:101830005467002080B582B000AF00237B60144B5A
:101840001B68002B1FD0124B1B689847002000F02C
:1018500025F878607B680F4A934214D00D49002028
:1018600000F048F8002000F019F878607B68094A19
:10187000934205D100F052F8074808F095F902E0CC
:101880004FF0FF3300E0012318460837BD4680BD06
:1018900024160020AA5555AAFC63030880B582B01F
:1018A00000AF7860074B9B69002B05D0054B9B6907
:1018B00078689847034600E0002318460837BD467D
:1018C00080BD00BF2416002080B584B000AFF86052
:1018D000B9607A60064B1B6A002B05D0044B1B6A6B
:1018E0007A68B968F868984700BF1037BD4680BD70
:1018F0002416002080B582B000AF78603960064BB6
:101900009B68002B04D0044B9B6839687868984723
:1019100000BF0837BD4680BD2416002080B582B0C8
:1019200000AF00237B60A54B40F29E721A60A44B6F
:101930004FF461721A60A34B3B603B6840F2345233
:101940001A603B6840F638625A603B6840F24F527A
:101950009A603B6840F68562DA603B6800221A6351
:101960003B6800225A633B684FF0FF321A613B68C4
:101970004FF0FF325A613B684FF0FF329A613B688B
:101980004FF0FF32DA613B6844333B603B6840F222
:1019900061521A603B6840F665625A603B6840F2EB
:1019A00079529A603B6840F6B362DA603B68002285
:1019B0001A633B6800225A633B684FF0FF321A619A
:1019C0003B684FF0FF325A613B684FF0FF329A613B
:1019D0003B684FF0FF32DA613B6844333B603B6861
:1019E00040F22D521A603B6840F621625A603B6813
:1019F00040F24A529A603B6840F66F62DA603B6898
:101A000000221A633B6800225A633B684FF0FF32A2
:101A10001A613B684FF0FF325A613B684FF0FF326A
:101A20009A613B684FF0FF32DA613B6844333B60B8
:101A30003B684FF4B8621A603B6840F6EE625A6049
:101A40003B6840F2DF529A603B6840F63872DA60D9
:101A50003B6800221A633B6800225A633B684FF0E0
:101A6000FF321A613B684FF0FF325A613B684FF01A
:101A7000FF329A613B684FF0FF32DA613B684433D2
:101A80003B603B6840F28C521A603B6840F6A562AE
:101A90005A603B6840F2A9529A603B684FF46F620B
:101AA000DA603B6800221A633B6800225A633B6895
:101AB0004FF0FF321A613B684FF0FF325A613B68CA
:101AC0004FF0FF329A613B684FF0FF32DA613B68BA
:101AD00044333B603B6840F28F421A603B6840F6FB
:101AE000A3525A603B6840F2A5429A603B6840F6B8
:101AF000EF52DA603B6800221A633B6800225A63A7
:101B00003B684FF0FF321A613B684FF0FF325A6179
:101B10003B684FF0FF329A613B684FF0FF32DA6169
:101B20003B6844333B603B6840F21B321A603B68C1
:101B300041F22C725A603B6840F22B329A603B684B
:101B400041F2AC72DA603B6800221A633B681222F1
:101B50005A633B684FF0FF321A613B684FF0FF3227
:101B60005A613B684FF0FF329A613B684FF0FF3299
:101B7000DA613B6844333B603B6840F68E321A6062
:101B80003B6841F674725A603B6840F6C4329A6012
:101B90003B6842F21202DA603B6803221A633B6838
:101BA00008225A633B684FF0FF321A613B684FF0DE
:101BB000FF325A613B684FF0FF3205E0A869002010
:101BC000AC690020586700209A613B684FF0FF32F3
:101BD000DA61234B3B6000237B6039E07A6813466F
:101BE0005B0013445B010C331A463B681B681946C3
:101BF0001046FFF77FFE7A6813465B0013445B01D3
:101C000010331A463B685B6819461046FFF772FEB0
:101C10007A6813465B0013445B0114331A463B6831
:101C20009B6819461046FFF765FE7A6813465B000D
:101C300013445B0118331A463B68DB6819461046AB
:101C4000FFF758FE7B6801337B603B6844333B60A1
:101C50007B68082BC2DD00BF00BF0837BD4680BDD2
:101C60005867002080B584B000AF0023FB600023DC
:101C70007B601B4B00225A61194B00229A61184B62
:101C800000221A62164B6FF07F421A60144B00223A
:101C9000DA62134B00225A6010237B60114BBB6049
:101CA0000023FB6012E0BB683B60FA6813465B00F0
:101CB00013445B010C337A6839681846FFF704FE59
:101CC000FB680133FB60BB684433BB60FB68072BD8
:101CD000E9DDF9F7C5F800BF1037BD4680BD00BF8C
:101CE00078690020586700202DE9B04F92B000AF0E
:101CF000F861B96100237B6400233B640023FB632C
:101D00000023BB6300237B6300233B634FF000028F
:101D10004FF00003C7E90A23304B7B62FA69134690
:101D20001B0113449B001A467B6A13447B627B6A47
:101D30001B68FB637B6A5B68BB637B6A9B687B6336
:101D40007B6ADB683B633A6B7B6BD31A7B64BA6B51
:101D5000FB6BD31A3B64BA69FB6BD31ADA17BB600F
:101D6000FA60D7E90223C7E90A237B6CDA179846A1
:101D70009146FB6A08FB03F2BB6A09FB03F31344B9
:101D8000BA6AA2FB08452B441D46C7E90A45C7E9C4
:101D90000A453B6CDA173B617A61D7E90423D7E93E
:101DA0000A01EFF7A7F902460B46C7E90A237B6B46
:101DB000DA179A469346D7E90A2312EB0A013960EB
:101DC00043EB0B037B60D7E90034C7E90A34BB6AF5
:101DD00018464837BD46BDE8B08F00BF58670020A1
:101DE0002DE9B04F92B000AFF861B9610023FB63F9
:101DF0000023BB6300237B6300233B6300237B64DE
:101E000000233B644FF000024FF00003C7E90A23B0
:101E10003A4B7B62FA6913461B0113449B001A4636
:101E20007B6A13447B627B6A9B687B637B6ADB68AB
:101E30003B63FB69062B06D14FF4C8637B644FF408
:101E400061733B640FE0FB69072B06D14FF4C87345
:101E50007B644FF4E1633B6405E040F29E737B6476
:101E60004FF461733B643A6C7B6CD31AFB633A6B3F
:101E70007B6BD31ABB63BA697B6BD31ADA17BB606F
:101E8000FA60D7E90223C7E90A23FB6BDA17984601
:101E90009146FB6A08FB03F2BB6A09FB03F3134498
:101EA000BA6AA2FB08452B441D46C7E90A45C7E9A3
:101EB0000A45BB6BDA173B617A61D7E90423D7E99E
:101EC0000A01EFF717F902460B46C7E90A237B6CB4
:101ED000DA179A469346D7E90A2312EB0A013960CA
:101EE00043EB0B037B60D7E90034C7E90A34BB6AD4
:101EF00018464837BD46BDE8B08F00BF5867002080
:101F000080B582B000AF002002F00AFD7860404B3F
:101F10001A6813465B0013441B011A467B6813447E
:101F20007B603B4B9B69012B21D1394B1B68062BF6
:101F300008D1374B1B68DBB24FF4C8611846F8F77D
:101F4000AFFF14E0324B1B68072B08D1304B1B68E6
:101F5000DBB24FF4C8711846F8F7A2FF07E02C4B2C
:101F60001B68DBB240F29E711846F8F799FF284BC8
:101F70009B69022B48D1264B5B69012B22D1244B54
:101F80001B68062B08D1224B1B68DBB24FF4C861DB
:101F90001846F8F785FF37E01D4B1B68072B08D163
:101FA0001B4B1B68DBB24FF4C8711846F8F778FF7B
:101FB0002AE0174B1B68DBB240F29E711846F8F717
:101FC0006FFF21E0124B1B68062B08D1104B1B68DA
:101FD000DBB24FF4C8611846F8F762FF14E00C4B0F
:101FE0001B68072B08D10A4B1B68DBB24FF4C87182
:101FF0001846F8F755FF07E0054B1B68DBB240F2C7
:102000009E711846F8F74CFF00BF0837BD4680BDEB
:102010007869002080B582B000AF002002F080FC1B
:1020200078607A4B1A6813465B0013441B011A460A
:102030007B6813447B60754BDB69002B00F0C98023
:10204000734B3B60714B1A6813461B0113449B0092
:102050001A463B6813443B606C4B9B69012B13D1C0
:102060007B689B691A463B681A637B68DB691A4682
:102070003B68DA637B685B691A463B681A60634BAE
:10208000DB681A463B689A60604B9B69022B1CD147
:102090005E4B5B69012B0AD17B689B691A463B68E2
:1020A0001A615A4B1B691A463B689A610DE0574BFF
:1020B0005B69022B09D17B68DB691A463B681A62AF
:1020C000524B1B691A463B689A62504B9B69012B25
:1020D00021D14E4B1B68062B08D14C4B1B68DBB241
:1020E0004FF461711846F8F7DBFE14E0474B1B68AC
:1020F000072B08D1454B1B68DBB24FF4E161184652
:10210000F8F7CEFE07E0414B1B68DBB24FF461717C
:102110001846F8F7C5FE3D4B9B69022B48D13B4B57
:102120005B69012B22D1394B1B68062B08D1374B39
:102130001B68DBB24FF461711846F8F7B1FE37E067
:10214000324B1B68072B08D1304B1B68DBB24FF4B6
:10215000E1611846F8F7A4FE2AE02C4B1B68DBB2BD
:102160004FF461711846F8F79BFE21E0274B1B687E
:10217000062B08D1254B1B68DBB24FF46171184662
:10218000F8F78EFE14E0214B1B68072B08D11F4B7C
:102190001B68DBB24FF4E1611846F8F781FE07E0F7
:1021A0001A4B1B68DBB24FF461711846F8F778FEE2
:1021B000164B0022DA6103F039F80346134A5362E2
:1021C000124B5B6A114A9362104B03221A6201237D
:1021D00017E003F02BF802460C4B9B6A03F5122321
:1021E00003F5F8639A420BD9084B02229A60074B19
:1021F00000229A61054B00221A624FF0FF3300E083
:10220000002318460837BD4680BD00BF786900200E
:102210005867002080B582B000AFB14BDB69002B5E
:1022200000F04781AF4B7B60AD4B1A6813461B0132
:1022300013449B001A467B6813447B60002002F025
:102240006FFB3860A64B1A6813465B0013441B01F2
:102250001A463B6813443B60A14B9B69012B63D139
:102260003B689B691A467B685A633B685B691A4600
:102270007B685A609A4BDB681A467B68DA60984B39
:102280001A6813465B0013445B0103F10C027B6880
:102290001B6819461046FFF72DFB914B1A68134631
:1022A0005B0013445B0103F110027B685B68194615
:1022B0001046FFF71FFB8A4B1A6813465B00134456
:1022C0005B0103F114027B689B6819461046FFF717
:1022D00011FB834B1A6813465B0013445B0103F147
:1022E00018027B68DB6819461046FFF703FB7C4B3E
:1022F0001A6813465B0013445B0103F13C027B68E0
:102300001B6B19461046FFF7F5FA754B1A68134612
:102310005B0013445B0103F140027B685B6B194671
:102320001046FFF7E7FA9FE06D4B9B69022B40F0E8
:102330009B806B4B5B69012B42D13B689B691A46C2
:102340007B685A61664B1B691A467B68DA61644B8D
:102350001A6813465B0013445B0103F11C027B689F
:102360001B6919461046FFF7C5FA5D4B1A681346FC
:102370005B0013445B0103F120027B685B69194633
:102380001046FFF7B7FA564B1A6813465B00134422
:102390005B0103F124027B689B6919461046FFF735
:1023A000A9FA4F4B1A6813465B0013445B0103F113
:1023B00028027B68DB6919461046FFF79BFA53E059
:1023C000474B5B69022B4FD13B68DB691A467B6840
:1023D0005A62434B1B691A467B68DA62404B1A68A3
:1023E00013465B0013445B0103F12C027B681B6AFC
:1023F00019461046FFF77EFA394B1A6813465B0000
:1024000013445B0103F130027B685B6A1946104696
:10241000FFF770FA324B1A6813465B0013445B01F6
:1024200003F134027B689B6A19461046FFF762FA93
:102430002B4B1A6813465B0013445B0103F138020F
:102440007B68DB6A19461046FFF754FA244B1A687A
:1024500013465B0013445B0103F14C027B681B6C69
:1024600019461046FFF746FA1D4B01229A601C4B95
:1024700000225A601A4B0022DA61194B1B68DBB24A
:102480000133DBB200211846F8F7D2FE164B0022CA
:102490001A7002F0CBFE0346114A5362104B002221
:1024A0009A610F4B00221A62104807F07DFB01234E
:1024B0001FE002F0BBFE0246094B9B6A03F51223A4
:1024C00003F5F8639A4213D9054B03229A60044B33
:1024D00000229A61024B00221A624FF0FF3308E09B
:1024E00078690020586700206E46002010640308B9
:1024F000002318460837BD4680BD00BF80B483B0B6
:1025000000AF78607B68012B02D94FF0FF330FE0FA
:102510000A4B1B6A002B09D1084B5B697A689A4207
:1025200002D0064A7B685361012301E06FF001038A
:1025300018460C37BD4680BC704700BF7869002044
:1025400080B483B000AF78607B68022B02D94FF073
:10255000FF330AE0074B1B6A002B04D1054A7B6856
:102560009361012301E06FF0010318460C37BD466B
:1025700080BC70477869002080B582B000AF786079
:102580007B68082B0BD8154B5B68002B07D1134BCE
:102590009B69002B03D0114B1B6A002B02D04FF01C
:1025A000FF3316E00D4B1B687A689A4202D00B4A43
:1025B0007B6813600A4B01221A707B68DBB201331F
:1025C000DBB201211846F8F733FE044B0122DA6131
:1025D000012318460837BD4680BD00BF786900203A
:1025E0006E46002080B483B000AF786039607B68AD
:1025F000002B11D03B68022B06D10B4A7B6813617C
:10260000094B0122DA6105E0074A7B68D360064B7B
:102610000122DA61012301E04FF0FF3318460C3745
:10262000BD4680BC704700BF7869002080B500AF10
:10263000324B1B6A002B1BD1304BDB69002B5AD06D
:102640002E4B0022DA6102F0F1FD03462B4A536261
:102650002A4B00229A60294B01225A60274B002204
:10266000DA60264B00221A61244B01221A6242E0F2
:10267000224B1B6A012B19D102F0D8FD02461F4BD9
:102680005B6A64339A4236D9FFF73AFC02F0CEFD1A
:1026900003461A4A5362194B5B6A184A9362174BF6
:1026A00002221A62164807F07FFA24E0134B1B6AD5
:1026B000022B0ED102F0BAFD0246104B5B6A03F505
:1026C00096739A4217D9FFF7A5FC0E4807F06CFAEB
:1026D00011E00A4B1B6A032B0DD102F0A7FD024645
:1026E000064B5B6A03F596739A4204D9FFF792FD95
:1026F000054807F059FA00BF80BD00BF7869002087
:1027000020640308346403084C64030880B500AFF8
:10271000FFF78CFF0123184680BD000080B500AF95
:1027200000F050FB03461A46024B1A60012318467C
:1027300080BD00BFC069002080B483B000AF00231B
:102740007B6000237B6002E07B6801337B607B68F9
:10275000044A9342F8D9012318460C37BD4680BC81
:10276000704700BFDF22020080B582B000AF786002
:102770000B46FB707B681B0ADAB21C4B1A707B6835
:10278000DAB21A4B5A70194AFB789370184B1B68CF
:10279000A021184600F0A6FB0346002B07DA144BD5
:1027A0001B68184600F0FCFB4FF0FF3319E0104B9C
:1027B0001B6803220D49184600F003FD0346002B59
:1027C00007DA0B4B1B68184600F0EAFB4FF0FF33AB
:1027D00007E0074B1B68184600F0E2FBFFF7ACFF71
:1027E000012318460837BD4680BD00BFB0690020F0
:1027F000C069002080B582B000AF786039607B6826
:102800001B0ADAB2234B1A707B68DAB2214B5A707A
:102810003B681B0EDAB21F4B9A703B681B0CDAB296
:102820001C4BDA703B681B0ADAB21A4B1A713B6810
:10283000DAB2184B5A71184B1B68A021184600F0E9
:1028400051FB0346002B07DA134B1B68184600F0B8
:10285000A7FB4FF0FF3319E00F4B1B6806220D4911
:10286000184600F0AEFC0346002B07DA0A4B1B6843
:10287000184600F095FB4FF0FF3307E0064B1B684E
:10288000184600F08DFBFFF757FF01231846083765
:10289000BD4680BDB0690020C069002080B586B00B
:1028A00000AFF860B9607A6000237B6100233B6170
:1028B000FB683B6100237B611AE03A69BB681B68D7
:1028C00019461046FFF796FF0346002B07DA0D4B1B
:1028D0001B68184600F064FB4FF0FF330EE0BB6846
:1028E0000433BB603B6904333B617B6901337B612B
:1028F0007B691A467B689342DFD801231846183754
:10290000BD4680BDC069002080B584B000AFF860CE
:10291000B9607A60FB681B0ADAB2234B1A70FB6855
:10292000DAB2214B5A70214B1B68A021184600F0E7
:10293000D9FA0346002B07DA1C4B1B68184600F037
:102940002FFB4FF0FF332BE0184B1B680222164978
:10295000184600F036FC0346002B07DA134B1B68C1
:10296000184600F01DFB4FF0FF3319E00F4B1B68BA
:102970007A68B968184600F024FC0346002B07DA91
:102980000A4B1B68184600F00BFB4FF0FF3307E0C3
:10299000064B1B68184600F003FBFFF7CDFE012332
:1029A00018461037BD4680BDB0690020C0690020C0
:1029B00080B584B000AF78600023FB737B681B0A8E
:1029C000DAB2284B1A707B68DAB2264B5A70264B63
:1029D0001B68A021184600F085FA0346002B08DA90
:1029E000214B1B68184600F0DBFAFF23FB73FB7BCF
:1029F00034E01D4B1B6802221A49184600F0E1FB27
:102A00000346002B08DA184B1B68184600F0C8FA7A
:102A1000FF23FB73FB7B21E0134B1B68A0211846AF
:102A200000F086FA0346002B08DA0F4B1B681846A5
:102A300000F0B6FAFF23FB73FB7B0FE00A4B1B6829
:102A400001220A49184600F0E4FB074B1B681846B0
:102A500000F0A6FA054B1B78FB73FB7B184610377A
:102A6000BD4680BDB0690020C0690020B869002063
:102A700080B584B000AF78600023FB607B681B0AE0
:102A8000DAB2374B1A707B68DAB2354B5A70354B75
:102A90001B68A021184600F025FA0346002B09DA2E
:102AA000304B1B68184600F07BFA4FF0FF33FB6099
:102AB000FB6851E02B4B1B6802222949184600F0A5
:102AC00080FB0346002B09DA264B1B68184600F0F2
:102AD00067FA4FF0FF33FB60FB683DE0214B1B685A
:102AE000A021184600F024FA0346002B09DA1D4BFA
:102AF0001B68184600F054FA4FF0FF33FB60FB6888
:102B00002AE0184B1B6804221749184600F081FB85
:102B1000144B1B68184600F043FA134B1B78FB60FC
:102B2000FB681B02FB60104B5B781A46FB68134383
:102B3000FB60FB681B02FB600B4B9B781A46FB6833
:102B40001343FB60FB681B02FB60074BDB781A46F4
:102B5000FB681343FB60FB6818461037BD4680BD19
:102B6000B0690020C0690020B869002080B584B039
:102B700000AFF860B9607A60FB681B0ADAB2254BD7
:102B80001A70FB68DAB2234B5A70234B1B68A021E2
:102B9000184600F0A7F90346002B07DA1E4B1B6806
:102BA000184600F0FDF94FF0FF332FE01A4B1B6879
:102BB00002221849184600F004FB0346002B07DAEE
:102BC000154B1B68184600F0EBF94FF0FF331DE082
:102BD000114B1B68A021184600F0AAF90346002BF0
:102BE00007DA0D4B1B68184600F0DAF94FF0FF3397
:102BF0000CE0094B1B687A68B968184600F009FBBD
:102C0000054B1B68184600F0CBF901231846103716
:102C1000BD4680BDB0690020C069002080B588B085
:102C200000AFF860B9607A6000237B610023BB616C
:102C300000233B617B689B001A462349F868FFF735
:102C400095FF0346002B02DA4FF0FF3338E01E4BAE
:102C5000FB6100237B612DE0FB695A1CFA611B7844
:102C6000BB61BB691B02BB61FB695A1CFA611B7823
:102C70001A46BB691343BB61BB691B02BB61FB699D
:102C80005A1CFA611B781A46BB691343BB61BB69C6
:102C90001B02BB61FB695A1CFA611B781A46BB69AF
:102CA0001343BB61BB681A1DBA60BA691A607B69BD
:102CB00001337B617B691A467B689342CCD8012340
:102CC00018462037BD4680BDC469002080B500AFDE
:102CD00020210248F0F74BFB00BF80BD00180140E7
:102CE00080B500AF20210248F0F732FB00BF80BD65
:102CF0000018014080B500AF40210248F0F737FBD3
:102D000000BF80BD0018014080B500AF40210248DF
:102D1000F0F71EFB00BF80BD0018014080B500AF7A
:102D200020210348F0F732FB0346184680BD00BF60
:102D30000018014080B500AF40210348F0F726FBA2
:102D40000346184680BD00BF0018014080B483B020
:102D500000AF00237B60C8233B6000237B6002E060
:102D60007B6801337B607B683A689A42F8D800BF81
:102D700000BF0C37BD4680BC7047000080B500AF77
:102D800040F20660F0F776FD20210C48F0F7E0FAFB
:102D900040210A48F0F7DCFA2023032214210748D7
:102DA000F0F722FA4023032214210448F0F71CFA1A
:102DB000034800F059F800BF80BD00BF0018014073
:102DC0004816002080B400AF024B1846BD4680BCB8
:102DD000704700BF4816002080B584B000AF78600F
:102DE0000023FB607B685B689847FFF7AFFF002319
:102DF000FB600CE0FFF7AAFF7B681B69984703465E
:102E0000002B01D0012307E0FB680133FB60FB6866
:102E1000952BEFDD4FF0FF3318461037BD4680BDD0
:102E200080B584B000AF78600023FB600023FB60B6
:102E300010E07B681B6998470346002B07D07B682E
:102E40005B6998470346002B01D0012308E0FB682B
:102E50000133FB60FB68B3F5A87FEADB4FF0FF337B
:102E600018461037BD4680BD80B584B000AF78608D
:102E70000023FB600023FB600FE07B685B689847E2
:102E8000FFF764FF7B681B689847FFF75FFF7B686D
:102E90005B689847FB680133FB60FB68022BECDD45
:102EA00000BF00BF1037BD4680BD80B582B000AF07
:102EB00078607868FFF7B4FF0346002B02DA786881
:102EC000FFF7D2FF7B689B689847FFF73FFF7B685F
:102ED0001B689847FFF73AFF012318460837BD469D
:102EE00080BD000080B582B000AF78600B46FB70FB
:102EF0007868FFF7DAFFFB781946786800F0FAF88F
:102F0000786800F074F80346002B08DAFB781A465C
:102F10000549064806F0E6FD4FF0FF3300E00123C7
:102F200018460837BD4680BDD87903086464030895
:102F300080B582B000AF78600B46FB707B68DB68C1
:102F40009847FFF703FF7868FFF746FF0346002B1B
:102F500002DA4FF0FF331AE07868FFF7A6FFFB783C
:102F600043F00103DBB21946786800F0C3F87868D3
:102F700000F03DF80346002B08DAFB781A460649B4
:102F8000064806F0AFFD4FF0FF3300E0012318467E
:102F90000837BD4680BD00BFE879030864640308B4
:102FA00080B582B000AF78607B689B689847FFF778
:102FB000CDFE7868FFF710FF0346002B02DA4FF0D2
:102FC000FF3310E07B68DB689847FFF7BFFE7B6844
:102FD0005B6998470346002B03D0FFF7B7FE012338
:102FE00001E04FF0FF3318460837BD4680BD80B57D
:102FF00084B000AF78600023FB604FF4A043BB6057
:103000007B681B689847FFF7A1FE7B68DB689847E1
:10301000FFF79CFE7B685B689847FFF797FE0023ED
:10302000FB6008E07B685B6998470346002B07D08C
:10303000FB680133FB60FA68BB689A42F2DB00E090
:1030400000BFFA68BB689A4205DB7868FFF7A8FF03
:103050004FF0FF3303E07B681B6898470123184655
:103060001037BD4680BD80B582B000AF78607B6808
:103070009B689847FFF76AFE7868FFF7ADFE034646
:10308000002B05DA7B68DB6898474FF0FF3305E0DB
:103090007B681B689847FFF759FE012318460837DD
:1030A000BD4680BD80B582B000AF78607B68DB68CC
:1030B0009847FFF74BFE7868FFF78EFE0346002B1C
:1030C00005DA7B68DB6898474FF0FF330EE07B68DA
:1030D0005B6998470346002B02D14FF0FF3305E0B0
:1030E0007B681B689847FFF731FE012318460837B5
:1030F000BD4680BD80B584B000AF78600B46FB70E4
:103100000023FB600023FB601BE0FFF71FFE7B68D2
:103110001B689847FA788021FB6841FA03F3134053
:10312000002B03D07B68DB68984702E07B689B68D4
:103130009847FFF70BFE7B685B689847FB68013395
:10314000FB60FB68072BE0DDFFF700FE7B681B6878
:10315000984700BF1037BD4680BD80B584B000AF32
:1031600078600023FB600023FB727B68DB68984774
:103170000023FB601AE0FB7A5B00FB72FFF7E6FDC1
:103180007B681B689847FFF7E1FD7B685B689847A1
:10319000FFF7DCFD7B685B6998470346002B02D094
:1031A000FB7A0133FB72FB680133FB60FB68072B82
:1031B000E1DD7B681B689847FB7A18461037BD46EF
:1031C00080BD80B586B000AFF860B9607A6000233A
:1031D0007B6100237B6113E0BB685A1CBA601B78DB
:1031E0001946F868FFF786FFF868FFF700FF034607
:1031F000002B02DA4FF0FF3307E07B6901337B617C
:103200007B697A689A42E7D8012318461837BD4689
:1032100080BD90B587B000AFF860B9607A600023D8
:103220007B6100237B610DE0BC68631CBB60F868B8
:10323000FFF793FF03462370F868FFF714FF7B69DD
:1032400001337B617B685A1E7B699A42ECD8BC686B
:10325000631CBB60F868FFF780FF03462370F868C3
:10326000FFF720FF012318461C37BD4690BD000024
:1032700080B5ADF5835D86B002AF07F1700343F80A
:103280006C0C824B00221A80002307F5835202F156
:10329000080213607E4B07F5825202F1140213609C
:1032A00040F2FF1307F5825202F11802136007F192
:1032B00070031A4607F11003083B52F86C1C1846BD
:1032C000F6F770FA034607F5835202F10F02137006
:1032D00007F5835303F10F031B78002B40F0CA80DE
:1032E00007F1700353F86C0CEEF7EAFA034607F5A2
:1032F000835202F10402136007F5815202F11802B1
:1033000007F11003083B11461846F6F7C5FA0346C5
:1033100007F5835202F10F02137007F5835303F18F
:103320000F031B78002B40F0A58007F5825303F1B3
:1033300005031B78002B00F09D8007F5825303F1F5
:1033400014031B681B78002B05D007F5825303F18B
:1033500014031B6804E007F5815303F118030D33D0
:1033600007F58352136007F583531B681B782E2BD8
:103370007ED007F5825303F104031B7803F010039A
:10338000002B38D007F5835303F104031B6807F1C2
:10339000700252F86C2C134407F5835212683D49B1
:1033A000184606F04DFC07F1700353F86C2C3A49AF
:1033B0003A4806F097FB07F1700353F86C0CFFF7DF
:1033C00057FF034607F5835202F10F02137007F50A
:1033D000835303F104031B6807F1700252F86C2C4D
:1033E000134400221A7007F5835303F10F031B786F
:1033F000002B81D03EE007F5835303F108031A68E0
:1034000013461B019B1A5B00254A98181F4B1B880B
:103410005A1C07F583531B6800931346214A4FF447
:10342000E16106F0C9FB07F5835303F108031A684D
:1034300013461B019B1A5B001B4A981807F5835320
:103440001B681A4A4FF4E16106F0B6FB0F4B1B886C
:1034500001339AB20D4B1A8007F5835303F1080329
:103460001B68013307F5835202F10802136043E73A
:1034700000BF41E707F5835303F10F031B7818469C
:1034800007F583571037BD4680BD00BFD4780020B4
:10349000E8780020846403088864030890640308C3
:1034A000CC710020A4640308C46A0020B06403083F
:1034B00080B582B000AF7860002000F061F90E2284
:1034C0000021786800F0C2F900BF0837BD4680BD12
:1034D00080B588B000AF78600023FB6007F110036F
:1034E00000221A605A601A8107F10C030E22002193
:1034F000184600F055FA0023FB610BE07B685A1C6C
:103500007A6007F10C01FA690A4412781A70FB69B3
:103510000133FB61FB690D2BF0DD00BF00BF2037DD
:10352000BD4680BD80B582B000AF0023FB8010484F
:10353000FFF7CEFF0E4B1B781B021AB20C4B5B78C9
:103540001BB213431BB2FB80FB880133FB80FB885B
:103550001B0A9BB2DAB2064B1A70FB88DAB2044B34
:103560005A700348FFF7A4FF00BF0837BD4680BD6F
:10357000D878002080B582B000AF0023FB800B48D4
:10358000FFF7A6FF41F23423FB80FB881B0A9BB2A6
:10359000DAB2064B1A71FB88DAB2044B5A7103484F
:1035A000FFF786FF00BF0837BD4680BDD8780020F2
:1035B00080B582B000AF0023FB800B48FFF788FF87
:1035C00043F24433FB80FB881B0A9BB2DAB2064B02
:1035D0001A71FB88DAB2044B5A710348FFF768FF8F
:1035E00000BF0837BD4680BDD878002080B582B0C6
:1035F00000AF0023FB800B48FFF76AFF45F2AA5398
:10360000FB80FB881B0A9BB2DAB2064B1A71FB885F
:10361000DAB2044B5A710348FFF74AFF00BF08377C
:10362000BD4680BDD878002080B582B000AF0023B1
:10363000FB800B48FFF74CFF46F28973FB80FB8849
:103640001B0A9BB2DAB2064B1A71FB88DAB2044B42
:103650005A710348FFF72CFF00BF0837BD4680BDF5
:10366000D878002080B58CB000AF78600023FB6074
:1036700007F1100300221A605A609A60DA601A613A
:103680005A611A8307F10C031E220D49184600F0F7
:1036900087F90023FB620BE07B685A1C7A6007F114
:1036A0000C01FA6A0A4412781A70FB6A0133FB6251
:1036B000FB6A1D2BF0DD00BF00BF3037BD4680BD6B
:1036C0000010100080B584B000AF00233B603B1DAC
:1036D00000221A605A601A813B461846FFF7E8FE3E
:1036E00000BF1037BD4680BD80B588B000AF40F246
:1036F0000360F0F7BFF840F20F70F0F7BBF801215C
:103700001C48EFF757FE2823032218211A48EFF729
:103710006BFD1023032204211748EFF765FD80237A
:10372000032210211448EFF75FFD80211248EFF7C4
:103730000FFE0023BB604FF482737B600023FB60AD
:103740000323BB614FF400733B612023FB61002323
:103750007B613B1D1946094802F0DBF90721074848
:1037600002F044FA054802F015FA00BF2037BD46C2
:1037700080BD00BF00023000000C0140003C004052
:1037800080B582B000AF786000F09EF980211048CB
:10379000EFF7EDFD202000F071F97B681B0CDBB228
:1037A000184600F06BF97B681B0ADBB2184600F084
:1037B00065F97B68DBB2184600F060F980210448A7
:1037C000EFF7C6FD00F092F900BF0837BD4680BD97
:1037D000000C014080B584B000AFF860B9601346BA
:1037E000FB8000F071F980211748EFF7C0FD02203F
:1037F00000F044F9BB681B0CDBB2184600F03EF940
:10380000BB681B0ADBB2184600F038F9BB68DBB2B4
:10381000184600F033F907E0FB681B78184600F003
:103820002DF9FB680133FB60FB885A1EFA80002BE0
:10383000F2D180210448EFF78BFD00F057F900BF6B
:103840001037BD4680BD00BF000C014080B586B07A
:1038500000AFF860B9601346FB800023FB750023BE
:10386000BB7500237B7500233B750023FB74BB688D
:103870007B757B7D5B423B75FB881B0A9BB2FB75AE
:10388000FB88BB757B7D002B24D1FB7D002B14D1E5
:10389000FB881A46B968F868FFF79CFF7BE04FF495
:1038A0008072B968F868FFF795FFBB6803F580730D
:1038B000BB60FB6803F58073FB60FB7D5A1EFA75E5
:1038C000002BECD1BB7D9BB21A46B968F868FFF7B4
:1038D00081FF60E0FB7D002B25D1BA7D3B7D9A42C4
:1038E0001AD9BA7D3B7DD31AFB743B7D9BB21A4635
:1038F000B968F868FFF76EFF3B7DBA681344BB6098
:103900003B7DFA681344FB60FB7C9BB21A46B968A6
:10391000F868FFF75FFF3EE0FB881A46B968F86871
:10392000FFF758FF37E03B7D9BB2FA88D31AFB8044
:10393000FB881B0A9BB2FB75FB88BB753B7D9BB26A
:103940001A46B968F868FFF745FF3B7DBA6813442B
:10395000BB603B7DFA681344FB600DE04FF480725E
:10396000B968F868FFF736FFBB6803F58073BB6082
:10397000FB6803F58073FB60FB7D5A1EFA75002B14
:10398000ECD1BB7D002B06D0BB7D9BB21A46B9683B
:10399000F868FFF71FFF00BF1837BD4680BD000065
:1039A00080B584B000AFF860B9601346FB80802119
:1039B0001748EFF7DCFC032000F060F8BB681B0C35
:1039C000DBB2184600F05AF8BB681B0ADBB2184697
:1039D00000F054F8BB68DBB2184600F04FF809E07D
:1039E000A52000F04BF803461A46FB681A70FB68E6
:1039F0000133FB60FB885A1EFA80002BF0D1802136
:103A00000348EFF7A5FC00BF1037BD4680BD00BFDF
:103A1000000C014080B584B000AF0023FB600023A0
:103A2000BB6000237B6000233B6080211248EFF7DE
:103A30009EFC9F2000F022F8A52000F01FF803460E
:103A4000BB60A52000F01AF803467B60A52000F0BB
:103A500015F803463B6080210748EFF779FCBB6807
:103A60001A047B681B0213433A681343FB60FB682C
:103A700018461037BD4680BD000C014080B582B0AD
:103A800000AF0346FB7100BF02210E4802F0BEF8F2
:103A90000346002BF8D0FB799BB21946094802F087
:103AA00088F800BF0121074802F0B0F80346002B58
:103AB000F8D0044802F08DF80346DBB21846083708
:103AC000BD4680BD003C004080B500AF8021064867
:103AD000EFF74DFC0620FFF7D1FF80210248EFF7FA
:103AE00037FC00BF80BD00BF000C014080B582B034
:103AF00000AF0023FB7180210B48EFF738FC052055
:103B0000FFF7BCFFA520FFF7B9FF0346FB71FB7968
:103B100003F00103002BF5D180210348EFF718FCD7
:103B200000BF0837BD4680BD000C014080B500AF26
:103B300040F2DC5364220021002001F099FA40F2A7
:103B4000DC5364220121002001F092FA40F2DC53A0
:103B500064220221002001F08BFA40F2DC5364223F
:103B60000321002001F084FA024806F01DF800BF8E
:103B700080BD00BFC864030880B582B000AF786024
:103B8000634B1B78DBB21A46624B53F8223093F832
:103B9000F430012B40F0B7805F4B01221A707B6834
:103BA000013B122B00F2B08001A252F823F000BFBB
:103BB000FD3B02080B3C0208193C0208273C0208A6
:103BC000353C0208433C0208513C02085F3C0208B5
:103BD0006D3C02087B3C0208893C0208973C0208C5
:103BE000A53C0208B33C0208C13C0208CF3C0208D5
:103BF000DD3C0208EB3C0208F93C02084748F0F7BC
:103C00005BF9474805F0D0FF7EE04648F0F754F9ED
:103C1000454805F0C9FF77E04448F0F74DF94448BE
:103C200005F0C2FF70E04348F0F746F9424805F05E
:103C3000BBFF69E04148F0F73FF9414805F0B4FFA8
:103C400062E04048F0F738F93F4805F0ADFF5BE02F
:103C50003E48F0F731F93E4805F0A6FF54E03D48F4
:103C6000F0F72AF93C4805F09FFF4DE03B48F0F79C
:103C700023F93B4805F098FF46E03A48F0F71CF975
:103C8000394805F091FF3FE03848F0F715F938481A
:103C900005F08AFF38E03748F0F70EF9364805F0AE
:103CA00083FF31E03548F0F707F9354805F07CFF30
:103CB0002AE03448F0F700F9334805F075FF23E0B7
:103CC0003248F0F7F9F8324805F06EFF1CE0314851
:103CD000F0F7F2F8304805F067FF15E02F48F0F7ED
:103CE000EBF82F4805F060FF0EE02E48F0F7E4F8FF
:103CF0002D4805F059FF07E02C48F0F7DDF82C4877
:103D000005F052FF00E000BF00BF0837BD4680BD90
:103D10006F4600201C02002070460020D864030873
:103D2000E864030808650308186503083865030894
:103D3000486503086C6503087C650308846503080F
:103D400094650308B4650308C4650308E4650308C3
:103D5000F465030814660308246603084466030830
:103D6000546603087466030884660308A46603089F
:103D7000B4660308D4660308E4660308046703080E
:103D8000146703083467030844670308646703087B
:103D90007467030894670308A4670308C4670308EB
:103DA000D4670308F4670308046803082468030859
:103DB0003468030880B500AFA54B1B78DBB2002B3D
:103DC00000F07E81A34B5A69A34B5B699A4209D0EC
:103DD000A14B5B699F4A53619F4B5B6919469F48A2
:103DE000F0F76AF89B4BD3F8A4209B4BD3F8A43090
:103DF0009A420CD0984BD3F8A430964AC2F8A4301B
:103E0000954BD3F8A43019469548F0F755F8914BE7
:103E10009A69914B9B699A4209D08F4B9B698D4A55
:103E200093618D4B9B6919468E48F0F745F8894B95
:103E3000D3F8A820884BD3F8A8309A420CD0864BF0
:103E4000D3F8A830834AC2F8A830834BD3F8A830FF
:103E500019468548F0F730F87E4B5A6C7E4B5B6C08
:103E60009A4209D07C4B5B6C7A4A53647A4B5B6C08
:103E700019467E48F0F720F8764B9A6C764B9B6C8F
:103E80009A4209D0744B9B6C724A9364724B9B6C40
:103E900019467748F0F710F86E4BD3F8D4206E4BE4
:103EA000D3F8D4309A420CD06B4BD3F8D430694A53
:103EB000C2F8D430684BD3F8D43019466D48EFF7C8
:103EC000FBFF644BD3F8D820634BD3F8D8309A4229
:103ED0000CD0614BD3F8D8305E4AC2F8D8305E4B74
:103EE000D3F8D83019466448EFF7E6FF634BDB6838
:103EF000002B09D0614BDB68614AD3605F4BDB6804
:103F000019466048EFF7D8FF524B5A6F524B5B6F20
:103F10009A4209D0504B5B6F4E4A53674E4B5B6FD2
:103F200019465948EFF7C8FF4A4BD3F804214A4BCA
:103F3000D3F804319A420CD0474BD3F80431454AA8
:103F4000C2F80431444BD3F8043119464F48EFF717
:103F5000B3FF4B4B1A68494B1B689A4209D0474B39
:103F60001B68474A1360454B1B6819464848EFF7E2
:103F7000A3FF384BD3F86821374BD3F868319A4206
:103F80000CD0354BD3F86831324AC2F86831324B25
:103F9000D3F8683119463F48EFF78EFF2D4BD3F821
:103FA00064212D4BD3F864319A420CD02A4BD3F8BC
:103FB0006431284AC2F86431274BD3F8643119467A
:103FC0003548EFF779FF234BD3F83421224BD3F850
:103FD00034319A420CD0204BD3F834311D4AC2F808
:103FE00034311D4BD3F8343119462C48EFF764FFB8
:103FF000184BD3F83821184BD3F838319A420CD0EB
:10400000154BD3F83831134AC2F83831124BD3F874
:10401000383119462248EFF74FFF0E4BD3F80821ED
:104020000D4BD3F808319A420CD00B4BD3F8083122
:10403000084AC2F80831084BD3F808311946194824
:10404000EFF73AFF034B9A6F034B9B6F9A422BE0BB
:104050006E460020687C0020E87A00205C68030837
:104060006C6803087C6803088C6803089C68030874
:10407000AC680308BC680308CC680308E87D00202E
:10408000087E0020DC680308EC680308FC6803086D
:104090000C6903081C6903082C6903083C690308C0
:1040A0004C690308606903080DD0084B9B6F084AF0
:1040B0009367064B9B6F19460648EFF7FDFE02E03B
:1040C000054B0022DA6000BF80BD00BFE87A002007
:1040D000687C002070690308087E002080B584B0E9
:1040E00000AF00237B600023BB60704B1B78DBB20A
:1040F000002B00F0B8836E4B1B78DBB2032B00F271
:10410000FF8301A252F823F01941020887420208F6
:1041100017440208A7450208664B5B68002B0ED1C6
:1041200001F084F80346634A1360624B01225A602F
:104130000120FDF72DF80020FCF7E4FFD9E301F0A2
:1041400075F802465B4B1B684B339A4240F2D183B1
:104150003B461A460021002000F0E8FF3B68554A24
:104160005361544B5B69534A128C934205D8514BAF
:104170005B69504A528C934205D24E4B01229A857C
:104180000120FFF7F9FC3B461A460121002000F010
:10419000CDFF3B68474AC2F8A430464BD3F8A43061
:1041A000444AB2F8B020934207D8424BD3F8A43027
:1041B000404AB2F8B220934206D23E4B0122A3F805
:1041C000BC200920FFF7D8FC3B461A4600210020FE
:1041D00000F0DAFF3B68374A9361364B9B69354AFA
:1041E000928C934205D8334B9B69324AD28C9342CE
:1041F00005D2304B01229A850220FFF7BDFC3B46D9
:104200001A460321002000F0BFFF3B682A4A936052
:10421000294B9B68284A128B934205D8264B9B68F2
:10422000254A528B934202D2234B01229A833B466A
:104230001A460121002000F0A7FF3B681D4AC2F882
:10424000A8301C4BD3F8A8301A4AB2F8B4209342D5
:1042500007D8184BD3F8A830164AB2F8B6209342C4
:1042600006D2144B0122A3F8BC200A20FFF784FCDD
:10427000104B00225A600E4B1B78DBB20133DAB2CE
:104280000B4B1A7035E30B4B5B6B002B16D100F018
:10429000CDFF0346074A1363064B01225A630220EF
:1042A000FCF776FF0120FCF72DFF24E36E4600208B
:1042B000287E0020E87A0020E87D002000F0B6FF8C
:1042C00002465E4B1B6B4B339A4240F214833B46D3
:1042D0001A460021002000F029FF3B68574A53642A
:1042E000564B5B6C554AB2F85020934206D8534B5C
:1042F0005B6C524AB2F85220934206D24F4B0122D5
:10430000A3F85C200520FFF737FC3B461A46002146
:10431000002000F039FF3B68484A9364474B9B6C90
:10432000464AB2F85420934206D8444B9B6C434A09
:10433000B2F85620934206D2404B0122A3F85C20EB
:104340000620FFF719FC3B461A460121002000F029
:10435000EDFE3B68394AC2F8D430384BD3F8D4303C
:10436000364AB2F8E020934207D8344BD3F8D43021
:10437000324AB2F8E220934206D2304B0122A3F82F
:10438000EC200B20FFF7F8FB3B461A4601210020EA
:1043900000F0FAFE3B68294AC2F8D830274BD3F820
:1043A000D830264AB2F8E420934207D8234BD3F8FA
:1043B000D830224AB2F8E620934206D21F4B01229F
:1043C000A3F8EC200C20FFF7D7FB3B461A4603214D
:1043D000002000F0D9FE3B68194AD360184BDB6817
:1043E000174A128B934205D8154BDB68144A528B3F
:1043F000934205D2124B01229A830320FFF7BCFBA4
:104400000E4B00225A630F4B1B78DBB20133DAB23A
:104410000C4B1A706FE2094B5B6E002B14D100F04D
:1044200005FF0346054A1366044B01225A66032022
:10443000FCF7AEFE0220FCF765FE5EE2E87A0020A3
:10444000E87D0020287E002000F0F0FE0246944B1C
:104450001B6E4B339A4240F250823B461A46002173
:10446000002000F063FE3B688D4A53678C4B5B6F06
:104470008B4AB2F88020934206D8894B5B6F884AFA
:10448000B2F88220934206D2854B0122A3F88C20F9
:104490000720FFF771FB3B461A460121002000F080
:1044A00045FE3B6819460520FDF71EFC03467C4A85
:1044B000C2F804317A4BD3F80431794AB2F81021AA
:1044C000934207D8764BD3F80431754AB2F81221DB
:1044D000934206D2724B0122A3F81C210D20FFF754
:1044E0004BFB3B461A460021002000F04DFE3B6886
:1044F0006B4A93676A4B9B6F694AB2F88420934278
:1045000006D8674B9B6F664AB2F88620934206D264
:10451000634B0122A3F88C200820FFF72DFB3B46BC
:104520001A460321002000F02FFE3B685D4A13610C
:104530005C4B1B695B4A128B934205D8594B1B6934
:10454000584A528B934202D2564B01229A833B46E1
:104550001A460121002000F017FE3B68504AC2F8BD
:1045600008314F4BD3F808314D4AB2F81421934229
:1045700007D84B4BD3F80831494AB2F81621934279
:1045800006D2474B0122A3F81C210E20FFF7F4FAB4
:10459000434B00225A66444B1B78DBB20133DAB23C
:1045A000414B1A70A9E13E4BD3F82431002B10D1B6
:1045B00000F03CFE03463A4AC2F82031384B012253
:1045C000C3F824210320FCF79DFD0020FCF7E0FD4B
:1045D00095E100F02BFE0246314BD3F820314B33EE
:1045E0009A4240F28C813B461A460121002000F09D
:1045F0009DFD3B682A4AC2F83431294BD3F8343147
:10460000274AB2F84021934207D8254BD3F83431DA
:10461000234AB2F84221934206D2214B0122A3F849
:104620004C210F20FFF7A8FA3B461A460121002033
:1046300000F0AAFD1A4BD3F83431B3F57A6F1FD9C5
:10464000174BD3F83431A3F57A63FB60FB68174A44
:10465000A2FB03235B09FB603A68FB68D31A022BB9
:104660000AD93A68FB68D31A4FF6FA72934203D814
:104670003A68FB68D31A00E00023094AC2F83831CF
:104680003A68FB68D31A022B12D93A68FB68D31A2E
:104690004FF6FA7293420BD83A68FB68D31A08E0D7
:1046A000E87A0020E87D0020287E00201F85EB515D
:1046B0000023954AC2F83831934BD3F83831924AE7
:1046C000B2F84421934207D88F4BD3F838318E4A41
:1046D000B2F84621934206D28B4B0122A3F84C211B
:1046E0001020FFF749FA3B461A460221002000F04D
:1046F0001DFD3B68844AC2F86431834BD3F86431B2
:10470000814AB2F87021934207D87F4BD3F86431C5
:104710007D4AB2F87221934206D27B4B0122A3F864
:104720007C211120FFF728FA3B461A46022100207F
:1047300000F02AFD744BD3F8643140F2DC5293420E
:104740001FD9714BD3F86431A3F57A73BB60BB6892
:104750006E4AA2FB03239B09BB603A68BB68D31A6D
:10476000022B0AD93A68BB68D31A4FF6FA72934201
:1047700003D83A68BB68D31A00E00023624AC2F843
:1047800068313A68BB68D31A022B0AD93A68BB6809
:10479000D31A4FF6FA72934203D83A68BB68D31A19
:1047A00000E00023584AC2F86831574BD3F868310B
:1047B000554AB2F87421934207D8534BD3F8683165
:1047C000514AB2F87621934206D24F4B0122A3F808
:1047D0007C211220FFF7D0F93B461A460321002026
:1047E00000F0A4FC3B68722202FB03F3484AA2FBE0
:1047F0000323DB081846ECF73FFA03461846ECF7AC
:1048000059FC0346434A1360424B1B68414A928A53
:10481000934205D83F4B1B683E4AD28A934205D249
:104820003C4B01229A831320FFF7A6F93B461A4618
:104830000321002000F0A8FC3B68364A5360324B4D
:104840000022C3F82421344B1B78DBB20133DAB2E7
:10485000314B1A70304B1B78DBB2032B4FD92E4BE8
:1048600000221A704BE02D4B1B78DBB2002B47D196
:10487000254B00225A61244B00229A61224B0022D0
:104880005A64214B00229A641F4B00225A671E4B28
:1048900000229A671C4B0022C3F8A4201A4B002266
:1048A000C3F8A820184B0022C3F8D420164B0022CE
:1048B000C3F8D820144B0022C3F80421124B002265
:1048C000C3F80821104B0022C3F834210E4B0022FC
:1048D000C3F838210C4B0022C3F864210A4B002294
:1048E000C3F868210B4B00221A600A4B00225A6061
:1048F00006E000BF04E000BF02E000BF00E000BF30
:1049000000BF1037BD4680BDE87A0020D34D62104D
:10491000CDCCCCCCE87D0020287E00206E46002047
:1049200080B485B000AF78607B68082B01D9002384
:104930000BE0084BFB607A6813465B0013441B01D5
:104940001A46FB681344FB60FB6818461437BD46E3
:1049500080BC7047E87A002080B400AFBC4B1B7865
:10496000DBB21A46BB4B53F82230B3F87420BA4B73
:104970005A84B74B1B78DBB21A46B64B53F8223039
:10498000B3F87620B44B1A84B14B1B78DBB21A46CD
:10499000B04B53F82230B3F87820AF4BDA84AC4BED
:1049A0001B78DBB21A46AB4B53F82230B3F87A20AF
:1049B000A94B9A84A64B1B78DBB21A46A54B53F839
:1049C0002230B3F87E20A44BA3F85220A04B1B78D2
:1049D000DBB21A469F4B53F82230B3F880209E4B2F
:1049E000A3F850209A4B1B78DBB21A46994B53F828
:1049F0002230B3F88220984BA3F85620944B1B78B2
:104A0000DBB21A46934B53F82230B3F88420924B12
:104A1000A3F854208E4B1B78DBB21A468D4B53F80B
:104A20002230B3F888208C4BA3F88220884B1B7867
:104A3000DBB21A46874B53F82230B3F88A20864BF4
:104A4000A3F88020824B1B78DBB21A46814B53F8C7
:104A50002230B3F88C20804BA3F886207C4B1B7847
:104A6000DBB21A467B4B53F82230B3F88E207A4BD8
:104A7000A3F88420764B1B78DBB21A46754B53F8AB
:104A80002230B3F89220744BA3F8B220704B1B78FD
:104A9000DBB21A466F4B53F82230B3F894206E4BBA
:104AA000A3F8B0206A4B1B78DBB21A46694B53F867
:104AB0002230B3F89620684BA3F8B620644B1B78DD
:104AC000DBB21A46634B53F82230B3F89820624B9E
:104AD000A3F8B4205E4B1B78DBB21A465D4B53F84B
:104AE0002230B3F89C205C4BA3F8E220584B1B7893
:104AF000DBB21A46574B53F82230B3F89E20564B80
:104B0000A3F8E020524B1B78DBB21A46514B53F806
:104B10002230B3F8A020504BA3F8E6204C4B1B7872
:104B2000DBB21A464B4B53F82230B3F8A2204A4B63
:104B3000A3F8E420464B1B78DBB21A46454B53F8EA
:104B40002230B3F8A620444BA3F81221404B1B7827
:104B5000DBB21A463F4B53F82230B3F8A8203E4B45
:104B6000A3F810213A4B1B78DBB21A46394B53F8A5
:104B70002230B3F8AA20384BA3F81621344B1B7807
:104B8000DBB21A46334B53F82230B3F8AC20324B29
:104B9000A3F814212E4B1B78DBB21A462D4B53F889
:104BA0002230B3F8B0202C4BA3F84221284B1B78BD
:104BB000DBB21A46274B53F82230B3F8B220264B0B
:104BC000A3F84021224B1B78DBB21A46214B53F845
:104BD0002230B3F8B420204BA3F846211C4B1B789D
:104BE000DBB21A461B4B53F82230B3F8B6201A4BEF
:104BF000A3F84421164B1B78DBB21A46154B53F829
:104C00002230B3F8BA20144BA3F87221104B1B7852
:104C1000DBB21A460F4B53F82230B3F8BC200E4BD0
:104C2000A3F870210A4B1B78DBB21A46094B53F8E4
:104C30002230B3F8BE20084BA3F87621044B1B7832
:104C4000DBB21A46034B53F82230B3F8C02005E01C
:104C50006F4600201C020020E87A0020194BA3F8C0
:104C60007421194B1B78DBB21A46184B53F82230CB
:104C7000B3F8C420164BDA82134B1B78DBB21A460A
:104C8000124B53F82230B3F8C620114B9A820E4BC8
:104C90001B78DBB21A460D4B53F82230B3F8C8200C
:104CA0000B4B5A83084B1B78DBB21A46074B53F861
:104CB0002230B3F8CA20064B1A8300BFBD4680BC21
:104CC000704700BFE87A00206F4600201C020020D9
:104CD000E87D002080B485B000AF0346FB71FB790E
:104CE000082B02D94FF0FF330EE00A4BFB60FA7934
:104CF00013465B0013441B011A46FB681344FB6018
:104D0000FB6800229A85002318461437BD4680BCF4
:104D1000704700BFE87A002080B588B000AFB96066
:104D20007A603B600346FB730023BB618023FB7505
:104D3000FB7B022B11D0022B15DC002B02D0012BA8
:104D400005D010E0FEF73EF80346FB610CE0FEF7ED
:104D500039F803461833FB6106E0FEF733F80346E3
:104D60003033FB6100E000BFFB69002B15D00E4A19
:104D7000BB6813441B78FB75FB7D1946F869FEF789
:104D8000B1F8B8613A687968F869FEF71AFAB8615B
:104D9000F869FEF705F9012301E04FF0FF331846EB
:104DA0002037BD4680BD00BFFC79030880B58AB0BE
:104DB00000AFB9607B600346FB731346BB730023EF
:104DC0007B620023FB610323BB618023FB75FB7BBC
:104DD000022B11D0022B15DC002B02D0012B05D0A9
:104DE00010E0FDF7EFFF03463B620CE0FDF7EAFF42
:104DF000034618333B6206E0FDF7E4FF0346303319
:104E00003B6200E000BF3B6A002B4ED02A4ABB68E1
:104E100013441B78FB7500237B6237E0FB7D19464A
:104E2000386AFEF75FF8F861FB69002B24DB07F1B5
:104E30000E0301221946386AFEF7C3F9F861FB69CF
:104E4000002B1BDBFB7D1946386AFEF771F8F86111
:104E5000FB69002B14DB02227968386AFEF7D9F966
:104E6000F861FB69002B0DDB386AFEF799F8F861F1
:104E7000FB69002B0FDA06E000BF04E000BF02E090
:104E800000BF00E000BF7B6A01337B627A6ABB69C6
:104E90009A42C3DB00E000BF7A6ABB699A4202DB38
:104EA0004FF0FF3303E0012301E04FF0FF331846DA
:104EB0002837BD4680BD00BFFC7903082DE9B04FFF
:104EC00090B000AFB9627A623B62034687F82F3038
:104ED0004FF000024FF00003C7E90E234FF40072B9
:104EE0004FF00003C7E90E23D7E90E8942464B462F
:104EF0004FF000004FF00001590141EAD26150012A
:104F000002460B46B2EB080463EB09054FF00002C2
:104F10004FF00003AB0043EA9473A20014461D4611
:104F200014EB0803BB6045EB0903FB604FF0000284
:104F30004FF00003D7E902452946CB002046294619
:104F4000044643EA54730146CA001C461346C7E9A7
:104F50000E34D7E90E0102460B464FF000044FF025
:104F600000055D0145EAD265540122462B46B2EBAD
:104F7000000A63EB010B4FF000024FF000034FEA11
:104F80008B0343EA9A734FEA8A0292469B461AEBD6
:104F900000033B604BEB01037B604FF000024FF0DE
:104FA0000003D7E900452946CB00204629460446A0
:104FB00043EA54730146CA001C461346C7E90E343F
:104FC000D7E90E01294A4FF00003ECF7E3F8024657
:104FD0000B46C7E90E23D7E90E014FF000024FF050
:104FE0000003CB0343EA5043C203C7E90E233B6AE5
:104FF0000022BB61FA61D7E90623D7E90E01ECF77D
:10500000C9F802460B46C7E90E237B6A00223B61C2
:105010007A61D7E90423D7E90E01ECF7BBF8024621
:105020000B46C7E90E23052387F83430D7E90E0174
:105030004FF000024FF00003020A42EA01620B0A3D
:10504000D3B287F8353097F8383087F8363007F123
:10505000340297F82F000323B96AFFF75DFE034679
:1050600018464037BD46BDE8B08F00BFA08601009E
:1050700080B586B000AFB9607A603B600346FB73D1
:1050800000237B61124ABB6813441B78002B1AD0A3
:1050900000233B7448237B740723BB7407F1100281
:1050A000F87B0323B968FFF737FE78617B69002B33
:1050B00001DA7B6908E0F87B3B687A68B968FFF73A
:1050C000FDFE034600E0002318461837BD4680BDAC
:1050D000FC79030880B588B000AFB9607B600346F7
:1050E000FB731346BB730023FB610023BB6107F115
:1050F0001403BA7BF87BB968FFF758FEF861FB69C7
:10510000002B01DAFB690DE03B7DBB61BB691B0233
:10511000BB617B7D1A46BB691343BB617B68BA697F
:105120001A60012318462037BD4680BD80B586B081
:1051300000AF0346B9607A60FB7300237B610023F4
:105140003B6107F11003F87B0222B968FFF7C2FF49
:1051500078617B69002B0FD03A6913465B019B1A7B
:105160009B0013443B613B69064AA2FB03235B0996
:105170003B613A697B681A607B6918461837BD46FF
:1051800080BD00BF1F85EB5180B586B000AF0346E0
:10519000B9607A60FB7300237B6100233B6107F1F8
:1051A0001003F87B0122B968FFF794FF78617B69EF
:1051B000002B23D03B6903F40043002B02D03B6952
:1051C0005B423B613B699BB21846EBF71BF94FF022
:1051D00000020D4BEBF790F902460B4610461946BC
:1051E0004FF00002094BEBF7B1FA02460B461046AE
:1051F0001946EBF71BFC02467B681A607B69184670
:105200001837BD4680BD00BF0000044000405A4032
:1052100080B400AF044B1B680133034A136000BF26
:10522000BD4680BC704700BF307E002080B400AF18
:10523000024B1B681846BD4680BC7047307E00207C
:1052400080B489B000AF78600023BB611C4B5B6801
:105250007B611C4B1B681C4AA2FB03239A0C7B68D6
:1052600002FB03F33B610023BB61154B9B68FB61B1
:10527000134B9B68FB60FA68FB699A42F8D0FA68A6
:10528000FB699A4206D2FA69FB68D31ABA691344D9
:10529000BB6107E07A69FB68D21AFB691344BA69FB
:1052A0001344BB61FB68FB61BA693B699A4200D257
:1052B000DEE700BF00BF2437BD4680BC704700BF9B
:1052C00010E000E05402002083DE1B4380B485B070
:1052D00000AF78607B68002B1CD07B68012B01D16C
:1052E00002237B600123BB60BB6883F3108800BF8F
:1052F0000C4A7B6813600C4B00221A700023FB6081
:10530000FB6883F3108800BF074B1B78DBB2012BCF
:1053100002D0F9E700BF00E000BF1437BD4680BCF3
:10532000704700BF347E0020387E002080B500AF7B
:10533000FFF76EFF154B1B68002B09D0134B1B6842
:10534000013B124A1360002B02D1114B01221A704B
:10535000104B1B780133DAB20E4B1A700D4B1B78D1
:10536000092B04D90B4B00221A7000F017F80A4BD6
:105370001B780133DAB2084B1A70074B1B784F2B9E
:1053800002D9054B00221A7000BF80BD347E002078
:10539000387E0020397E00203A7E002080B400AFA5
:1053A000084B1B8801339AB2064B1A80054B1B88A9
:1053B000322B02D9034B00221A8000BFBD4680BCAD
:1053C000704700BF3C7E002080B500AF01214FF048
:1053D000804000F0B7FF0346002B04D001214FF0BE
:1053E000804000F0CCFF00BF80BD000080B500AF62
:1053F00013491448EEF7EDF90346002B0CD0124B7D
:105400001B78002B02D0F9F7F3F801E0EDF7EAF989
:105410000E490C48EEF711FA0D490A48EEF7D9F992
:105420000346002B09D0084B1B78002B01D0F9F75D
:10543000D5F808490348EEF700FA00BF80BD00BF69
:105440000503050000380140901600200503030005
:10545000070307000603060080B500AF07490848A8
:10546000EEF7B7F90346002B05D0EEF7FFFC034932
:105470000348EEF7E2F900BF80BD00BF0503050059
:105480000044004080B584B000AF40F20B60EEF7FE
:10549000F1F9124800F0D2FD77233B8000237B8096
:1054A0000023BB803123BB600023FB8000233B73C0
:1054B0003B461946094800F075FE0121074800F0F7
:1054C0001BFF002201211920EDF7F0FD034800F039
:1054D000E5FE00BF1037BD4680BD00BF002C014077
:1054E00080B500AF0121064800F02CFF0346002BD9
:1054F00003D00121024800F042FF00BF80BD00BF81
:10550000002C014080B586B000AFF860B9607A60C9
:1055100000237B6112E0BB685A1CBA601B781946F5
:105520000B48EEF7D6F800BF06210948EEF7F2F86F
:105530000346002BF8D07B6901337B617A697B6875
:105540009A42E8DB7B6818461837BD4680BD00BF2D
:105550000048004080B584B000AF274A3B4607CAE8
:1055600003C31A800023FB60244803F0B9FD2448DC
:1055700000F02EF9F860FB68002B1DDD2148F4F7E0
:10558000F2F8214803F0ACFD204803F0A9FD3B46AA
:10559000F968184603F01CFC1D4803F0A1FD3B46CA
:1055A000184603F09DFDFEF703F81A4803F098FD36
:1055B000194803F095FD1AE0FB68B3F1FF3F03D1F2
:1055C000164803F08DFD12E0FB6813F1020F03D1C2
:1055D000134803F085FD0AE0FB6813F1030F03D1C4
:1055E000104803F07DFD02E00F4803F079FD00BF95
:1055F0001037BD4680BD00BFEC6A030898690308F8
:10560000647E002068830020D4690308648200203F
:10561000286A0308346A0308406A0308586A0308C2
:10562000986A0308B46A0308CC6A030880B582B09C
:1056300000AF7860396007E0786803F01BFD03462F
:10564000012B01D1002306E03B685A1E3A60002B73
:10565000F2D14FF0FF3318460837BD4680BD80B504
:1056600082B000AF0346FB71FB79184603F01EFDC4
:10567000002318460837BD4680BD000080B586B0BF
:1056800000AFF860B9607A60BB6800221A6007F169
:10569000130379681846FFF7C9FF0346002B02D0B1
:1056A0004FF0FF3390E0FB7C612B5CD0612B5CDC26
:1056B000182B37DC002B58DD013B172B55D801A2E6
:1056C00052F823F02B570208315702086B57020893
:1056D000395702086B5702086B5702086B570208CC
:1056E0006B5702086B5702086B5702086B5702088A
:1056F0006B5702086B5702086B5702086B5702087A
:105700006B5702086B5702086B5702086B57020869
:105710006B5702086B5702086B5702086B57020859
:105720003D570208412B1ED01FE08023BB821FE0A3
:105730004FF48063BB821BE0002345E007F11303B5
:1057400079681846FFF772FF0346002B08D1FB7CEF
:10575000182B05D1BB684FF0FF321A60002333E0ED
:105760004FF0FF3330E001232EE04FF0FF332BE00A
:10577000FA7CFB681A700123FB820FE0FB8AFA684F
:10578000134479681846FFF751FF0346002B02D0F7
:105790004FF0FF3318E0FB8A0133FB82BB8A1A1DEE
:1057A000FB8A9A42EADAFB6801331A78FB68023313
:1057B0001B78DB43DBB29A4202D04FF0FF3303E0A9
:1057C000BA8ABB681A60002318461837BD4680BDE8
:1057D00080B5ADF58B6D00AF07F58B63A3F2544335
:1057E000186007F58B63A3F5896300221A6007F53B
:1057F0008B63A3F24C4300221A60AE4BC7F83834D7
:105800000023C7F84C340023C7F840340023C7F8FE
:105810003C340023C7F844340023C7F8483407F564
:105820008B63A3F254431B68C7F8343407F11401A7
:1058300007F128034FF480121846FFF71FFF0346B5
:10584000002B03D0012B00F0FC8003E10023C7F8FC
:10585000403407F58B63A3F244431B68B3F1FF3F69
:1058600002D0002B05D00BE00620FFF7F8FE002346
:105870001AE10620FFF7F3FE0123C7F84834DFE002
:1058800007F58B63A3F586635B781A46D7F8443433
:10589000DBB29A4203D01520FFF7E1FEF3E0D7F820
:1058A0004434002B40F08E8007F58B63A3F58663AC
:1058B000DB78002B7CD00023C7F8503407F1280395
:1058C0000333C7F854340CE0D7F85424531CC7F8FA
:1058D0005434D7F85034591CC7F850141178764A0C
:1058E000D154D7F854341B78002B03D0D7F8503458
:1058F000FF2BE9DDD7F850345A1CC7F850246E4A04
:105900000021D1540023C7F85034D7F85434013360
:10591000C7F854340FE0D7F85424531CC7F8543454
:10592000D7F85034591CC7F85014117807F58B621A
:10593000A2F58862D154D7F854341B78202B03D0B9
:10594000D7F850340F2BE6DDD7F850345A1CC7F87F
:10595000502407F58B62A2F588620021D15407F12B
:10596000100207F118031146184603F085FA07F5EF
:105970008B63A3F589631B681A46504B9A4208D97A
:105980001820FFF76CFE1820FFF769FE4FF0FF3379
:105990008AE00B224A494B48F2F764FD034687F838
:1059A0002F340620FFF75BFE4320FFF758FE3EE052
:1059B0000620FFF754FE0123C7F848340123C7F837
:1059C0004C343DE007F12803033307F58B62A2F264
:1059D000444212681946D7F83404EBF75DFD07F529
:1059E0008B63A3F254431B68C7F83034D7F83014E4
:1059F00007F58B63A3F244431B681A4607F10C03B7
:105A00003048F3F7DAFA034687F82F3497F82F3443
:105A1000002B03D10620FFF722FE08E01820FFF735
:105A20001EFE1820FFF71BFE6FF001033CE0D7F8C5
:105A300044340133C7F844340123C7F83C3422E02E
:105A400021E01820FFF70BFE1820FFF708FE6FF08B
:105A5000020329E0D7F83C34002B04DDD7F84034AA
:105A60000133C7F84034D7F84034052B07DD182040
:105A7000FFF7F5FD1820FFF7F2FD002314E04320A7
:105A8000FFF7EDFD00BFD7F84834002B00D1CDE67D
:105A900000BFD7F84C34002B00D1BAE600BF07F5A1
:105AA0008B63A3F589631B68184607F58B67BD46B2
:105AB00080BD00BF000001086482002003000700D1
:105AC0009416002068830020002103E00B4B5B58F4
:105AD000435004310A480B4B42189A42F6D30A4A03
:105AE00002E0002313600432084B9A42F9D3EEF728
:105AF0001BF803F081FFECF7B1FF704788820308C1
:105B0000000000206C2000207020002088940020DD
:105B1000FEE780B485B000AF786039600023FB6099
:105B20007B681B68FB60FB6803F44153FB603B68C8
:105B30001B68FA681343FB603B685B68FA681343B1
:105B4000FB603B689B68FA681343FB603B68DB685B
:105B5000FA681343FB603B681B69FA681343FB60F8
:105B60003B685B69FA681343FB603B689B69FA68B2
:105B70001343FB607B68FA681A607B681C331B6800
:105B80007A681C3223F40063136000BF1437BD46EB
:105B900080BC704780B483B000AF78607B681A68BF
:105BA0007B6842F040021A6000BF0C37BD4680BCE3
:105BB000704780B483B000AF78600B467B807B6811
:105BC0000C331A467B88136000BF0C37BD4680BC7F
:105BD000704780B483B000AF78607B680C331B687B
:105BE0009BB218460C37BD4680BC704780B483B06A
:105BF00000AF78600B467B807B6810331A467B8849
:105C0000136000BF0C37BD4680BC704780B483B0C2
:105C100000AF786039607B6808331A683B681340CE
:105C2000002B01D0012300E0002318460C37BD46AD
:105C300080BC704780B400AF104B1B6803F080033A
:105C4000002B05D00E4B0F4A1A600D4B0E4A1A60FE
:105C50000E4B1B88B3F5007F0BD90D4B1B6803F06F
:105C60008003002B05D00B4B064A1A60094B064AED
:105C70001A6000BFBD4680BC704700BF10200240C4
:105C80000420024023016745AB89EFCDE0F7FF1FF9
:105C9000502002404420024080B400AF0A4B1B68F1
:105CA000094A43F080031360084B1B88B3F5007F5B
:105CB00005D9074B1B68064A43F08003136000BFF9
:105CC000BD4680BC704700BF10200240E0F7FF1FB8
:105CD0005020024080B584B000AF78603F4B1B88F5
:105CE000B3F5007F52D97B683D4A934222D23D48AA
:105CF00000F06AF90346FB73FB7B002B68D13A4B3B
:105D00001B68394A43F002031360384A7B6813600A
:105D1000354B1B68344A43F040031360314800F0B0
:105D200053F90346FB73304B1B682F4A23F00203E1
:105D300013604DE02B4800F064F90346FB73FB7BD6
:105D4000002B45D12A4B1B68294A43F002031360FC
:105D5000284A7B681360284B1B6803F00203002B62
:105D600002D0224A7B681360214B1B68204A43F013
:105D7000400313601B4800F044F90346FB731C4BBF
:105D80001B681B4A23F00203136021E0154800F052
:105D90001BF90346FB73FB7B002B19D1124B1B68CD
:105DA000114A43F002031360104A7B6813600E4BE4
:105DB0001B680D4A43F0400313600A4800F004F9E1
:105DC0000346FB73084B1B68074A23F0020313606A
:105DD000FB7B18461037BD4680BD00BFE0F7FF1FB4
:105DE000FFFF07080000FF0F1020024014200240B0
:105DF00050200240542002401C20024080B584B054
:105E000000AF786039600023FB73324B1B88B3F519
:105E1000007F3DD97B68304A93421CD22F4800F066
:105E2000D3F80346FB73FB7B002B4DD12C4B1B6837
:105E30002B4A43F0010313607B683A681A602748D5
:105E400000F0C2F80346FB73254B1B68244A23F07D
:105E50000103136038E0214800F0D3F80346FB73D8
:105E6000FB7B002B30D11F4B1B681E4A43F0010304
:105E700013607B683A681A60184800F0C2F803465D
:105E8000FB73184B1B68174A23F0010313601BE0D8
:105E9000124800F099F80346FB73FB7B002B13D1EB
:105EA0000F4B1B680E4A43F0010313607B683A688E
:105EB0001A600A4800F088F80346FB73084B1B6819
:105EC000074A23F001031360FB7B18461037BD46D9
:105ED00080BD00BFE0F7FF1FFFFF07080000FF0FB6
:105EE000102002405020024080B483B000AF7860A0
:105EF0007B689B0903F1804303F5083319687B68CD
:105F000003F01F0301229A407B689B0903F1804341
:105F100003F50833184641EA0203036000BF0C375B
:105F2000BD4680BC7047000080B483B000AF002342
:105F3000FB71104B1B6803F00103002B02D00123FF
:105F4000FB7110E00B4B1B6803F01003002B02D019
:105F50000323FB7107E0074B1B6803F00403002BCE
:105F600001D00223FB71FB7918460C37BD4680BC7B
:105F7000704700BF0C20024080B483B000AF002304
:105F8000FB71104B1B6803F00103002B02D00123AF
:105F9000FB7110E00B4B1B6803F01003002B02D0C9
:105FA0000323FB7107E0074B1B6803F00403002B7E
:105FB00001D00223FB71FB7918460C37BD4680BC2B
:105FC000704700BF4C20024080B584B000AF7860BD
:105FD0000123FB73FFF7A8FF0346FB737B68013BBC
:105FE0007B60FB7B012B02D17B68002BF2D1FB7B1A
:105FF000012B01D10423FB73FB7B18461037BD46F0
:1060000080BD80B584B000AF78600123FB73FFF7DB
:10601000B3FF0346FB737B68013B7B60FB7B012B7B
:1060200002D17B68002BF2D1FB7B012B01D1042331
:10603000FB73FB7B18461037BD4680BD80B582B030
:1060400000AF78607B68424A934273D07B68404AD5
:10605000934278D87B683F4A93422CD07B683D4A74
:10606000934270D87B683C4A93425AD07B683A4A44
:10607000934268D87B68394A934249D07B68374A53
:10608000934260D87B68364A934238D07B68344A62
:10609000934258D87B68334A934227D07B68314A71
:1060A000934250D87B68B3F1804F0DD07B682E4A65
:1060B000934212D047E040F20B30EDF7FDFB40F287
:1060C0000B30EDF71BFC3FE04FF48060EDF7F4FB85
:1060D0004FF48060EDF712FC36E040F20140EDF73E
:1060E000EBFB40F20140EDF709FC2DE040F20240ED
:1060F000EDF7E2FB40F20240EDF700FC24E040F255
:106100000340EDF7D9FB40F20340EDF7F7FB1BE04E
:1061100040F20440EDF7D0FB40F20440EDF7EEFB17
:1061200012E040F20540EDF7C7FB40F20540EDF705
:10613000E5FB09E040F20D30EDF7BEFB40F20D301B
:10614000EDF7DCFB00E000BF00BF0837BD4680BDB7
:1061500000340140002C01400014004000100040B9
:10616000000C0040000800400004004080B483B0F0
:1061700000AF78607B6800221A807B6800225A801A
:106180007B6800229A807B684FF6FF729A607B687A
:106190000022DA807B6800221A7300BF0C37BD46EC
:1061A00080BC704780B483B000AF786039603B68D2
:1061B0001A887B6828331A607B68314A934213D06F
:1061C0007B68B3F1804F0FD07B682E4A93420BD08F
:1061D0007B682D4A934207D07B682C4A934203D0B8
:1061E0007B682B4A934215D17B681A687B6822F042
:1061F00070021A607B681A683B685B8819467B6886
:106200000A431A607B681A683B689B8819467B685A
:106210000A431A607B682C331A463B689B681360FC
:106220007B681C4A934211D07B681B4A93420DD075
:106230007B681A687B6822F440721A607B681A686F
:106240003B68DB8819467B680A431A607B680C4A06
:10625000934203D07B680E4A934204D13B681A7B79
:106260007B6830331A607B6814331B687A68143299
:1062700043F00103136000BF0C37BD4680BC70477C
:10628000002C01400004004000080040000C0040C9
:1062900000340140001000400014004080B483B07E
:1062A00000AF78607B681A687B6842F001021A6070
:1062B00000BF0C37BD4680BC704780B483B000AFD0
:1062C00078607B681A687B6822F001021A6000BF60
:1062D0000C37BD4680BC704780B483B000AF786097
:1062E0000B467B807B6824331A467B88136000BF93
:1062F0000C37BD4680BC704780B483B000AF786077
:1063000039607B680C331A687B680C3319463B682C
:1063100013430B6000BF0C37BD4680BC704780B490
:1063200083B000AF786039607B680C331A683B68D3
:10633000DB4379680C3113400B6000BF0C37BD465E
:1063400080BC704780B485B000AF786039607B68EE
:106350000C331B683A681340FB607B6810331A6883
:106360003B681340002B04D0FB68002B01D00123B5
:1063700000E0002318461437BD4680BC704780B447
:1063800083B000AF786039607B6810331A463B6891
:10639000DB43136000BF0C37BD4680BC7047000074
:1063A00080B487B000AF786000237B610023FB607E
:1063B00000233B617B681B6803F1A053DB001B6873
:1063C0007B617A69544B13407B617B681B6B5A007D
:1063D0007B68DB6A1A437B689B6A1A437B685B6A4B
:1063E0001B021A437B681B6A1A437B68DB699B02AA
:1063F0001A437B689B691A437B685B691B031A43DA
:106400007B681B695B031A437B689B689B031A4389
:106410007B68DB68DB031A437B685B6813437A693C
:1064200013437B617B685B6B9B69013B03F00F024D
:106430007B685B6B5B69013B1B01DBB21A437B68CA
:106440005B6B1B69013B1B029BB21A437B685B6B56
:10645000DB68013B1B0403F470231A437B685B6B0E
:106460009B681A437B685B6B5B681A437B685B6B5A
:106470001B681343FB607B68DB6A082B03D17B69D5
:1064800043F040037B617B689B68012B21D17B68D3
:106490009B6B9B69013B03F00F027B689B6B5B6905
:1064A000013B1B01DBB21A437B689B6B1B69013B01
:1064B0001B029BB21A437B689B6BDB68013B1B048E
:1064C00003F470231A437B689B6B1B6813433B6187
:1064D00002E06FF070433B617B681B6803F1A053DF
:1064E000DB001A467B6913607B681B68DB0003F1E5
:1064F000204304331A46FB6813607B681B68DB008B
:1065000003F1204303F582731A463B69136000BF11
:106510001C37BD4680BC70478100F7FF80B483B054
:1065200000AF78607B6803F1A053DB001B687A68DA
:1065300002F1A052D20043F00103136000BF0C37F8
:10654000BD4680BC7047000080B584B000AF0346F4
:10655000FB71FB79084A9B0013445B685B68FA791E
:1065600005490A44127B104698470346FB73FB7BA0
:1065700018461037BD4680BDA893002080B584B072
:1065800000AF0346FB710023FB73FB790D4AD35C1C
:10659000002B11D1FB790B4A0121D154FB79094A17
:1065A0009B0013445B681B68FA7906490A44127B16
:1065B000104698470346FB73FB7B18461037BD46D1
:1065C00080BD00BFA893002090B589B002AFB9602C
:1065D000C7E900230346FB73FB7B0B4A9B00134474
:1065E0005B689C68FB7B084A1344187BBB6A00937A
:1065F000D7E90023B968A0470346FB75FB7D184621
:106600001C37BD4690BD00BFA893002090B589B04F
:1066100002AFB960C7E900230346FB73FB7B0B4A5B
:106620009B0013445B68DC68FB7B084A1344187BBF
:10663000BB6A0093D7E90023B968A0470346FB75FE
:10664000FB7D18461C37BD4690BD00BFA8930020B7
:1066500080B584B000AF03463A60FB710B46BB7156
:10666000FB79094A9B0013445B681B69FA79064968
:106670000A44107BB9793A6898470346FB73FB7B61
:1066800018461037BD4680BDA893002080B400AFE7
:106690004FF000024FF0000310461946BD4680BC83
:1066A0007047000080B487B000AFF860B96013464F
:1066B000FB710123FB750023BB751E4B9B7BDBB27B
:1066C000022B31D81B4B9B7BDBB21A46194B0021A6
:1066D0009954184B9B7BDBB2164A9B001344FA6813
:1066E0005A60144B9B7BDBB21A46124B1344FA7967
:1066F0001A73104B9B7BDBB25A1CD1B20D4A9173BB
:10670000BB75BB7D3033DAB2BB681A70BB6801332E
:106710003A221A70BB6802332F221A70BB68033307
:1067200000221A700023FB75FB7D18461C37BD46FE
:1067300080BC7047A893002080B582B000AF78601D
:106740003960002239687868FFF7ACFF03461846C5
:106750000837BD4680BD000080B485B000AF7860CA
:106760000B46FB700023BB730123FB73144B9B7B15
:10677000DBB2002B1ED07B681B78303BBB73BB7B2E
:106780000F4A9B0013445B68002B13D0BB7B0C4A61
:106790009B00134400225A60BB7B094A1344002229
:1067A0001A73074B9B7BDBB2013BDAB2044B9A7343
:1067B0000023FB73FB7B18461437BD4680BC704733
:1067C000A893002080B582B000AF7860002178687F
:1067D000FFF7C2FF034618460837BD4680BD0000DC
:1067E00080B582B000AF0346FB710B4B01221A70DB
:1067F00000F028FB03461D2B07D1074B1B78DBB2AB
:1068000023F00103DAB2044B1A70034B1B78DBB29E
:1068100018460837BD4680BDB216002080B483B04C
:1068200000AF0346FB71094B01221A70074B1B781E
:10683000DBB223F00103DAB2044B1A70034B1B786E
:10684000DBB218460C37BD4680BC7047B21600203C
:1068500080B582B000AF0346FB710B4B01221A706A
:1068600001F0C2FA0346002B07D1074B1B78DBB2BD
:1068700023F00103DAB2044B1A70034B1B78DBB22E
:1068800018460837BD4680BDB216002080B483B0DC
:1068900000AF0346FB71094B01221A70074B1B78AE
:1068A000DBB223F00103DAB2044B1A70034B1B78FE
:1068B000DBB218460C37BD4680BC7047B2160020CC
:1068C00080B586B000AFB960C7E900230346FB730B
:1068D0000023FB753B6859023B6A4FF40072B868AD
:1068E00000F016FE03461D2B01D00123FB75FB7D36
:1068F00018461837BD4680BDB0B586B000AFB96048
:10690000C7E900230346FB730023FB7500233B61AB
:10691000D7E9002312F5007443F1000523461B0359
:106920003B61BB6A9BB21B039BB21A463969B868CC
:10693000FDF736F8FB7D18461837BD46B0BD80B56B
:1069400086B000AFB960C7E900230346FB7300239C
:10695000FB753B6859023B6A4FF40072B86800F05F
:1069600091FF03461D2B01D00123FB75FB7D1846CB
:106970001837BD4680BDB0B586B000AFB960C7E975
:1069800000230346FB7300237B610023FB74D7E9DC
:10699000002312F5007443F1000523461B037B61BD
:1069A0007869FCF7EDFEBB6A9BB21B039BB21A46EB
:1069B0007969B868FCF74AFFFB7C18461837BD4672
:1069C000B0BD0000B0B584B000AF03463A60FB71C3
:1069D0000B46BB710123FB731F4B1B78DBB203F02B
:1069E0000103002B01D0032331E0BB79032B2BD80B
:1069F00001A252F823F000BF096A02080F6A0208D8
:106A00002B6A0208396A02080023FB731EE000F0BB
:106A100067FA124BDB6B5B0A00221C4615463B688B
:106A2000C3E900450023FB7310E03B684FF400729C
:106A30001A800023FB7309E039684FF400724FF0AD
:106A40000003C1E9002301E00423FB73FB7B18462C
:106A50001037BD46B0BD00BFB2160020B89300206D
:106A600080B485B000AF03463A60FB710B46BB7142
:106A70000123FB731D4B1B78DBB203F00103002BDA
:106A800001D003232DE0BB79032B27D801A252F8B4
:106A900023F000BFA56A0208AB6A0208BF6A0208B9
:106AA000CD6A02080023FB731AE039684FF4C06214
:106AB0004FF00003C1E900230023FB7310E03B68A3
:106AC0004FF480521A800023FB7309E039684FF0BD
:106AD00001024FF00003C1E9002301E00423FB732E
:106AE000FB7B18461437BD4680BC7047B2160020A9
:106AF00080B483B000AF0346FB804FF0C043262232
:106B00001A80044AFB88138000BF0C37BD4680BC46
:106B1000704700BF0000046080B582B000AF4FF046
:106B2000C04335221A80094B1B88FB80FB88002B51
:106B300002D00023FB8001E00123FB80FB88184684
:106B4000FFF7D6FF00BF0837BD4680BD00000460D8
:106B500080B483B000AF4FF0C04320221A80074BAF
:106B60001B88FB80FB8843F00103FB80034AFB8802
:106B7000138000BF0C37BD4680BC70470000046026
:106B800080B483B000AF4FF0C04320221A80074B7F
:106B90001B88FB80FB8823F00103FB80034AFB88F2
:106BA000138000BF0C37BD4680BC704700000460F6
:106BB00080B582B000AF0023FB804FF0C04320229D
:106BC0001A80224B1B88FB80FB8843F00103FB806B
:106BD000FB8843F00203FB801C4AFB881380FB8880
:106BE00019461B4802F07EFF4FF0C04321221A8055
:106BF000164B1B88FB80FB8803F00103FB80FB889E
:106C00001946144802F06EFFFB88002B00D1EBE719
:106C100000BF4FF0C04320221A800C4B1B88FB8022
:106C2000FB8823F00103FB80FB8823F00203FB8039
:106C3000064AFB8813804FF0C04340221A80034B62
:106C400001221A8000BF0837BD4680BD00000460E5
:106C5000546F0308786F030890B482B000AF044605
:106C6000084611461A462346FB800346BB800B4666
:106C70007B8013463B804FF0C04322221A800E4A8D
:106C8000FB8813804FF0C04323221A800A4ABB8836
:106C900013804FF0C04324221A80074A7B88138058
:106CA0004FF0C04325221A80034A3B88138000BF5F
:106CB0000837BD4690BC70470000046080B483B0C4
:106CC00000AF78604FF0C04327221A80084B7A68E3
:106CD00092B21A804FF0C04328221A807B681A0CA7
:106CE000034B92B21A8000BF0C37BD4680BC704780
:106CF0000000046080B483B000AF0346FB804FF017
:106D0000C04335221A80044AFB88138000BF0C3729
:106D1000BD4680BC704700BF0000046080B483B0F3
:106D200000AF0346FB804FF0C04330221A80044A74
:106D3000FB88138000BF0C37BD4680BC704700BF86
:106D40000000046080B483B000AF4FF0C04326223F
:106D50001A80074B1B88FB804FF0C04335221A80F6
:106D6000034AFB88138000BF0C37BD4680BC7047C8
:106D70000000046090B482B000AF0446084611469B
:106D80001A462346FB800346BB800B467B80134696
:106D90003B804FF0C04331221A800E4AFB8813809B
:106DA0004FF0C04332221A800A4ABB8813804FF04A
:106DB000C04333221A80074A7B8813804FF0C043B8
:106DC00034221A80034A3B88138000BF0837BD462F
:106DD00090BC70470000046080B485B000AF78605C
:106DE0000B467B80FF23FB73FF23BB7313E07B68A1
:106DF0005A1C7A601A78BB7B5340DBB2BB600F4AE7
:106E0000BB6813441A78FB7B5340BB730C4ABB68C6
:106E100013441B78FB737B885A1E7A80002BE6D1C3
:106E2000FB7B1B021AB2BB7B1BB213431BB29BB290
:106E300018461437BD4680BC704700BF2C7A030843
:106E40002C7B030880B582B000AF1D23FB710023AB
:106E50003B6000F05FF90346FB71FB791D2B04D109
:106E60001C4801F05DF80346FB71FB791D2B07D12F
:106E7000184BB3F84430184600F066FF0346FB7128
:106E80003B46184600F07EFF0346FB713B6803F06B
:106E90000073002B04D01049104802F023FEFEE7D7
:106EA000FB791D2B09D13B6803F00073002B04D143
:106EB000002000F0B7FA0346FB71FB791D2B04D1CB
:106EC000012000F00BFB0346FB71FB7918460837E5
:106ED000BD4680BDB8930020A06F0308A86F0308CB
:106EE00080B584B000AF7249724802F0FBFD724B6E
:106EF0005B681B0EDBB203F00F03FB736E4B5B682A
:106F0000DB0BDBB203F00103BB736B4B5B689B0ACB
:106F1000DBB203F001037B73FB7B022B14D1BB7B41
:106F2000012B0CD17B7B012B04D16149634802F01A
:106F3000D9FD18E05E49624802F0D4FD13E05C49D7
:106F4000604802F0CFFD0EE0FB7B012B04D15849D5
:106F50005D4802F0C7FD06E0FB7B002B03D15449DE
:106F60005A4802F0BFFD544B5B681B0DDBB203F0C7
:106F700007033B733B7B022B04D14D49544802F07D
:106F8000B1FD0EE03B7B032B04D14949514802F08F
:106F9000A9FD06E03B7B042B03D145494E4802F096
:106FA000A1FD4E4B1B6A01339B02BB604FF4007383
:106FB0007B6000F02DFF03461A463D49484802F029
:106FC00091FD7A683A49474802F08CFDBA68384921
:106FD000454802F087FD414BDB7EDBB2002B03D03E
:106FE0003349424802F07EFD3C4B93F82F30DBB230
:106FF000002B03D02E493E4802F074FD374B1B8B0B
:107000007B807B881A462A493A4802F06BFD7B88D0
:1070100003F004039BB2002B09D07B8803F010031C
:107020009BB2002B03D02249334802F05BFD7B88E2
:1070300003F020039BB2002B03D01D492F4802F020
:1070400051FD7B8803F040039BB2002B03D018490D
:107050002B4802F047FD7B8803F080039BB2002B96
:1070600003D01349274802F03DFD7B8803F4807369
:107070009BB2002B03D00E49234802F033FD7B88DE
:1070800003F400739BB2002B03D009491F4802F0A0
:1070900029FD7B8803F480639BB2002B03D0044955
:1070A0001B4802F01FFD00BF1037BD4680BD00BF6A
:1070B000A06F0308C46F030800940020E06F03086A
:1070C0000070030820700308407003086070030814
:1070D0008070030898700308B0700308B89300200C
:1070E000C8700308EC7003080C7103082C710308C6
:1070F0005C7103088C710308B4710308DC71030828
:10710000FC710308247203084872030874720308B0
:107110009472030880B582B000AF1D23FB7101F0AB
:107120009FFD01F087FD02F021FA00F0C7F8034649
:10713000FB71FB791D2B01D0FB7914E000F018F8EE
:107140000346FB71FB791D2B01D0FB790BE0082373
:1071500000220021002002F03DFA002002F07AFA1D
:1071600002F06AFAFB7918460837BD4680BD000078
:1071700080B582B000AF1D23FB710123BB8002F0FC
:107180008FFA0346002B03D11A23FB71FB7989E0A8
:10719000464B1B78032B2AD0C0220021022002F08C
:1071A00097FA002002F0BEFA02F0D4FA01F034FAA5
:1071B0000346FB71FB791D2B01D0FB7972E00020A7
:1071C00002F0E2FA03463A4A1360012002F0DCFAC8
:1071D0000346374A5360022002F0D6FA0346344A87
:1071E0009360032002F0D0FA0346314AD3602F4B5C
:1071F0001B78002B0BD02D4B1B78012B07D02B4B72
:107200001B78022B03D0294B1B78042B15D140226D
:107210000021032002F05CFA002002F083FA02F061
:1072200099FA3B1D1946032001F05AFA0346FB71F7
:10723000FB791D2B01D0FB7934E01C4B1B78032B11
:107240002FD0BA881B4B1A80BB881B04C02219465A
:10725000092002F03DFA002002F064FA02F07AFA06
:1072600001F0DAF90346FB71FB791D2B01D0FB79A4
:1072700018E0002002F088FA03460F4A136001204C
:1072800002F082FA03460C4A5360022002F07CFAB4
:107290000346094A9360032002F076FA0346064A41
:1072A000D360FB7918460837BD4680BD089400209E
:1072B0001C9400202C9400200C94002080B586B0F3
:1072C00000AF1D23FB7500233B610023FB600023FF
:1072D000BB600023FB714FF4957300220021002056
:1072E00002F078F9002002F0B5F902F0A5F90320C8
:1072F00002F0C8F902F0DEF900220021002002F0BD
:10730000E7F9002002F00EFA02F024FA01F070F81A
:107310000346FB75FB7D1D2B01D0FB7D7BE04022EE
:107320004FF4D571082002F0D3F9002002F0FAF9E9
:1073300002F010FA01F042FA03461D2B05D1384B3A
:1073400001221A704FF080433B6140220021372018
:1073500002F0BEF9002002F0E5F902F0FBF9372057
:1073600001F000F903461D2B54D138E040220021E2
:10737000372002F0ADF9002002F0D4F902F0EAF96A
:10738000372001F0EFF80346FB75FB7D1D2B01D084
:10739000FB7D40E03B6943F0004343F4801340220F
:1073A0001946292002F094F9002002F0BBF902F0FE
:1073B000D1F901F069F90346FB75FB7D1D2B01D066
:1073C000FB7D28E0002002F0DFF9F860FB68DB0FAE
:1073D000DBB203F00103FB71BB680133BB60FB79D7
:1073E000002B04D1BB684FF6FE729342BED9BB6836
:1073F0004FF6FE72934203D91823FB75FB7D0AE01A
:10740000FB6803F08043FB60FB68002B02D0044B59
:1074100002221A70FB7D18461837BD4680BD00BF9A
:107420000894002080B584B000AF78601D23FB7302
:10743000294B1B78052B03D11B23FB73FB7B47E0F8
:10744000254B1B78002B07D0234B1B78012B03D037
:10745000214B1B78022B3AD17B68B3F5805F03D1B7
:107460001B23FB73FB7B33E07B68B3F5006F14D108
:107470004FF4802001F054FA0346FB73FB7B1D2B75
:1074800025D1082300220021002002F0A3F878680B
:1074900002F0E0F802F0D0F819E07B68002B14D17C
:1074A0004FF4803001F03CFA0346FB73FB7B1D2B4D
:1074B0000DD1082300220021002002F08BF878680B
:1074C00002F0C8F802F0B8F801E01923FB73FB7B67
:1074D00018461037BD4680BD0894002080B485B0A2
:1074E00000AF78601D23FB737B68002B02D07B68A4
:1074F000012B03D1054A7B68136001E01923FB735C
:10750000FB7B18461437BD4680BC7047B41600207C
:1075100090B58BB000AFF860B9603B601346FB805C
:107520001D2387F8273000233B620023BB61002323
:107530007B61FB68FB6100233B61FB68002B05D18D
:10754000192387F8273097F8273090E1AE4B1D229A
:107550001A70AE4B00221A60AD4B00221A60002256
:107560000021002002F044F90021002002F06EF911
:1075700002F098F902F0CAF9002002F005F903467A
:1075800003F00073002B05D0062387F8273097F807
:1075900027306CE19F4B1B78022B05D14FF4007311
:1075A000FB80BB685B0ABB60FA88FB88013B134029
:1075B000BB61FB88002B23D0FB88B3F5006F1FD87D
:1075C000BB69002B1CD1FB88184601F019FB7861C0
:1075D000FB8840221946102002F07AF8002002F0C1
:1075E000A1F802F0B7F8102000F0BCFF034687F8BE
:1075F000273097F827301D2B08D097F8273036E131
:10760000192387F8273097F8273030E13B68012BA2
:1076100040F22B81FB883A6802FB03F3B3F1007F51
:1076200005D3192387F8273097F827301FE17A4BC5
:1076300001221A60FB883A6802FB03F3744A136064
:10764000734B1B687A6919464FF0FF3002F0D0F88F
:107650000221002002F0FAF802F016F94022B9687F
:10766000122002F035F8002002F05CF802F072F807
:10767000122000F077FF034687F8273097F827306D
:107680001D2B02D097F82730F1E0644B1B68012BCB
:1076900040F09E801AE04FF4004002F045F90346A6
:1076A000002B13D000233B620AE03B6A9B00FA697F
:1076B000D41802F013F9034623603B6A01333B629E
:1076C0003B6A072BF1D9FB692033FB6140F22A307A
:1076D00002F02AF90346002BDDD0022002F024F943
:1076E0000346002B08D0122387F82730022002F02F
:1076F0002FF997F82730BAE0082002F015F9034671
:10770000002B08D0142387F82730082002F020F936
:1077100097F82730ABE0202002F006F90346002B53
:1077200008D0162387F82730202002F011F997F8A7
:1077300027309CE04FF4007002F0F6F80346002B6F
:1077400011D0172387F827304FF4007002F000F9AA
:1077500097F827308BE002F0C1F80246FB691A6007
:10776000FB690433FB614FF4001002F0DDF80346BF
:10777000002BF0D14FF4807002F0D6F80346002BB6
:1077800022D0244B1B78002B07D0224B1B78012BD7
:1077900003D0204B1B78022B16D1402200210C2055
:1077A00001F096FF002001F0BDFF01F0D3FF0C2097
:1077B00000F0D8FE034687F8273097F827301D2BB6
:1077C00002D097F8273052E0154802F0C1F84CE09B
:1077D000124B1B68002B45D140F22A3002F0C6F84C
:1077E00002F086F80A4B1B681946F86801F09EFA09
:1077F0000C4B3B6118E03B69013B3B613B69002B53
:1078000012D11C2333E000BFB816002038940020AA
:10781000309400200894002034940020B4160020F6
:10782000FF07C000A086010002220321124801F0D8
:107830004FFE0346002B02D13B69002BDBD100BF7A
:107840000E4B1B68002B04D10D4B1B78DBB21D2B9C
:10785000F6D00B4B1B78DBB21D2B06D0084B1B78E8
:10786000DBB204E0192387F8273097F82730184651
:107870002C37BD4690BD00BF000402403894002064
:10788000B816002080B58EB000AFF860B9603B60DC
:107890001346FB801D2387F837300023FB76002337
:1078A0003B6300237B6200233B62FB68FB62002397
:1078B000BB620023FB6100237B61FB68002B05D1C9
:1078C000192387F8373097F8373028E2B64B1D2256
:1078D0001A70B64B00221A60B54B00221A600022C3
:1078E0000021002001F084FF0021002001F0AEFF04
:1078F00001F0D8FF02F00AF8002001F045FF03462E
:1079000003F00073002B05D0062387F8373097F873
:10791000373004E2A74B1B78022B05D14FF40073DC
:10792000FB80BB685B0ABB60FA88FB88013B1340A5
:107930007B62FB88002B23D0FB88B3F5006F1FD838
:107940007B6A002B1CD1FB88184601F059F938627C
:10795000FB8840221946102001F0BAFE002001F0F9
:10796000E1FE01F0F7FE102000F0FCFD034687F871
:10797000373097F837301D2B08D097F83730CEE1E5
:10798000192387F8373097F83730C8E18A4B1B88BE
:107990001B04402219460D2001F09AFE002001F040
:1079A000C1FE01F0D7FE0D2000F0DCFD034687F894
:1079B000373097F837301D2B02D097F83730AEE1CB
:1079C0003B68012B40F28B81FB883A6802FB03F392
:1079D000B3F1007F05D3192387F8373097F8373094
:1079E0009DE1744B1B78002B07D0724B1B78012B49
:1079F00003D0704B1B78022B30D16F4B1B881B04BC
:107A000040221946372001F063FE002001F08AFE73
:107A100001F0A0FE372000F0A5FD034687F83730BF
:107A200097F837301D2B02D097F8373077E1402296
:107A30003968172001F04CFE002001F073FE01F0C0
:107A400089FE172000F08EFD034687F8373097F83F
:107A500037301D2B02D097F8373060E14022B968EB
:107A6000192001F035FE002001F05CFE01F072FEED
:107A7000192000F077FD034687F8373097F8373044
:107A80001D2B02D097F8373049E14C4B01221A6088
:107A9000FB883A6802FB03F3454A1360444B1B68BA
:107AA0003A6A19464FF0FF3001F0A2FE0021002093
:107AB00001F0CCFE01F0E8FE414B1B68012B40F0C9
:107AC000CF804BE04FF4804001F02EFF0346002BA7
:107AD00044D0374B1A68BB6AD31A1F2B17D900231F
:107AE0003B630AE03B6B9B00FA6A13441B68184631
:107AF00001F0E6FE3B6B01333B633B6B072BF1D997
:107B0000FB6A2033FB62BB6A2033BB6226E0284B52
:107B10001A68BB6AD31A9B08254A1168BA6A8A1A7E
:107B200002F00302002A14BF01220022D2B2134441
:107B3000FB6100233B630DE0FB6A1B68184601F004
:107B4000BFFEFB6A0433FB62BB6A0433BB623B6B60
:107B500001333B633A6BFB699A42EDD340F21A3032
:107B600001F0E2FE0346002BACD0022001F0DCFE67
:107B70000346002B08D0122387F83730022001F08B
:107B8000E7FE97F83730CAE0082001F0CDFE034643
:107B9000002B17D0142387F83730082001F0D8FEC7
:107BA00097F83730BBE000BFB816002038940020AB
:107BB00030940020089400202C940020349400205D
:107BC000B4160020102001F0AFFE0346002B08D0B1
:107BD000152387F83730102001F0BAFE97F83730B8
:107BE0009DE04FF4007001F09FFE0346002B09D08A
:107BF000172387F837304FF4007001F0A9FE97F88B
:107C000037308CE04FF4807001F08EFE0346002B7D
:107C100022D0454B1B78002B07D0434B1B78012B00
:107C200003D0414B1B78022B16D1402200210C209F
:107C300001F04EFD002001F075FD01F08BFD0C20E0
:107C400000F090FC034687F8373097F837301D2B4B
:107C500002D097F8373062E0344801F079FE3EE018
:107C6000334B1B68002B34D140F21A3001F07EFEFA
:107C700001F03EFE2F4B1B681946F86801F004F82E
:107C80002D4B7B6107E07B69013B7B617B69002BAE
:107C900001D11C2343E002220321284801F018FCF3
:107CA0000346002B02D17B69002BECD100BF244B93
:107CB0001B68002B04D1234B1B78DBB21D2BF6D0A5
:107CC000204B1B78DBB21D2B09D01E4B1B78DBB27F
:107CD00025E0192387F8373097F837301FE013482D
:107CE00001F036FE07F11B03184600F0A7FD03461E
:107CF00087F8373007E007F11B03184600F09EFDB8
:107D0000034687F8373097F837301D2B05D1FB7EB7
:107D1000072BF0D0FB7E062BEDD097F837301846B6
:107D20003837BD4680BD00BF08940020FF07C00063
:107D3000B416002030940020A08601000004024008
:107D400038940020B816002080B584B000AF0346F8
:107D5000FB801D23FB73FB881B0440221946072070
:107D600001F0B6FC002001F0DDFC01F0F3FC07207F
:107D700000F0F8FB0346FB73FB7B18461037BD464B
:107D800080BD000080B584B000AF78601D23FB7318
:107D90007B68002B03D11923FB73FB7B1DE0114B88
:107DA0001B881B04402219460D2001F091FC002085
:107DB00001F0B8FC01F0CEFC0D2000F0D3FB03462F
:107DC000FB73FB7B1D2B01D0FB7B06E0002001F049
:107DD000DBFC02467B681A60FB7B18461037BD4609
:107DE00080BD00BF2C94002080B582B000AF00237E
:107DF000FB714FF4405001F097FD0346002B01D07A
:107E00000123FB71FB7918460837BD4680BD000091
:107E100080B485B000AF0023FB720023BB72002347
:107E20007B720023FB6000237B603B4B1B78002BA5
:107E300003D0394B1B78012B47D1384B5B681B0AA9
:107E4000FB72FB7A9B0203F440637B60334B5B68FD
:107E5000FB72FB7A9B007A6813437B602F4B9B6815
:107E60001B0EFB72FB7A9B09DBB21A467B6813433D
:107E70007B602A4B9B681B0CFB72FB7A5B00DBB2BE
:107E800003F00603BB72254B9B681B0AFB72FB7A4F
:107E9000DB09DAB2BB7A1343BB72204B5B681B0C65
:107EA000FB72FB7A03F00F037B727B685A1CBB7A70
:107EB000023302FA03F3FB607B7AFA6802FA03F3F7
:107EC000FB60FB689B0AFB6020E0134B1B78022BD6
:107ED0001CD1124B5B68FB72FB7A1B0403F47C130E
:107EE0007B600E4B9B681B0EFB72FB7A1B027A6851
:107EF00013437B60094B9B681B0CFB72FB7A7A680F
:107F000013437B607B6801335B02FB60FB681846B0
:107F10001437BD4680BC7047089400200C940020A4
:107F200080B485B000AF78601D23BB730023FB7362
:107F30007B68002B03D11923BB73BB7B4FE29E4BA5
:107F40001A787B6883F838209C4B1A887B68A3F8E2
:107F500044209B4B1B681B0EFB737B68FA7B1A70DB
:107F6000974B1B681B0CFB73FB7B9BB21B029AB2EB
:107F70007B685A80924B1B681B0AFB737B685B888B
:107F80009AB2FB7B9BB213439AB27B685A808C4BAC
:107F90001B68FB73FB7B1A067B685A60884B5B6827
:107FA0001B0EFB737B685A68FB7B1B041A437B68C0
:107FB0005A60834B5B681B0CFB737B685A68FB7BC6
:107FC0001B021A437B685A607D4B5B681B0AFB737C
:107FD0007B685A68FB7B1A437B685A60784B5B6806
:107FE000FB737B68FA7B1A72754B9B681B0EFB73E5
:107FF0007B68FA7B5A72724B9B681B0CFB73FB7B92
:108000001A067B68DA606E4B9B681B0AFB737B6801
:10801000DA68FB7B1B041A437B68DA60684B9B6859
:10802000FB737B68DA68FB7B1A437B68DA60644B1E
:10803000DB681B0EFB737B68DA68FB7B1A437B688B
:10804000DA605F4BDB681B0CFB73FB7B9BB21B0294
:108050009BB203F470639AB27B681A82584BDB6858
:108060001B0AFB737B681B8A9AB2FB7B9BB2134390
:108070009AB27B681A82524BDB68FB73FB7B5B080E
:10808000DAB27B689A744F4B1B681B0EFB73FB7B49
:108090009B09DAB27B681A754A4B1B681B0CFB7391
:1080A0007B68FA7B5A75474B1B681B0AFB737B681E
:1080B000FA7B9A75434B1B68FB737B68FA7BDA7516
:1080C000404B5B681B0EFB73FB7B9BB21B019AB2A0
:1080D0007B681A833B4B5B681B0CFB737B681B8BB9
:1080E0009AB2FB7B1B09DBB29BB213439AB27B684B
:1080F0001A83FB7B03F00F03DAB27B689A76314B6D
:108100005B681B0AFB73FB7BDB09DAB27B68DA7600
:10811000FB7B9B11DBB203F00103DAB27B681A77B9
:10812000FB7B5B11DBB203F00103DAB27B685A77A9
:10813000FB7B1B11DBB203F00103DAB27B689A7799
:108140001D4B1B78002B04D01B4B1B78012B40F0E0
:108150008580FB7B9B0203F440627B681A62194BAB
:108160005B68FB737B681A6AFB7B9B001A437B6826
:108170001A62144B9B681B0EFB737B681B6AFA7BAD
:108180009209D2B21A437B681A62FB7BDB10DBB226
:1081900003F00703DAB27B6883F82420FB7B03F04B
:1081A0000703DAB27B6883F82520064B9B681B0C1B
:1081B000FB73FB7B5B0907E0089400202C940020F4
:1081C0001C9400200C940020DAB27B6883F82620EF
:1081D000FB7B9B10DBB203F00703DAB27B6883F80A
:1081E0002720FB7B5B00DBB203F00603DAB27B687F
:1081F00083F828207C4B9B681B0AFB737B6893F8F1
:108200002830DAB2FB7BDB09DBB21343DAB27B68DE
:1082100083F828207B689B7EDBB21A4601239340BB
:108220001A467B681A647B681B6A5A1C7B68DA638F
:108230007B6893F82830DBB2023301229A407B68D6
:10824000DB6B03FB02F27B68DA637B68DB6B7A68CB
:10825000126C03FB02F27B68DA632BE0634B1B7842
:10826000022B27D1604B5B68FB73FB7B1B0403F481
:108270007C127B681A625C4B9B681B0EFB737B68ED
:108280001A6AFB7B1B021A437B681A62564B9B6877
:108290001B0CFB737B681A6AFB7B1A437B681A62B0
:1082A0007B684FF400721A647B681B6A0133DA043E
:1082B0007B68DA63FB7B9B11DBB203F00103DAB26C
:1082C0007B6883F82920FB7B5B00DBB203F07E0335
:1082D000DAB27B6883F82A20434B9B68FB737B6888
:1082E00093F82A30DAB2FB7BDB09DBB21343DAB254
:1082F0007B6883F82A20FB7B03F07F03DAB27B687C
:1083000083F82B20384BDB681B0EFB73FB7BDB09F0
:10831000DAB27B6883F82C20FB7B9B10DBB203F086
:108320000703DAB27B6883F82D20FB7B9B00DBB26E
:1083300003F00C03DAB27B6883F82E202A4BDB684B
:108340001B0CFB737B6893F82E30DAB2FB7B9B0926
:10835000DBB21343DAB27B6883F82E20FB7B5B1120
:10836000DBB203F00103DAB27B6883F82F201E4BE7
:10837000DB681B0AFB73FB7BDB09DAB27B6883F8E3
:108380003020FB7B9B11DBB203F00103DAB27B6888
:1083900083F83120FB7B5B11DBB203F00103DAB21F
:1083A0007B6883F83220FB7B1B11DBB203F00103F7
:1083B000DAB27B6883F83320FB7B9B10DBB203F0DF
:1083C0000303DAB27B6883F83420074BDB68FB7366
:1083D000FB7B5B08DAB27B6883F83520BB7B1846F1
:1083E0001437BD4680BC70470C94002008940020D0
:1083F00080B582B000AF1D23FB710F4B3B6002E0E4
:108400003B68013B3B60802001F08EFA0346002B65
:1084100002D13B68002BF3D13B68002B03D113231F
:10842000FB71FB7903E0054801F092FAFB791846ED
:108430000837BD4680BD00BFA0860100FF07C00011
:1084400080B485B000AF78601C23FB737B68002B81
:1084500002DA0023FB737EE07B6803F08043002B8D
:1084600002D00123FB7376E07B6803F00053002BFE
:1084700002D00223FB736EE07B6803F08053002B75
:1084800002D00323FB7366E07B6803F00063002BDC
:1084900002D00423FB735EE07B6803F08063002B53
:1084A00002D00523FB7356E07B6803F08073002B3A
:1084B00002D00623FB734EE07B6803F40003002B1D
:1084C00002D00723FB7346E07B6803F48003002B94
:1084D00002D00823FB733EE07B6803F40013002BFB
:1084E00002D00923FB7336E07B6803F48013002B72
:1084F00002D00A23FB732EE07B6803F40023002BD9
:1085000002D00B23FB7326E07B6803F48033002B3F
:1085100002D00C23FB731EE07B6803F40043002BA6
:1085200002D00D23FB7316E07B6803F48043002B1D
:1085300002D00E23FB730EE07B6803F40053002B84
:1085400002D00F23FB7306E07B6803F00803002BC7
:1085500001D01023FB73FB7B18461437BD4680BC4B
:108560007047000080B586B000AF0346FB711D2345
:10857000FB7400237B610023FB60244B1B687B6141
:1085800002E0224B1B687B617B6903F04503002BF3
:10859000F7D07B6903F00103002B06D01123FB7495
:1085A000012001F0D5F9FB7C2CE07B6903F004038A
:1085B000002B06D01323FB74042001F0C9F9FB7CC7
:1085C00020E001F0D5F803461A46FB79934203D028
:1085D0000823FB74FB7C15E00D4801F0B9F900207D
:1085E00001F0D2F8F860FA680A4B1340002B03D16F
:1085F0001D23FB74FB7C05E0F868FFF721FF0346B1
:10860000FB74FB7C18461837BD4680BD34800140A2
:10861000FF07C00008E0F9FD80B582B000AF1D2360
:10862000FB7000237B60164B1B687B6002E0144BE1
:108630001B687B607B6803F04503002BF7D07B68E9
:1086400003F00103002B06D01123FB70012001F081
:108650007FF9FB780FE07B6803F00403002B06D062
:108660001323FB70042001F073F9FB7803E0054845
:1086700001F06EF9FB7818460837BD4680BD00BF93
:1086800034800140FF07C00080B582B000AF1D23D9
:10869000FB7000237B60104B1B687B6002E00E4B7D
:1086A0001B687B607B6803F04503002BF7D07B6879
:1086B00003F00403002B06D01323FB70042001F009
:1086C00047F9FB7803E0054801F042F9FB781846CA
:1086D0000837BD4680BD00BF34800140FF07C000A1
:1086E00080B586B000AF03463960FB711D23FB7572
:1086F00000233B610023FB602E4B1B683B6102E0C3
:108700002C4B1B683B613B6903F04503002BF7D002
:108710003B6903F00103002B06D01123FB750120F8
:1087200001F016F9FB7D41E03B6903F00403002BE7
:1087300006D01323FB75042001F00AF9FB7D35E018
:1087400001F016F803461A46FB79934203D008233A
:10875000FB75FB7D2AE0184801F0FAF8002001F0D3
:1087600013F8F860FB6803F46043002B06D1FB6844
:108770001B0C9AB23B681A80FB7D17E0FB6803F480
:108780000043002B02D00723FB750EE0FB6803F4C7
:108790008043002B02D00823FB7506E0FB6803F43E
:1087A0000053002B01D00B23FB75FB7D18461837B7
:1087B000BD4680BD34800140FF07C00080B584B055
:1087C00000AF1C23FB720023FB601A4B7B601A4B2B
:1087D0001B68FB6005E0184B1B68FB607B68013B76
:1087E0007B60FB6803F04503002B02D17B68002B04
:1087F000F1D1FB6803F00403002B02D17B68002B4E
:1088000006D11323FB72042001F0A2F8FB7A0CE0DE
:10881000FB6803F04003002B06D01D23FB724020B1
:1088200001F096F8FB7A00E0FB7A18461037BD4657
:1088300080BD00BFA08601003480014080B586B0B5
:1088400000AF78601D23FB7500233B610023FB60B4
:108850002F4B1B881B04402219460D2000F038FFC7
:10886000002000F05FFF00F075FF2A4B1B683B61A2
:1088700002E0284B1B683B613B6903F04503002B7A
:10888000F7D03B6903F00103002B06D01123FB75E1
:10889000012001F05DF8FB7D36E03B6903F0040345
:1088A000002B06D01323FB75042001F051F8FB7D4B
:1088B0002AE000F05DFF03463B613B690D2B03D0CE
:1088C0000823FB75FB7D1FE0134801F041F80020F1
:1088D00000F05AFF0346FB60FB685B0ADBB203F063
:1088E0000F03DAB27B681A70FA680C4B1340002B46
:1088F00003D11D23FB75FB7D06E0FB681846FFF7DF
:108900009FFD0346FB75FB7D18461837BD4680BDAD
:108910002C94002034800140FF07C00008E0F9FDDE
:1089200080B584B000AF78601D23FB73002000F099
:108930002BFF034603F00073002B03D00623FB73C9
:10894000FB7B81E0424B1B884249184600F084F8CB
:108950000346FB73FB7B1D2B01D0FB7B74E07B6824
:10896000B3F5803F34D13B4B5A687B681340002BF2
:108970002AD0374B1B881B0440221946372000F0B1
:10898000A7FE002000F0CEFE00F0E4FE3720FFF747
:10899000E9FD0346FB73FB7B1D2B01D0FB7B53E002
:1089A00040220021062000F093FE002000F0BAFED5
:1089B00000F0D0FE0620FFF7D5FD0346FB73FB7BDE
:1089C0001D2B03D0FB7B3FE01A23FB73FB7B3BE0BB
:1089D0007B68B3F5802F34D11E4B5A687B681340F7
:1089E000002B2AD01A4B1B881B0440221946372023
:1089F00000F06EFE002000F095FE00F0ABFE372088
:108A0000FFF7B0FD0346FB73FB7B1D2B01D0FB7B07
:108A10001AE040220221062000F05AFE002000F059
:108A200081FE00F097FE0620FFF79CFD0346FB73D6
:108A3000FB7B1D2B03D0FB7B06E01A23FB73FB7B28
:108A400002E01923FB73FB7B18461037BD4680BD3F
:108A50002C9400200094002090B587B000AF03460E
:108A60003960FB801D23FB740023BB600023FB6087
:108A700000237B6140220821102000F029FE002005
:108A800000F050FE1020FFF76DFD0346FB74FB7CE9
:108A90001D2B01D0FB7CADE0FB881B044022194656
:108AA000372000F015FE002000F03CFE00F052FEE2
:108AB0003720FFF757FD0346FB74FB7C1D2B01D0CD
:108AC000FB7C97E0302208214FF0FF3000F090FE51
:108AD0000221002000F0BAFE00F0D6FE4022002164
:108AE000332000F0F5FD002000F01CFE00F032FE07
:108AF0003320FFF737FD0346FB74FB7C1D2B14D09E
:108B0000FB7C77E04FF4001000F00EFF0346002BD3
:108B10000BD07B699B0007F10802D41800F0DEFE41
:108B2000034623607B6901337B6140F22A6000F0D9
:108B3000FBFE0346002BE5D0022000F0F5FE0346C5
:108B4000002B06D01223FB74022000F001FFFB7CF7
:108B500050E0082000F0E8FE0346002B06D0142366
:108B6000FB74082000F0F4FEFB7C43E0202000F0C2
:108B7000DBFE0346002B06D01623FB74202000F0FA
:108B8000E7FEFB7C36E04FF4007000F0CDFE0346BC
:108B9000002B07D01723FB744FF4007000F0D8FEB1
:108BA000FB7C27E0154800F0D3FEFB681A06FB6843
:108BB0001B0203F47F031A43FB681B0A03F47F4381
:108BC0001A43FB681B0E1A433B681A60BB681A06FF
:108BD000BB681B0203F47F031A43BB681B0A03F440
:108BE0007F4342EA0301BB681A0E3B6804330A4321
:108BF0001A60FB7C18461C37BD4690BDFF07C000BD
:108C000080B485B000AF0346FB800023FB7305E012
:108C1000FB885B08FB80FB7B0133FB73FB88012B2C
:108C2000F6D1FB7B1B01DBB218461437BD4680BC76
:108C30007047000080B500AF4FF4F85301221821AF
:108C40000548EAF7D1FA0423012218210348EAF77C
:108C5000CBFA00BF80BD00BF0010014000140140EE
:108C600080B500AF40F20460EAF704FE40F2056010
:108C7000EAF700FE4FF4C060EAF7FCFD40F20A504C
:108C8000EAF7F8FD00BF80BD80B58AB000AF78601C
:108C9000396001220321234800F036FC022203211F
:108CA000204800F031FC042203211E4800F02CFC77
:108CB000082203211B4800F027FC0321194800F07B
:108CC000DDFB0321174800F024FA174BFB607B689B
:108CD0007B61012387F826303B689B08FB610023FA
:108CE00087F82430012387F825304FF400733B6167
:108CF0004FF40063BB614FF440533B6207F10C0338
:108D00001A460321074800F06AFA0321054800F0DB
:108D100061FB0321034800F087FB00BF2837BD46F5
:108D200080BD00BF000402408080014080B58AB051
:108D300000AF7860396001220321234800F0E4FB92
:108D400002220321204800F0DFFB042203211E48F9
:108D500000F0DAFB082203211B4800F0D5FB0321B9
:108D6000194800F08BFB0321174800F0D2F9174B8C
:108D7000FB607B687B61002387F826303B689B089B
:108D8000FB61002387F82430012387F825304FF456
:108D900000733B614FF40063BB614FF440533B628F
:108DA00007F10C031A460321074800F018FA0321C3
:108DB000054800F00FFB0321034800F035FB00BF1E
:108DC0002837BD4680BD00BF0004024080800140BE
:108DD00080B487B000AF78603960254B3B610023D9
:108DE000FB600023BB6000237B6138E03A683B698D
:108DF000B2FBF3F3DAB2FB68591CF96079680B44F3
:108E00003032D2B21A703B683A69B3FBF2F2396978
:108E100001FB02F29B1A3B603B69164AA2FB03234B
:108E2000DB083B61FB68013B7A6813441B78302BFD
:108E30000CBF01230023DAB2BB68002B0CBF012357
:108E40000023DBB21340DBB2002B02D00023FB6017
:108E500002E0BB680133BB607B6901337B617B69E6
:108E6000092BC3D900BF00BF1C37BD4680BC70476B
:108E700000CA9A3BCDCCCCCC80B487B000AF786030
:108E8000396000237B6100233B610023FB607B682A
:108E90001B78302B40F081807B6801331B78782B66
:108EA00004D07B6801331B78582B76D17B68023362
:108EB0001B78002B01D10023D7E002237B6163E004
:108EC0007A687B6913441B78002B05D1FA683B68EC
:108ED0001A6001233B615AE07A687B6913441B786E
:108EE000402B05D97A687B6913441B78462B17D928
:108EF0007A687B6913441B78602B05D97A687B6993
:108F000013441B78662B0BD97A687B6913441B7852
:108F10002F2B36D97A687B6913441B78392B30D8CC
:108F2000FB681B0179687A690A4412782F2A0BD9E9
:108F300079687A690A441278392A05D879687A6991
:108F40000A441278303A16E079687A690A4412784D
:108F5000402A0BD979687A690A441278462A05D8DA
:108F600079687A690A441278373A04E079687A694C
:108F70000A441278573A1344FB607B6901337B61E2
:108F800002E000233B6102E07B690A2B98D97B69F0
:108F90000A2B69D900233B6166E000237B615BE01B
:108FA0007A687B6913441B78002B05D1FA683B680B
:108FB0001A6001233B6152E07A687B6913441B7895
:108FC0006B2B05D07A687B6913441B784B2B0BD134
:108FD0007B69002B08D0FB689B02FB60FA683B684A
:108FE0001A6001233B613AE07A687B6913441B787D
:108FF0006D2B05D07A687B6913441B784D2B0BD100
:109000007B69002B08D0FB681B05FB60FA683B6896
:109010001A6001233B6122E07A687B6913441B7864
:109020002F2B16D97A687B6913441B78392B10D8FB
:10903000FA6813469B0013445B0019467A687B6903
:1090400013441B780B44303BFB607B6901337B612D
:1090500002E000233B6102E07B690A2BA0D97B6917
:109060000A2B01D900233B613B6918461C37BD46DA
:1090700080BC704780B582B000AF78600521094898
:10908000EAF748FB0346002B06D0074B1B68DAB211
:109090007B681A70012300E0002318460837BD469C
:1090A00080BD00BF004800400448004080B582B049
:1090B00000AF0346FB71FB7919460848EAF709FB44
:1090C00000BF07210548EAF725FB0346002BF8D02F
:1090D00000BF00BF0837BD4680BD00BF004800404C
:1090E00080B582B000AF78600AE07B681B781846D4
:1090F000FFF7DCFF7B6801337B606420FCF7A0F89E
:109100007B681B78002BF0D100BF00BF0837BD463D
:1091100080BD80B582B000AF78600B46FB70FB78F5
:109120001946786800F008FA0346002B00D1FEE7E4
:10913000FA7813469B0013449B001A467B6813443D
:1091400008331968FA7813469B0013449B001A46AB
:109150007B68134408331A4621F001031360FA7840
:1091600013469B0013449B001A467B681344083344
:109170001A4600231360FA7813469B0013449B00A1
:109180001A467B6813440C331A4600231360FA789E
:1091900013469B0013449B001A467B68134410330C
:1091A0001A4600231360FA7813469B0013449B0071
:1091B0001A467B68134414331A46002313607B68F5
:1091C00004331A68FB789B000F2101FA03F37968D6
:1091D000043113430B6000BF0837BD4680BD80B526
:1091E00086B000AFF8600B467A60FB72FB7A1946D6
:1091F000F86800F0A1F90346002B00D1FEE7FA7AE7
:1092000013469B0013449B001A46FB68134410331B
:109210001A467B681B681360FA7A13469B00134456
:109220009B001A46FB68134414331A467B689B68FC
:1092300013607B681969FA7A13469B0013449B00FC
:109240001A46FB6813440C331A468BB21360FA7A41
:1092500013469B0013449B001A46FB6813440833D3
:109260001B687B617B6923F47C537B617B685A6854
:109270007B68DB681A437B685B6913437A69134335
:109280007B61FA7A13469B0013449B001A46FB68E5
:10929000134408331A467B6913607B681B7E012BDD
:1092A00017D1FA7A13469B0013449B001A46FB68B9
:1092B000134408331968FA7A13469B0013449B0041
:1092C0001A46FB68134408331A4641F04003136002
:1092D00016E0FA7A13469B0013449B001A46FB687B
:1092E000134408331968FA7A13469B0013449B0011
:1092F0001A46FB68134408331A4621F040031360F2
:109300007B685B7E012B17D1FA7A13469B001344CE
:109310009B001A46FB68134408331968FA7A13460F
:109320009B0013449B001A46FB68134408331A46FB
:1093300041F08003136016E0FA7A13469B00134451
:109340009B001A46FB68134408331968FA7A1346DF
:109350009B0013449B001A46FB68134408331A46CB
:1093600021F0800313607B689B7E002B17D1FA7A73
:1093700013469B0013449B001A46FB6813440833B2
:109380001968FA7A13469B0013449B001A46FB683F
:10939000134408331A4621F01003136016E0FA7ADA
:1093A00013469B0013449B001A46FB681344083382
:1093B0001968FA7A13469B0013449B001A46FB680F
:1093C000134408331A4641F01003136000BF1837E6
:1093D000BD4680BD80B582B000AF78600B46FB70A3
:1093E000FB781946786800F0A7F80346002B00D1F7
:1093F000FEE7FA7813469B0013449B001A467B68ED
:10940000134408331968FA7813469B0013449B00F1
:109410001A467B68134408331A4621F02003136070
:1094200000BF0837BD4680BD80B582B000AF786010
:109430000B46FB70FB781946786800F07DF8034610
:10944000002B00D1FEE7FA7813469B0013449B00E3
:109450001A467B68134408331968FA7813469B0050
:1094600013449B001A467B68134408331A4641F0A4
:109470000103136000BF0837BD4680BD80B582B0D0
:1094800000AF78600B46FB70FB781946786800F0F7
:1094900053F80346002B00D1FEE7FA7813469B00F1
:1094A00013449B001A467B68134408331968FA7802
:1094B00013469B0013449B001A467B6813440833F1
:1094C0001A4621F00103136000BF0837BD4680BD76
:1094D00080B487B000AFF8600B467A60FB72FB681F
:1094E0001A68FB7A9B00796801FA03F31340002B9A
:1094F00002D00123FB7501E00023FB75FB7D1846BC
:109500001C37BD4680BC704780B485B000AFF860A2
:109510000B467A60FB72FB6804331A68FB7A9B0087
:10952000796801FA03F3F968043113430B6000BF53
:109530001437BD4680BC704780B485B000AF7860FA
:109540000B46FB700123FB737B68074A934204D1EF
:10955000FB78042B01D90023FB73FB7B18461437DF
:10956000BD4680BC704700BF0004024080B400AF1D
:109570000F4B00221A600F4B00221A600E4B002284
:109580001A600E4B00221A600D4B00221A600D4B20
:1095900000221A600C4B00221A600C4B00221A6049
:1095A0000B4B00221A6000BFBD4680BC704700BF55
:1095B0000080014004800140088001400C8001408F
:1095C00024800140288001402C80014038800140E7
:1095D0003C80014080B487B000AFF860B9607A6029
:1095E0007B8000237B61124B1B687B617A69114B86
:1095F00013407B617B88FF2B07D97B6943F00043D5
:109600007B617B88A3F580737B80FA68BB681A4313
:109610007B681A437B8813437A6913437B61044A4E
:109620007B69136000BF1C37BD4680BC704700BF1C
:109630000480014000D9FF7F80B400AF044B1B6859
:10964000034A23F48043136000BFBD4680BC7047CB
:109650000480014080B483B000AF7860084B1B6881
:10966000074A23F4C0531360054B1A6804497B680A
:1096700013430B6000BF0C37BD4680BC704700BF72
:109680000480014080B483B000AF7860034A7B68F7
:10969000136000BF0C37BD4680BC7047008001409E
:1096A00080B400AF024B1B681846BD4680BC7047B3
:1096B0000080014080B400AF044B1B68034A43F4B0
:1096C0008073136000BFBD4680BC704704800140BA
:1096D00080B487B000AFF860B9607A6000237B6126
:1096E0000E4B1B680D4B00221A600C4ABB681360BE
:1096F0000B4B1B687B617B6923F0FF037B61FA687E
:109700007B6813437A6913437B61054A7B69136065
:1097100000BF1C37BD4680BC704700BF08800140B9
:109720000C80014080B483B000AF7860084B1B68A8
:10973000074A23F440731360054B1A6804497B6899
:1097400013430B6000BF0C37BD4680BC704700BFA1
:109750000C80014080B400AF044B1B68034A43F403
:109760008063136000BFBD4680BC70470C80014021
:1097700080B400AF034B1B68DBB21846BD4680BC0B
:10978000704700BF1080014080B485B000AF7860A2
:109790000023FB607B68032B1AD801A252F823F048
:1097A000B1970208B9970208C1970208C997020841
:1097B0000B4B1B68FB600CE00A4B1B68FB6008E06E
:1097C000094B1B68FB6004E0084B1B68FB6000E072
:1097D00000BFFB6818461437BD4680BC704700BF09
:1097E00014800140188001401C800140208001400D
:1097F00080B485B000AFF860B9607A60104B1B6828
:109800000F4B00221A600F4B1B680E4A03F07E4379
:1098100013600D4B1B680C4A23F0F0031360084AD9
:10982000FB681360074ABB681360074B1A68064958
:109830007B6813430B6000BF1437BD4680BC704784
:1098400024800140288001402C80014080B485B0F4
:1098500000AF786039600023FB600A4B1B68FB6037
:10986000FB6823F00603FB607A683B681343FA68E1
:109870001343FB60034AFB68136000BF1437BD4607
:1098800080BC70472C80014080B400AF044B1B6843
:10989000034A43F00103136000BFBD4680BC70471C
:1098A0002C80014080B400AF044B1B68034A23F0B6
:1098B0000103136000BFBD4680BC70472C8001408F
:1098C00080B483B000AF7860034A7B68136000BF48
:1098D0000C37BD4680BC70478080014080B400AF2B
:1098E000024B1B681846BD4680BC70478080014013
:1098F00080B400AF044B1B68034A43F008031360B5
:1099000000BFBD4680BC70472C80014080B400AFD2
:10991000044B1B68034A23F00803136000BFBD46D5
:1099200080BC70472C80014080B483B000AF786069
:10993000064B1A687B681340002B01D0012300E01E
:10994000002318460C37BD4680BC70473480014068
:1099500080B483B000AF7860034A7B68136000BFB7
:109960000C37BD4680BC70473880014080B483B05E
:1099700000AF7860054B1A6804497B6813430B609D
:1099800000BF0C37BD4680BC704700BF3C80014023
:1099900000B50B4C25681446EE681A4685B00346A0
:1099A0000D464CB107490095CDE9011430460649F2
:1099B00000F00EF806F08AFA04490C46F3E700BFFF
:1099C000BC1600202C7C03083C7C0308387C030870
:1099D0000EB410B583B005AB064C53F8042B0193BD
:1099E0000146206803F0F6FC03B0BDE8104003B068
:1099F000704700BFBC16002070B50D4E0D4D761B94
:109A0000B61006D0002455F8043B01349847A6420E
:109A1000F9D1094E094D761B0BF022FEB61006D087
:109A2000002455F8043B01349847A642F9D170BD93
:109A30007C8203087C820308848203087C820308FA
:109A4000830730B548D0541E002A3FD0CAB203461F
:109A500001E0013C3AD303F8012B9D07F9D1032C17
:109A60002DD9CDB245EA05250F2C45EA054536D955
:109A7000A4F1100222F00F0C03F1200EE6444FEA8D
:109A8000121C03F1100242E9045542E9025510325A
:109A90007245F8D10CF1010214F00C0F03EB021225
:109AA00004F00F0C13D0ACF1040323F003030433D0
:109AB000134442F8045B9342FBD10CF003042CB135
:109AC000CAB21C4403F8012B9C42FBD130BD644652
:109AD0001346002CF4D1F9E703461446BFE71A46B3
:109AE000A446E0E70FB400B5074983B004AB0868AB
:109AF00053F8042B8168019304F07CFB03B05DF8FC
:109B000004EB04B0704700BFBC16002070B50546DA
:109B100088B008460C46E7F7D3FE224EAA6B0590A4
:109B200001214318CDE9066104A80221049403939E
:109B3000AC680190029122B3636E13F0010FB4F987
:109B40000C309AB201D1980525D5910406D4626EE5
:109B500043F4005322F40052A3816266284601AA0E
:109B6000214607F011FD636E002814BF4FF0FF354A
:109B70000A25DA0702D4A3899B0506D5284608B032
:109B800070BD284607F07AFAD6E7A06D07F0B2FE5E
:109B9000284608B070BDA06D07F0AAFEB4F90C30DD
:109BA0009AB2D2E7707C0308024B01461868FFF7AF
:109BB000ADBF00BFBC1600200CB410B51F4B002970
:109BC0001C689CB035DB4FF40273ADF81430029082
:109BD00006901FAB18D001394FF6FF720491079120
:109BE000ADF8162002A91E9A0193204600F008FB4A
:109BF000421C01DA8B232360029B00221A701CB0E6
:109C0000BDE8104002B070474FF6FF720491079113
:109C1000ADF8162002A91E9A0193204600F0F0FA32
:109C2000431C01DA8B2323601CB0BDE8104002B056
:109C300070478B2323604FF0FF30F5E7BC16002000
:109C40000EB410B59DB06FF000411FABCDE9060119
:109C50000491094953F8042B0290084C08680193B9
:109C600002A9059400F0CCFA029B00221A701DB0E4
:109C7000BDE8104003B07047BC1600200802FFFF8B
:109C80000EB430B59CB01FAC4FF4017254F8045BB5
:109C9000ADF8142002900690E7F712FE03900790AB
:109CA0000A480B490A9100234FF6FF7C0E93139349
:109CB0002A46234602A90068ADF816C0019401F0B7
:109CC000BDFF1CB0BDE8304003B07047BC1600209B
:109CD000F99C020810B50C46B1F90E1008F050FFBF
:109CE000002803DB236D0344236510BDA38923F4FF
:109CF0008053A38110BD00BF002070472DE9F041C3
:109D00000C46B1F90C101F46CB05054616460BD480
:109D100021F48051A1813B46B4F90E103246284609
:109D2000BDE8F04106F048B8B4F90E100223002255
:109D300007F0E2FDB4F90C10EAE700BF10B50C46DD
:109D4000B1F90E1007F0D8FDA389421C0EBF23F411
:109D5000805343F480532065A38110BDB1F90E10E8
:109D600006F0C2B8A2B330B540EA0104A4078446A5
:109D70000B462AD09CF800000C7884422FD1012A8F
:109D80000DD0E64660B11EF8010F11F8014F6FEAE1
:109D90000E03A042134422D11CEB0303F2D1002096
:109DA00030BD0468194653F8045BA4F1013EAC428F
:109DB00084462EEA040E00F104000BD1043A8446D6
:109DC0001946ECD01EF0803FE9D1032AE9D8D1E74B
:109DD000104670479CF800000C78A042D1D0001BC0
:109DE00030BD00BF2DE9F04F012BADF21C4D1D46DB
:109DF00081460F46904640F24581012300249C464F
:109E000019464FF0FF3006E0A3EB000C1C46012181
:109E100063189D4210D908EB000218F80360525CE9
:109E20009642F1D300F082804FF0010C204661464B
:109E3000644463189D42EED8CDF808C04FF0010C81
:109E4000002461464FF0FF36634606E0A3EB060CA4
:109E50001C46012163189D420FD908EB010218F836
:109E600003E0925D9645F1D866D04FF0010C26468E
:109E70006146644463189D42EFD8013600F1010B3E
:109E8000B34502D8CDF808C0B34605AB0DF2144275
:109E900043F8045F9342FBD1002D00F0F8806C1E64
:109EA00006AE08F1FF3208EB0400019612F8011F1C
:109EB000D3432B444344904246F82130F6D1029BD1
:109EC0005A4608EB0301404608F084F8002840F0A9
:109ED0008180029B0BF1FF32EB1A82460646059207
:109EE000039309EB060E019A1EF8043052F8233052
:109EF00043B3BAF1000F04D0029A9342039A38BFD9
:109F000013461E444FF0000A7B1BB342E9D209EB13
:109F1000070045F4006109F0B3F907447B1BB34225
:109F2000DFD200200DF21C4DBDE8F08F8C4512BF32
:109F30000131644401216BE761450ABF64180131B6
:109F4000012187E7D3455B4638BF5346A34211D270
:109F5000591E9A1941444A4402E00133A34209D2EE
:109F600012F8010B11F801CF8445F6D0CBF10102B4
:109F70001644C6E7D345059B7DD90BEB06024A4440
:109F800008EB0B01CDF810B002E0534516D00346A4
:109F900012F8010D11F801CD844503F1010B03F115
:109FA000FF30F2D05B46DDF810B00AF1010A9A45A5
:109FB0000BD8029BDDF80CA01E44A5E753460AF11E
:109FC000010A9A45DDF810B0F3D970460DF21C4D28
:109FD000BDE8F08FA5EB0B035B4538BF5B46013353
:109FE00004930BF1FF330293CBF10103002603939B
:109FF00045F4006A09EB060E019A1EF8043052F887
:10A0000023306BB11E447B1B9E42F3D909EB070042
:10A01000514609F035F907447B1B9E42EAD980E797
:10A02000A34514D2029B0BEB060208EB03014A4442
:10A030005B4602E00133A34209D212F8010B11F88A
:10A0400001CF8445F6D0039A16441E44DBE7BBF1EA
:10A05000000F12D00BEB0601494408EB0B0201E0A4
:10A0600043450AD012F801CD11F8010D844513467D
:10A07000F6D0049BC6E75B4697E770460DF21C4D91
:10A08000BDE8F08F012302934FF0000BFDE606AB15
:10A090004FF0FF34019312E72DE9F0410D460978A6
:10A0A00090B00446002953D06A78002A00F08380DB
:10A0B000AB78002B50D0E878002800F083802B7913
:10A0C000002B57D02846E7F7FBFB064640F400710B
:10A0D000204609F0D5F886425CD8FE2E00F2878033
:10A0E000801B27184022711C6846FFF7A9FC7EB12F
:10A0F0006A1E5FFA86FC901912F8013F03F03F03D5
:10A1000040336B44A91A6144824203F8401CF3D1E6
:10A11000013CA35D03F03F0340336B4413F8400C54
:10A120000444A74203D23AE04444A74237D314F888
:10A1300006C00CF03F0C0CF140030DEB030C204665
:10A14000324629461CF8408C07F044FF0028EBD12A
:10A15000204610B0BDE8F081007842EA014200E0FC
:10A160000C4640EA0343611CA0B19A426078F7D1E3
:10A17000013CEDE722786AB1296809BA01E0994209
:10A180001ED042EA0323204614F8012F002AF6D1FC
:10A19000994215D00024204610B0BDE8F081BB5D87
:10A1A000B819002BF6D04FF4006109F069F80744A4
:10A1B000BC42ADD9EEE710B0BDE8F04108F0C8BF31
:10A1C000C41EC5E7120442EA016242EA0323217871
:10A1D000024600E02C4641EA0200651C020200290A
:10A1E000D8D0B3EB002F6178F4D1023CB0E7014640
:10A1F00033462A46204610B0BDE8F041FFF7F2BDD5
:10A200002DE9F04FD5B00C460C9191460E930A9073
:10A2100007F066FB036817931846E7F751FBA3891D
:10A220001690190603D52369002B00F08B870024B4
:10A230002BAB4D46CDE92944CDE91944CDE91B446A
:10A240001294289398461894002308940024CDE98A
:10A2500014342B78002B00F0DD81AA4604E01AF8B4
:10A26000013F002B00F01681252BF8D1BAEB050633
:10A2700040F014819AF80030002B00F0CB810023CD
:10A280004FF0FF329AF801608DF8833009930AF19C
:10A29000010A07921F462B244FF020090AF1010AF8
:10A2A000A6F120035A2B00F22D81DFE813F0BA0249
:10A2B0002B012B01B5022B012B012B016A002B0175
:10A2C0002B014F02E3022B015A02C9022B01C402E7
:10A2D0005B005B005B005B005B005B005B005B00A6
:10A2E0005B002B012B012B012B012B012B012B01DF
:10A2F000BF012B011A028600BF01BF01BF012B0164
:10A300002B012B012B01B0022B012B01C3002B01D0
:10A310002B012B0124022B015F022B012B013C0797
:10A320002B012B012B012B012B012B012B012B01CD
:10A33000BF012B011A028800BF01BF01BF01A302A8
:10A34000880081002B0196022B018202C500700259
:10A3500081002B0124027E0039072B012B011907F4
:10A360002B017E00A6F1300300221AF8016B02EBEC
:10A37000820203EB4202A6F13003092BF5D90992C0
:10A380008EE7DDF828B0584607F0AAFA43681B9319
:10A390001846E7F795FA1C900646584607F0A0FACB
:10A3A00083681993002E40F07A869AF8006075E76A
:10A3B0009AF8006047F0200770E747F01007BA06E8
:10A3C0000E9B40F18081073323F007031A465B6838
:10A3D00052F8084B0E929946002BC0F25F85079BFE
:10A3E000013301F01F8054EA090327F0800B00F0CD
:10A3F000E3840A2C79F1000380F081873034012353
:10A400008DF84F415F460B930DF24F1507990B984E
:10A410009DF8832081424FF00003B8BF01460D93A1
:10A4200006910F9313931093002A7CD0069B01335F
:10A43000069378E047F0100717F0200900F0348108
:10A440000E9B073323F00703D3F8049053F8084B0F
:10A450000E9327F4806B002300228DF88320079A47
:10A46000511C00F00D8254EA09012BF0800740F0E6
:10A470000682002A41F01080002B40F0A2841BF0DD
:10A4800001030B9300F0378530238DF84F310DF227
:10A490004F15BBE7BAEB050600F0BC802A9B33449E
:10A4A0002A93299B0133072BC8E90056299305DC21
:10A4B00008F10808089B33440893DBE60C990A98D6
:10A4C00028AA0AF055F980B90DF1AC08F2E70C9909
:10A4D0000A9828AA0AF04CF9002800F08C800D9BFD
:10A4E0001BB10D990A9806F049FF0C9B9B8913F04C
:10A4F000400F089B18BF4FF0FF330893089855B0E2
:10A50000BDE8F08F002E00F0858000228DF8EC6011
:10A510008DF88320012306930D920B9307920F92DF
:10A52000139210923BAD17F0020302D0069902314C
:10A53000069117F0840B07D109990698A1EB000941
:10A54000B9F1000F00F315832A9C8AB1299A0DF105
:10A55000830101320134C8F80010072A4FF00101CD
:10A560002A942992C8F8041000F3468308F10808D9
:10A5700083B1299B21AA01330234C8F80020072B9C
:10A580004FF002022A942993C8F8042000F348836C
:10A5900008F10808BBF1800F00F00E82079B0B9AB0
:10A5A000A3EB020BBBF1000F00F34F82FB0500F1A0
:10A5B000A5810B9BC8F804301C44299BC8F80050A7
:10A5C0000133072B2A94299300F3C78208F1080866
:10A5D0007B0705D5099B069A9D1A002D00F32C8355
:10A5E000DDE9083206998A42ACBF9B185B180893D4
:10A5F000002C7FF46CAF002329930D9B1BB10D99A8
:10A600000A9806F0BBFE0DF1AC0855462B78002BDE
:10A610007FF423AE2A9B002B3FF467AF0C9C0A9873
:10A6200028AA21460AF0A4F8A38960E70E9B073305
:10A6300023F00702F2E80234CDE91434DDE91434E2
:10A6400024F000440E92994618462146A74B4FF03D
:10A65000FF32E7F7F5F9002840F06284A34B484643
:10A6600021464FF0FF32E6F7C3F9002840F0588446
:10A67000DDE9140100220023E6F7B0F9002840F0DC
:10A68000AD879DF883209A4D9A4B27F080070321D0
:10A69000472EC8BF1D4600230D9306910B910793CB
:10A6A0000F9313931093BFE617F0100340F02E841E
:10A6B00017F0400200F054870E9A52F8044B0E92A5
:10A6C0009946A4B2C5E653F8044B0E93FB0600F17D
:10A6D00018847D0640F1128444F3C0394B4624B2FD
:10A6E0007AE60E9B002253F8041B8DF883208DF828
:10A6F000EC100E930EE70E9C079B54F8045B4FF092
:10A7000000098DF88390002D00F0D5865A1C00F0CA
:10A7100052851A4649462846E7F742F90D90002827
:10A7200001F057800D9BCDF81C905B1B0B930E9492
:10A7300023EAE3739DF883200693CDF83490CDF897
:10A740003C90CDF84C90CDF840906DE60E9B53F8C0
:10A75000042B0992002A80F2C983099A0E9352426F
:10A7600009929AF8006047F0040797E547F0100B4C
:10A770001BF0200900F081830E9B073323F00703B1
:10A78000D3F8049053F8084B0E93012364E60E9B14
:10A7900053F8044B0E93302378268DF88430564BB3
:10A7A000189347F0020B8DF885604FF000090223E3
:10A7B00052E6BD0600F18284FC0600F1738678063D
:10A7C00000F13C87B90540F16D860E9B089953F85E
:10A7D000042B0E931170554618E79AF800606C2E02
:10A7E00003BF9AF8016047F020070AF1010A47F019
:10A7F000100753E59AF80060682E03BF9AF80160CD
:10A8000047F400770AF1010A47F0400746E59AF855
:10A81000006047F0080741E59AF8006047F001073B
:10A820003CE59DF88330002B7FF4BFAD9AF80060C3
:10A830008DF8839032E59AF8006047F080072DE5A7
:10A84000524612F8016B2A2E01F0CD81A6F1300399
:10A85000092B924698BF002201F288801AF8016BFA
:10A8600002EB820203EB4202A6F13003092BF5D979
:10A87000079215E59AF800608DF883400EE5BB4617
:10A88000012B3FF4B6AD022B54AD12D1189A04F04F
:10A890000F032409D35C05F8013D44EA09744FEA2B
:10A8A000191954EA0903F2D154AB5B1B5F460B93B1
:10A8B000ACE504F00703E40844EA49744FEAD90917
:10A8C000303354EA09012A4605F8013DF1D11BF065
:10A8D000010FE9D0302BE7D03023023A05F8013CD4
:10A8E00054AB9B1A5F460B9315468FE5FFFFEF7F36
:10A8F000747C0308787C0308847C0308652E40F38D
:10A90000E680DDE9140100220023E6F75DF8002867
:10A9100000F0CD81299BBF4AC8F8002001330134E3
:10A920000122072B2A942993C8F8042000F37D857F
:10A9300008F10808229B129A934280F2D382169B58
:10A94000179A1C44C8E90023299B2A940133072B3A
:10A95000299300F3EB8308F10808129B5D1E002D7C
:10A960007FF736AE102D299BDFF8AC9240F36E8551
:10A9700049462246B946DDF828B00C9C10260F4601
:10A9800005E008F10808103D102D40F35B85013308
:10A990001032072BC8E90076CDE92932F1DD28AA6B
:10A9A0002146584609F0E4FE00287FF498ADDDE921
:10A9B00029320DF1AC08E6E7099B069AA3EB020BDE
:10A9C000BBF1000F7FF7EAADBBF1100F299ADFF85A
:10A9D00048922CDD1D9621464E460C9CDDF82890B1
:10A9E000102306E0ABF1100BBBF1100F08F10808C3
:10A9F0001ADD01321031072AC8E90063CDE92921A7
:10AA0000F0DD28AA214648460DF1AC0809F0B0FE59
:10AA100000287FF464ADABF1100BBBF1100FDDE942
:10AA200029214FF01003E4DCB1461D9E0C46013293
:10AA30005C44072ACDE92924C8F80090C8F804B07E
:10AA400000F31D8508F10808A8E5BBF1100F299A4D
:10AA5000DFF8C4912DDD41462046A8464C460C9DAA
:10AA6000DDF82890102306E0ABF1100BBBF1100FBE
:10AA700001F1080119DD01321030072AC1E9004354
:10AA8000CDE92920F0DD28AA2946484609F070FEC4
:10AA900000287FF424ADABF1100BBBF1100FDDE902
:10AAA00029202BA94FF01003E5DC4546A146884636
:10AAB000044601325C44072ACDE92924C8F80090F5
:10AAC000C8F804B000F3CC8108F108086EE5129BC9
:10AAD000012B40F37C81299EC8F8005001360134D7
:10AAE0000123072E2A942996C8F8043000F3E08148
:10AAF00008F10808169B179A01361C44072EC8E96E
:10AB00000023CDE9296400F3E08108F10808DDE9BC
:10AB1000140100220023E5F757FF002840F074815C
:10AB2000129B0136013B01351C44072EC8F800502A
:10AB30002996C8F804302A9400F3598108F10808CE
:10AB40001A9BC8F8043001361C44072E24ABCDE90B
:10AB50002964C8F800307FF739AD0C990A9828AA03
:10AB600009F006FE00287FF4BAAC2A9C0DF1AC086F
:10AB70002EE5B9F1100FDDE929212BDDCDE91D3BD3
:10AB80001F96DDF828B04E461024A9460C9D04E01F
:10AB9000103E102E08F1080817DD01321F4B10314E
:10ABA000072AC8E90034CDE92921F1DD28AA294680
:10ABB00058460DF1AC0809F0DBFD00287FF48FAC9E
:10ABC000103E102EDDE92921E7DCDDE91D3B4D4675
:10ABD000B1461F9EC8F80490013209EB0104072A10
:10ABE0000E49C8F80010CDE9292400F3FF839DF831
:10ABF000832008F10808A8E40C990A981D9328AA54
:10AC000009F0B6FD00287FF46AAC2A9C1D9B0DF16B
:10AC1000AC08ADE4B47C0308C87C0308B87C030826
:10AC20000C990A9828AA09F0A3FD00287FF457ACD4
:10AC30002A9C0DF1AC08ADE4102D299B21DD0A9F63
:10AC4000DDF83090102604E0103D102D08F10808C2
:10AC500017DD0133B04A1034072BC8E90026CDE9CF
:10AC60002934F1DD28AA494638460DF1AC0809F02F
:10AC70007FFD00287FF433AC103D102DDDE9293431
:10AC8000E7DC0133A44AC8F804502C44072BCDE973
:10AC90002934C8F800207FF7A3AC0C990A9828AA99
:10ACA00009F066FD00287FF41AAC2A9C98E42299EA
:10ACB000002940F36683DDF84090129B9945A8BFB8
:10ACC0009946B9F1000F0BDD299B01334C44072B4A
:10ACD000C8E900592A94299300F32F8508F1080840
:10ACE000109EB9F1000FA8BFA6EB0906002E00F3D5
:10ACF0003882DDF840B07805AB4400F16682229BD3
:10AD0000129A934202DBF90740F18E84169A179942
:10AD10001444C8E90012299A2A940132072A299278
:10AD200000F3188508F10808129AAE18A6EB0B0676
:10AD3000D51AAE42A8BF2E46002E0DDD299BC8F8BD
:10AD400000B001333444072BC8F804602A942993D7
:10AD500000F31A8608F10808002EA8BFAD1B002DCD
:10AD60007FF736AC102D299BDFF8B09140F36E834E
:10AD700049462246B946DDF828B00C9C10260F46FD
:10AD800005E008F10808103D102D40F35B83013306
:10AD90001032072BC8E90076CDE92932F1DD28AA67
:10ADA0002146584609F0E4FC00287FF498ABDDE921
:10ADB00029320DF1AC08E6E7079B002B7FF41EABB0
:10ADC0005F46002307930B9354ADFFF71FBBFA07B1
:10ADD0003FF581AE299EC8F80050013601340123A9
:10ADE000072E2A942996C8F804307FF7A7AE0C994D
:10ADF0000A9828AA09F0BCFC00287FF470ABDDE9B2
:10AE000029640DF1AC089BE6129B5D1E002D7FF7B7
:10AE100097AE102DDFF8049140F3968322460797F2
:10AE20000A9C0C9F4FF0100B05E008F10808103D3C
:10AE3000102D40F3878301361032072EC8E9009B9E
:10AE4000CDE92962F1DD28AA3946204609F090FCB7
:10AE500000287FF444ABDDE929620DF1AC08E6E798
:10AE60000C990A9828AA09F083FC00287FF437ABD4
:10AE70002A9C0DF1AC08FFF799BB1BF0100340F0C2
:10AE800028811BF0400200F079830E9A52F8044B9F
:10AE90000E929946A4B20123FFF7DEBA2D23644235
:10AEA0008DF8833069EB4909BB460123FFF7D7BA18
:10AEB0000C990A9828AA09F05BFC00287FF40FABD4
:10AEC000DDE929640DF1AC0814E60C990A9828AA6A
:10AED00009F04EFC00287FF402ABDDE929640DF196
:10AEE000AC0814E6FD077FF573AB28E59AF800601F
:10AEF0000E93FFF7D3B954ADFFF788BAB80500F148
:10AF0000A6834FEAE4794B46FFF766BA0E9B53F8E7
:10AF1000044B0E93FFF79DBAB87C0308C87C030866
:10AF2000DDE9140102460B46E6F78AFD002840F0F1
:10AF30000F86612E00F04585412E00F06D84079B41
:10AF4000013326F02003069300F0A983472B00F07D
:10AF50008885DDE9141247F480730F931346002BA4
:10AF6000C0F292850B9300231D938B460D93069B95
:10AF7000462B00F0FD83452B00F044850799019195
:10AF800026A9049123A9039122A9029102210B9BD6
:10AF90000A9800915A4605F04BF8069B472B054648
:10AFA00040F0318617F0010FB9460F9F40F0FC8446
:10AFB000269B5B1B1293069B472B00F08283069B0C
:10AFC000462B00F01284229B1093109B069A013BA3
:10AFD000412A229300F0AD85F2B20021002BB8BFC8
:10AFE000109B8DF89020BABFC3F101032D222B22B4
:10AFF000092B8DF8912040F38D850DF19F04B64FFC
:10B000002246104687FB0321DA17C2EBA10202EBAE
:10B010008201A3EB4101303100F8011C194663297C
:10B02000134600F1FF32ECDC3033D9B2831E9C4270
:10B0300002F8011C40F2F18513460DF1920201E085
:10B0400013F8011B02F8011B9C42F9D10DF1A10379
:10B050000DF192021B1A134424AA9B1A1A93129BF5
:10B060001A9A012B1A440B9240F39E850B9B169A59
:10B0700013440B930B9A002329F4806722EAE272AF
:10B0800047F480770F930692139310931D9B002B28
:10B0900040F03F839DF883200793FFF7C5B9199BC4
:10B0A000002B3FF482A9199B1B78002B3FF47DA94C
:10B0B0009AF8006047F48067FFF7F0B80E9B089895
:10B0C00053F8041B0E93C217C1E900025546FFF75F
:10B0D0009DBA0E9B53F8044B0E930123FFF7BCB9A6
:10B0E0007E4B189317F0200900F0EC800E9B07337D
:10B0F00023F00703D3F8049053F8084B0E93F80796
:10B1000009D554EA090306D030238DF8856047F04D
:10B1100002078DF8843027F4806B0223FFF79CB977
:10B12000BB46FFF725BB6E4B1893DBE70C990A98DB
:10B1300028AA09F01DFB00287FF4D1A92A9C0DF153
:10B14000AC080AE40A98402106F05CFC0C9B1860ED
:10B150001861002800F065850C9A40235361FFF7C1
:10B1600066B8102E299BDFF87C9140F3298248466F
:10B1700042462146A846B9460A9C0C9D4FF0100B4A
:10B18000074604E00832103E102E40F313820133CC
:10B190001031072BC2E9007BCDE92931F2DD28AA65
:10B1A0002946204609F0E4FA00287FF498A9DDE951
:10B1B00029312BAAE7E72846CDF81C900E94E6F734
:10B1C0007FFB03460B90FFF7B3BA129BCDF82CA080
:10B1D0004246DDF84C801097EB1807935E46199FA6
:10B1E000DDF87090DDF828A0DDF830B00F9B1395E6
:10B1F0002146B8F1000F2FD0002B30D1013F08F1CC
:10B20000FF381B9BC2E90039299B01334944072BB6
:10B210002A91299368DC0832079B38789B1B83426C
:10B22000A8BF0346002B1C460BDD299801301944AA
:10B230000728C2E900632A91299000F31481387825
:10B240000832002CACBF051B0546002D0BDC064464
:10B250000F9BB8F1000FCFD1002B00F023820F9B82
:10B26000013B0F93CDE7102D29981DDD102404E03C
:10B27000103D102D02F1080216DD0130194B10317E
:10B280000728C2E90034CDE92901F1DD28AA594691
:10B29000504609F06DFA00287FF421A9103D102DC9
:10B2A000DDE929012BAAE8DC01300E4B5560294469
:10B2B0000728CDE92901136000F33282387808327B
:10B2C0000644C5E717F0100300F0A1800E9B53F869
:10B2D000044B0E9313E700BF67666666847C030821
:10B2E000987C0308C87C030828AA5946504609F0F0
:10B2F0003FFA00287FF4F3A82A992BAA8CE70BF4D5
:10B30000806300220696CDF82CA0CDF8348054AF8F
:10B31000DDF864809A4616460CE000232046494634
:10B320000A22E5F737FF0A2C79F100031BD3044604
:10B3300089462F4620460A2200234946E5F72AFF80
:10B3400030327D1E013607F8012CBAF1000FE4D02F
:10B3500098F800309E42E0D1FF2EDED00A2C79F121
:10B36000000380F0408154AB5B1BDDF82CA0CDF8CE
:10B3700064801296DDF83480069E0B935F46FFF7DB
:10B3800045B8299BBC4AC8F800200133013401228A
:10B39000072B2A942993C8F8042000F3388108F178
:10B3A0000808002940F09780129A07F00103134320
:10B3B0003FF40EA9169B17991A19C8E90013299B87
:10B3C0002A920133072B299300F3478108F10808DB
:10B3D0001299C8F8005001338C18072BCDE9293495
:10B3E000C8F804107FF7F2A8FFF7B7BB0C990A98CA
:10B3F0001D9328AA09F0BCF900287FF470A89DF8D5
:10B4000083202A9C1D9B0DF1AC08FFF79EB817F016
:10B41000400200F0C2800E9A52F8044B0E929946F8
:10B42000A4B26CE6BB46FEF7E4BF0C990A9828AAC2
:10B4300009F09EF900287FF452A82A9C0DF1AC086F
:10B44000FFF778BA14463A464F46914601332C44EA
:10B45000072BC8F80090C8F80450CDE929347FF7CD
:10B46000B5A8FFF77ABB28AA5946504609F080F9DB
:10B4700000287FF434A838782A992BAAE1E60C99A1
:10B480000A9828AA09F074F900287FF428A82A9CB1
:10B490000DF1AC08FFF782B8012BBB467FF4F3A98E
:10B4A000FEF7ACBF0E9B089953F8042B554611606C
:10B4B0000E93FFF7ABB8062B294628BF0623079546
:10B4C0000D952A4606936D4D0E940B930F91139193
:10B4D0001091FEF7A9BF169B17981A19C8E9000327
:10B4E000299B2A920133072B299300F3B68008F198
:10B4F00008080029BFF66CAF4E421031DFF880918A
:10B5000080F297824146DDF828B0A84610240C9DB1
:10B5100004E00831103E102E40F3898201331032CE
:10B52000072BC1E90094CDE92932F2DD28AA29468A
:10B53000584609F01DF900287EF4D1AFDDE9293223
:10B540002BA9E7E7079F144601362C44072ECDE9C7
:10B550002964C8F80090C8F804507FF7EFAA46E4C1
:10B560000E9B17F4007914BF53F8044B53F8044BA7
:10B570000E931CBF9146E4B2FEF76BBF0E9B1BF40B
:10B58000007914BF53F8044B53F8044B0E931CBFBF
:10B590009146E4B20123FEF75FBF0E9B17F40079DA
:10B5A00014BF53F8044B53F8044B0E931CBF914641
:10B5B000E4B2A4E5454690463A460C464F469146CD
:10B5C00001333444072BCDE92934C8F80090C8F87A
:10B5D000046057DC08F10808FFF78BBB2D228DF8BB
:10B5E0008320FFF750B81C9B1B99ED1A1A4628467A
:10B5F00007F014FE98F801300BB108F1010820465D
:10B6000049460A2200230026E5F7C4FD8FE60C997F
:10B610000A9828AA09F0ACF800287EF460AF2299B5
:10B620002A9C0DF1AC08BCE6129AAE18A6EB0B06EC
:10B63000D51AAE42A8BF2E46FFF78EBB0E9B0899C7
:10B6400053F8042B0E9311805546FEF7DFBF44F3E9
:10B65000C0194B4664B2FEF7BFBE0C990A9828AADF
:10B6600009F086F800287EF43AAFDDE92932229904
:10B670000DF1AC083DE700BFB47C0308AC7C0308C7
:10B68000C87C03080C990A9828AA09F071F80028C8
:10B690007EF425AF2A9C0DF1AC08FFF72ABB0623E8
:10B6A000079356E4DDE91235EB189E421997B3462D
:10B6B000DDF82CA0109F90460C4628BF9B46FFF754
:10B6C0001EBB229B1093DA1C02DB079A934204DD17
:10B6D000023E26F02003069377E4109B129A9342D1
:10B6E000C0F2488119F0010F00F01182169A13443C
:10B6F0000B9319F4806F03D0109B002B00F3C781CC
:10B700000B9B23EAE3730693672600230F9313939F
:10B71000BCE42D2200238DF883200793FEF786BE1C
:10B7200028AA5946504609F023F800287EF4D7AEDF
:10B7300038782A992BAA06448AE50C990A9828AAEF
:10B7400009F016F800287EF4CAAE2A9C0DF1AC0868
:10B75000FFF7C6BA0C990A9828AA09F009F8002838
:10B760007EF4BDAE229B2A9C0DF1AC08FFF7DCBA3B
:10B770000799019126A9049123A9039122A9029175
:10B7800003210B9B0A9800915A4604F051FC037860
:10B79000302B054600F0F181229B079AB9461344ED
:10B7A0000F9FEC180B99584600220023E5F70CF97F
:10B7B00010B12346FFF7FDBB269BA342BFF4F9ABB4
:10B7C00030215A1C26921970269B9C42F9D8FFF70B
:10B7D000F0BB079B9DF883200E9406930B93079074
:10B7E0000F9013901090FEF71FBE229A1092002A1D
:10B7F00040F3E081079909F001030B4340F0B78162
:10B80000109B0B93662619F4806F40F041810B9BCF
:10B8100023EAE373069378E730238DF884305823C6
:10B820008DF88530079B632B47F0020400F3BF803F
:10B8300000230D933BADDDE9141247F481730F93A0
:10B840001346002B2746C0F285800B9326F0200379
:10B85000069300238B461D93612E00F04081412EFC
:10B860007FF485AB22AA0B99584607F097FB00227C
:10B870004FF07F53E4F740FE02460B46CDE910231C
:10B8800000220023E5F7A0F808B101232293AC4B76
:10B890000B93079BCDE912A6CDE91E78DDF82CA00D
:10B8A000DDE9106703F1FF39AB46109506E0002291
:10B8B000002309F1FF39E5F787F8E8B9A14B002229
:10B8C00030463946E4F718FE0F460646E6F7CEF84E
:10B8D0000446E4F7A7FD0B46024639463046E4F736
:10B8E00053FC1AF80430B9F1FF3FD8464D460BF827
:10B8F000013B06460F46DAD130463946924BDDF819
:10B9000048A0139ECDF848800022A946DDF87C802F
:10B91000109D1E9FCDE91001E5F77EF8002855D156
:10B92000DDE91001884B0022E5F74EF808B1E10788
:10B930004CD44B46002B06DB01335B4430220BF822
:10B94000012B5B45FBD1ABEB0503B94612930F9F6F
:10B95000FFF731BB26F020030693DDE914349B4644
:10B9600004F100430B932D231D9375E700230793E8
:10B97000FEF796BC129B169A9A18109B0B92002BFE
:10B9800040F3098167263EE70C990A9828AA08F037
:10B99000EFFE00287EF4A3AD229D129B2A9C5D1B26
:10B9A0000DF1AC08FFF7D8B9079BEC18FAE60A9836
:10B9B000591C06F027F80546002800F026810D9056
:10B9C00039E730238DF88430782329E7129B2693BA
:10B9D0000B9B1BF8012CD97B8A425B4609D1302096
:10B9E00003F8010C269B5A1E269213F8012C914253
:10B9F000F6D0392A0BBF0B9A0132927AD2B203F8F1
:10BA0000012CA0E707990B9B0A984C1C26A90491CE
:10BA100023A9039122A9029102215A46019400917F
:10BA200004F006FB0546B9462C440F9FBAE645468E
:10BA3000884601333244072BCDE92932C8F80090FB
:10BA4000C8F804607FF7C2AC0C990A9828AA08F0DD
:10BA50008FFE00287EF443ADDDE929320DF1AC08FC
:10BA6000B6E4079B002B08BF0123079347F48073BC
:10BA70000F93159B002BC0F2B180DDF850B00D90F4
:10BA80000B931D90FFF77ABA00230D9365E76726A5
:10BA900019990B78FF2B00F0B2800024109A2046F1
:10BAA00003E001300131FF2B08D0934206DAD21AAD
:10BAB0004B78002BF5D10B780134F4E719911092F3
:10BAC00013900F940F9A139B1C9913440B9A01FB2C
:10BAD00003230B9323EAE3730693FFF7D7BA22AA53
:10BAE0000B99584607F05AFA00224FF07F53E4F7BB
:10BAF00003FD02460B46CDE9102300220023E4F7A4
:10BB000063FF08B101232293104B0B93C1E6109BF6
:10BB10000B93EEE5002963D130228DF892200DF1D0
:10BB20009302303302F8013B24ABD31A1A93FFF788
:10BB300096BA06F10F02D2B20121FFF74FBA00BF49
:10BB4000987C0308000030400000E03F847C03083C
:10BB5000159B384D002BB4BF2D229DF88320364B0A
:10BB6000B8BF8DF8832027F08007FEF790BD169BA5
:10BB7000D31819440B91662645E60B9958460022C6
:10BB80000023E4F721FF00287FF406AE079BC3F1F2
:10BB90000103229301E6C3F101031A4422EAE2738E
:10BBA0000B9206936726B0E519F0010F3FF462AAE5
:10BBB000FFF75CBA079A09F0010959EA020304D1B8
:10BBC0000123069366260B939FE5169B01331A44C7
:10BBD00022EAE2730B920693662696E50D90BCE688
:10BBE0000DF192029DE70E9B9AF80160924653F880
:10BBF000042B0E9342EAE2720792FEF74FBB00233A
:10BC00000F9313935EE7079C0DE70C998B8943F024
:10BC1000400213468A81FEF76ABC02231A93FFF79B
:10BC20001EBA0A9A0C2313604FF0FF330893FEF7F5
:10BC300065BC00BF7C7C0308807C03082DE9F04FC5
:10BC4000ADF5317D8A46B1F90C1002AF814688040A
:10BC50007B6209D4DAF8643041F4005123F40053D4
:10BC6000AAF80C10CAF86430134613F8012BFB63D2
:10BC70007A64002A01F0C7800023C7F83890FB617E
:10BC80007B63BB613B623B639946824B13F8028046
:10BC900018F0080840F08180252A61D1F86B0278FD
:10BCA00045464446A2F12503411C552B64D8DFE8E4
:10BCB00013F05600630063006300630083056300B4
:10BCC0006300630063006300D200D200D200D200A0
:10BCD000D200D200D200D200D200D20063006300B2
:10BCE00063006300630063006300DD00630013050D
:10BCF0002505DD00DD00DD006300630063006300F7
:10BD0000A904630063001B056300630063000D0565
:10BD10006300630063006300B204630063002F05E7
:10BD200063006300630063006300DD0063001505CA
:10BD30002705DD00DD00DD0064057005A904630052
:10BD40003905450553051D058005630063000F0592
:10BD5000A504780563006300B2046300A504F963D9
:10BD6000DAF80430002B48DDDAF80030FA6B197885
:10BD700012F8012C914235D07B6B43B17B6BD3F829
:10BD80000080B8F1000F02D04046E6F7F9FC386BAE
:10BD900007F52F77BD46BDE8F08FDAF80420BC6BBD
:10BDA0000FE0DAF800303B491A788A5C110703F19A
:10BDB00001030ED5DAF80420013ACAE9003209F18C
:10BDC0000109002AEDDC5146204608F08DFD0028CF
:10BDD000E7D0FB6B13F8012BFB637A64002A7FF436
:10BDE00054AFC9E70133CAF80030DAF80430013B38
:10BDF00009F10109CAF80430EBE7B86B514608F0C5
:10BE000073FD0028B0D03B6B1BB1BAF80C305A065A
:10BE1000B2D57B6B002B01F0CA807B6BDE88002ED5
:10BE200000F08D877B6BD3F800800024A8F1040517
:10BE3000A14655F8043F1868E6F7A2FC01342B68C8
:10BE4000B442C3F80090F4D14FF0FF333B63B8F134
:10BE5000000F99D19BE715F08F0F8DD104EB84046F
:10BE600002EB4404303C427808461BE7F9630426A1
:10BE7000DAF80430002B40F3DC836B0640F1E383F7
:10BE8000731E032B01F2EA80DFE813F007025A0168
:10BE9000A6000600457D0308B86B05F021FD036888
:10BEA000BB60631EB3F5AE7F40F2BF856FF4AE7228
:10BEB000A3183B6040F25D14002307F5AC725146B5
:10BEC00045F4F0657A617B60FB601E463B619346FA
:10BED0009A4608680278A2F12B0CBCF14E0F50D89C
:10BEE000DFE81CF018034F0018034F004F007D03DC
:10BEF00074007400740074007400740074007400A2
:10BF000074004F004F004F004F004F004F004F0094
:10BF10001E037200720072007A0304034F004F0088
:10BF2000AA024F004F004F004F0062034F0044032E
:10BF30004F004F004F003D034F004F004F002903BB
:10BF400011034F004F004F004F004F004F004F00B4
:10BF50001E037200720072007A0304034F004F0048
:10BF6000AA024F004F004F004F0062034F004403EE
:10BF70004F004F004F003D034F004F004F0029037B
:10BF80001103BB6893F800C0944514D1AB0512D5DA
:10BF900025F42075C7F810A00BF8012B013C4A6866
:10BFA000013A002A09F101094A6040F31D84013079
:10BFB0000860002C8DD1334656468A46002E00F08C
:10BFC0004C8225F4807548E22B05F4D516EB080F5A
:10BFD000F1D125F4C075DFE7631EB3F5AE7F84BFF2
:10BFE0006FF4AE7204EB020B07F5AC7398BF4FF021
:10BFF000000B4FF000087B611E46C7F828B053467F
:10C00000D7F820B0CA4688BF40F25D14C14645F457
:10C0100058659846D8F800201078A0F12B034D2BD6
:10C0200063D8DFE813F0380362003803620062006F
:10C03000D103FD01FD01FD01FD01FD01FD01FD013A
:10C040003E033E0362006200620062006200620022
:10C0500062004E004E004E004E004E004E00620048
:10C0600062006200620062006200620062006200C0
:10C0700062006200620062006200620062006200B0
:10C0800046036200620062006200620062006200B9
:10C0900062004E004E004E004E004E004E00620008
:10C0A0006200620062006200620062006200620080
:10C0B0006200620062006200620062006200620070
:10C0C0004603BBF10A0F10DD25F4386506F8010BB5
:10C0D000D8F80430013B002BC8F8043040F39183BA
:10C0E0000132C8F80020013C94D14346E905C84616
:10C0F000C7F820B0D1469A4607D57B699E4200F228
:10C10000B9857B699E423FF437AE15F0100240F0CE
:10C110008A833B6A7969B86BFC693270A047AA06CA
:10C1200000F177832B0700F153856C0740F1C1863E
:10C13000D7F824B05BF8043BC7F824B018806FE34D
:10C14000002C08BF4FF0FF3415F0010600F0FB8310
:10C1500015F01003BB6240F0A185290640F13B8633
:10C16000D7F824B05BF8046B002E3FF405AE8020B6
:10C17000E6F7F9FA804600283FF44BAE7A6B306060
:10C18000D58893889D4280F00D8510687B6B40F8C0
:10C1900025600135DD802023C7F824B0C7F8108062
:10C1A0007B61DAF80030A14A1B78D35C13F00803F6
:10C1B00058D19B4605F08EFB58453FF424AEDAE992
:10C1C000003213F8011B013ACAE90032BB6907F5D6
:10C1D000AC70032B00F80B1007F150050BF1010BAD
:10C1E00002D12B68042B04D0082200212846FDF739
:10C1F00027FC07F5AC72B86B00955B46414605F02D
:10C20000B1FE421CB8613FF4FEAD002840F0A985A4
:10C21000C8F8000005F050FB002840F0B686D9446D
:10C22000013CBB6A002B40F0728608F10408002E26
:10C2300000F06D863B69A8EB03057B69B3EBA50FA6
:10C2400040F2BA86D7F828B0DAF80430002B40F371
:10C250006286DAF80030754A1B78D35C1D0701D47A
:10C26000002CA7D1BB6A002B7FF4B3ADC8F8003017
:10C27000002E00F037813B697A69A8EB03018B102F
:10C2800001339A4240F22E813068043106F08EFC70
:10C29000002800F02781306024E1002C08BF4FF017
:10C2A000FF34E80740F1DE8215F010033B6140F0F7
:10C2B00032852906D7F824B040F183855BF8043B2A
:10C2C000FB60002B3FF458AD8020E6F74CFA0546A2
:10C2D00000283FF49EADFB687A6B1860B2F80680C8
:10C2E0009388984580F04A841068FB687A6B40F820
:10C2F000283008F10103D3802023C7F824B0BD60A3
:10C300007B60C7F82890A146BC69002607F5AC7B86
:10C31000A84605F0DFFAB0423FF475ADDAE9003225
:10C3200013F8011B0BF80610013A032CCAE900327E
:10C3300006F1010607F1480502D12B68042B04D051
:10C34000082200212846FDF77BFB5A46B86B009572
:10C350003346414605F006FE421C04463FF453AD09
:10C36000002840F0F383C8F80000B86107F15003DB
:10C370000822002118467B61FDF762FB2C49B86B4F
:10C38000D1F8E010D7E90532B961D7F818C007F144
:10C390004001E047012800F05284002207F15803D1
:10C3A0009B5C002B00F0A085BB6A032C3344BB626E
:10C3B00000F0498409F1FF393B695BB9FB6808F17A
:10C3C00004083BB1BB68A8EB03057B68B3EBA50F82
:10C3D00040F23F84DAF80430002B4FF0000640F3BF
:10C3E000BD83B9F1000F94D1D7F82890BC614546C0
:10C3F0003B69002B7FF4EDAC2B60FB68002B71D008
:10C40000BB687A68E91A8B1001339A426AD9FC68D2
:10C410000431206806F0CAFB002863D0206061E088
:10C42000044B25F4386533F91BB04FE6457D03080E
:10C43000EC1A0020E07C0308B8F1000F40F0FF8107
:10C44000BAF1000F40F0EC8205F4E06CBCF5E06F4F
:10C4500000F01B85334656468A46013B012B40F2CD
:10C46000848508F1FF33062B40F2E382EA0513D5F9
:10C470006B0500F1B3851BF8011C65290BF1FF3337
:10C4800009F1FF3402D0452940F01C83B86B5246B5
:10C49000A1469B4608F0E8F915F010027FF499AC2C
:10C4A00005F4C063B3F5806F8BF8002000F0EB83D8
:10C4B000FB68002B40F09D8300227969B86B07F080
:10C4C0008BFEEE0702460B46C7E90A23D7F824B0D5
:10C4D00040F1E1825BF8043B0A460146C3E90012E1
:10C4E000C7F824B03B6B01333B6372E42B0503D5E3
:10C4F00016EB080F3FF46DADB8F1020F7FF45BADA2
:10C500004FF0030848E5B8F1070F7FF454AD4FF042
:10C51000080841E52B067FF54EAD25F080053BE58B
:10C520002B0503D516EB080F3FF453AD012E7FF416
:10C5300042AD022630E505F4186CBCF5807F7FF42F
:10C540003AADBAF1010F7FF436AD4FF0300C0BF875
:10C5500001CB45F40065013C4FF0000A1CE5B8F141
:10C56000060F7FF428AD4FF0070815E52B057FF582
:10C5700022AD05F4A06CBCF5806F06D06B057FF58D
:10C580001AADBAF1000F3FF465AFAB0505D43B69B6
:10C59000C7F804B0AAEB0303FB6025F4786545F403
:10C5A000C0754FF0000AF7E4002E40F04281BAF166
:10C5B000000F05D105F4E06CBCF5E06F00F0748469
:10C5C000B8F1010F03D0B8F1040F7FF4F4AC08F117
:10C5D00001085FFA88F8DFE42B05CAD5F6E4EB051D
:10C5E0007FF5F4AC3B6825F080050AF1010A002BC9
:10C5F0003FF4D4AC3B68013B3B60D0E42A077FF4B6
:10C60000BBAB30E42E077FF4B7AB427845F00205B0
:10C610000846FFF747BB45F400758E4BFB611023BE
:10C620003B62DAF80430F963002B4FF003063FF762
:10C6300024ACB86B514608F057F900287FF4E3ABFF
:10C640006B063FF51DACDAF8002083491378CB5C0C
:10C6500018077FF515ACD7F838B007E0CAF8002006
:10C660007D491378CB5C19077FF50AACDAF8043002
:10C67000013B002B09F10109CAF8043002F1010263
:10C68000ECDC5146584608F02FF900287FF4BBAB8C
:10C69000DAF80020E4E72B067FF527AD25F08005CA
:10C6A00014E56E4B33F91BB0BBF1080F3FF70CAD2F
:10C6B0001BE505F4C063B3F5007F7FF416AD25F4E8
:10C6C000007545F4A0654FF0100BFFE445F001053F
:10C6D000F9630226FFF7CCBB45F0010545F04005A4
:10C6E000F9630026FFF7C4BB45F00105594BFB6118
:10C6F0000823F9633B620326FFF7BABB45F0010547
:10C70000574BFB610A23F9633B620326FFF7B0BB7B
:10C7100007F1580006F08CFC45F04005F86301264F
:10C72000FFF7A6BB2A077FF427AB42786C2A00F0FC
:10C73000008345F001050846FFF7B4BA15F08F03F2
:10C740007FF41AAB7A6B002A00F02183427845F01F
:10C7500080050846FFF7A6BAEB0600F1B0812E0768
:10C7600040F14383D7F824B0F9635BF8043BC7F882
:10C7700024B083F80090FFF72CBB2B077FF4FCAAB2
:10C780004278682A00F0CF8245F004050846FFF79A
:10C7900089BA334BFB610023F9633B620326FFF741
:10C7A00067BB2C4BFB610A23F9633B620326FFF74F
:10C7B0005FBB45F4087530E72C437FF4DDAA42786F
:10C7C00010250846FFF76EBA2B057FF57FACBBF14D
:10C7D000000F03D145F400754FF0080B690540F1D7
:10C7E0004F8125F4B06571E4B86BB96208F07CF84C
:10C7F000B96A00287FF4DFAB002C7FF46AABFFF747
:10C80000DABBB86B414608F06FF800283FF46BAC18
:10C810006BE4D7F824B05BF8043B1860C7F824B089
:10C820003B6B01333B637B69F61AB044C144FFF7AD
:10C83000D0BA022E7FF4C4AE0326FFF7ADBBB8F129
:10C84000030F3FF4C4AEB8F1050F3FF4C0AEFFF7DD
:10C85000B2BB00BFD1450308457D0308E07C030857
:10C8600005430308E80600F1238215F08005D7F898
:10C8700024B000F0A1825BF8045BBD62002D3FF4A0
:10C880007BAA2020E5F76FFF064600283FF4C1AAE7
:10C890007A6B28609388D5889D4280F0418110682A
:10C8A000BB6A40F825307B6BC7F824B00135DD80CA
:10C8B0002025DAF8002007F1580B13781BF8033015
:10C8C000002B3FF459AAB046C7F81490D946AB469E
:10C8D0003546BE6ADAF804000138CAF80400501C74
:10C8E000CAF800004146107801F8010B26B1A1EB0F
:10C8F0000508D84580F007818846013C0BD0DAF85E
:10C900000410002940F38A81DAF80020117819F820
:10C9100001100029DED1D7F814904646A8465D469E
:10C92000B6EB08083FF428AA00233370BB6A23B192
:10C9300008F101018D4200F2AE823B6B0133C1442C
:10C940003B63FFF746BAE80600F1688215F0800500
:10C9500000F00082D7F824B05BF8046BBE62002EB2
:10C960003FF40AAA2020E5F7FEFE054600283FF422
:10C9700050AA7A6B30609388D6889E4280F0AD8052
:10C980001068BB6A40F826307B6BC7F824B00136CC
:10C99000DE804FF0200BDAF80030BE491A788A5C4E
:10C9A000160700F1838122462E462C46194615466D
:10C9B000DAF804204B1C013ACAF80420CAF8003007
:10C9C000A0460B7808F8013BBB6A23B1A8EB06042C
:10C9D0005C4580F0E281013D0CD0DAF80420002AA9
:10C9E000444640F31382DAF80010AA4B0A789A5CA6
:10C9F0001007DDD5A8EB0601894445460131002327
:10CA00002B70BB6A002B3FF46DAD8B457FF66AAD92
:10CA100018681C4606F0CAF800287FF4FFAC61E5F0
:10CA2000334656468A46FFF7CCBA00233B60FFF7F1
:10CA300043BAB8F1020F40F2E982B8F1030F3FF4B4
:10CA400015ADA8F104085FFA88F86FEA08045346A8
:10CA5000BD62BD6BC2465C44B0461E461BF8011D5C
:10CA60003246284607F000FF5C45F7D1334646467C
:10CA7000D0469A4609F1FF33BD6AA3EB0809F5E4F5
:10CA8000BB6A25F4607513B1013BBB62013409F147
:10CA90000109FFF71DBBAC0700F1A280D7E90A230B
:10CAA0005BF8044BE4F7CCFF002840F0A782D7E9FD
:10CAB0000A01E3F7DBFFC7F824B0206012E5F96351
:10CAC000FFF787B9B86B524607F0CEFEA9F1020412
:10CAD0001BF8021CABF10203D8E44FF6F672934246
:10CAE0003FF69BA908331FFA83F87B6B4FEA880156
:10CAF000186806F05BF800283FF48FA97B6BA3F859
:10CB0000048018603DE74FEA4B0B2846594606F073
:10CB10004DF8054600283FF47CA980443060ECE6DF
:10CB20004FF6F67293423FF678A908331FFA83F85E
:10CB30007B6B4FEA8801186806F038F800283FF44C
:10CB40006CA97B6BA3F804801860A9E6831C40F0F5
:10CB50007682DAF80430002B3FF7DBABB86B514636
:10CB600007F0C2FE00283FF43CACD7F82890BC6127
:10CB70004546002E3FF43CACFFF745B94FF6F67240
:10CB800093423FF64AA908339EB27B6BB100186806
:10CB900006F00CF800283FF440A97B6B9E801860DB
:10CBA000FFF7A3BB4FF6F67293423FF636A97A6BB6
:10CBB00008339BB210687B62990005F0F7FF0028EC
:10CBC0003FF42BA97A6B7B6A93801060FFF7DEBA83
:10CBD000D7F824B05BF8043BC7F824B018701FE600
:10CBE000D7E90A125BF8043BC3E90012C7F824B086
:10CBF00078E4786801460A2301318346B86B07F070
:10CC000081FBFB68C21A07F2AB239B4528BF07F2E2
:10CC1000AA2B21495846FDF713F84DE4B86B51464D
:10CC200007F062FE00283FF46FAE4646A846464530
:10CC3000D7F814905D467FF473AEFFF7E4B897F829
:10CC40004020FFF7ABBB2B68042B7FF4B3ABFFF79F
:10CC5000B3BBB868D9001E4605F0A8FFB86000282D
:10CC60003FF4D7A8FA68730000EB050810607B60FA
:10CC7000FFF7B0BB16F8011CB86B5246013E07F037
:10CC8000F3FDFFF73EBA3B69B342A3EB0602BAD10C
:10CC900012E400BF457D0308D87C0308002607F195
:10CCA0004403C7E904669846FFF77BBA0121A6E66C
:10CCB000DAF8003007F1580B1A781BF80220002A26
:10CCC0003FF45AA80133CAF80030DAF80430012CD6
:10CCD00003F1FF33CAF804301AD0BD6B10E0DAF864
:10CCE00000301A781BF8022001338AB1CAF80030EC
:10CCF000DAF804300136013BB442CAF8043007D0F8
:10CD0000002BECDC5146284607F0EEFD0028E6D06B
:10CD1000B144FFF75EB80023C7E90133FB6007F1B8
:10CD20004405FFF7EEBA827845F008050230FEF7B9
:10CD3000B9BF827845F002050230FEF7B3BFD3F8E1
:10CD400000804FF0FF333B63B8F1000F7FF41CA865
:10CD5000FFF71DB87E6AAB4656F8045BC7E9096B5E
:10CD600019E6BB6902333FF46FAAD8F8000004F05B
:10CD7000A3FD002840F00981BB69032BD9447FF44F
:10CD80004FAA2B68042B7FF44BAAFFF74ABA82B054
:10CD9000CDE9023302AB7B63D8E44FEA4B0B30465C
:10CDA000594605F003FF064600283FF432A8BB6A47
:10CDB00000EB040818600EE65BF8046BC7E909B5E0
:10CDC00077E53B695BF8045B7B60C7E90233C7F832
:10CDD00024B0FFF796BAD7E9096356F8048B7E6250
:10CDE0007B613B611E46FFF7DCB96C0740F1A08018
:10CDF000D7F824B0F9635BF8043BC7F824B0A3F874
:10CE00000090FEF7E6BF3A63FEF7C1BFB86B51462C
:10CE100007F06AFD00283FF4E6ADEBE5DAF80030F4
:10CE20008B491A788A5C11073FF572AF0133CAF853
:10CE30000030DAF80430012C03F1FF33CAF8043073
:10CE400000F0F980BD6B012614E0DAF8003080496B
:10CE50001A788A5C120703F101033FF559AFCAF84B
:10CE60000030DAF804300136013BB442CAF804302D
:10CE70003FF44EAF002BE8DC5146284607F034FD66
:10CE80000028E2D0B144FEF7A4BF25F4F0654FF0CE
:10CE90000108FFF781B818681C4605F087FE0028D6
:10CEA0003FF44BAD206048E525F4F0650126FFF71F
:10CEB00073B815F001027FF4ACACA9077FF5A9ACFB
:10CEC000644BF969B86B99423B6A796900F0AF80AD
:10CED00007F0DEFA0B46D7F824B05BF8041BC7F85E
:10CEE00024B0C1E900039BE4D7F82890BC61454613
:10CEF000002E3FF47DAABC6B013E52461BF8061083
:10CF0000204607F0B1FC002EF6D1FFF771BA4FF0C2
:10CF1000000BFFF799B9B86B514607F0E5FC002804
:10CF20003FF497A9BBF1000F7EF46DAFFFF79AB9FC
:10CF3000E8070FD4AA070DD5D7F824B0F9635BF83A
:10CF4000043BC7F824B04FEAE972C3F800905A6076
:10CF5000FEF73FBFD7F824B0F9635BF8043BC3F892
:10CF60000090C7F824B0FEF734BF7C69D7F838903A
:10CF7000A3457EF601AF1BF8011D5246484607F057
:10CF800073FCA345F7D1FEF7F7BEBBF1000F3FF4EA
:10CF900069A9BD6B5C46013C07F5AC735246195D4F
:10CFA000284607F061FC002CF5D1FFF75BB94FF084
:10CFB000FF333B63FEF7EBBE3869D90005F0F6FDA1
:10CFC000386100283EF425AF7B69D7F828B030607F
:10CFD0005B0000EB05087B61FFF736B97C69D7F889
:10CFE0003890A3457EF6C8AE1BF8011D5246484650
:10CFF00007F03AFCA345F7D1FEF7BEBE1648C7F8C6
:10D0000024B006F05BF82060FFF76CBA7B69D7F8B4
:10D0100038909B457EF6B0AE1BF8011D524648463F
:10D0200007F022FC7B699B45F6D1FEF7A5BE07F011
:10D030009DFB0B464FE72646B144FEF7CABED8F823
:10D040000030BB6101337FF491A9BA69FFF7A6B93B
:10D05000457D0308D1450308387C0308012C38BFFF
:10D06000012415F0010300F0978015F010037B6197
:10D0700040F0D9802A06D7F824B040F1DB805BF875
:10D08000043BBB62002B3EF477AE8020E5F76BFBE0
:10D09000064600283EF4BDAEBB6A7A6B1860B2F853
:10D0A000068093889845C0F0F5804FF6F67293425B
:10D0B0003EF6B3AE08339DB27B6BA900186805F04D
:10D0C00075FD00283EF4A9AE7B6B9D801860BB6A9D
:10D0D00040F828307B6BC7F824B008F10108A3F8AA
:10D0E0000680B3464FF02008002504F0F3FBA84269
:10D0F0003EF489AEDAE9003213F8011B013ACAE9BD
:10D100000032BA6907F5AC70032A415505F10103F5
:10D1100007F1500502D12A68042A06D0082200210E
:10D120002846BB61FCF78CFCBB69B86B009507F522
:10D13000AC7231463B6104F015FF431CB8613EF40C
:10D1400062AE3B69002840F0B5807A6902B932606E
:10D150009944013C7B6943B9BB6A2BB1A6EB0B0533
:10D16000B8EBA50F40F2D8800436DAF80430002B73
:10D170004FF0000540F3A780002CB6D1BB6A2BB15D
:10D18000A6EB0B01B8EBA10F00F2D5807B69002B59
:10D190007EF41FAEFFF7A6B9EE0654D42D066AD56D
:10D1A0007E6A56F8045B002D3EF4E6AD2046E5F7B6
:10D1B000DAFA804600283EF42CAE7A6B2860B2F88A
:10D1C00006B093889B4573D34FF6F67293423EF6B2
:10D1D00024AE7A6B08339BB21068BB62990005F0ED
:10D1E000E5FC00283EF419AE7A6BBB6A93801060B0
:10D1F0007B6B40F82B500BF1010BA3F806B04146B6
:10D20000B86BCDF800A02346012207F08BFB8046C7
:10D21000002864D084426DD83B6B7E620133C144E8
:10D220003B63FEF7D6BD4FF00008C346C7F8288021
:10D23000464659E77B695BF8046BC7F824B098460B
:10D240009B46BB6250E71D46DAF804309C4223DD62
:10D25000DAF80020B86B1A44CAF8002051461D4481
:10D26000E41A07F041FB0028EED0002D3EF4CBADD0
:10D27000A944FEF7AEBD7E6AB86B3168CDF800A058
:10D280002346012207F04EFB804600283EF4BBAD4A
:10D290000436C1E710681AE71B1BCAF80430DAF835
:10D2A000003025441C44CAF80040A944FEF791BD53
:10D2B00010689DE7BA69023224D1DAF80420002A06
:10D2C0001D463FF712AFB86B514607F00DFB002823
:10D2D0003FF452AF002D3FF451AFFEF794BD3B6BCE
:10D2E000002B3EF49AADBAF80C305B067EF546ADE5
:10D2F000FEF793BD2868414605F058FC00288BD006
:10D30000286089E79944BB69032B7FF422AF2B681F
:10D31000042B7FF41EAF1DE758464FEAC80105F005
:10D3200045FC834600283EF474ADBB6A461918607C
:10D330004FEA480818E7BC6A206805F037FC002867
:10D340003FF424AF206021E72DE9F84F4B6E9C0499
:10D3500090462DD59368126843B38B46064602F17A
:10D36000080959E9025A5FEA9A0715D0043D0024DA
:10D3700001E0A7420ED055F8041F5A46304603F08C
:10D3800079FF431C04F10104F3D10023C8E9013300
:10D39000BDE8F88FD8F808302AF0030AA3EB0A0397
:10D3A000C8F8083009F10809002BDAD10020ECE7B1
:10D3B00004F0EAF80023C8E90133BDE8F88F00BFA4
:10D3C00010B4946814B110BCFFF7BEBF204654607F
:10D3D00010BC70472DE9F04FBDB0CDE904301C46BC
:10D3E0000191174618B1836B002B00F08682019AD9
:10D3F000536EDE0740F18F81B2F90C108AB29004AF
:10D4000008D441F4005201994B6E8A8123F40053F1
:10D4100092B24B66110740F1F780019B1B69002B0C
:10D4200000F0F28002F01A030A2B00F0FB8013AB2D
:10D4300010930023CDE91133CDE90A3308930DF1A0
:10D440004C09099303933B78002B00F051813C4633
:10D4500004E014F8013F002B00F02C81252BF8D1BB
:10D46000E51B40F029812378002B00F041814FF02B
:10D47000000300258DF83B30671C637802954FF060
:10D48000FF3B2B240137A3F120025A2A00F25281DC
:10D49000DFE812F09802500150019402500150014F
:10D4A00050016A005001500136026B0250014102E6
:10D4B000A6025001A2025B005B005B005B005B0008
:10D4C0005B005B005B005B005001500150015001AC
:10D4D00050015001500150015001230284005001BD
:10D4E00050015001500150015001500150015001B4
:10D4F0005001DD0050015001500107025001590256
:10D50000500150011E0550015001500150015001C1
:10D51000500150015001500150012302860050017A
:10D52000500150014F028600800050014502500119
:10D530008102DF006F028000500107027E003E057D
:10D5400050015001400550017E00A3F1300200213E
:10D5500017F8013B01EB810102EB4101A3F130021D
:10D56000092AF5D902918EE7DDF81480404604F0CF
:10D57000B7F943680A931846E4F7A2F90B900646F8
:10D58000404604F0ADF983680993002E40F07B8497
:10D590003B7877E73B7845F0200573E745F01005C9
:10D5A000AC06049E40F16F81073626F0070632462E
:10D5B000736852F8086B04929846002BC0F22D84D1
:10D5C000BBF1FF3F00F0108556EA080325F0800A02
:10D5D00000F008840A2E78F1000380F0BD84303614
:10D5E00001238DF8EF60554600930DF1EF04DDF84F
:10D5F00000809DF83B30D845B8BFD846002B00F0DE
:10D60000A88008F10108A4E0019D0598294602F0D0
:10D61000E9FB002840F08885AA8902F01A030A2B4A
:10D620007FF405AF0199B1F90E30002BFFF6FFAE84
:10D630004B6EDE0702D4950540F156850199059899
:10D6400023463A463DB0BDE8F04F00F093BD45F0AB
:10D65000100515F0200800F00781049E073626F01B
:10D6600007063346D6F8048053F8086B049325F474
:10D67000806A00234FF000028DF83B20BBF1FF3F92
:10D6800000F0C88156EA08022AF0800540F0C18106
:10D69000BBF1000F40F0AB84002B40F0A8831AF0E0
:10D6A0000103009300F0D68330238DF8EF300DF1A5
:10D6B000EF049CE7E51B1BD0119B129A01332A440F
:10D6C000072BC9E900751292119305DC09F10809CD
:10D6D000039B2B440393C6E6002A00F07F83019945
:10D6E000059810AAFFF730FE40B90DF14C09EFE79D
:10D6F000129B002B40F0098500231193019A536E71
:10D70000D90740F1A68093895B0600F1198503983B
:10D710003DB0BDE8F08F019BB3F90C108D058AB2C6
:10D720003FF56DAE1D46986D04F0E2F8B5F90C10AA
:10D730008AB264E6002BDBD08DF88C304FF0010804
:10D740004FF000038DF83B30CDF8008023AC4FF054
:10D75000000B15F00203069318BF08F1020815F03C
:10D760008403079305D1029BA3EB0806002E00F368
:10D770006C82DDE91121501C9DF83B608EB10DF1EA
:10D780003B020131C9F8002007284FF00102CDE922
:10D790001101C9F8042000F33B82024609F108098F
:10D7A0000130069BDBB10FAB0231C9F8003007280E
:10D7B0004FF00203CDE91101C9F8043040F3408273
:10D7C000002900F006830199059810AAFFF7BCFD17
:10D7D000002893D1DDE911210DF14C09501C079B64
:10D7E000802B00F05881009BABEB0306002E00F36A
:10D7F000B681009BC9F8004019440728CDE9110102
:10D80000C9F8043040F34481002900F07282019984
:10D81000059810AAFFF798FD00287FF46FAF1299C2
:10D820000DF14C09680705D5029BA3EB0804002CF9
:10D8300000F36982DDE902234245ACBF9B184344F3
:10D840000393002940F0D581002311930DF14C0979
:10D85000F9E5019B9B899A053FF556AF019CA06DA8
:10D8600004F048F8A3894FE715F0100340F0238334
:10D8700015F0400200F0EB83049A52F8046B049216
:10D880009846B6B2F3E656F8043B0496E80600F173
:10D89000ED82690640F1E78243F3C0381EB2434689
:10D8A0008BE6049E56F8044B4FF000038DF83B3096
:10D8B000002C00F0B183BBF1FF3F00F02E835A46ED
:10D8C00000212046E4F76CF8002800F01284031BC6
:10D8D000009304964FF0000B89E6049E4FF000037E
:10D8E0008DF83B304FF0010856F8043B8DF88C3032
:10D8F0000496CDF8008023AC29E703F0BFFB76E562
:10D90000049B53F8042B0292002A80F29F82029A11
:10D910000493524202923B7845F00405B2E53B780D
:10D920006C2B03BF7B7845F02005013745F01005CF
:10D93000A8E53B78682B03BF7B7845F40075013779
:10D9400045F040059EE545F0100A1AF0200800F069
:10D950005582049E073626F007063346D6F8048023
:10D9600053F8086B0493012384E63B788DF83B4021
:10D9700088E5049B53F8046B049330238DF83C3006
:10D9800078238DF83D30B94B089345F0020A4FF0EB
:10D99000000802236EE6AE0600F18382EC0600F179
:10D9A0003383680600F19283A90540F12D83049E1C
:10D9B000039A56F8043B04961A7044E53B7845F008
:10D9C00001055FE59DF83B30002B7FF4E1AD20239E
:10D9D0008DF83B303B7855E53B7845F0800551E5C7
:10D9E000394611F8013B2A2B00F0B383A3F1300232
:10D9F000092A0F464FF0000B3FF645AD17F8013BE3
:10DA00000BEB8B0B02EB4B0BA3F13002092AF5D980
:10DA100039E5AA46012B3FF4DDAD022B3CAC12D117
:10DA2000089A06F00F033609D35C04F8013D46EA74
:10DA300008764FEA181856EA0803F2D13CAB1B1BD4
:10DA400055460093D3E506F00703F60846EA487604
:10DA50004FEAD808303356EA0801224604F8013D5F
:10DA6000F1D11AF0010FE9D0302BE7D03023023A80
:10DA700004F8013C3CAB9B1A554600931446B6E5AE
:10DA80000099139401231491129111930DF14C09F3
:10DA900009F10809C6E6029BA3EB0806002E7FF7F2
:10DAA000A2AE102E40F35183DFF8C4A15346CDE956
:10DAB00006B4BA46DDF814B0019C2F461D4607E0B7
:10DAC00002F1020C09F108090246103E102E1EDD7B
:10DAD000501C103110230728CDE91101C9F800505E
:10DAE000C9F80430ECDD10AA002900F08B80214633
:10DAF00058460DF14C09FFF727FC00287FF4FEADD6
:10DB0000DDE91121103E102E02F1010CE0DCDDE90F
:10DB100006B42B463D4657469A463144BCF1070FA2
:10DB2000CDE911C1C9F800A0C9F8046040F395819E
:10DB3000002900F0BB820199059810AAFFF704FCA8
:10DB400000287FF4DBAD009BDDE91121ABEB030680
:10DB5000002E02F101000DF14C097FF74AAE102EA4
:10DB6000DFF80CA131DD5346CDE90645BA46059CE8
:10DB7000019D4FF0100B1F4607E002F1020C09F166
:10DB800008090246103E102E19DD501C10310728DE
:10DB9000C9E9007BCDE91101EFDD10AA19B32946CF
:10DBA00020460DF14C09FFF7CFFB00287FF4A6AD0E
:10DBB000DDE91121103E102E02F1010CE5DCDDE95A
:10DBC00006453B46604657469A4631440728CDE90C
:10DBD0001101C9F800A0C9F8046000F3E68009F15A
:10DBE0000809013005E64FF0010C0A460DF14C0919
:10DBF000C8E70199059810AAFFF7A6FB00283FF493
:10DC000023AE7BE54FF0010C0A460DF14C095CE7B1
:10DC1000002900F0DB800199059810AAFFF794FB1A
:10DC200000287FF46BADDDE911210DF14C09501C8A
:10DC3000B7E502210FAB1491139301200DF14C09AC
:10DC4000024609F10809501CC9E5102E40F357821D
:10DC5000DDE911C1DFF81CA0CDE90CB41023544656
:10DC6000DDF804B0DDF814A062460DE0847C030802
:10DC7000147D0308047D030802F1020C09F1080970
:10DC80000246103E102E1BDD501C10310728C9E93A
:10DC90000043CDE91101EFDD10AA21B359465046EA
:10DCA0000DF14C09FFF750FB00287FF427ADDDE9AB
:10DCB0001121103E102E02F1010C4FF01003E3DC95
:10DCC000A246DDF830B00D9C62463144072ACDE90A
:10DCD0001121C9F800A0C9F8046000F3A78009F178
:10DCE0000809501C48E50A464FF0010C0DF14C099B
:10DCF000C7E76C07119150D5029BA3EB0804002CD9
:10DD00004BDD0DF14C09102C40F30982DFF8ECA239
:10DD1000119A059EDDF804B053461025BA461F46F9
:10DD200006E0901C09F108091A46103C102C19DD78
:10DD3000531C1031072BC9E90075CDE91131F0DD15
:10DD400010AA29B359463046FFF7FEFA00287FF49F
:10DD5000D5ACDDE91121103C102C02F101000DF1D0
:10DD60004C09E5DC3B4657469A4621440728C9E959
:10DD700000A4CDE911017FF75DAD71B1019905985E
:10DD800010AAFFF7E1FA00287FF4B8AC129951E528
:10DD900001200A460DF14C09C7E7DDE9022342459F
:10DDA000ACBF9B18434403934EE500293FF468AE93
:10DDB0000199059810AAFFF7C7FA00287FF49EACD6
:10DDC0001198129901300DF14C0912E5069B002BB8
:10DDD00077D101200A460DF14C0900E511920DF1B1
:10DDE0004C0975E4BBF1000F7FF4F9AB55464FF0D9
:10DDF000000BCDF800B03CACFFF7F9BB1AF01003F4
:10DE00003AD11AF0400200F01381049A52F8046BE0
:10DE100004929846B6B201232CE42D2376428DF865
:10DE20003B3068EB4808AA46012327E400297DD04F
:10DE30000199059810AAFFF787FA00287FF45EACD5
:10DE4000DDE911210DF14C09501C95E404933B7858
:10DE5000FFF718BB3CACFFF7CABB09F108090CF18E
:10DE600001006246BFE4AA0500F138814FEAE37879
:10DE70001E464346FFF7A1BB049B53F8046B049373
:10DE80000123FFF7F7BB099B002B3FF481AB099BF4
:10DE90001B78002B3FF47CAB3B7845F48065FFF7A3
:10DEA000F1BADDE9031656F8042B0496CB17C2E944
:10DEB0000013FFF7C8BA049B53F8046B0493FFF7F1
:10DEC000D6BB02210FAB149113930DF14C09B8E6A8
:10DED0004B4A089215F0200836D0049E073626F0EB
:10DEE00007063246D6F8048052F8086B0492EA0717
:10DEF00009D556EA080206D08DF83D30302345F0AA
:10DF000002058DF83C3025F4806A0223FFF7B2BB8E
:10DF1000AA461AE53B4A0892DCE720460496E3F756
:10DF2000CFFC4FF0000B0090FFF761BB9DF83B204A
:10DF3000002A00F0C18001200DF13B0214901392E1
:10DF40000DF14C09014628E415F0100242D0049A64
:10DF500052F8046B0492CAE70AF48063CDF800B06B
:10DF6000CDF81890BB46DDF8249000253CAC1F4648
:10DF700009E030464146E3F70DF90A2E78F1000337
:10DF80001BD306468846304641460A220023E3F763
:10DF900001F91146303104F8011C0A220023013C2A
:10DFA0000135002FE5D099F80010A942E1D1FF2DED
:10DFB000DFD00A2E78F1000364D23CAB1B1BCDF8F6
:10DFC00024905F46DDF81890DDF800B000935546C8
:10DFD000FFF70DBB15F0400147D0049951F8046BD1
:10DFE00004919046B6B282E7AA46FFF7F3BA012B36
:10DFF000AA467FF412ADFFF7F2BA00BF047D030812
:10E00000987C0308847C0308049E039A56F8043B1A
:10E010001A600496FFF717BABBF1060FD84628BF5F
:10E020004FF00608504CCDF800800496FFF78FBBE8
:10E03000049B1AF4007814BF53F8046B53F8046B74
:10E0400004931CBF9046F6B20123FFF713BB049B59
:10E0500015F4007814BF53F8046B53F8046B049361
:10E060001CBF9046F6B2FFF702BB049A15F4007885
:10E0700014BF52F8046B52F8046B04921CBF88461C
:10E08000F6B234E70B9B0A99E41A1A46204605F0CB
:10E09000C5F899F801300BB109F101093046414644
:10E0A0000A2200230025E3F775F86AE701200A46F3
:10E0B0000DF14C09FFF797BB069B002B7FF4B9AD20
:10E0C0000A4601200DF14C09FFF78DBB049E039A0F
:10E0D00056F8043B04961A80FFF7B5B943F3C0180D
:10E0E0005EB24346FFF769BA886D03F003FCFFF7A1
:10E0F000A5BACDF800B004968346FFF778BA119A16
:10E100001299DFF868A00132DFE50199059810AA9D
:10E11000FFF71AF900283FF4EFAAFFF7EFBA1198BA
:10E12000DFF848A0013020E6019B5B6EDB0707D4D7
:10E13000019B9B899F0503D4019B986D03F0DAFB3B
:10E140004FF0FF330393FFF7E2BADFF824A08446D1
:10E15000E3E4049A7B780F4652F8041B049241EAE8
:10E16000E17BFFF78FB900BFAC7C0308047D030897
:10E17000147D0308F0B51F468B89ADF26C4D23F07A
:10E180000203ADF80C304B6E1993CB89ADF80E300D
:10E19000CB6907934B6A09931AAB009304934FF42E
:10E1A0008063154606460293059316A800230C4685
:10E1B000069303F099FB2A463B4669463046FFF733
:10E1C00009F9051E07DB6946304602F023FF0028E7
:10E1D00018BF4FF0FF35BDF80C305B0603D5A3899F
:10E1E00043F04003A381169803F080FB28460DF20C
:10E1F0006C4DF0BD2DE9F04FD5B01C46079191460E
:10E200000546099003F06CFB0268179210460E94C5
:10E21000E3F756FB16901DB1AB6B002B00F02A8282
:10E22000079A536EDD0740F13881B2F90C2091B2A4
:10E230008F0409D4079B42F400529A8191B21A4686
:10E240005B6E23F4005353660E0740F1CB80079BAF
:10E250001B69002B00F0C68001F01A030A2B00F0A6
:10E26000CF8000242BAB4D46CDE92944CDE919449C
:10E27000CDE91B44129428939846189400230B94DC
:10E280000024CDE914342B78002B00F09D81AA46A0
:10E2900004E01AF8013F002B00F0C780252BF8D1CD
:10E2A000BAEB050640F0C5809AF80030002B00F06C
:10E2B0008B8100234FF0FF329AF801608DF8833094
:10E2C0000A930AF1010A08921F462B244FF02009F5
:10E2D0000AF1010AA6F120035A2B00F2ED80DFE8D3
:10E2E00013F0EB02EB00EB00E602EB00EB00EB00BF
:10E2F0006A00EB00EB005C028002EB0067028A021E
:10E30000EB0085025B005B005B005B005B005B0079
:10E310005B005B005B00EB00EB00EB00EB00EB0055
:10E32000EB00EB007A01EB00F801D2017A017A01EF
:10E330007A01EB00EB00EB00EB00E102EB00EB00FD
:10E340002D02EB00EB00EB000202EB00A402EB005D
:10E35000EB008307EB00EB00EB00EB00EB00EB00C6
:10E36000EB00EB007A01EB00F801D4017A017A01AD
:10E370007A01C702D401CD01EB00D402EB006C029C
:10E380002F02B502CD01EB0002027E008007EB00F8
:10E39000EB006107EB007E00A6F1300300221AF8C3
:10E3A000016B02EB820203EB4202A6F13003092B60
:10E3B000F5D90A928EE7DDF824B0584603F090FABA
:10E3C00043681B931846E3F77BFA1C9006465846B1
:10E3D00003F086FA83681993002E40F0CD869AF8F0
:10E3E000006075E7079D0998294601F0FBFC0028AD
:10E3F00041F01C83A98901F01A030A2B7FF431AF85
:10E40000079AB2F90E30002BFFF62BAF536ED807E8
:10E4100002D4890541F13B810799099823464A4670
:10E4200055B0BDE8F04F01F04FBCBAEB050600F067
:10E43000CB802A9B33442A93299B0133072BC8E9BD
:10E440000056299305DC08F108080B9B33440B9315
:10E450002AE70799099828AAFEF7B2FF80B90DF1BB
:10E46000AC08F2E70799099828AAFEF7A9FF002847
:10E4700000F09B800D9B1BB10998194602F07EFFAE
:10E48000079A536ED90740F1EA8093895B0601F140
:10E49000D9820B9855B0BDE8F08F079BB3F90C20DB
:10E4A000900591B23FF5C4AE1D46986D03F020FA79
:10E4B000B5F90C2091B2BBE6002E00F08580002259
:10E4C0008DF8EC608DF883200123CDE90C320693A2
:10E4D00008920F92139210923BAD17F0020302D0F4
:10E4E00006990231069117F0840B07D10A99069814
:10E4F000A1EB0009B9F1000F00F370832A9C8AB1E7
:10E50000299A0DF1830101320134C8F80010072A5D
:10E510004FF001012A942992C8F8041000F3B68341
:10E5200008F1080883B1299B21AA01330234C8F8F5
:10E530000020072B4FF002022A942993C8F80420E8
:10E5400000F3B28308F10808BBF1800F00F0698284
:10E55000089B0C9AA3EB020BBBF1000F00F3AA82FD
:10E56000FB0500F100820C9BC8F804301C44299B79
:10E57000C8F800500133072B2A94299300F3228313
:10E5800008F10808780705D50A9B069A9D1A002D00
:10E5900000F39683DDE90A2306998A42ACBF9B18F3
:10E5A0005B180B93002C7FF45DAF002329930D9B28
:10E5B0001BB10D99099802F0E1FE0DF1AC0855462A
:10E5C0002B78002B7FF463AE2A9B002B41F0D38184
:10E5D0000023299354E70E9B073323F00702F2E848
:10E5E0000234CDE91434DDE9143424F000440E92F1
:10E5F000994618462146B54B4FF0FF32E3F720FA13
:10E60000002840F0EF84B14B484621464FF0FF32DE
:10E61000E2F7EEF9002840F0E584DDE9140100227C
:10E620000023E2F7DBF9002840F067879DF883209C
:10E63000A74DA84B27F080070321472EC8BF1D46D2
:10E6400000230D9306910C9108930F93139310934D
:10E65000002A3FF442AF069B013306933DE7079B38
:10E660009B899A053FF512AF079CA06D03F042F914
:10E67000A3890BE7099802F001FDD1E59AF8006043
:10E6800047F0200724E647F01007BA060E9B40F13A
:10E690003B84073323F007031A465B6852F8084BA4
:10E6A0000E929946002BC0F24C84089B013300F077
:10E6B000D88254EA090327F0800B40F0D382089BEC
:10E6C000002B40F0D4825F46002308930C9354AD96
:10E6D0001DE10E9B002253F8041B8DF883208DF85A
:10E6E000EC100E93F0E60E9C089B54F8045B4FF080
:10E6F00000098DF88390002D00F093855A1C00F0DE
:10E7000051861A4649462846E3F74AF90D900028F3
:10E7100001F00E810D9BCDF820905B1B0C930E94A5
:10E7200023EAE3739DF883200693CDF83490CDF867
:10E730003C90CDF84C90CDF8409089E747F0100719
:10E7400017F0200900F0D2830E9B073323F0070354
:10E75000D3F8049053F8084B0E9327F4806B0023F2
:10E7600000228DF88320089A511C00F0B88054EAEA
:10E7700009012BF0800740F0B180002A40F0F685B7
:10E78000002BA1D11BF001030C9300F01484302363
:10E790008DF84F310DF24F15B9E00E9B53F8042B55
:10E7A0000A92002A80F2DA830A9A0E9352420A925F
:10E7B0009AF8006047F004078AE5BD0600F1D184AD
:10E7C000FC0600F1D885780600F1A586B90540F170
:10E7D000D2850E9B0B9953F8042B0E93117055465E
:10E7E000EEE69AF800608DF8834071E59AF80060D3
:10E7F00047F080076CE5524612F8016B2A2E01F0B3
:10E800003F82A6F13003092B924698BF002201F205
:10E81000BC801AF8016B02EB820203EB4202A6F104
:10E820003003092BF5D9089254E547F0100B1BF083
:10E83000200900F076830E9B073323F00703D3F8FB
:10E84000049053F8084B0E93012389E70E9B53F86D
:10E85000044B0E93302378268DF884301E4B18938A
:10E8600047F0020B8DF885604FF00009022377E72F
:10E870009AF80060682E03BF9AF8016047F40077A9
:10E880000AF1010A47F0400722E59AF800606C2E71
:10E8900003BF9AF8016047F020070AF1010A47F028
:10E8A000100715E59AF8006047F0080710E59AF898
:10E8B000006047F001070BE59DF88330002B7FF4E3
:10E8C0008EAD9AF800608DF8839001E5FFFFEF7F31
:10E8D000747C0308787C0308847C0308BB46012B06
:10E8E00000F0C081022B54AD20D1189A04F00F0320
:10E8F0002409D35C05F8013D44EA09744FEA19196B
:10E9000054EA0903F2D154AB5B1B5F460C930899A0
:10E910000C989DF8832081424FF00003B8BF014658
:10E920000D9306910F931393109391E604F0070350
:10E93000E40844EA49744FEAD909303354EA09013A
:10E940002A4605F8013DF1D11BF0010FDBD0302B39
:10E95000D9D03023023A05F8013C54AB9B1A5F46EC
:10E960000C931546D3E7652E40F3E680DDE91401EC
:10E9700000220023E2F728F8002800F0DC81299B20
:10E98000BF4AC8F80020013301340122072B2A9422
:10E990002993C8F8042000F3CC8408F10808229BCE
:10E9A000129A934280F2D682169B179A1C44C8E9A9
:10E9B0000023299B2A940133072B299300F32484F5
:10E9C00008F10808129B5D1E002D7FF7DBAD102DAE
:10E9D000299BDFF8B09240F3BD8449462246B946F0
:10E9E000DDF824B0079C10260F4605E008F1080862
:10E9F000103D102D40F3AA8401331032072BC8E9D3
:10EA00000076CDE92932F1DD28AA21465846FEF7E5
:10EA1000D7FC00287FF42EADDDE929320DF1AC08DA
:10EA2000E6E70A9B069AA3EB020BBBF1000F7FF708
:10EA30008FADBBF1100F299ADFF848922CDD1D969F
:10EA400021464E46079CDDF82490102306E0ABF1EA
:10EA5000100BBBF1100F08F108081ADD013210315C
:10EA6000072AC8E90063CDE92921F0DD28AA21465B
:10EA700048460DF1AC08FEF7A3FC00287FF4FAAC81
:10EA8000ABF1100BBBF1100FDDE929214FF01003A2
:10EA9000E4DCB1461D9E0C4601325C44072ACDE9F8
:10EAA0002924C8F80090C8F804B000F3A08308F146
:10EAB00008084DE5BBF1100F299ADFF8C8912DDD4C
:10EAC00041462046A8464C46079DDDF82490102379
:10EAD00006E0ABF1100BBBF1100F01F1080119DDDD
:10EAE00001321030072AC1E90043CDE92920F0DDC9
:10EAF00028AA29464846FEF763FC00287FF4BAACF2
:10EB0000ABF1100BBBF1100FDDE929202BA94FF061
:10EB10001003E5DC4546A1468846044601325C44C4
:10EB2000072ACDE92924C8F80090C8F804B000F3FA
:10EB3000D08108F1080813E5129B012B40F3808176
:10EB4000299EC8F80050013601340123072E2A946B
:10EB50002996C8F8043000F37C8308F10808169B56
:10EB6000179A01361C44072EC8E90023CDE9296411
:10EB700000F37C8308F10808DDE91401002200237A
:10EB8000E1F722FF002840F07881129B0136013B1B
:10EB900001351C44072EC8F800502996C8F80430E7
:10EBA0002A9400F35D8108F108081A9BC8F8043024
:10EBB00001361C44072E24ABCDE92964C8F8003087
:10EBC0007FF7DEAC0799099828AAFEF7F9FB002821
:10EBD0007FF450AC2A9C0DF1AC08D3E4B9F1100FCE
:10EBE000DDE929212BDDCDE91D3B1F96DDF824B0A1
:10EBF0004E461024A946079D04E0103E102E08F151
:10EC0000080817DD0132204B1031072AC8E900340B
:10EC1000CDE92921F1DD28AA294658460DF1AC0895
:10EC2000FEF7CEFB00287FF425AC103E102EDDE968
:10EC30002921E7DCDDE91D3B4D46B1461F9EC8F8A2
:10EC40000490013209EB0104072A0F49C8F80010AB
:10EC5000CDE9292400F351839DF8832008F10808A9
:10EC60004DE4BB460A2C79F1000380F00C8330346C
:10EC700001238DF84F415F460C930DF24F1546E688
:10EC8000B47C0308347D0308247D030807990998A0
:10EC90001D9328AAFEF794FB00287FF4EBAB2A9C77
:10ECA0001D9B0DF1AC083DE40799099828AAFEF7D1
:10ECB00087FB00287FF4DEAB2A9C0DF1AC0843E40F
:10ECC000102D299B21DD099FDDF81C90102604E002
:10ECD000103D102D08F1080817DD0133BB4A103430
:10ECE000072BC8E90026CDE92934F1DD28AA4946D9
:10ECF00038460DF1AC08FEF763FB00287FF4BAAB91
:10ED0000103D102DDDE92934E7DC0133AF4AC8F8A6
:10ED100004502C44072BCDE92934C8F800207FF794
:10ED200039AC0799099828AAFEF74AFB00287FF416
:10ED3000A1AB2A9C2EE42299002940F31481DDF82E
:10ED40004090129B9945A8BF9946B9F1000F0BDD81
:10ED5000299B01334C44072BC8E900592A94299375
:10ED600000F39A8508F10808109EB9F1000FA8BFBA
:10ED7000A6EB0906002E00F34683DDF840B07905C6
:10ED8000AB4400F1CE84229B129A934202DBFA0735
:10ED900040F1B883169A17991444C8E90012299AC9
:10EDA0002A940132072A299200F3838508F1080882
:10EDB000129AAE18A6EB0B06D51AAE42A8BF2E4685
:10EDC000002E0DDD299BC8F800B001333444072B19
:10EDD000C8F804602A94299300F3F18508F1080823
:10EDE000002EA8BFAD1B002D7FF7CCAB102D299BAB
:10EDF000DFF8DC9140F3AE8249462246B946DDF8A1
:10EE000024B0079C10260F4605E008F10808103DC5
:10EE1000102D40F39B8201331032072BC8E9007696
:10EE2000CDE92932F1DD28AA21465846FEF7C8FA75
:10EE300000287FF41FABDDE929320DF1AC08E6E7CD
:10EE4000FE073FF57DAE299EC8F80050013601341B
:10EE50000123072E2A942996C8F804307FF7A3AE21
:10EE60000799099828AAFEF7ABFA00287FF402ABAD
:10EE7000DDE929640DF1AC0897E6129B5D1E002DBB
:10EE80007FF793AE102DDFF8489140F37F82224642
:10EE90000897099C079F4FF0100B05E008F1080840
:10EEA000103D102D40F3708201361032072EC8E954
:10EEB000009BCDE92962F1DD28AA39462046FEF7FC
:10EEC0007FFA00287FF4D6AADDE929620DF1AC08AB
:10EED000E6E70799099828AAFEF772FA00287FF456
:10EEE000C9AA2A9C0DF1AC08FFF73ABB17F0100332
:10EEF00072D117F0400200F0BD820E9A52F8044B16
:10EF00000E929946A4B228E453F8044B0E93FB06E4
:10EF100056D47D0651D544F3C0394B4624B2FFF791
:10EF2000C1BB1BF0100340F036811BF0400200F023
:10EF300092820E9A52F8044B0E929946A4B2012383
:10EF40000EE42D2364428DF8833069EB4909BB46FA
:10EF5000012308E4F8077FF515AB25E59AF8006072
:10EF60000E93FFF7B5B9299B1A4AC8F80020013360
:10EF700001340122072B2A942993C8F8042000F3B6
:10EF8000708408F10808002940F01E82129A07F0E8
:10EF9000010313433FF4F6AA169B1799E218C8E938
:10EFA0000013299B2A920133072B299300F36183D5
:10EFB00008F1080819E254ADA9E4B80500F1B482DB
:10EFC0004FEAE4794B46FFF76DBB00BF247D030891
:10EFD000347D0308B47C03080E9B53F8044B0E9356
:10EFE000FFF7BBBBDDE9140102460B46E2F728FD43
:10EFF000002840F0A085612E00F05085412E00F0E1
:10F000009982089B013326F02003069300F08F8538
:10F01000472B00F07985DDE9141247F480730F93D4
:10F020001346002BC0F2ED850C9300231D938B46F5
:10F030000D93069B462B00F04A84452B00F04F852C
:10F040000899019126A9049123A9039122A902916B
:10F0500002210C9B099800915A4600F0E9FF069B9B
:10F06000472B054640F01C8617F0010FB9460F9F4D
:10F0700040F0D984269B5B1B1293069B472B00F024
:10F080001883069B462B00F05F84229B1093109BF5
:10F09000069A013B412A229300F0AA85F2B2002190
:10F0A000002BB8BF109B8DF89020BABFC3F10103AD
:10F0B0002D222B22092B8DF8912040F363850DF131
:10F0C0009F04BD4F2246104687FB0321DA17C2EB8F
:10F0D000A10202EB8201A3EB4101303100F8011CD7
:10F0E00019466329134600F1FF32ECDC3033D9B204
:10F0F000831E9C4202F8011C40F2CE8513460DF19E
:10F10000920201E013F8011B02F8011B9C42F9D1A5
:10F110000DF1A1030DF192021B1A134424AA9B1AAC
:10F120001A93129B1A9A012B1A440C9240F372857F
:10F130000C9B169A13440C930C9A002329F48067B5
:10F1400022EAE27247F480770F93069213931093AA
:10F150001D9B002B40F0DE829DF883200893FFF773
:10F1600077BA0E9B0B9853F8041B0E93C217C1E994
:10F1700000025546FFF724BA199B002B3FF42FA934
:10F18000199B1B78002B3FF42AA99AF8006047F4DA
:10F190008067FFF79DB80E9B53F8044B0E93012335
:10F1A000FFF7DEBA854B189317F0200949D00E9B64
:10F1B000073323F00703D3F8049053F8084B0E935A
:10F1C000F80709D554EA090306D030238DF8856085
:10F1D00047F002078DF8843027F4806B0223FFF795
:10F1E000BFBABB46FFF723BB754B1893DCE7079903
:10F1F000099828AAFEF7E4F800287FF43BA92A9C86
:10F200000DF1AC08FFF7A4B90799099828AAFEF7F1
:10F21000D7F800287FF42EA92A9C0DF1AC08FFF73F
:10F22000D1BB062B294628BF062308950D952A46F3
:10F230000693644D0E940C930F9113911091FFF768
:10F2400007BA17F0100369D00E9B53F8044B0E93C6
:10F25000B6E70799099828AAFEF7B2F800287FF4C4
:10F2600009A9DDE929640DF1AC0878E4079909984A
:10F2700028AAFEF7A5F800287FF4FCA8DDE9296498
:10F280000DF1AC0878E40BF480630022CDE90CA802
:10F290000696DDF8648054AF16469A460CE00023CB
:10F2A000204649460A22E1F775FF0A2C79F100034E
:10F2B0001BD3044689462F4620460A22002349468E
:10F2C000E1F768FF30327D1E013607F8012CBAF1F4
:10F2D000000FE4D098F800309E42E0D1FF2EDED03F
:10F2E0000A2C79F1000380F0F480CDF86480129646
:10F2F000DDE90CA8069EFFF706BB079909981D9348
:10F3000028AAFEF75DF800287FF4B4A89DF88320B2
:10F310002A9C1D9B0DF1AC08FFF7F1B817F04002D5
:10F3200000F0B6800E9A52F8044B0E929946A4B2A1
:10F3300046E70799099828AAFEF742F800287FF4C3
:10F3400099A82A9C0DF1AC08FFF729BB14463A4650
:10F350004F46914601332C44072BC8F80090C8F85B
:10F360000450CDE929347FF70BA92BE4012BBB46D0
:10F370007FF4B8AA7BE40E9B0B9953F8042B5546F7
:10F3800011600E93FFF71CB9089F144601362C44F8
:10F39000072ECDE92964C8F80090C8F804507FF71B
:10F3A00002AC5DE52846CDF820900E94E2F788FA8D
:10F3B00003460C90FFF7B4B967666666847C030861
:10F3C000987C0308AC7C0308169B1798E218C8E9E0
:10F3D0000003299B2A920133072B299300F34981CB
:10F3E00008F108080029C0F2FA821299C8F8005002
:10F3F00001338C18072BCDE92934C8F804107FF7A6
:10F40000BFA8FFF7DFBB102E299BDFF8C09252DDAB
:10F41000484642462146A846B946099C079D4FF0FA
:10F42000100B074603E00832103E102E3DDD01337D
:10F430001031072BC2E9007BCDE92931F3DD28AA81
:10F4400029462046FDF7BCFF00287FF413A8DDE91C
:10F4500029312BAAE8E70E9B1BF4007914BF53F85F
:10F46000044B53F8044B0E931CBF9146E4B20123A6
:10F47000FFF776B90E9B17F4007914BF53F8044BCD
:10F4800053F8044B0E931CBF9146E4B2FFF765B9E5
:10F490000E9B17F4007914BF53F8044B53F8044B38
:10F4A0000E931CBF9146E4B28AE6454690463A4622
:10F4B0000C464F46914601333444072BCDE929349D
:10F4C000C8F80090C8F8046000F3E68008F1080866
:10F4D00053E41C9B1B99ED1A1A46284603F09EFE26
:10F4E00098F801300BB108F10108204649460A227C
:10F4F00000230026E1F74EFEDBE62D228DF8832067
:10F50000FFF796B8129AAE18A6EB0B06D51AAE42C4
:10F51000A8BF2E4664E40E9B0B9953F8042B0E9360
:10F5200011805546FFF74CB844F3C0194B4664B2FE
:10F53000FFF7B8B830238DF8843058238DF8853024
:10F54000089B632B47F0020400F39B8200230D937A
:10F550003BADDDE9141247F481730F931346002B82
:10F560002746C0F220820C9326F020030693002346
:10F570008B461D93612E00F0ED82412E7FF459AD34
:10F5800022AA0C99584603F009FD00224FF07F5340
:10F59000E0F7B2FF02460B46CDE91023002200231C
:10F5A000E1F712FA08B101232293494B0C93089B0F
:10F5B000CDE912A6CDE91E78DDF830A0DDE91067AF
:10F5C00003F1FF39AB46109506E00022002309F154
:10F5D000FF39E1F7F9F9E8B93E4B002230463946E8
:10F5E000E0F78AFF0F460646E2F740FA0446E0F7E6
:10F5F00019FF0B46024639463046E0F7C5FD1AF8BA
:10F600000430B9F1FF3FD8464D460BF8013B0646A2
:10F610000F46DAD1304639462F4BDDF848A0139E0D
:10F62000CDF848800022A946DDF87C80109D1E9F01
:10F63000CDE91001E1F7F0F9002840F03482DDE96E
:10F640001001254B0022E1F7BFF910B1E10700F1ED
:10F650002A824B46002B06DB01335B4430220BF839
:10F66000012B5B45FBD1ABEB0503B94612930F9F12
:10F6700003E50799099828AAFDF7A2FE00287EF461
:10F68000F9AEDDE9293222990DF1AC08AAE6906DB8
:10F6900002F030F9FEF7C0BE0799099828AAFDF7D5
:10F6A0008FFE00287EF4E6AE2A9C0DF1AC08FFF731
:10F6B00064BB229B1093DA1C02DB089A93420DDD97
:10F6C000023E26F020030693E1E400BF347D0308E8
:10F6D000987C0308000030400000E03F109B129A25
:10F6E0009342C0F2568119F0010F00F08782169AFA
:10F6F00013440C9319F4806F03D0109B002B00F37C
:10F7000050820C9B23EAE3730693672600230F9332
:10F7100013931DE52D2200238DF883200893FEF717
:10F720009ABF129BCDF830A04246DDF84C8010976E
:10F73000EB1808935E46199FDDF87090DDF824A061
:10F74000DDF81CB00F9B13952146B8F1000F2ED0A9
:10F75000002B6BD1013F08F1FF381B9BC2E9003938
:10F76000299B01334944072B2A91299362DC0832F3
:10F77000089B38789B1B8342A8BF0346002B1C467E
:10F780000ADD2998013019440728C2E900632A914B
:10F7900029905ADC38780832002CACBF051B05468E
:10F7A000002D15DC06440F9BB8F1000FD0D1002BC3
:10F7B0003CD1DDE91235EB189E421997B346DDF8CE
:10F7C00030A0109F90460C4628BF9B46FFF7DBBA3F
:10F7D000102D29981DDD102404E0103D102D02F19C
:10F7E000080216DD0130AC4B10310728C2E90034A5
:10F7F000CDE92901F1DD28AA59465046FDF7E0FD83
:10F8000000287EF437AE103D102DDDE929012BAA2A
:10F81000E8DC0130A04B556029440728CDE92901D7
:10F8200013602CDC387808320644BCE70F9B013BA0
:10F830000F9392E728AA59465046FDF7C1FD0028CC
:10F840007EF418AE2A992BAA92E728AA5946504668
:10F85000FDF7B6FD00287EF40DAE38782A992BAA64
:10F860009AE70799099828AAFDF7AAFD00287EF4CF
:10F8700001AE22992A9C0DF1AC08FFF784BB28AA9F
:10F8800059465046FDF79CFD00287EF4F3AD3878CC
:10F890002A992BAA064486E70799099828AAFDF712
:10F8A0008FFD00287EF4E6AD2A9C0DF1AC08FFF731
:10F8B0005BBA0799099828AAFDF782FD00287EF413
:10F8C000D9AD229B2A9C0DF1AC08FFF771BA0899BB
:10F8D000019126A9049123A9039122A90291032150
:10F8E0000C9B099800915A4600F0A2FB0378302B3C
:10F8F000054600F09581229B089AB94613440F9F54
:10F90000EC180C99584600220023E1F75DF810B17D
:10F910002346FFF7B0BB269BA342BFF4ACAB30211C
:10F920005A1C26921970269B9C42F9D8FFF7A3BB5C
:10F93000089B9DF883200E9406930C9308900F90DB
:10F9400013901090FEF784BE229A1092002A40F382
:10F950008181089909F001030B4340F05581109B08
:10F960000C93662619F4806F40F01C810C9B23EAEF
:10F97000E3730693CAE60799099828AAFDF720FDC4
:10F9800000283EF425AEFEF77BBD00230893FEF76A
:10F99000A1BC129B169A9A18109B0C92002B40F354
:10F9A0004D816726DEE726F020030693DDE9143457
:10F9B0009B4604F100430C932D231D93DAE5079930
:10F9C000099828AAFDF7FCFC00287EF453AD229D7F
:10F9D000129B2A9C5D1B0DF1AC08FFF701BA4E4249
:10F9E0001031DFF8B49034DA4146DDF824B0A8468F
:10F9F0001024079D03E00831103E102E27DD01334F
:10FA00001032072BC1E90094CDE92932F3DD28AA91
:10FA100029465846FDF7D4FC00287EF42BADDDE9DD
:10FA200029322BA9E8E7089BEC186AE7079B5B6E75
:10FA3000DD0707D4079B9B899C0503D4079B986D22
:10FA400001F058FF4FF0FF330B93FEF722BD454600
:10FA5000884601333244072BCDE92932C8F800909B
:10FA6000C8F804607FF7A4AA0799099828AAFDF7A7
:10FA7000A7FC00287EF4FEACDDE929320DF1AC08CC
:10FA8000B3E40998591C01F0BDFF0546002800F0B9
:10FA90000D810D905DE500BF347D030830238DF8A6
:10FAA000843078234AE5129B26930C9B1BF8012C8B
:10FAB000D97B8A425B4609D1302003F8010C269B92
:10FAC0005A1E269213F8012C9142F6D0392A0BBF08
:10FAD0000C9A0132927AD2B203F8012CC3E508994C
:10FAE0000C9B09984C1C26A9049123A9039122A9D7
:10FAF000029102215A460194009100F099FA0546BC
:10FB0000B9462C440F9FFCE6089B002B08BF01233D
:10FB1000089347F480730F93159B002BC0F2AE80BF
:10FB2000DDF850B01D900C930D90FFF789BA0623B5
:10FB30000893FFF770BA159B604D002BB4BF2D22C0
:10FB40009DF883205E4BB8BF8DF8832027F0800797
:10FB5000FEF772BD22AA0C99584603F01FFA002244
:10FB60004FF07F53E0F7C8FC02460B46CDE9102367
:10FB700000220023E0F728FF08B101232293514B14
:10FB80000C9314E5002962D130228DF892200DF1FA
:10FB90009302303302F8013B24ABD31A1A93FFF7D8
:10FBA000C0BA672619990B78FF2B7BD00024109AD6
:10FBB000204603E001300131FF2B08D0934206DAE2
:10FBC000D21A4B78002BF5D10B780134F4E7199158
:10FBD000109213900F940F9A139B1C9913440C9A34
:10FBE00001FB03230C9323EAE3730693FFF7B0BAF8
:10FBF00006F10F02D2B20121FFF752BA109B0C930B
:10FC000078E500230D93D1E6169BD31819440C9187
:10FC10006626A7E619F0010F3FF48EAAFFF788BA0F
:10FC20000C99584600220023E0F7CEFE00287FF40E
:10FC300062AE089BC3F1010322935DE6C3F10103A9
:10FC40001A4422EAE2730C92069367265EE50DF1F0
:10FC500092029EE7089A09F0010959EA020304D1C9
:10FC60000123069366260C9350E5169B01331A4434
:10FC700022EAE2730C920693662647E50D9095E61C
:10FC80000E9B9AF80160924653F8042B0E9342EAB9
:10FC9000E2720892FEF71CBB02231A93FFF741BAE7
:10FCA000089C2DE700230F93139394E7079A9389F9
:10FCB00043F040039381FEF7E3BB00BF7C7C030865
:10FCC000807C0308847C0308F0B51F468B89ADF265
:10FCD0006C4D23F00203ADF80C304B6E1993CB89B9
:10FCE000ADF80E30CB6907934B6A09931AAB0093BA
:10FCF00004934FF48063154606460293059316A8B5
:10FD000000230C46069301F0EFFD2A463B46694668
:10FD10003046FEF76FFA051E07DB6946304601F0F4
:10FD200079F9002818BF4FF0FF35BDF80C305B069D
:10FD300003D5A38943F04003A381169801F0D6FDB3
:10FD400028460DF26C4DF0BD10B51A4C0029246800
:10FD50009AB02ADB009004904FF40270ADF80C00CA
:10FD600013D001394FF6FF7002910591ADF80E00E6
:10FD700069462046FAF744FA421C01DA8B232360D5
:10FD8000009B00221A701AB010BD4FF6FF7002914E
:10FD90000591ADF80E0069462046FAF731FA431C8A
:10FDA00001DA8B2323601AB010BD8B2323604FF040
:10FDB000FF30F8E7BC16002038B50C46084D8446E5
:10FDC000114620461A4600232B606446F5F79AFB3D
:10FDD000431C00D038BD2B68002BFBD0236038BDFE
:10FDE0008094002038B5334B1B6805460C460BB198
:10FDF0009A6B12B3B4F90C3018079AB225D5216961
:10FE000000292DD012F0010007D00020A060606909
:10FE10004042A06139B1002038BD950758BF6069E4
:10FE2000A0600029F7D1120658BF0846F4D543F068
:10FE30004003A3814FF0FF3038BD184601F01EF992
:10FE4000B4F90C3018079AB2D9D4D1062AD5520782
:10FE500014D4216943F00803A3819AB20029D1D1B7
:10FE600002F42070B0F5007FCCD02146284601F086
:10FE700059FDB4F90C3021699AB2C3E7216B51B135
:10FE800004F14002914204D0284601F077FAB4F917
:10FE90000C300022226321690022C4E9001223F001
:10FEA0002403D7E7092243F040032A604FF0FF30D4
:10FEB000A38138BDBC160020024B13B1024800F0EC
:10FEC0000DB8704700000000A111030808B5062016
:10FED00003F0F8F8012005F0C1FB00BF0023014644
:10FEE0001A46184604F038BE38B5074D00220446BD
:10FEF00008462A6005F06CFB431C00D038BD2B6817
:10FF0000002BFBD0236038BD809400202DE9F04FFA
:10FF100003690C69A34283B0C0F28680013C01F101
:10FF20001405A30000F11408009355F8243058F884
:10FF3000242001338A469A4208EB8401814605EB6E
:10FF400084070191B2FBF3F638D30023AE46404656
:10FF50009B465EF8041B02681FFA81FC06FB0C330B
:10FF6000090C4FEA134C06FB01CC99B2ABEB010133
:10FF70001FFA8CF311FA82F1C3EB124202EB214219
:10FF800089B241EA0241774540F8041B4FEA1C431D
:10FF90004FEA224BDDD2009B58F8033073B9019B26
:10FFA000043B984504D307E0984504F1FF3403D29D
:10FFB00053F80429002AF7D0C9F8104051464846A2
:10FFC00002F0A0FB00282BDB01364046002355F849
:10FFD000041BD0F800C08AB29A1A0B0C12FA8CF2E9
:10FFE000C3EB1C4303EB224392B242EA0342AF420B
:10FFF00040F8042B4FEA2343E9D258F8242008EBB9
:020000040803EF
:1000000084036AB9043B984504D307E0984504F19A
:10001000FF3403D253F80429002AF7D0C9F810405E
:10002000304603B0BDE8F08F002003B0BDE8F08F8C
:100030002DE9F04F016C99B090469946CDE90489BD
:10004000259D044641B1426C4A60012393408B6078
:1000500002F0A2F800232364B9F1000AB4BF01231F
:1000600000232B60764BBCBF2AF0004ACDF814A0C9
:1000700033EA0A0300F0AA80DDE90423104619469A
:1000800000220023CDE90A01E0F79EFC074670B18B
:10009000249A01231360269B002B00F0E482694818
:1000A0001860431E0393039819B0BDE8F08F16AB98
:1000B000019317AB00932046DDE90A2302F072FC9E
:1000C0005FEA1A56054640F09780DDE916763E4411
:1000D00006F23240202840F3B583C0F140000AFA0E
:1000E00000FA06F2124028FA00F04AEA0000E0F7AF
:1000F00089F90123013EA1F1F8710F93524B0022BF
:10010000E0F742F848A3D3E90023E0F7F5F948A364
:10011000D3E90023E0F73AF8804630468946E0F715
:1001200081F945A3D3E90023E0F7E6F902460B463F
:1001300040464946E0F72AF880468946E1F796FCB2
:1001400000228346002340464946E0F747FC00284A
:1001500040F07C82BBF1160F00F26B823B4B03EB4D
:10016000CB03D3E90023DDE90A01E0F737FC0028DF
:1001700072D00023BE1B0E93731E0BF1FF3B069340
:1001800000F15E8200230993BBF1000F6BDA099B3B
:10019000CDF81CB0A3EB0B030993CBF100030D9337
:1001A000229B092B4FF0000B66D8052B40F34883A8
:1001B000043B22930026229B023B032B00F268861D
:1001C000DFE813F05C04590450043304249A42F22B
:1001D0000F73CAF3130A13605AEA08031AD1269B55
:1001E000002B00F064861A4B03930833269A039879
:1001F000136019B0BDE8F08FDDE90A12C2F31303F2
:10020000084643F07F510F97A6F2FF36169F41F440
:10021000401173E7269B002B40F0EA830D4B0393BC
:1002200041E700BFAFF3008061436F63A787D23F10
:10023000B3C8608B288AC63FFB799F501344D33FD5
:100240000000F07FB57C03080000F83FA87F03089A
:100250004C7E0308487E0308BE1B731E069300F104
:1002600085840E900990069B5B44CDE9063B0023F4
:100270000D93229B092B98D90023CDE92233012627
:100280004FF0FF330C960893089B12930021616492
:10029000204601F05BFF0390002800F00186039BDD
:1002A0002364089B0E2B00F21381002E00F01081B6
:1002B0000799002940F35C84AE4B01F00F0203EB79
:1002C000C2034FEA2118C905D3E9006740F114843D
:1002D000A94BDDE90A01D3E90823E0F737FACDE9B4
:1002E000100108F00F084FF0030AB8F1000F13D007
:1002F000DFF8849218F0010F09D030463946D9E969
:100300000023E0F7F9F80AF1010A06460F465FEA12
:10031000680809F10809EDD1DDE9100132463B46D4
:10032000E0F714FA804689460E9B43B1934B0022B6
:1003300040464946E0F752FB002840F030855046E1
:10034000E0F770F842464B46E0F7D6F88C4B0022B7
:10035000DFF71CFFA1F15073CDE910011193089B49
:10036000002B00F09780079B1493089B13930C9B22
:10037000002B00F0A584139A7E4B8249039E03EB69
:10038000C20353E902230020E0F7E0F9DDE910237E
:10039000DFF7FAFECDE9100149464046E1F766FB7A
:1003A0000746E0F73FF802460B4640464946DFF76E
:1003B000EBFE3037DDE9102306F8017B80468946E5
:1003C000E0F70CFB002840F02985CDF854B0002759
:1003D000DDE910AB1095139D13942AE00137AF426D
:1003E00080F22C85684B504659460022E0F784F88D
:1003F000654B002282468B4640464946E0F77CF832
:1004000089468046E1F732FB0446E0F70BF80246E6
:100410000B4640464946DFF7B7FE303406F8014B3D
:1004200052465B4680468946E0F7D8FA002840F0FD
:10043000F38442464B4651490020DFF7A5FE524661
:100440005B46E0F7CBFA0028C8D0DDE91343109DE6
:10045000039A079302E0964200F0C884B24616F869
:10046000013D392BF7D00133DBB23370079B0133E9
:100470000793C8E15046DFF7D5FF42464B46E0F709
:100480003BF83F4B0022DFF781FEA1F15073CDE92D
:10049000100111933D4B404649460022DFF774FEA0
:1004A000DDE910894B46424606460F46E0F7B4FAAE
:1004B0008146002840F0AA84DDE91001024601F1DE
:1004C000004330463946E0F789FA002840F045837A
:1004D000179B002BC0F28C80079A0E2A00F38880AD
:1004E000244B03EBC203D3E900AB239B002B1BDAA5
:1004F000089B002B18DC40F02E83244B0022504632
:100500005946DFF7F9FF02460B46DDE90A01E0F73D
:100510006FFADDF820904E46002800F0C782239B3A
:10052000DDF80C80DF43C9E2DDE90A7852465B461C
:1005300038464146E0F70AF9E1F798FA8146099012
:10054000DFF770FF52465B46DFF7D6FF039E0B4690
:10055000024641463846DFF717FE09F1300306F838
:10056000013B089B012B00F05C8306940127049556
:100570001C462AE0A87F0308807F03080000F03FA4
:1005800000001C400000E03F000024400000144038
:1005900052465B4640464946E0F7D8F8E1F766FA2E
:1005A0000546DFF73FFF52465B46DFF7A5FF013701
:1005B0000B46024649464046DFF7E6FD05F13003AB
:1005C000A74206F8013B00F02983AC4B0022DFF77D
:1005D00093FF0022002380468946E0F7F5F90028C2
:1005E000D6D0049D069C079B01330793B2460AE1CF
:1005F0000C9A002A3DD0229A012A40F39C82089B43
:1006000003F1FF380D9B4345C0F26D82A3EB080850
:10061000089B002BC0F23C83069A1A440692099A62
:1006200017461A4409920121204601F0B7FE0646FA
:1006300023E00123BE1B0E93731E06937FF5A2AD2C
:10064000C6F101030993002306939DE55846DFF7A1
:10065000E9FE42464B46E0F7B7F900287FF47AAD51
:100660000BF1FF3B76E5864B0393039819B0BDE889
:10067000F08FDDF83480099F0C9E002F0CDD069969
:1006800000290B4608DD099AB942A8BF3B46D21A99
:10069000FF1ACB1A099206930D9BDBB10C9B002B22
:1006A00000F05D82B8F1000F0FDD31464246204672
:1006B00001F050FF2A4601460646204601F09CFE06
:1006C00029460546204601F067FD0D9BB3EB080265
:1006D00040F0D8820121204601F060FEBBF1000FFE
:1006E000814600F3B480229B012B40F386814FF0BA
:1006F000000A0120BBF1000F40F0B580069A1044BB
:1007000010F01F0000F09380C0F12003042B40F391
:10071000D283099BC0F11C0003440244099307449F
:100720000692099B002B05DD29461A46204601F05A
:1007300071FF0546069B002B05DD49461A462046FB
:1007400001F068FF81460E9B002B40F03681089B2C
:10075000002B40F31D810C9B002B40F0A080079BD9
:1007600001330793DDF80C80DDF820A0012707E0B6
:10077000294600230A22204601F018FD01370546CC
:1007800049462846FFF7C2FB574500F1300308F8F9
:10079000013BEDDB089A002AC8BF9346039AD8BFF5
:1007A0004FF0010B93440027294601222046049371
:1007B00001F030FF4946054601F0A4FF002840F350
:1007C000A8811BF8013C039A0BF1FF3B04E05A455A
:1007D00000F0AA811BF8013D392B0BF1010AF6D07C
:1007E00001338BF800304946204601F0D5FC56B164
:1007F0002FB1B74203D03946204601F0CDFC314637
:10080000204601F0C9FC2946204601F0C5FC002322
:100810008AF80030249B079A1A60269B002B3FF42D
:1008200042AC0398C3F800A019B0BDE8F08F1C20BB
:10083000099B03440993069B03440744069370E70E
:100840000126B8E4C0F1200008FA00F04FE40146A8
:100850005A46204601F07EFE229B012B814640F342
:10086000B3814FF0000AD9F8103009EB83031869FF
:1008700001F046FDC0F1200040E700BF0000244029
:10088000B47C0308314600230A22204601F08EFC86
:10089000129B002B064640F3E782CDE90783002F29
:1008A00000F31A81BAF1000F40F0D581B046049BE5
:1008B000039F089903F001027B1E1944229B0C92AE
:1008C000134309910A9349462846FFF71FFB314617
:1008D0008346284601F016FF424649468246204696
:1008E00001F030FFC26801460BF13003002A42D10B
:1008F00006902846089301F005FF069904902046CB
:1009000001F04AFC049A089B1AB90A99002900F0E0
:100910009B82BAF1000FC0F2638122994AEA010A70
:100920000C9951EA0A0100F05B81002A00F3B481BE
:10093000099A3B7007F1010A9742D34600F0B28151
:10094000294600230A22204601F030FC4645054690
:1009500031464FF000034FF00A02204612D001F05A
:1009600025FC4146064600230A22204601F01EFCD3
:1009700057468046A7E72046049301F00DFC049BF0
:100980000122C6E701F012FC5746064680469AE768
:10099000229B022B79DC0C9B002B80D1079B4946C4
:1009A000013328460793FFF7B1FADDF80CB000F1E8
:1009B00030030BF8013B0027F6E64946284601F0D4
:1009C000A1FE0028BFF6C3AE294600230A22204616
:1009D00001F0ECFB079B03F1FF380C9B0546002B55
:1009E0007FF450AF129B002B40F335820893B9E699
:1009F000AF4B03930333FFF7F9BBDDE90412002982
:100A00007FF475AEC2F31303002B7FF470AEA94BD5
:100A10001340002B00F0FE81099B01330993069BD4
:100A2000013306934FF0010A63E601230C93239BE5
:100A3000079A134412930133012B1F460893B8BF42
:100A400001270021172F61647FF722AC01220423C4
:100A50005B0003F11400B842114602F10102F7D91C
:100A6000616415E401230C93239B002B4CDD12934E
:100A700008931F46E5E700230C93D8E700230C9367
:100A8000F2E7129BCDF81C800893089B002B7FF4A3
:100A900046AD49460522204601F088FB01468146C5
:100AA000284601F02FFE00287FF739AD0398079FF5
:100AB0003123804600F8013B013703904946204628
:100AC00001F06AFB7B1CDDF80CA00793CDF80C80CD
:100AD000002E7FF494AE96E631463A46204601F069
:100AE00099FD0646DEE60D9BCDF83480A8EB0303A6
:100AF0009B444FF000088BE5DDE90A234FF0020A22
:100B0000CDE91023FFF7F1BB012323930893FFF7EF
:100B1000BBBB03D1049BDB073FF553AEDA461BF8A2
:100B2000013D302BFAD05EE6079B039A0133079311
:100B30003123137057E60F9A002A00F0268103F242
:100B40003343069ADDF834801A440692099A174610
:100B50001A44099267E54FF000094E46DFE4294642
:100B60000D9A204601F0F6FC0546B3E50E9067E5C8
:100B700000F00F81079A504B564206F00F0203EB2C
:100B8000C203D3E90023DDE90A01DFF7B5FC361122
:100B90008046894600F07181484F00234FF0020AD9
:100BA000F20706D5D7E90023DFF7A6FC0AF1010A10
:100BB0000123761007F10807F2D1002B3FF4B4AB04
:100BC00080468946FFF7B0BB049B002B7FF449AEFB
:100BD000DDE90412C2F31303002B3FF418AF40E623
:100BE000002A12DD294601222046049301F012FD5D
:100BF0004946054601F086FD0028049B40F3188114
:100C0000392B00F0F9800BF13103BA460AF8013BA9
:100C1000079B0133374607934646E4E50995069C52
:100C2000049D02460B46DFF7B1FA52465B4680460A
:100C30008946DFF7F1FE60B952465B4640464946B9
:100C4000DFF7C2FE00283FF4CEAC099BD9077FF541
:100C5000CAAC039A02E47168204601F077FA0746AD
:100C6000002800F00E81336902339A0006F10C016E
:100C70000C30E0F711FC39460122204601F0CAFC95
:100C8000804614E62946204601F064FC054621E52D
:100C9000DDE908239F1AC6E4392B00F0AD80BA467F
:100CA0000133B3E7079A01323746079246467BE5A0
:100CB000487E03080000F07FA87F0308807F0308B8
:100CC000DDF84CA0844901EBCA01DDE9102351E9AC
:100CD0000201DFF711FCCDE9100149464046E0F77B
:100CE000C5FE0646DFF79EFB0B46024649464046D8
:100CF000DFF74AFA039F53463036012B07F8016BA2
:100D00008046894600F0AE80139E039B1E44734BC1
:100D1000002240464946DFF7EFFB89468046E0F770
:100D2000A5FE8246DFF77EFB0AF1300A02460B463B
:100D300040464946DFF728FA07F801ABB74280463C
:100D40008946E4D1664B0022DDE91001DFF71EFA87
:100D500042464B46DFF742FE002864D1DDE910230E
:100D60005F490020DFF710FA42464B46DFF754FE9A
:100D700000283FF4ADABB246013E1AF8013C302BDF
:100D8000F9D0149B013307933DE5169BC3F136035D
:100D9000D7E6DDE90A894FF0020AFFF7C5BA089BDA
:100DA000002B3FF467AB129B002B7FF791AB079AA8
:100DB000013ACDE913324046484B00224946DFF75D
:100DC0009BFB804689460AF10100DFF72BFB424678
:100DD0004B46DFF791FB434B0022DFF7D7F9A1F138
:100DE0005073CDE910011193FFF7C1BA079B01338E
:100DF00007933123FFF739BB079BBB4601330793AA
:100E0000392337460BF8013B4646DCE44FF0000936
:100E10004E464BE69A466CE4109D139C149B01339E
:100E20000793B246EFE4149B039A0793FFF716BBB0
:100E30007FF4EBAEDA077FF5E8AEE1E6DDF854B01B
:100E4000109D139CFFF744BB392BD5D0BAF1000F8E
:100E50003FF7D9AED9E6229B022B3FF712AECDF871
:100E60001C809BE53E466DE7229B022B3FF709AEB7
:100E7000129BCDF81C80089311E54FF0020AFFF792
:100E800053BA194B19483A4640F2EA21F8F780FD67
:100E9000002666643146204601F058F9039078B97F
:100EA000114B124800224FF4D571F8F771FD104B29
:100EB0000393FFF7F8B83FF434ACC0F13C00B7E45B
:100EC000039B236401224FF0FF33239612930C926D
:100ED0000893FFF7FDBA00BFA87F03080000244075
:100EE0000000E03F00001C40587E03086C7E0308B1
:100EF0004C7E0308B1F90C20F8B50C4611070746E3
:100F000042D4636842F40062002BA28159DDA56AD5
:100F1000002D54D000233E683B6093B212F48052FF
:100F200053D1E16901233846A847421C63D0A38905
:100F3000A56A5B0705D56368C01A236B0BB1E36B29
:100F4000C01AE169024600233846A847411C3ED139
:100F50003B68002B3BD01D2B01D0162B52D1A3890F
:100F60002269226023F4006300216160A381216B68
:100F70003E6021B304F14003994202D0384600F0AC
:100F8000FDF900202063F8BD2669C6B193B225683B
:100F900026609A070CBF63690023AD1BA3600CE0B9
:100FA000D4F824C0E1692B4632463846E047B0F118
:100FB000000CA5EB0C05664416DD002DF0DC0020CE
:100FC000F8BDE36B002BA2DCF9E7206DB1E7B4F9C3
:100FD0000C302269226023F40063A3810022DB0429
:100FE0006260C4D52065C2E7A38943F040034FF097
:100FF000FF30A381F8BD3B68002B98D01D2B06D095
:10100000162B04D0A38943F04003A381F8BD3E60B2
:10101000D5E700BF38B50C46054608B1836BA3B1D0
:10102000B4F90C00B8B1636EDB0701D4810515D5A6
:1010300028462146FFF75EFF636EDA07054602D4B5
:10104000A3899B050ED5284638BD00F017F8B4F9E2
:101050000C000028E7D10546284638BDA06D00F0F9
:1010600047FCE5E7A06D00F045FC284638BD00BF11
:10107000014900F0FDBB00BF694C03082DE9F047B2
:101080008246394800F034FCDAF83840002C66D14A
:10109000DAF80450354ACAF83C200323CAE9B843B9
:1010A000DFF8CC90DFF8CC80334F344E04230AF5C0
:1010B0003B72CAF8E8222146C5E90243C5E900446B
:1010C000C5E904446C660822AC6105F15C00F8F7E0
:1010D000B7FCC5E90759C5E90987EE6205F1580073
:1010E00000F002FCDAF80850254BEB602146C5E918
:1010F0000044C5E904446C66AC60AC61082205F1AB
:101100005C00F8F79DFCC5E90759C5E90987EE625F
:1011100005F1580000F0E8FBDAF80C50194BEB60D1
:101120002146C5E90044C5E904446C66AC60AC6185
:10113000082205F15C00F8F783FC05F15800C5E9C9
:101140000759C5E90A76C5F8248000F0CDFB0123D4
:10115000CAF838300448BDE8F04700F0CBBBBDE822
:10116000F047014800F0C6BB489400207110030806
:10117000D59C0208FD9C02083D9D02085D9D020869
:101180000900010012000200014800F0B1BB00BFDD
:1011900044940020014800F0ADBB00BF44940020FF
:1011A00038B5084B084D5B1B9C1007D0043B1D4411
:1011B000013C55F804399847002CF9D1BDE8384076
:1011C00004F054BA88820308848203082DE9F043AE
:1011D00083B007468846144600F07CFB012803D103
:1011E00008F1FF33FE2B37D9424604F15C0301A915
:1011F000384603F085FC421C064633D038B39DF8D0
:1012000004C00DF10509002509E023685A1C22607D
:1012100083F800C00135B54219D219F801CBA36893
:10122000013B002BA360F0DAD4F818E07345614667
:101230002246384602DBBCF10A0FE6D103F008FC77
:10124000431CE7D10646304603B0BDE8F08346466E
:10125000304603B0BDE8F0835FFA88FC8DF804C027
:101260000646CEE7A389304643F04003A38103B08E
:10127000BDE8F08330B5536E13F0010FB2F90C30B6
:10128000144683B005469AB201D198051CD5900446
:1012900006D4626E43F4005342F40052A3816266A6
:1012A00022462846FFF792FF636EDA07054602D40E
:1012B000A3899B0502D5284603B030BDA06D00F080
:1012C00019FB284603B030BDA06D019100F010FB62
:1012D000B4F90C3001999AB2D9E700BFF8B5244FA0
:1012E0000C46064600F026FFBA685568C4F57E63D2
:1012F0000F3325F003052B4423F47F6323F00F0302
:10130000A3F58054B4F5805F07DB0021304601F07F
:101310007DFEBB682B44984204D0304600F010FF9D
:101320000020F8BD6142304601F070FE01300DD062
:10133000104ABB682D1B45F001055D6013683046FF
:101340001B1B136000F0FCFE0120F8BD002130469D
:1013500001F05CFEBA68831A0F2BDEDD43F0010357
:101360005360054B03491B68C01A0860D5E700BFEE
:10137000581C00204C94002060200020002961D0DF
:10138000F8B50C46064600F0D5FE54F8042C7B4F09
:10139000A4F1080522F0010105EB010CB868DCF8A6
:1013A0000430604523F0030300F08B80D207CCF8B3
:1013B000043032D454F8082CAD1A1144AA6807F14D
:1013C000080082426AD00CEB0304D4F804E0EC6815
:1013D000D4601EF0010FA26000F0978041F001037D
:1013E0006B60CCF80010B1F5007F35D27A68CB087D
:1013F00048090121013381401143796007EBC302A1
:1014000057F83310083AC5E9021247F83350CD6057
:101410003046BDE8F84000F093BE0CEB0302526882
:10142000D00710D4194407F10800DCF808308342D3
:1014300073D0DCF80C20DA60936041F001036B603C
:101440006950D0E7704741F00103B1F5007F44F8DF
:10145000043CCCF80010C9D3B1F5206F4FEA5123FA
:1014600048D28B0903F1390003F13802C300F818A0
:10147000FB580838984259D05A6822F003028A4231
:1014800002D99B689842F7D1D868C5E902308560D7
:10149000DD603046BDE8F84000F052BE0CEB0302C0
:1014A0005268D20763D40B44DCE90212CA6091602F
:1014B00043F001026A603046EB50BDE8F84000F0AE
:1014C0003FBE0B44D10707D454F8082CAD1A13447F
:1014D000D5E90212CA60916043F001026A60284AAD
:1014E000BD6012689A4293D8264B30461968FFF7C0
:1014F000F5FE8DE7142B0AD9542B1FD80B0B03F1E3
:101500006F0003F16E02C300B1E719448DE703F1E8
:101510005C0003F15B02C300A9E741F00103C7E9E6
:101520000455C5E902006B60695071E77968921053
:10153000012404FA02F20A437A60A6E7B3F5AA7F0F
:1015400006D8CB0B03F1780003F17702C3008EE7D6
:1015500040F25452934206D88B0C03F17D0003F104
:101560007C02C30083E74FF47E737E227FE741F065
:1015700001036B60CCF800104AE700BF581C002044
:10158000642000207C9400209368002B00F0818070
:101590002DE9F04FB1F90C300C461907804683B0A5
:1015A000174698B223D523690BB310F002033D68A8
:1015B0002BD04FF0000ADFF8B4B256465E453346F2
:1015C000524628BF5B464046002E4FD0E169D4F812
:1015D00024C0E047002852DDBB681B1A8244361A3B
:1015E000BB60002BEAD1002003B0BDE8F08F21469C
:1015F0004046FEF7F7FB002840F03481B4F90C3088
:101600003D6898B210F00203D3D110F0010942D125
:101610004E463EB38205D4F808B040F18180B34510
:101620005A4600F2B18010F4906F40F0BE802068FE
:101630000192494600F002FDA3682168019AA3EBDC
:101640000B030A44B246A36022600026B868A0EBF0
:101650000A00D144B8600028C5D0B4F90C0080B2AB
:10166000002ED7D1D5E900960835D2E7D5E900A6F6
:101670000835A3E721464046FFF7CCFC80B3B4F918
:101680000C3043F040034FF0FF30A38103B0BDE8BE
:10169000F08F002070471E46AA46994618461D4600
:1016A00056B388B34A46D4E904132068B24228BF2F
:1016B0003246884205D9A16803EB010B5A4500F375
:1016C000A780934264DCE169D4F824C02A464046EE
:1016D000E047B0F1000BD2DDB9EB0B09CAD0012015
:1016E000BB68A3EB0B035D44A6EB0B06BB60002BB2
:1016F0003FF479AF002ED4D10AF1080353E9025622
:101700009A460833002EF9D032460A212846E0F7DF
:1017100047F9002800F09D800130A0EB0509C1E7E2
:1017200020682369984217D86369B34214D86FF0D0
:101730000042B24228BF3246E16992FBF3F2D4F88C
:1017400024C002FB03F340464A46E047B0F1000ADA
:1017500095DDA6EB0A0679E7B345DA4628BFB2461F
:101760005246494600F06AFCA3682268A3EB0A03CC
:101770005244A3602260002BEBD121464046FFF784
:1017800049FC0028E5D07AE72068B34632464FE7A7
:101790002946019200F052FC019AA3689B1AA360AB
:1017A000236813442360934696E723682169A3EBDB
:1017B000010B636903EB430A0AEBDA7A0BF10103CD
:1017C0004FEA6A0A33445345524684BF9A4652460A
:1017D00043052CD51146404600F014F900283BD0B3
:1017E0005A4621690190DFF757FEA289019B22F436
:1017F000906242F08002A28103EB0B002361AAEB0E
:101800000B03C4F814A0A3602060B34632460FE770
:1018100029465A4600F012FC23685B4423602146A7
:101820004046FFF7F7FB00283FF456AF27E7404656
:1018300001F0C8F903460028DED121694046FFF7D0
:101840009DFDB4F90C300C2223F08003C8F8002071
:1018500017E7721C914626E70C22B4F90C30C8F841
:1018600000200EE74FF0FF30BEE600BF00FCFF7F18
:101870002DE9F8430746884600F538764FF0000911
:10188000D6E90154013D11D4A389012B05F1FF359F
:1018900008D9B4F90E300133214603D03846C04789
:1018A00049EA00096B1C04F16804EDD13668002E8A
:1018B000E6D14846BDE8F883002100F001B800BF3A
:1018C000FF289DBF024BC05C00F00800002070475D
:1018D000457D0308014B93F828017047EC1A00205E
:1018E00000487047DC1B0020704700BF704700BFF6
:1018F000704700BF704700BF38B50C46084D84469E
:10190000114620461A4600232B60644603F088FEE9
:10191000431C00D038BD2B68002BFBD0236038BDA2
:10192000809400202DE9F0418B890C46990796B0F0
:1019300008D504F143030122C4E90432236016B040
:10194000BDE8F081B4F90E100029064627DB6A468F
:1019500003F0F0F9002821DB019D05F47045A5F5A1
:101960000055B5FA85F54FF480686D094FF40067AE
:101970004146304600F046F8B4F90C30F0B1204A48
:10198000F26343F08003C4F81480A38120602061D7
:1019900035BB3B43A38116B0BDE8F081A38913F0AA
:1019A000800519D04FF040084146304600F02AF833
:1019B0000025B4F90C302F460028E0D19A05BED49A
:1019C00023F0030304F1430243F002030121C4E9BD
:1019D0000421A3812260B2E74FF480682F46C7E755
:1019E000B4F90E10304603F0DBFD10B9B4F90C3039
:1019F000CFE7A38923F0030343F001031BB2C8E739
:101A0000711003082DE9F04F01F10B06162E83B07B
:101A1000044624D8102900F2BA8000F08BFB10266F
:101A200018220220B54F3A44A2F1080153688B42B4
:101A300000F0BA805A68D96822F003021A449D68FF
:101A4000E9608D60516841F001012046516003F169
:101A5000080500F075FB284603B0BDE8F08F36F0AE
:101A6000070600F19480B14200F2918000F062FB21
:101A7000B6F5FC7FC0F09A81730A00F08F80042BCA
:101A800000F26F81B30903F1390003F1380CC30090
:101A90009A4F3B44A3F108055B689D4206D10CE0D8
:101AA000002980F22781DB689D4206D05A6822F027
:101AB0000302911B0F29F3DD60463D69DFF840C248
:101AC00065457CD06A6822F00302931B0F2B00F35C
:101AD0007B81002BC7E904CC80F26C81B2F5007FDA
:101AE00080F01A81D308796801334FEA521E01222F
:101AF00002FA0EF20A4357F833E0C5F808E007EBA4
:101B0000C3010839E9607A6047F83350CEF80C50C9
:101B1000831001219940914257D8114206D120F0FB
:101B200003004900114200F10400FAD007EBC0099C
:101B30004D468646D5F80C80454508D11DE1002B61
:101B400080F22481D8F80C80454500F01681D8F841
:101B5000042022F00302931B0F2BF0DD2046D8E96E
:101B6000025408EB060146F00106C8F80460EC6078
:101B7000A56043F00104C7E90411C1E902CC4C603F
:101B800048F8023000F0DCFA08F1080502E00C2306
:101B900023600025284603B0BDE8F08F4FF40073A2
:101BA00040204FF03F0C73E7D3689A4208BF0230E1
:101BB0007FF440AF3D69DFF848C1654582D17A685E
:101BC0008310012199409142A7D9BD686B6823F029
:101BD00003094E4503D8A9EB06030F2B7ADCDFF887
:101BE00024B1494BDBF800201B680132334405EB7C
:101BF000090A00F0338103F580530F3323F47F6823
:101C000028F00F084146204601F000FA411C024628
:101C100000F0F380824500F2EE803C4B19684144AD
:101C20001960084600F04E81DBF800100193013185
:101C30001BBFA2EB0A0A5044CBF80020186012F038
:101C4000070B00F01781CBF108010A44CBF5805156
:101C500090440831A1EB0801C1F30B0A514620461C
:101C6000009201F0D3F9421CDDE9002300F04F811E
:101C7000801A00EB0A081968BA6048F00100514464
:101C8000BD425060196000F02981B9F10F0F40F298
:101C900027816868A9F10C0C2CF0070C00F00100FA
:101CA00040EA0C0068604FF0050E05EB0C00BCF13B
:101CB0000F0FC0E901EE00F2328150681546144B57
:101CC0001A688A4238BF1960124B1A688A4238BFB4
:101CD000196094E0AA1943F0010346F001066E6012
:101CE0002046BA60536000F02BFA0835284603B04E
:101CF000BDE8F08FD9681A44A1E600BF581C002047
:101D0000601C0020602000207C9400204C94002067
:101D10007494002078940020B2F5206F4FEA52238B
:101D200063D3142B00F2B78003F15C01C9005B336D
:101D300007EB010E7958AEF1080E8E4500F0918048
:101D40004B6823F00303934202D989688E45F7D18B
:101D5000D1F80CE07A68C5E9021ECEF80850CD60D3
:101D6000D6E6142B59D9542B00F29D80330B03F186
:101D70006F0003F16E0CC3008AE60EF1010E1EF037
:101D8000030F05F108057FF4D5AE51E04244454606
:101D90005368D8F80C1043F00103536055F8083F1E
:101DA0002046D9608B6000F0CBF9F3E6F00806F12D
:101DB000080237E62A442046536843F00103536083
:101DC000083500F0BDF9E5E6A919204646F0010600
:101DD00043F001046E60C7E90411C1E902CC4C6014
:101DE000AB5000F0ADF90835D4E6930903F13901A1
:101DF000C90038339CE7BD425FD0BD68686820F0F9
:101E000003084645A8EB060302D80F2B3FF762AF45
:101E1000204600F095F90025BCE603F15C0003F1D3
:101E20005B0CC30034E659F808394B4540F0968006
:101E300010F0030F00F1FF30F5D17B6823EA0103B6
:101E40007B60490099423FF6C0AE19B9BDE6490032
:101E50000EF1040E1942FAD0704667E603F110083D
:101E6000D0E69A104FF001087B6808FA02F21A4394
:101E70007A6070E702EB08014942C1F30B0A514650
:101E80002046009201F0C2F8431CDDE900237FF4F4
:101E9000EFAEDA46EFE6542B25D8130B03F16F01B2
:101EA000C9006E3344E7B3F5AA7F25D8F30B03F1DD
:101EB000780003F1770CC300EAE5294B1868404429
:101EC0001860B1E6CAF30B0CBCF1000F7FF4ACAEA6
:101ED000BD68C84448F001006860F0E61546EEE6CB
:101EE0000123536094E7B3F5AA7F23D8D30B03F102
:101EF0007801C90077331BE740F25452934223D84C
:101F0000B30C03F17D0003F17C0CC300C0E5ABF121
:101F1000080BD844A8EB02084FF0000AABE605F125
:101F2000080120460093FFF729FABD68009B686806
:101F30001968C4E640F254518B420BD8930C03F15C
:101F40007D01C9007C33F3E64FF47E737F204FF0B0
:101F50007E0C9DE54FF47E717E23E9E67B6870E799
:101F60004C94002070B582B00546069C42B10C4EE0
:101F70000094D6F8E460B047431C0BD002B070BDAB
:101F8000074B0094D3F8E46011460123054AB0479B
:101F9000431CF3D100228A2322602B6002B070BD63
:101FA000EC1A0020387C030882B049B15AB16BB1F9
:101FB00013780B601278101E18BF012002B0704712
:101FC00001A9002AF3D1104602B070476FF001005A
:101FD000F4E700BF032A10B517D940EA010C1CF042
:101FE000030F04460B4623D119462046D1F800E0E2
:101FF000D0F800C0F44504F1040403F1040317D140
:10200000043A032A20461946EED8541EA2B100F124
:10201000FF3C013901E0C3180CD01CF801EF11F8A6
:10202000012F9645A4EB0C03F5D0AEEB020010BDDA
:10203000541EECE7184610BD104610BD88420DD95D
:102040008B1883420AD900EB020CBAB1624613F82E
:1020500001CD02F801CD9942F9D170470F2A0ED86F
:10206000034602F1FF3C4AB10CF1010C013B8C44E8
:1020700011F8012B03F8012F6145F9D1704740EAAF
:1020800001039B0750D1A2F1100370B501F1200CA0
:1020900023F00F0501F1100E00F11004AC441B09F0
:1020A0005EF8105C44F8105C5EF80C5C44F80C5C64
:1020B0005EF8085C44F8085C5EF8045C44F8045C74
:1020C0000EF1100EE64504F11004E9D1013312F0CF
:1020D0000C0F01EB031102F00F0400EB031327D0E8
:1020E000043C24F003064FEA940C1E441C1F8E4649
:1020F0005EF8045B44F8045FB442F9D10CF10104CA
:1021000002F0030203EB840301EB840102F1FF3CC4
:102110004AB10CF1010C013B8C4411F8012B03F87E
:10212000012F6145F9D170BD02F1FF3C03469BE7E9
:102130002246EBE70148FFF7DBBB00BF40940020DD
:102140000148FFF7D7BB00BF40940020C36C70B5B7
:1021500005460C464BB153F8240080B1026843F8A1
:1021600024200023C0E9033370BD2122042102F0A2
:1021700039FD0346E8640028EDD1002070BD01213F
:1021800001FA04F6721D9200284602F02BFD002889
:10219000F3D0C0E90146E4E731B1C36C4A6853F8B3
:1021A0002200086043F82210704700BF2DE9F0417B
:1021B0000D6907460E461C4601F1140E0020DEF89C
:1021C00000108BB202FB03434FEA134C090C02FBD5
:1021D00001CC01309BB203EB0C4385424EF8043B2B
:1021E0004FEA1C44EBDC3CB1B368AB4207DD06EBC5
:1021F000850301355C6135613046BDE8F081716869
:1022000038460131FFF7A2FF8046A8B13269023299
:1022100006F10C0192000C30DFF73EF9FB6C72689E
:1022200053F82210316043F82260464606EB8503DE
:1022300001355C613561DFE7024B03484246B52159
:10224000F7F7A6FB587E0308FC7E03082DE9F84348
:102250000C4628491E46174603F1080281FB02314D
:10226000092E4FEAE2730546C3EB610339DD4FF0F7
:10227000010C00214FEA4C0C634501F10101F9DC2E
:102280002846FFF763FF014668B3089B4361092FA7
:102290004FF00103036112DC0A340927BE420BDD53
:1022A000F61B264414F8013B0A22303B2846FFF770
:1022B0007DFFA6420146F5D10846BDE8F88304F14A
:1022C0000909C8463C4418F8013B0A22303B28461D
:1022D000FFF76CFFA0450146F5D1A7F108044C4477
:1022E000DCE70021CCE70A46034B0448CE21F7F790
:1022F0004FFB00BF398EE338587E0308FC7E03088D
:10230000020C12040346CAB90304102013F07F4FD5
:1023100004BF1B02083013F0704F04BF1B010430D0
:1023200013F0404F04BF9B000230002B05DB13F07D
:10233000804F00F1010008BF202070470020E5E732
:102340000368024613F0070007D0D9071DD4980789
:102350001FD55B0813600120704799B209B91B0CA7
:102360001020D9B209B908301B0A190704BF1B098C
:102370000430990704BF9B080230D90703D45B08D7
:1023800000F1010003D01360704700207047202047
:1023900070479B0813600220704700BF38B5C36CBC
:1023A00004460D464BB15868B0B102685A6000222D
:1023B0000123C0E90435C26038BD2122042102F0A6
:1023C00011FC0346E0640028EDD1094B09480022C6
:1023D0004FF4A071F7F7DCFA1C220121204602F02D
:1023E00001FC0028F1D001220223C0E90123DEE72D
:1023F000587E0308FC7E03082DE9F04F0E6915692D
:10240000AE4285B08846144605DB2A46234635464B
:102410000C4616469846A3686168AF19BB42B8BF20
:102420000131FFF793FE0190002800F08780019BA7
:1024300003F1140909EB870AD14505D24B46002266
:1024400043F8042B9A45FBD808F1140808EB860BD7
:1024500004F11403D8451A4603EB85055FD22B1B04
:10246000153B23F0030304331534A54238BF04237E
:10247000CDE902A7AC461F46924605E0000C29D1E3
:10248000C34509F1040948D958F8040B85B2002D59
:10249000F4D056464C46002356F8040B216882B20D
:1024A0001FFA81FE05FB02EE000C0A0C734405FBCB
:1024B000002202EB13429BB243EA0243B44544F8C4
:1024C000043B4FEA1243E7D849F8073058F8040CA8
:1024D000000CD5D0D9F80030544619464D4600229C
:1024E0002688090C00FB06110A449BB243EA02430A
:1024F00045F8043B54F8046B2968360C8BB200FB9A
:10250000063303EB1243A4454FEA1342E8D8C34510
:1025100049F8073009F10409B6D8DDE902A7002F10
:1025200002DC05E0013F03D05AF8043D002BF9D04E
:10253000019B18461F6105B0BDE8F08F034B0448AE
:10254000019A40F25D11F7F723FA00BF587E0308A5
:10255000FC7E030812F003032DE9F0411446064601
:1025600032D10D46A41020D0D6F84880B8F1000F23
:1025700033D0E3074FF0000707D4641015D0D8F824
:102580000000A8B18046E307F7D542462946304609
:10259000FFF732FFB5B16968F36C641053F821207E
:1025A0002A6043F821500546E9D12846BDE8F0816C
:1025B000424641463046FFF71FFFC8F8000007605B
:1025C0008046E0E70546D8E7013B0F4A52F8232052
:1025D0000023FFF7EBFD0546C4E701213046FFF776
:1025E000B5FD804640B1012340F27122C0E90432BA
:1025F0000023B0640360BCE7044B054842464FF437
:10260000A071F7F7C5F900BF70800308587E030872
:10261000FC7E03082DE9F0470C4690462669A36826
:10262000496806EB6216751C9D4207464FEA62191F
:1026300004DD5B009D4201F10101FADC3846FFF741
:1026400085FD8446002851D0B9F1000F00F1140037
:102650000EDD09F105024FEA820E03460CEB820201
:10266000002143F8041B9342FBD1AEF1140318443C
:10267000216904F1140318F01F0803EB81012DD028
:10268000C8F1200986464FF0000A1A6802FA08F2DB
:1026900042EA0A024EF8042B53F8042B994222FA1C
:1026A00009FAF2D80B1B153B23F00303043304F1A2
:1026B0001502914238BF0423BAF1000F18BF2E460D
:1026C00040F803A0FB6C6268CCF8106053F822104D
:1026D0002160604643F82240BDE8F087043853F893
:1026E000042B40F8042F9942F9D8EBE7034B044838
:1026F000624640F2D911F7F74BF900BF587E030844
:10270000FC7E03080B6984460069C01A15D10CF1E0
:10271000140C14310CEB830210B401EB830301E0C1
:10272000944508D252F8044D53F8041D8C42F7D05A
:1027300004D24FF0FF3010BC70477047012010BC2E
:10274000704700BF2DE9F84F0F691369FF1A002F7A
:102750000E4690467AD101F11405143202EB830241
:1027600005EB830301E09D4273D253F8041D52F838
:10277000044DA142F7D064D37168FFF7E7FC8146AE
:10278000002872D03569D8F81020C76008F1140EFF
:1027900006F1140009F1140A06F1100C0EEB820286
:1027A00000EB8507564600215EF8044B5CF804BF39
:1027B000A3B211FA8BF1CB1A210CC1EB1B4101EB37
:1027C00023419BB243EA0143724546F8043B4FEA7A
:1027D0002141E9D8A2EB0804153C08F1150842454F
:1027E00024F0030606F1040638BF0426304424F022
:1027F000030238BF002287425244B24416D95646DB
:10280000044654F8043B11FA83F10A1402EB134214
:1028100089B241EA0243A74246F8043B4FEA22410B
:10282000EFD87A1E101A20F00302524423B952F84E
:10283000043D013D002BFAD0C9F810504846BDE8D0
:10284000F88F334601274646984695E7F9DB00277F
:1028500092E70021FFF77AFC814668B1012200234C
:10286000C9E904234846BDE8F88F074B07484A46A4
:102870004FF41071F7F78CF8034B04484A4640F2C6
:102880003221F7F785F800BF587E0308FC7E030865
:102890000F4B0B40A3F15073002B02DD00201946B3
:1028A00070475B42B3F1A07F4FEA235205DA4FF441
:1028B0000023002043FA02F17047143A1E2ADABFBF
:1028C0004FF0004323FA02F2012200211046704724
:1028D0000000F07F2DE9F843066900F1140808EBC9
:1028E0008606A6F1040956F8047C3846FFF708FD71
:1028F000C0F120030A280B6036DDC8451ED2B0F1B6
:102900000B0356F8082C26D0C3F1200C22FA0CF148
:102910009F400F43A6F1080147F07F55884545F4D5
:1029200040153AD202FA03F056F80C3C23FA0CF3A5
:1029300003431C4620462946BDE8F883B0F10B034B
:1029400008D007FA03F343F07F55002345F4401500
:102950001C46EFE71A4647F07F5545F440151446EC
:1029600020462946BDE8F883C0F10B0327FA03F29D
:10297000C84542F07F553CBF56F8082CDA4000F1BC
:10298000150328BF002207FA03F345F4401543EA74
:10299000020420462946BDE8F88302FA03F31C46E8
:1029A000C8E700BF70B5012182B016461D46FFF78B
:1029B000CDFB044600284BD02B46C5F30A55C3F384
:1029C00013030DB143F48013002E019322D0684607
:1029D0000096FFF7B5FC002836D0019B0099C0F1A6
:1029E000200203FA02F20A43C34001936261002B02
:1029F00014BF02210121A3612161ADB1069AA5F2A4
:102A0000334303441360079BC0F135001860204630
:102A100002B070BD01A8FFF793FC019B0121C4E93E
:102A200004132030002DE9D104EB8102A0F23243DF
:102A30001069069A1360FFF763FC079BC0EB411116
:102A40002046196002B070BDDDE900236261CEE767
:102A5000034B0448224640F20A31F6F799FF00BFC3
:102A6000587E0308FC7E03082DE9F04383B00F462F
:102A700069468046FFF72EFF04460D46384601A9F9
:102A8000FFF728FFD8F810303A690F469A1ADDE9A7
:102A90000013CB1A03EB4213002B06460BDD05EBAC
:102AA00003594D4632463B4620462946DDF74EFE49
:102AB00003B0BDE8F083C3EB033307EB03510F46CC
:102AC000F0E700BF0139491101F1010C116902F170
:102AD000140303EB81018B4200EB8C0C16D210B572
:102AE000A0F1040E53F8044B4EF8044F9942F9D864
:102AF0008B1A153B23F0030304331844844504D98F
:102B0000002340F8043B8445FBD810BD844505D91B
:102B1000002340F8043B8445FBD87047704700BF52
:102B200003694A11934200F1140009DA00EB8303B0
:102B300002E053F8042DC2B98342FAD8002070474E
:102B400010DD11F01F010DD010B450F8224000EB41
:102B5000820324FA01F202FA01F18C420BD0012027
:102B600010BC704700EB8203E6E70120704753F882
:102B7000042D002AF3D18342F9D8002010BC7047FD
:102B800038B50C46084D8446114620461A460023A7
:102B90002B60644602F04CFD431C00D038BD2B680E
:102BA000002BFBD0236038BD8094002010B4044C6F
:102BB00003460A46206810BC194600F003B800BF5F
:102BC000BC1600202DE9F84F1746002900F0988028
:102BD00007F10B0580460C46FFF7ACFA162D5DD8C1
:102BE00010252A46AF425ED854F8041C21F0030693
:102BF0009642A4F1080962DABC4BD3F808C009EB8D
:102C00000600844500F09780D0F804C02CF0010342
:102C100003445B68DB0768D42CF0030C06EB0C0361
:102C2000934247DACB0710D454F8083CA9EB030AC7
:102C3000DAF8043023F003018C44B444944580F264
:102C400011817318934280F2E88039464046FEF7BE
:102C5000D9FE0746E0B154F8043C23F001034B448D
:102C6000A0F10802934200F0D280321F242A00F221
:102C7000F580132A00F2AC800346224611681960E1
:102C80005168596092689A6021464046FEF776FB8B
:102C90004046FFF755FA3846BDE8F88F25F007059E
:102CA000002D2A469EDA0C23C8F80030002738464B
:102CB000BDE8F88F1E46D0E90223D3609A60731BEB
:102CC0000F2B22D8D9F8043003F0010333434E44CC
:102CD000C9F80430736843F0010373604046274627
:102CE000FFF72EFA3846BDE8F88FC907ADD454F87F
:102CF000083CA9EB030ADAF8041021F00301A0E76D
:102D0000BDE8F84F1146FEF77DBED9F8041001F07A
:102D100001012943C9F8041009EB05014E4443F0B1
:102D200001034B60736843F0010308317360404650
:102D3000FEF724FBD2E7DCF8040020F0030B06EBDF
:102D40000B0C05F1100084454DDAC9073FF57DAF46
:102D500054F8081CA9EB010ADAF8041021F0030169
:102D60008B44B34458453FF76CAF5746DAF80C1024
:102D700057F8080F321F242AC160886000F2DB80F8
:102D8000132A40F2D6802168CAF808106168CAF890
:102D90000C101B2A00F2DF8008340AF110022168AF
:102DA000116061685160A16891600AEB0501ABEBAD
:102DB000050242F0010299604A60DAF8043003F03B
:102DC00001031D434046CAF80450FFF7B9F96EE706
:102DD00023680360636843601B2A68D804F1080213
:102DE00000F108034AE709EB05029A60ACEB050322
:102DF00043F00103536054F8043C03F001031D4306
:102E0000404644F8045CFFF79BF927464FE750F82B
:102E1000043C23F003031E4451E75746DAF80C1034
:102E200057F8080F321F242AC16088604CD8132A33
:102E300048D92168CAF808106168CAF80C101B2A22
:102E400056D808340AF110021E46236813606368DE
:102E50005360A3689360D1463C4630E72146FFF7B4
:102E6000EDF811E7D0E902135746CB60996057F8A7
:102E7000081FDAF80C30CB60321F242A99602DD855
:102E8000132A29D92368CAF808306368CAF80C30B5
:102E90001B2A42D808340AF1100322681A606268BB
:102EA0005A60A2689A606646D1463C4607E7A36826
:102EB0008360E368C360242A26D004F1100200F185
:102EC0001003DBE63A46BFE7214638461E46D146A8
:102ED000FFF7B4F83C46F2E63B46DEE721463846CB
:102EE0006646D146FFF7AAF83C46E8E6581C0020A3
:102EF000A168CAF81010E168CAF81410242A20D07A
:102F000010340AF118029FE7236903616169416186
:102F100004F1180200F11803B0E6A368CAF81030F3
:102F2000E368CAF81430242A21D010340AF11803B7
:102F3000B3E73A4633E721463846FFF77FF8164BAA
:102F400033E72269CAF818206269CAF81C201834CD
:102F50000AF1200278E7A168CAF81010E168CAF8FF
:102F60001410242A0DD010340AF1180217E723692F
:102F7000CAF818306369CAF81C3018340AF1200303
:102F80008BE72269CAF818206269CAF81C20183435
:102F90000AF1200203E700BF581C0020DFF860C0E0
:102FA000F8B521F000430027634504460D46164658
:102FB000176022DC844653EA0C0C1ED0DFF844C0B4
:102FC00001EA0C0C0A46BCF1000F09D10E4B00229D
:102FD000DDF792FA6FF0350704460A4621F0004308
:102FE00022F0FF421B1522F4E002A3F2FE3342F06E
:102FF0007F553B4445F40015336020462946F8BD13
:10300000FFFFEF7F0000F07F0000504338B5074D11
:103010000022044608462A6002F012FB431C00D03E
:1030200038BD2B68002BFBD0236038BD8094002076
:10303000F0B50D785E2D044621D0002201F1010C7F
:103040009646631E04F1FF0103F8012F8B42FBD16A
:1030500095B18EF00102E64362550CF1010E1EF8A7
:10306000013C2D2B704610D05D2B04D013B11D46B2
:10307000F446F1E76046F0BD0CF1FF30F0BD0122EF
:103080004D7801F1020C9646DBE79CF801005D28C3
:10309000EDD08542EBDC6F1C0CF1020CE31903F858
:1030A000012BF1188842FADC431B013B8542A8BF83
:1030B00000230EF1020EDD19D1E700BF0048704772
:1030C0000000C07F38B5154B1F281D6820D8D5F8E3
:1030D000DC22044662B152F820304BB1012B15D0EE
:1030E000591C0FD0002542F820509847284638BD7B
:1030F000284600F02BF8224601462846BDE8384015
:1031000000F00EB816232B60012038BD002038BD1A
:1031100016232B604FF0FF3038BD00BFBC160020D7
:1031200070B50C46084D03460026204611461C4645
:103130002E6002F06DFA431C00D070BD2B68002B8E
:10314000FBD0236070BD00BF8094002002F050BA15
:1031500011F0FF01034644D0820732D110B5046854
:1031600041EA012E4EEA0E4E8EEA0402A2F101332C
:1031700023EA0203A4F1013222EA0402134313F00A
:10318000803F0FD150F8044F84EA0E0CA4F10133B4
:10319000ACF1013223EA040322EA0C02134313F0D8
:1031A000803FEFD0037823B936E010F8013F002BC1
:1031B00032D09942F9D110BD8A4211D09A071846EF
:1031C000CCD0184613F8012B002AF5D110467047D1
:1031D0009907184607D0184601330278002AF7D11C
:1031E00070478207F7D10268A2F1013323EA020394
:1031F00013F0803F08D150F8042FA2F1013323EAE5
:10320000020313F0803FF6D00378002BE8D010F8CB
:10321000013F002BFBD17047184610BD30B540EA86
:103220000104A30701D1032A0FD8844601F1FF3E10
:1032300007E01EF8011F03F8011B541EC1B19C4694
:1032400022466346002AF4D130BD0B468446194617
:1032500053F8045BA5F1013424EA050414F0803F1F
:10326000E4D1043A032A4CF8045B1946EFD8DDE7B1
:103270006244002CE8D003F8011B9342FBD130BD1F
:1032800071B1034600EB010C01E0634506D01A461C
:10329000013311780029F8D1101A7047181A7047B5
:1032A00008467047000000002DE9F04F1C46984B7F
:1032B0001B68A1B0002581461846884608921C95D7
:1032C0000493DEF7FDFA002183460020CDE90601D4
:1032D000CDF86C804246174612F8013B2D2B2FD8B3
:1032E000DFE813F0A1002E002E002E002E002E008D
:1032F0002E002E002E00AF00AF00AF00AF00AF00D9
:103300002E002E002E002E002E002E002E002E004D
:103310002E002E002E002E002E002E002E002E003D
:103320002E002E00AF002E002E002E002E002E00AC
:103330002E002E002E002E002E0006042E00FC0370
:1033400000220A92302B7ED0002209922F2B1C469D
:1033500040F233854FF0000A38465646554612E093
:103360000130082D1B90C8BF0AEB8A0A0478C6BF3B
:1033700003EB4A03A3F1300AA2F130062F2C05F12A
:103380000105234670DD06EB8602392C03EB420271
:10339000E6DD04995A46F6F7E5FC0346002835D1E8
:1033A0001B9A11465A441B9211F80B40002D40F015
:1033B000AC85302C40F06485C2F101015318013214
:1033C0001B921478302CF9D0A4F13102082A00F2B3
:1033D0003883A4F1300E1B9C03F1010B002301255F
:1033E0002746049306EB86060EEB46060023621C76
:1033F0001B926478A4F13001092900F2ED820133B7
:103400008E46002940F0B8841B9CF0E70023652C11
:1034100004959B469E4601D0452C32D1002D7CD18F
:10342000099A1A4378D1089B13B1089BC3F800800E
:103430004FF0000BCDF810B00499584621B0BDE80C
:10344000F08F1B9247E77B7803F0DF03582B00F0E7
:10345000748401371B973B78302BFAD0002B00F097
:10346000CC800122099271E704995A46F6F77AFC5A
:103470000346002800F0D68004954FF0000B5B4611
:10348000DE4600220B92002D00F09380049A134632
:10349000002A08BF2B4630460493DCF7B3FF0B46E7
:1034A0000246CDE906230B9B102DA3EB0B032C4604
:1034B000A8BF1024092D0E9313DD164B03EBC40394
:1034C00053E91223DDF718F8CDE906015046DCF781
:1034D00099FF02460B46DDE90601DCF757FECDE910
:1034E00006010F2D00F3A7800E9B002B00F018841F
:1034F0000E9B40F39283162B40F3F9840E9AC5F18C
:103500002503934280F20C850E9B2C1B1C4498E0F3
:1035100068820308A87F03080025DDF86C8008F1A5
:1035200001021B9298F801402B2C00F087822D2C71
:1035300000F0218200220E92A4F13002092A00F24A
:103540001582302C05D11B9A01321B921478302C35
:10355000FAD0A4F13102082A93D81B990B914A1C86
:103560001B92A4F130004C782F2C09DC00F034BC05
:1035700001321B929CF801402F2CA1F1300006DD96
:1035800000EB8001392C944604EB4101F0DD0B99EE
:10359000521A082A40F3208444F61F620B920E9AB6
:1035A000002A3FF470AF0B9A52420B92002D7FF429
:1035B0006DAF099A134320D1BEF1000F7FF433AFF2
:1035C000692C00F03B8400F34183492C00F03684E1
:1035D0004E2C7FF428AFAC491BA801F0F1FE002867
:1035E0003FF421AF1B9B1B78282B00F06D85A7486B
:1035F00001F0E8FF8346049103E04FF0000BCDF8A3
:1036000010B0089A0AB11B9B13600A9B002B3FF471
:1036100013AF049901F1004304930499584621B073
:10362000BDE8F08F1B9A049502EB0B011B9112F879
:103630000B409B46DEE60E9B2C1B1C44002C40F3EB
:103640000A8314F00F000AD0914901EBC001DDE9B3
:103650000623D1E90001DCF74FFFCDE9060134F084
:103660000F0340F08B8200230993049A00962B46A7
:1036700039464846FEF7EAFD1390002800F05583CE
:103680000B9BABEB03000E9B002BB4BF024600224A
:103690000F9223EAE3730022934612939046139C01
:1036A00048466168FEF752FD0746002800F0418158
:1036B00022690232920004F10C010C30DDF7ECFEBD
:1036C000DDE9060104910B461EA901911DA90B908D
:1036D000024600914846FFF765F91C90002800F06B
:1036E000188101214846FEF759FE8046002800F067
:1036F00020811D9B002BC0F20F810F9A129D9E18F6
:10370000099A1E9C9B1A2344624A013B9342C4F1CE
:10371000360480F2AE80D21A1F2AA4EB020400F312
:103720001D814FF0010A00230AFA02FA0C93099B4B
:1037300025443444A6421D443346A8BF2346AB4229
:10374000A8BF2B46002B02DDE41AED1AF61A0F9BD8
:10375000002B00F3BE80002C00F3D2800E9B002BC8
:1037600000F3DE80002D00F3EF80002E08DD4146DF
:1037700032464846FEF74EFF8046002800F0D980CA
:103780001C993A464846FEF7DDFF8346002800F0C4
:10379000D0800026C368C66041461093FEF7B2FF92
:1037A000B042C0F2638400F0D28341465846FFF72E
:1037B0005BF900224FF0804304460D46DDF718F90F
:1037C00000286FD0109B002B00F0E180079B119325
:1037D000314B314C0022CDE90C2335462F4E119A46
:1037E0002F4B02EA060A9A4500F0FC80099B93B130
:1037F000BAF1D46F0FD822A3D3E90023284621467B
:10380000DDF7F6F8002840F087810D9B03F1D663C1
:10381000A3EB0A030D93049E0B98DDE90C233146BC
:10382000CDE90423FFF734F802460B46DDE9040135
:10383000DCF762FE33460B9ADCF7A8FCCDE9060103
:103840000E46099B23B9154B33409A4500F002817F
:103850001C994846FEF7A0FC39464846FEF79CFCFA
:1038600041464846FEF798FC59464846FEF794FC08
:1038700015E700230C934FF0010A58E7AFF30080DF
:103880000000C0FFFFFFDF4188800308387C030889
:10389000A87F030802FCFFFF0000F03F0000F07F5C
:1038A0000000E07FAE4B204629460022DCF724FED4
:1038B000109B024605460C46002B64D101F10043E3
:1038C00014901593079B1193DDE91423CDE90C2384
:1038D00084E741461A464846FEF73CFE804640B320
:1038E00001461C9A4846FEF787FD10B310901C99BC
:1038F0004846FEF751FC109B1C93002C7FF72EAF1F
:103900001C9922464846FEF785FE1C9000287FF44D
:1039100025AFBA465E460FE0129A0F9ED51AEFE623
:103920003946129A4846FEF715FE074600287FF4EE
:1039300019AFBA465E461C982223C9F80030894B5D
:1039400004934FF0000BB4E039462A464846FEF790
:1039500061FE074600287FF408AFEAE7824A4FF08D
:10396000010AD31A0AFA03F30C93E0E60022CDF819
:103970006C800B9287E501220E9208F102021B92E5
:1039800098F80240D8E50B46CDE914239AE7DDE923
:103990000612002940F0AF80C2F313031192002BEE
:1039A00040F0AF80714B002220462946DDF716F823
:1039B000002840F0AE826A4B204629460022DCF700
:1039C0009BFD01F1004305460C4618901993DDE973
:1039D0001823CDE90C2301E7652C4FF0010E3FF4CD
:1039E0009CAD19E5A2F154730793DDE90623DDE9E7
:1039F0000C01CDE9060110461946CDE90C23FEF76E
:103A000047FF02460B46DDE90601DCF775FDDDE9FF
:103A10000C23DCF7BBFB564A0E409642CDE906016B
:103A200076D9049A534B9A4202D10B9B013380D032
:103A3000504A4FF0FF33CDE9063209E700220E92DB
:103A40009BE7652C00F0FB80452C00F0F8804FF0E0
:103A5000010EAEE528462146DEF730F8DCF71EFD04
:103A60000B46024621462846DCF78EFB109C069D3D
:103A7000C6F3130644EA050C5CEA060304460D4649
:103A800000F0C28032A3D3E90023DCF7A7FF48B9D6
:103A900031A3D3E9002320462946DCF7BDFF0028E7
:103AA0003FF4D6AEDDE906341C9804945E46BA466F
:103AB0009B4601464846FEF76FFB51464846FEF7D7
:103AC0006BFB41464846FEF767FB13994846FEF7F5
:103AD00063FB31464846FEF75FFB92E501230A93FC
:103AE0007A1C1B927B78002B3FF49DAC174629E48F
:103AF00000230A93F4E7DDE90612012900F074813E
:103B000011921D4B194C0022CDE90C23002565E6CE
:103B100001F15476079694E621462846DCF786FFA5
:103B2000012838BF0120DCF76DFC109B02460546DA
:103B30000C46002B40F0698101F100431690179369
:103B4000DDE91623CDE90C235FE600BFAFF300806B
:103B50009535A094FFFFDF3F35E5AF350000E03F2E
:103B60000000E03F0000F07FE2FBFFFF0000F03FBD
:103B7000FFFF9F7CFFFFEF7F0000F0BFB3F59A7F50
:103B800000F3D380102B4FEA2314A54B40F3C682D9
:103B9000DDE906019846099300239A4614F0010FC7
:103BA0000AF1010A4FEA640404D0D8E90023DCF7E3
:103BB000A3FC0123012C08F10808EFD10BB1CDE9DA
:103BC0000601099B03EBCA01079BA3F154730793FA
:103BD000DDE90623D1E90001DCF78EFC914BCDE94C
:103BE00006010B400A4690498B4200F29E80A1F5E7
:103BF00080118B4240F21C828C494FF0FF33CDE99B
:103C000006310023099330E583A3D3E90023DCF7D1
:103C1000E5FE00283FF41CAE44E71633FFF60BAD7B
:103C20000B9BABEB0302824B03EBC203DDE9060106
:103C3000D3E90023DCF78AFD83460491E1E4002206
:103C4000049293464FF0010EFFF7EABB6E2C3FF44F
:103C5000C2ACFFF7E8BB3FF406AD644214F00F02BC
:103C60000AD0734B03EBC203DDE90601D3E900235D
:103C7000DCF76CFDCDE9060124113FF4F4AC1F2CF8
:103C800035DC14F01003DDE9060118BF6A23DFF804
:103C9000A48109930023E20704D5D8E90023DCF7C7
:103CA0002BFC0123641008F10808F4D10BB1CDE915
:103CB0000601099B93B1DDE90601C1F30A52C2F185
:103CC0006B03002B0ADD1F2B40F350820020342BA6
:103CD000069040F356824FF05C730793DDE90601CE
:103CE00000220023DCF770FE00283FF4BEAC222344
:103CF0004FF0000BC9F80030CDF810B081E41E9BE6
:103D000006931D9B03F233421F9B23F4801343EA67
:103D100002530793200742BF079B43F000430793DA
:103D2000DDE906349B4604946BE43E4A0492222368
:103D3000C9F800304FF0000B63E40A9B01931CAB01
:103D4000029400933C4A1DAB1BA9484601F05AF867
:103D500010F0070504463FF450AC062D40F0938068
:103D6000089B0137002B3FF463AB4FF0000B1F6043
:103D7000CDF810B0FFF760BB6A1C012B1B9C9B4465
:103D8000104615D02B4403F1FF3C03E04600944558
:103D90000DD001322B46082B154606EB8600F5D9CF
:103DA000102ADCBF0AEB8A0A4FEA4A0AEFE7981C9E
:103DB000082D5BDC0546FFF715BB04995A463846CB
:103DC000F5F7D0FF002800F0888000231D460493FB
:103DD0009A461E46FFF751BB44F61F629042A8BFA9
:103DE00010460B90FFF7DBBBDDE906341194002C85
:103DF0007FF487AEBA465E4622234FF0000B1C9834
:103E0000C9F80030CDF810B053E60B46CDE91623C3
:103E100096E600BFAFF300809535A094FFFFCF3F3B
:103E2000807F03080000F07F0000A07CFFFFEF7F91
:103E3000A87F0308B88003088C800308AD491BA83D
:103E400001F0BEFA00283FF4EEAA1B9BAA49013BF1
:103E50001BA81B9301F0B4FA10B91B9B01331B93F1
:103E6000A64B04934FF0000BFFF7CBBB1028DCBF31
:103E70000AEB8A0A01EB4A0A05460023FFF7B7BAA4
:103E80000023FFF7A1BA1C9A3AB135211EA8FEF70C
:103E900019FE1C994846FEF77FF9013D042D3FF6B7
:103EA00039AF01A353F825F0FF3C0308D13E0308C6
:103EB000CB3E0308BD3E0308FF3C03084FF0FF3331
:103EC0006FF00045CDE9063524E78C4B079321E7D9
:103ED0001E9B06931F9B07931CE71B9A13465A448D
:103EE0001B9213F80B4006468246FFF762BA0E9803
:103EF000834901EBC001DDE90623D1E90001DCF7CC
:103F0000FBFA83460491FFF77CBB04958346FFF7D9
:103F100071BA7C4B7C4C109D0022CDE9182356E5EC
:103F2000774CC5F10F0504EBC501DDE90623D1E9A6
:103F30000001DCF7E1FA0E9B5D1B04EBC504D4E93C
:103F40000023DCF7D9FA83460491FFF75ABB109B94
:103F50005E46D446BA46DDE90BB7002B6FD0DDE9EB
:103F600006456A4BC5F3130199422A463CD0002FFF
:103F700000F0A380DDE906231F421C4621D0109BE0
:103F800004995846002B00F0CD80FEF781FC099D76
:103F900002460B467DB1C4F30A54C4F16B04002CF5
:103FA00009DD240504F17F53002203F54013DCF7FB
:103FB000A3FA02460B4604995846DCF7E7F8834615
:103FC0000491099B73B10499514B58460022DCF7C8
:103FD00093FA03460B4308BF22238346049108BF8C
:103FE000C9F800301C9864E5099B0699002B00F085
:103FF000C580424B2B40B3F1D46F00F2BF801B0D44
:10400000C3F16B034FF0FF3000FA03F39942AED1D6
:10401000404B9A4200F0D880384B134003F5801390
:10402000079300230693DDE906349B460494C8E712
:1040300002F15473079300230993FFF716BBDDE9E0
:104040000612C2F313030B43144690D1099B002BB5
:1040500040F0AF80294B2340A3F580136FEA135340
:104060006FEA035307934FF0FF33DBE7DDE90612F6
:10407000109B0B4358465E46BA46DDF82CB0A0D1E3
:10408000C2F313031446002B9BD122F000431B0DF7
:104090001B05B3F1D66F94D9436913B90369012B9A
:1040A0008FDD314601224846FEF7B4FA4146064606
:1040B000FEF728FB002884DDC8E7DDE906341CEAAA
:1040C000030F3FF47EAF5AE713491BA81EAA01F065
:1040D00091F905287FF48BAA1F9B43F0FF4343F41B
:1040E000E00307931E9B0693DDE906349B46049488
:1040F000FFF787BA7C800308808003080000F07F08
:10410000A87F03080000E0BF0000E03FFFFF0F00B2
:1041100000005039FFFFEF7FA080030809934FF0A4
:10412000000A4EE5FEF7B4FB099D02460B4695B327
:10413000C4F30A54C4F16B04002C09DD240504F116
:104140007F53109A03F54013DCF7D6F902460B466D
:1041500004995846DCF718F800220023834604919E
:10416000DCF732FC00283FF42EAF45E64FF0FF327B
:1041700002FA03F3069A1A400692AFE54FF0FF33B6
:1041800044E74FF0FF33C2F14B0203FA02F202EAB6
:1041900001030793A2E504995846DBF7F5FF0022D7
:1041A000002383460491DCF70FFC00283FF41AAF8C
:1041B00022E6084B2340B3F1D66F3FF74DAFB3F182
:1041C0005C7F3FF700AF17E601317FF425AFFFF7C3
:1041D000B2BB00BF0000F07F014BFFF765B800BF26
:1041E000EC1A00202DE9F04F814645488E46754671
:1041F0001EF801CB10F80C4014F00804F7D1BCF104
:104200002D0FE34654D0BCF12B0F08BF9EF800B031
:104210006FF0004808BF05F1020E1BB1102B4FD004
:104220001F4604E0BBF1300F55D00A231F4600257E
:10423000B8FBF7F6284607FB168A07E0864215D337
:1042400029D007FB00C001251EF801BBABF1300CE3
:10425000BCF1090F06D9ABF1410CBCF1190F08D81C
:10426000ABF1370C63450DDD002DE7DA4FF0FF357C
:10427000EAE7ABF1610CBCF1190F03D8ABF1570CB5
:104280006345F1DC002D0BDB04B140420AB195BB64
:104290001160BDE8F08FE245D3DA4FF0FF35D3E788
:1042A0002223C9F800301AB30EF1FF314046EFE780
:1042B0009EF800B04FF0004805F1020E0124ACE773
:1042C000BBF1300FACD19EF8000000F0DF005828A1
:1042D00007D01F46ABE79EF8003003F0DF03582BF2
:1042E0000BD110279EF801B03B460EF1020E9EE75F
:1042F0004046BDE8F08F8046D6E708231F4696E784
:10430000457D0308012B03D0242B01D8FFF76ABF9A
:1043100010B500F0A3FC16230360002010BD00BF01
:104320002DE9F04F85B01F46584B03908A46009206
:104330000D462A4615F8014B1E5D16F00806F8D109
:104340002D2C76D02B2C05BF2C7802960296951C2E
:104350004FF0FF366FF0004B2FB1102F70D0B846E2
:104360004FEAE77905E0302C75D04FF00A08B946DE
:10437000474642464B4630465946DCF70BFF002382
:10438000019284460A461846194611E08A4208BF3F
:1043900084453ED000FB09F308FB0131A0FB080374
:1043A00019441EEB000041EBEE71012315F8014B9F
:1043B000A4F1300EBEF1090F06D9A4F1410EBEF1F1
:1043C000190F0CD8A4F1370E774511DD5C1CEDD028
:1043D000844572EB0103D9D24FF0FF33E6E7A4F135
:1043E000610EBEF1190F03D8A4F1570E7745EDDC2D
:1043F0005A1C14D0029A12B1404261EB4101009A5A
:1044000022B1002B39D1009BC3F800A005B0BDE854
:10441000F08F019B7345BDDA4FF0FF33C6E7039A77
:1044200022231360009B1BB305F1FF3A3046594627
:10443000E9E701232C780293951C4FF0004B8BE7A2
:10444000302C04D12B7803F0DF03582B08D0B8466A
:104450004FF000098DE72B7803F0DF03582B0FD1C5
:104460004FF010086C784FF000090235474680E79E
:104470003046594605B0BDE8F08F06468B46D3E777
:104480004FF00808B946474673E700BF457D03086B
:10449000FFF746BF2DE9F04707464B480E46354625
:1044A00016F801CB10F80C4014F00804F7D1BCF159
:1044B0002D0FE64658D0BCF12B0F04BF96F800E054
:1044C000AE1C5BB1102B54D04FF0FF38B8FBF3F8A3
:1044D00003FB08FA6FEA0A0A994608E0BEF1300FBA
:1044E0005AD00A23DFF8E4804FF0050A99460025E8
:1044F000284607E0404515D829D009FB00C0012512
:1045000016F801EBAEF1300CBCF1090F06D9AEF193
:10451000410CBCF1190F08D8AEF1370C63450DDD25
:10452000002DE7DA4FF0FF35EAE7AEF1610CBCF1A0
:10453000190F03D8AEF1570C6345F1DC002D0BDBEE
:1045400004B140420AB16DB91160BDE8F087D445AD
:10455000D3DD4FF0FF35D3E722233B604FF0FF3030
:10456000002AF2D0711EEFE796F800E00124AE1C9D
:10457000A7E7BEF1300F21D1307800F0DF005828D6
:1045800016D14FF0100996F801E04FF00F0A0236ED
:104590006FF070484B46AAE7337803F0DF03582BDF
:1045A000EFD008234FF0070A6FF0604899469EE766
:1045B00099466FF070484FF00F0A98E74FF00F0AD6
:1045C0006FF07048994692E7457D030899999919CB
:1045D000FFF760BF2DE9F04F85B08A460192614A2E
:1045E00003901E460D46294615F8014B135D13F046
:1045F0000803F8D12D2C7ED02B2C03BF2C780293EE
:104600008D1C0293C6B1102E7AD04FEAE67B32465B
:104610005B464FF0FF304FF0FF31DCF7BBFD324619
:10462000074688465B464FF0FF304FF0FF31DCF71E
:10463000B1FDB14694460BE0302C76D04FF00A091C
:10464000DFF82481B3464FF0050C4FF099374E4602
:1046500000221046114614E0874278EB01021ED377
:10466000414508BFB84235D000FB0BF209FB0121E0
:10467000A0FB09021144181841EBE371012215F85F
:10468000014BA4F13003092B05D9A4F14103192BE7
:1046900008D8A4F137039E420CDD002ADCDA4FF083
:1046A000FF32ECE7A4F16103192B03D8A4F15703FF
:1046B0009E42F2DC002A12DB029B13B1404261EB06
:1046C0004101019B1BB19AB9019BC3F800A005B041
:1046D000BDE8F08F6345C7DD4FF0FF32CFE7039AA7
:1046E00022231360019B4FF0FF300146002BEED0D8
:1046F00005F1FF3AE8E701232C7802938D1C81E74E
:10470000302C25D12B7803F0DF03582B1DD14FF02F
:1047100010096C784FF00F0C02354FF0FF376FF037
:1047200070484FF0000B4E4692E72B7803F0DF0302
:10473000582BECD04FF00809B3464FF0070C4FF060
:10474000FF376FF060484E4682E74FF0000B5EE7A0
:104750004FF00F0C4FF0FF376FF07048B1464FF03D
:10476000000B75E7457D030899999919FFF732BF4A
:104770002DE9F04F936883B09146002B6DD01768F8
:104780008D6880460C460868083743E0A38913F417
:10479000906F2ED0D4E90415A0EB010A05EB450576
:1047A00005EBD5750AEB06006D100130A8422A46CC
:1047B00084BF05462A465B0536D511464046FDF7BF
:1047C00021F900283AD0524621690190DCF764FEB5
:1047D000A289019B22F4906242F08002A281A5EBA3
:1047E0000A0203EB0A006561A2602361206035467E
:1047F000B24659465246FDF721FCD9F80830A16867
:1048000020684D1B50449E1BA5602060C9F80860BD
:104810001EB3083757E902B6002EFAD0B542AA46B1
:10482000B4D93546B246E4E74046FEF7CBF9034635
:104830000028D4D121694046FCF7A0FD0C23C8F81C
:104840000030A389002243F040034FF0FF30A381E2
:10485000C9E9012203B0BDE8F08F0020C9F80400C7
:1048600003B0BDE8F08F00BF38B54B1C1AD0938958
:104870001446126B23F02003A381CDB2AAB1626863
:10488000636B9A4209DA23685A1E226003F8015CBE
:10489000636801336360284638BD214600F09CF808
:1048A0000028F0D04FF0FF35F5E7236922682BB1DF
:1048B000934203D212F8013CAB420FD06168E1632E
:1048C0002346A26304F1400103226263216303F8DB
:1048D000425F0122C4E90032284638BD6368013ACC
:1048E0000133C4E90023D6E710B50C46096B69B162
:1048F00004F14003994201D0FCF740FDE36B636093
:104900000020206313B1A36B236010BDA38921692C
:10491000002243F02003C4E90012A3814FF0FF30CE
:1049200010BD00BF2DE9F04F85B0CDE9023202FB8A
:1049300003F30E9C0193A3B3D4F804A0019B534549
:104940008B4646D9A046019D58F8401B07460026D5
:1049500052465846DCF7A0FD2368226B5344A94613
:10496000C4E9003611463846D344A5EB0A05E2B146
:10497000424501D0FCF702FDE36B26636360A3B1FF
:10498000A16B2160AB429A46E2D3029B01932A4677
:104990005846DCF781FDD4E90032521B2B44C4E9B0
:1049A0000032019805B0BDE8F08F019B22695344A5
:1049B000A3EB090A039BBAFBF3F30193A3890198C4
:1049C00043F02003A3810023C4E9002305B0BDE820
:1049D000F08F21681D46D8E701F140032DE9F04131
:1049E0000C46096B994214D0666B77003A46FEF785
:1049F000E9F8054640B300EB06080146324640465A
:104A0000DCF74AFDC4E90C57C4F800800020BDE87B
:104A1000F0814FF48061FCF7F5FFA8B194F84230C3
:104A20004FF48062C4E90C0280F8FF3394F84130FF
:104A300080F8FE3394F8402080F8FD2300F2FD3327
:104A400023600020BDE8F0814FF0FF30DFE700BFBA
:104A5000F8B50D461446064610B1836B002B43D0C3
:104A6000B4F90C20A369A360170790B21BD5236982
:104A7000CBB1EDB281042F4622D522686169D31AE9
:104A8000994229DD0133A1680139A160511C2160DF
:104A9000157062699A422AD0A389DB0701D50A2DD5
:104AA00025D03846F8BD21463046FBF79BF920BBA0
:104AB000B4F90C20236990B2EDB281042F46DCD406
:104AC00042F40052A281626E616922F40052626671
:104AD0002268D31A9942D5DC21463046FCF79AFA6F
:104AE00058B922680123CEE7FCF7C8FAB8E7214697
:104AF0003046FCF78FFA0028D3D04FF0FF37D0E7CD
:104B000070B5054684B01C4639B10B4ED6F8E0604E
:104B1000B047431C09D004B070BD0A460649D1F81D
:104B2000E06001A9B047431CF5D100228A2322602E
:104B30002B6004B070BD00BFEC1A002049B1FF2A01
:104B400002D80A70012070478A2303604FF0FF30BB
:104B500070470846704700BF2DE9F047DFF87CA09A
:104B60000646DAF8000098460F469146FCF7C0FE6C
:104B70001B4B1B68D3F8484124B365681F2D26DC06
:104B80005EB96B1C0235DAF80000636044F82570EA
:104B9000FCF7B0FE0020BDE8F08704EB850101239F
:104BA000C1F88890D4F88821AB401A43022EC4F88B
:104BB0008821C1F80881E4D1D4F88C211343C4F8CA
:104BC0008C31DEE703F5A674C3F84841D5E7DAF87F
:104BD0000000FCF78FFE4FF0FF30DCE7E81A002002
:104BE0006C7C030838B5A1FB02148CBBFCF70AFFF0
:104BF0000546E0B150F8042C22F00302043A242ABE
:104C000017D8132A1AD91B2AC0E900441DD9242A0F
:104C100014BF00F1100200F118024FF00003C0E9C8
:104C2000024404BF04614461C2E900339360284632
:104C300038BD2146F4F704FF284638BD024600235C
:104C4000C2E900339360284638BD00F10802F6E758
:104C500000F004F80C2300250360E8E7014B186816
:104C6000704700BFBC16002070B500294BD0064627
:104C70000C4610B1836B002B48D0636ED80734D537
:104C8000B4F90C30002B3ED021463046FCF732F907
:104C9000E36A054633B1E169304698470028B8BF5A
:104CA0004FF0FF35A3891A063BD4216B41B104F1C3
:104CB0004003994202D03046FCF760FB0023236397
:104CC000616C21B13046FCF759FB00236364FCF7AB
:104CD0005BFA636E0022DB07A28127D5A06DFCF78B
:104CE00005FEFCF757FA284670BDA3899905CBD479
:104CF000A06DFCF7FDFDB4F90C30002BC4D1656E3E
:104D000015F0010508D00025284670BDFCF7B6F95E
:104D1000636ED807B4D4E8E7A06DFCF7EBFD284636
:104D200070BD21693046FCF729FBBEE7A06DFCF79A
:104D3000E1FDD3E770B50C46084D0346002620463A
:104D400011461C462E6000F04BFC431C00D070BD89
:104D50002B68002BFBD0236070BD00BF8094002027
:104D60002DE9F0410469B4EB611F2FDD00F1140E51
:104D70004E1111F01F0C0EEB84050EEB86032BD0A9
:104D80005EF8262004339D4222FA0CF1CCF1200873
:104D900018D977461A6802FA08F20A4347F8042B32
:104DA00053F8041B9D4221FA0CF1F3D8A41BA30075
:104DB000053B9B0801330EEB83044EF82310C9B169
:104DC000043417E0416174460029F9D100230361DE
:104DD00000234361BDE8F0819D4288BF00F11002CD
:104DE000F4D953F8041B42F8041F9D42F9D8A41BC0
:104DF0000EEB8404A4EB0E039B1074450361E7D013
:104E0000BDE8F0812DE9F04FA84C8BB024680590E7
:104E100020468946029207930394DCF751FD214610
:104E20000144D9F8003011F801BC997830290246C4
:104E300040F0DA816FF00100C01A033300EB030A7F
:104E40001C4613F8011B3029F8D0DFF8648218F8EB
:104E50000130002B00F0F0802378002718F8033091
:104E60003D4626462BB116F8013F18F80330002BBB
:104E7000F9D1039901923046F4F774FF019A00903A
:104E8000002800F09180002D40F09180337800954B
:104E900003F0DF03502B354600F09380C9F8006023
:104EA000002F40F0AB802B1B013B072B394604DD64
:104EB0005B10072B01F10101FADC05980492FDF764
:104EC00045F9049A0190002800F06782019BAC42EA
:104ED00003F11406069680F0DC810027C2F101037D
:104EE000B946049310E0202F00F091803946043732
:104EF00015F8013C18F80330554603F00F038B40BA
:104F0000A54249EA030916D915F8013C5B4505F1AC
:104F1000FF3AE8D1049B5344A342E4D318460399D3
:104F200009920893F4F71EFFDDE908320028DAD170
:104F30001D46A542E8D846F8049B069BF61A019B3D
:104F4000B6101E614846FDF7DBF9029B76011C682E
:104F5000301AA04200F3AE80C0F226810027029BE7
:104F6000009A9B689342C0F289810299009A4B682B
:104F700093427EDD9D1AAC4200F3BC80CA68022ACF
:104F800000F0BC81032A00F0B481012A00F098816E
:104F900005980199FDF700F95025149A0023284639
:104FA00013600BB0BDE8F08F002D00F00B81AD1B3E
:104FB000AB000093337803F0DF03502B35467FF4CA
:104FC0006DAF6B782B2B00F0ED802D2B6AD06E1C13
:104FD000002018F803104B1E182B61D8737818F8AE
:104FE00003301039013623BB00B14942009BC9F898
:104FF00000600B440093002F3FF455AFBAF1000F4F
:1050000014BF0025062528460BB0BDE8F08F00210F
:1050100046F8049B042789466AE701EB810103EB0C
:105020004103A3F1100116F8013F18F80330002BDB
:10503000DAD0192BF1DDD7E7039900922046F4F777
:1050400091FE009A002873D1A15C18F80130A518D0
:10505000002B6FD030292C4605D114F8013F302B9E
:10506000FBD018F80330B3FA83F77F094FF0010A39
:10507000F7E6012557B1029BDB68022B62D0032BB8
:1050800064D0012B00F0858045F01005149B019A37
:105090001A60079B009A1A6028460BB0BDE8F08F93
:1050A0002E46FBE60120AB78AE1C92E7688203082F
:1050B00068810308019D061B31462846FDF730FD37
:1050C000074678B1721E53110699012751F8231033
:1050D00002F01F0307FA03F30B4203D0BA4200F3B6
:1050E000E2800227009B0198334431460093FFF78A
:1050F00037FE34E76E1E002F40F0C980002E40F0CE
:10510000CC807311069A019852F8232006F01F06EE
:10511000012303FA06F61642294618BF47F0020794
:10512000FFF71EFE029B5B680093641B0225A1E74C
:105130002178254601F0DF01502900F0BD80C9F833
:1051400000505BE7159BC3F101031593159B002BE2
:105150009AD0019BDDF818901E6900214B464FEA5A
:10516000860809EB860003E0984243F8041C3FD907
:105170001F4653F8042BB2F1FF3FF5D00132022D48
:105180003A6000F0C08014F01F0440F0E080212558
:105190007CE7BA077FF578AF069B1B681F43FB07C8
:1051A000D7D471E700207EE7DDE90031221A9B1A8F
:1051B00005980093FDF72EFA0346143301900693E9
:1051C0000027CCE6B35C18F80310B0180646002997
:1051D0003FF45EAE16F8013F18F803100029F9D12C
:1051E000801B8100009153E69C1C4FF0000A2CE6C6
:1051F000019B9B689E4280F28D803346019901EBB2
:10520000830201330B61022D4FF0010151617AD00D
:105210009E42B8DA002B40F3A780019A09EB830382
:10522000516902F1180083424FEA510140F2AF8008
:105230004C46026841EAC27144F8041B50F8041B52
:1052400083424FEA5101F4D8019A9B1A193B9B08FB
:10525000013349F8231009EB8303002940F09B80B8
:105260000199A3EB090292104B450A617FD0029B82
:10527000009A9B6801329342009288DA019905985E
:10528000FCF78AFF149A00231360A325BBE60127CD
:1052900037E7069E4FF000094DE601983146FDF7CD
:1052A0003FFC07462DE7B11E2846FDF739FC0028D4
:1052B0003FF417AF032715E700230093012780E68B
:1052C000AC427FF465AE012C08D00198611EFDF759
:1052D00027FC00283FF45CAE029B5B6807990B60DB
:1052E000019B069901221A610A60149A62251360D3
:1052F00089E6159A002A3FF44BAEEFE7159A002A8B
:105300007FF446AEEAE7029B1B68013BA34232D022
:105310002225BBE6019B059859680131FCF716FF71
:10532000074600283FD0DDF80490D9F810304946F0
:1053300002339A000C310C30DCF7AEF84946059880
:10534000FCF72AFF07F114093B69019756E7C844A7
:10535000C4F1200458F8040CFCF7D2FFA042BFF6B9
:1053600016AF019B1B6955E7019A00231361019A4F
:10537000002353617BE7631104F01F0459F82320D5
:105380000123A34013420CBF222521257EE6C9F844
:1053900000104B4669B1043362E7074B0748019A96
:1053A000DE21F4F7F5FA044B04483A468421F4F779
:1053B000EFFA019B1961DAE7587E0308E0800308E1
:1053C00010B4046809E014F8013FA3F1410CBCF1EA
:1053D000190F98BF2033934208D111F8012B002AEE
:1053E000F1D101340460012010BC7047002010BCD2
:1053F000704700BF2DE9F04F096885B04B1111F0DF
:105400001F01029002EB8303039140F08E801D1F69
:105410000193029B01991C68002341F8043C6178C8
:105420000134002900F09780DFF87091A846AC465F
:105430009A461E460EE0202900F28B80B24506DA1D
:10544000C44501D2072B5BDD624551D3082314F814
:10545000011FA1B119F801000028ECD00133082B7D
:1054600006F101063ADCDCF80010090100F00F003B
:105470000843CCF8000014F8011F0029EAD1002EDF
:1054800069D0E04501D9072B73DD624551D2111F68
:10549000634653F8040B41F8040F9D42F9D2A5EB83
:1054A0000C0323F00303691C04330CF1010C614568
:1054B00038BF04231344002143F8041B9D42FBD250
:1054C000019B53F8043C2BB9AA4248D055F8043D3F
:1054D000002BF9D0052005B0BDE8F08F6245B6D2AB
:1054E00000234CF8043C1946ACF1040C0123BDE741
:1054F0000023ACF104084CF8043CB246C446A6E7CD
:10550000C3F108018900DCF80030C1F1200E6046CB
:105510008B46416801FA0EF73B43036021FA0BF317
:1055200040F8043F4045F4D38EE7191D01911D4614
:105530006FE7039B002BC3D0039B0198C3F12001AD
:105540004FF0FF33CB4050F8041C0B4040F8043CB4
:10555000B9E7292909D0042005B0BDE8F08F01235F
:1055600005202B6005B0BDE8F08F029901340C6076
:1055700085E7C3F108039B00DCF80010C3F12007A6
:105580006446666806FA07F00143216026FA03F1D3
:1055900044F8041FA045F4D877E700BF68810308EA
:1055A00038B5074D0022044608462A6000F028F866
:1055B000431C00D038BD2B68002BFBD0236038BDC6
:1055C0008094002001490020704700BF0000F87F50
:1055D000024B58221A604FF0FF3070478094002031
:1055E000024B58221A604FF0FF3070478094002021
:1055F000024B58221A604FF0FF3070478094002011
:10560000024B58221A600020704700BF809400208F
:10561000024B58221A604FF0FF30704780940020F0
:10562000024B58221A604FF0FF30704780940020E0
:10563000024B58221A604FF0FF30704780940020D0
:10564000044A05491368002B08BF0B461844106034
:10565000184670478494002088940020FEE700BF1D
:10566000F8B500BFF8BC08BC9E467047F8B500BF4F
:08567000F8BC08BC9E4670471F
:10567800737472696E6770686F746F30782530362E
:1056880078200D0A00000000737472696E677068F4
:105698006F746F436F6C6F72426172436F6C200D51
:1056A8000A000000737472696E6770686F746F43E4
:1056B8006F6C6F72426172526F77200D0A000000A2
:1056C800737472696E6770686F746F426C61636B34
:1056D8005769676874200D0A0000000073747269C6
:1056E8006E6770686F746F436865636B6572626F2D
:1056F800617264200D0A0000737472696E677068C5
:105708006F746F43726F737354616C6B200D0A0072
:10571800737472696E6770686F746F424D50256458
:10572800200D0A00737472696E6770686F746F4732
:1057380072616469656E74436F6C200D0A00000025
:10574800737472696E6770686F746F4772616469A9
:10575800656E74526F77200D0A00000073747269C9
:105768006E6770686F746F666C696E6B200D0A00E7
:10577800435839303000000025733A466C6173682D
:1057880020696E6974207375636365737366756CDD
:105798006C0D0A0025733A466C61736820696E695E
:1057A80074204641494C2121210D0A000D0A23236A
:1057B80023232323232323232323232323232323B1
:1057C800232323232323232323232323232323556F
:1057D8007365722053746172742323232323232354
:1057E8002323232323232323232323232323232381
:1057F8002323232323232323232323232323230D87
:1058080000000000636865636B746573746E756D82
:105818002564200D0A00000025733A534443617241
:1058280064203A2564200D0A0D0A000025733A53B6
:105838005049466C617368203A2564200D0A0D0AA8
:1058480000000000313A000025733A6F70656E2041
:105858002564200D0A0D0A00313A2F7465737431DE
:105868002E7478740000000025733A6F70656E20FE
:1058780025642073697A652025640D0A0D0A0000E5
:10588800257320256400000025733A7772697465D2
:10589800202564206C656E2025640D0A0D0A000021
:1058A80025733A72656164202573206C656E202526
:1058B80064207265732025640D0A0D0A000000003B
:1058C80025733A25730D0A0068656C6C6F20776F35
:1058D8007264000025733A4C454420696E6974204F
:1058E8007375636365737366756C6C0D0A000000ED
:1058F8000000000000000000010203040607080978
:1059080000000000010203043F000000706F77658B
:1059180072000000646973007475726E0000000004
:1059280075706461746100005265616479000000FB
:10593800436C656172000000436C6561724600004B
:10594800636F6E6E6563740072676200566572738A
:10595800696F6E0053797374656D5F526561647920
:105968000D000000506172616D6574657220436CB2
:105978006561722121210000506172616D65746555
:105988007220436C6561722046616C672121210099
:105998002D680000796F752063616E20757365202E
:1059A8005B6F6E2F6F66665D206374726C206C652A
:1059B800640D000075700000646F776E00000000D1
:1059C8006175746F00000000737472696E677661A8
:1059D8006C75656175746F0D0A0000006F6E0000CC
:1059E8006F666600636F6C6F72000000636F6C6FA8
:1059F800722025780000000064697320636F6C6F63
:105A0800722030782578202564200D0A00000000D7
:105A18004F4B000077696465000000007769646592
:105A280025640000776964653A25640D0A00000062
:105A380068656967687400006865696768742564E3
:105A4800000000006865696768743A25640D0A00FB
:105A58006866770068667725640000006866773AAC
:105A680025640D0A000000006862770068627725E7
:105A7800640000006862773A25640D0A000000009F
:105A88006873770068737725640000006873773A55
:105A98002564200D0A000000766677007666772573
:105AA800640000007666773A25640D0A000000005D
:105AB8007662770076627725640000007662773A2E
:105AC80025640D0A00000000767377007673772549
:105AD800640000007673773A25640D0A0000000020
:105AE8006170700069617000636F6E6669670000BD
:105AF800626F6F7400000000626F6F742E62696ECF
:105B080000000000303A2F42494E2F257300000054
:105B1800435839303000000025733A6F70656E20A5
:105B280025642073697A652025640D0A0D0A000032
:105B380025733A726561642025642073697A65204B
:105B480025640D0A0D0A0000313A2F257300000064
:105B5800313A000025730000665F756E6C696E6BE4
:105B6800206F6B210D000000665F756E6C696E6BAF
:105B780020657272210D0000665F6D6B6673206F81
:105B88006B210D00665F6D6B667320657272210D67
:105B980000000000746869732069732068656C7080
:105BA80065727E0D000000002573200D0A000000BC
:105BB8004941503A25730D0A00000000426F6F7486
:105BC8003A25730D0A000000222A3A3C3E3F7C7FAA
:105BD800000000002B2C3B3D5B5D0000222A2B2C93
:105BE8002E3A3B3C3D3E3F5B5D7C7F00EBFE904D9B
:105BF80053444F53352E30004E4F204E414D4520D3
:105C08002020204641543332202020004E4F204E81
:105C1800414D4520202020464154202020202000AE
:105C2800435839303000000025733A6368616E6567
:105C38006C206F75742121210D0A00000A4F7574BC
:105C4800206368616E656C0043583930300000008D
:105C580025733A4672616D652052617465206973D7
:105C6800202564204670730D0A000000435839301F
:105C78003000000025733A737461747520697320CD
:105C880030782578200D0A0025733A4C6F676963D0
:105C98003020536563746F7220496E64657820699B
:105CA800733A30782578200D0A00000025733A529F
:105CB8006F6F7420536563746F7220496E646578E2
:105CC8002053746172742069733A203078257820E3
:105CD8000D0A000025733A4C6F67696330205365DD
:105CE80063746F722052656164204572726F72210D
:105CF80020536563746F72496E6465783A3078250D
:105D08007820200D0A00000025733A506879302069
:105D1800536563746F722052656164204572726FB7
:105D280072210D0A0000000025733A7069637475CA
:105D380072652025642073697A652069733A256441
:105D480078202564200D0A00737472696E67706884
:105D58006F746F4C4F41444625642E626D70200D60
:105D68000A00000025733A496D61676541646472F1
:105D78002069733A2030782578202C307825780DE2
:105D88000A00000025733A496D61676541646472D1
:105D98002069733A203078257820A3AC30782578AC
:105DA8000D0A000075735263764275666665725017
:105DB8006F73203C204D425F5345525F5044555FFE
:105DC80053495A455F4D4158000000004D422F6D20
:105DD8006F646275732F61736369692F6D62617394
:105DE8006369692E6300000065536E6453746174BF
:105DF80065203D3D2053544154455F54585F494404
:105E08004C450000655263765374617465203D3DCE
:105E18002053544154455F52585F49444C45000053
:105E28002820655263765374617465203D3D205384
:105E3800544154455F52585F5243562029207C7C78
:105E4800202820655263765374617465203D3D2097
:105E580053544154455F52585F574149545F454F29
:105E6800462029003000000075634E426974732093
:105E78003C3D2038000000004D422F6D6F64627574
:105E8800732F66756E6374696F6E732F6D627574A8
:105E9800696C732E630000007573526376427566F1
:105EA800666572506F73203C204D425F5345525FC8
:105EB8005044555F53495A455F4D41580000000012
:105EC8004D422F6D6F646275732F7274752F6D62FA
:105ED8007274752E6300000065536E6453746174A8
:105EE80065203D3D2053544154455F54585F494413
:105EF8004C450000655263765374617465203D3DDE
:105F08002053544154455F52585F49444C45000062
:105F18002820655263765374617465203D3D205393
:105F2800544154455F52585F494E49542029207CBA
:105F38007C202820655263765374617465203D3D4A
:105F48002053544154455F52585F524356202920EC
:105F58007C7C202820655263765374617465203DEB
:105F68003D2053544154455F52585F4552524F5259
:105F780020290000436C65617220666C61670D0022
:105F8800436C656172207061726D657465720D0095
:105F9800706F7765726F6E200D0A00006368656325
:105FA8006B746573746E756D2564200D0A000000AE
:105FB800706F7765726F6666200D0A006375746D81
:105FC8006F64652564200D0A0000000043583930CD
:105FD8003000000025733A506F7765724F66660D82
:105FE8000A000000737472696E67636F64652573D5
:105FF80020200D0A00000000737472696E676C63DC
:1060080064257320200D0A00737472696E676963D2
:10601800257320200D0A0000616C61726D73746134
:10602800747573256420200D0A000000737472696A
:106038006E67706F6A256420200D0A0025733A4642
:106048005047412056657273696F6E3A25730D0A81
:106058000000000025733A55500D0A0073747269E8
:106068006E6776616C75656B65797570200D0A00D1
:1060780025733A444F574E0D0A0000007374726935
:106088006E6776616C75656B6579646F776E200DE8
:106098000A000000737472696E6776616C756570CA
:1060A8006F7765726F6666200D0A000025733A5097
:1060B8006F7765724F6E0D0A000000007374726985
:1060C8006E6776616C7565706F7765726F6E200D9F
:1060D8000A00000025733A4F54500D0A00000000D2
:1060E80025732025782578000A4F75742063686128
:1060F8006E656C0068636C6B206973202566000010
:10610800435839303000000025733A50636C6B20D7
:106118006F7574206F662072616E67652121210D8D
:106128000A0000005553424469736B0053444361AD
:1061380072640000535049466C61736800000000A7
:10614800435839303000000025733A257320464102
:10615800544653204C696E6B4472697665722065AB
:1061680072726F720D0A000025733A25732046413A
:10617800544653204C696E6B447269766572204FA1
:106188004B2C4472697665207061746820697320AD
:1061980025730D0A0000000025733A257320464137
:1061A800544653206D6F756E740D0A0025733A2599
:1061B80073204641544653206D6F756E74204572A6
:1061C800726F720D0A00000025733A25732046414C
:1061D800544653206D6F756E74204F4B2C46617476
:1061E800667320696E697420646F6E650D0A00001D
:1061F80025733A2573204641544653206765742019
:1062080073697A65204572726F720D0A000000008A
:1062180025733A25732046415446532020746F74E1
:10622800616C2073697A652069732025642C667215
:1062380065652073697A652069732025642E0D0AC7
:106248000000000025733A4641544653206F70659C
:106258006E204572726F723A25640D0A00000000C4
:1062680025733A4641544653206F70656E2066691F
:106278006C655B25735D206F6B210D0A00000000C3
:1062880025733A52656164204572726F723A2564CB
:106298000D0A000025733A0D0A52656164204572A3
:1062A800726F723A25640D0A0000000025733A0DDA
:1062B8000A5265616465642064617461206C656E6E
:1062C8003A25640D0A00000025733A52656164207E
:1062D80064617461206F7665720D0A0025733A0D4A
:1062E8000A426567696E2057726974652066696C31
:1062F800652E2E2E0D0A000025733A5772697465B3
:106308002064617461206C656E3A25640D0A000092
:1063180025733A5772697465204572726F723A250F
:10632800640D0A0025733A577269746564206461C4
:106338007461206C656E3A25640D0A0025733A571E
:10634800726974652064617461206F7665722E0DC0
:106358000A000000536F66745F44726976652F62A5
:1063680073702E630000000043583930300000007D
:1063780025733A5B25734025732C25645D6461742D
:106388006120746F207772697465206973206F7556
:1063980074206F6620746865207573657220666C5A
:1063A800617368210D0A00000D0A7772697465200F
:1063B800666C617368206572726F212121210D005E
:1063C8000D0A466C617368205772697465696E6757
:1063D80020204572726F2121210000000D0A2045FE
:1063E800726173657220466C617368204572726FC2
:1063F80021210000577269746520646566756C74A4
:106408002076616C75650D00636C69616220666950
:106418006E69736821210D0043414C49425F43482E
:1064280045434B5F4D494E0D0000000043414C4928
:10643800425F5448524541445F4765744D696E0D4B
:106448000000000043414C49425F544852454144D2
:106458005F4765744D61780D000000000D0A2573D3
:106468002C77726974652073746172742065727216
:106478006F722C3078253032580000002F257300B9
:10648800435839303000000025733A66696C654E10
:10649800616D652025730D0A0D0A000025643A42D6
:1064A800494E2F25730A000025730000303A2F4209
:1064B800494E000066696C6561646425730D0A00C5
:1064C800494E413232305F496E6974200D00000038
:1064D800616C61726D76616C756531200D0A000022
:1064E800564343313A766F6C746167652074726104
:1064F8006E7366696E697465212020200D000000A6
:10650800616C61726D76616C756532200D0A0000F0
:10651800564343313A63757272656E7420747261C2
:106528006E7366696E6974652120200D0000000095
:10653800616C61726D76616C756533200D0A0000BF
:106548006261636B6C696768743A2063757272651F
:106558006E74207472616E7366696E697465212049
:106568000D000000616C61726D76616C7565342098
:106578000D0A00002020200D00000000616C6172EF
:106588006D76616C756535200D0A000056434332FF
:106598003A766F6C74616765207472616E736669B0
:1065A8006E6974652120202020200D00616C6172C5
:1065B8006D76616C756536200D0A000056434332CE
:1065C8003A63757272656E74207472616E7366696F
:1065D8006E69746521202020200D0000616C6172B5
:1065E8006D76616C756537200D0A0000564343339C
:1065F8003A766F6C74616765207472616E73666950
:106608006E69746521202020200D0000616C617284
:106618006D76616C756538200D0A0000564343336A
:106628003A63757272656E74207472616E7366690E
:106638006E69746521202020200D0000616C617254
:106648006D76616C756539200D0A00005643433438
:106658003A766F6C74616765207472616E736669EF
:106668006E69746521202020200D0000616C617224
:106678006D76616C75653130200D0A0056434334E0
:106688003A63757272656E74207472616E736669AE
:106698006E69746521202020200D0000616C6172F4
:1066A8006D76616C75653131200D0A0056434335AE
:1066B8003A766F6C74616765207472616E7366698F
:1066C8006E69746521202020200D0000616C6172C4
:1066D8006D76616C75653132200D0A00564343357D
:1066E8003A63757272656E74207472616E7366694E
:1066F8006E69746521202020200D0000616C617294
:106708006D76616C75653133200D0A00564343364A
:106718003A766F6C74616765207472616E7366692E
:106728006E69746521202020200D0000616C617263
:106738006D76616C75653134200D0A005643433619
:106748003A63757272656E74207472616E736669ED
:106758006E69746521202020200D0000616C617233
:106768006D76616C75653135200D0A005653503AC7
:10677800766F6C74616765207472616E7366696E9A
:106788006974652120202020200D0000616C617251
:106798006D76616C75653136200D0A005653503A96
:1067A80063757272656E74207472616E7366696E59
:1067B800697465212020200D00000000616C617261
:1067C8006D76616C75653137200D0A0056534E3A67
:1067D800766F6C74616765207472616E7366696E3A
:1067E8006974652120202020200D0000616C6172F1
:1067F8006D76616C75653138200D0A0056534E3A36
:1068080063757272656E74207472616E7366696EF8
:1068180069746521202020200D000000616C6172E0
:106828006D76616C75653139200D0A006261636BA4
:106838006C696768743A20766F6C74616765207458
:1068480072616E7366696E69746521202020200D5F
:1068580000000000636865636B6F6E652564200D3A
:106868000A000000636865636B666F7572256420B3
:106878000D0A0000636865636B6F6E6563256420AD
:106888000D0A0000636865636B666F757263256443
:10689800200D0A00636865636B74776F2564200DAB
:1068A8000A000000636865636B74776F6325642072
:1068B8000D0A0000636865636B6669766525642068
:1068C8000D0A0000636865636B6669766563256415
:1068D800200D0A00636865636B626C632564200D94
:1068E8000A000000636865636B74687265652564F7
:1068F800200D0A00636865636B7369782564200D51
:106908000A000000636865636B626C2564200D0AE9
:1069180000000000636865636B76736E632564200E
:106928000D0A0000636865636B76736E2564200D3D
:106938000A000000636865636B7673702564200D38
:106948000A000000636865636B76737063256420D2
:106958000D0A0D0A00000000636865636B736978AF
:10696800632564200D0A0000636865636B746872B0
:106978006565632564200D0A00000000616C617282
:106988006D76616C75653A2578200D0A0000000067
:1069980057616974696E6720666F72207468652034
:1069A80066696C6520746F2062652073656E74205B
:1069B8002E2E2E202870726573732027612720746D
:1069C8006F2061626F7274290A0D00000A0A0D2097
:1069D80050726F6772616D6D696E6720436F6D707D
:1069E8006C65746564205375636365737366756C51
:1069F8006C79210A0D2D2D2D2D2D2D2D2D2D2D2D83
:106A08002D2D2D2D2D2D2D2D2D2D2D2D2D2D2D2DAE
:106A18002D2D2D2D2D0D0A204E616D653A2000007B
:106A28000A0D2053697A653A2000000020427974E3
:106A380065730D0A000000002D2D2D2D2D2D2D2DF7
:106A48002D2D2D2D2D2D2D2D2D2D2D0A0000000045
:106A58000A0A0D54686520696D6167652073697A53
:106A68006520697320686967686572207468616E5B
:106A78002074686520616C6C6F7765642073706141
:106A88006365206D656D6F7279210A0D0000000045
:106A98000A0A0D566572696669636174696F6E20CA
:106AA8006661696C6564210A0D0000000D0A0A41DF
:106AB800626F7274656420627920757365722E0A3C
:106AC8000D0000000A0D4661696C656420746F2032
:106AD80072656365697665207468652066696C65AA
:106AE800210A0D0020202020202020202020000026
:106AF8000A0A0D53656C656374205265636569768F
:106B0800652046696C650A0D0000000055706C6FC1
:106B180061646564466C617368496D6167652E627E
:106B2800696E00000A0D4572726F72204F636375BB
:106B380072726564207768696C65205472616E733F
:106B48006D697474696E672046696C650A0D00008A
:106B58000A0D46696C652075706C6F616465642008
:106B68007375636365737366756C6C79200A0D00C1
:106B78000D0A3D3D3D3D3D3D3D3D3D3D3D3D3D3DA0
:106B88003D3D3D3D3D3D3D3D3D3D3D3D3D3D3D3D2D
:106B98003D3D3D3D3D3D3D3D3D3D3D3D3D3D3D3D1D
:106BA8003D3D3D3D3D3D3D3D3D3D3D3D3D3D3D3D0D
:106BB8003D3D3D3D3D3D3D3D000000000D0A3D2071
:106BC8002020202020202020202020202028432989
:106BD80020434F50595249474854203230313120D0
:106BE80053544D6963726F656C656374726F6E6937
:106BF80063732020202020202020202020202020F7
:106C08002020203D000000000D0A3D2020202020EB
:106C1800202020202020202020202020202020206C
:106C2800202020202020202020202020202020205C
:106C3800202020202020202020202020202020204C
:106C48002020202020202020202020202020203D1F
:106C5800000000000D0A3D202053544D33324634C5
:106C6800787820496E2D4170706C69636174696F22
:106C78006E2050726F6772616D6D696E672041702A
:106C8800706C69636174696F6E2020285665727331
:106C9800696F6E20312E302E3029203D0000000013
:106CA8000D0A3D20202020202020202020202020E8
:106CB80020202020202020202020202020202020CC
:106CC8002020202020204279204D4344204170700C
:106CD8006C69636174696F6E205465616D20202052
:106CE800202020202020203D000000000D0A0D0A51
:106CF800000000000D0A3D3D3D3D3D3D3D3D3D3D13
:106D08003D3D3D3D3D3D3D3D204D61696E204D651C
:106D18006E75203D3D3D3D3D3D3D3D3D3D3D3D3D4F
:106D28003D3D3D3D3D3D3D3D3D3D3D3D3D3D3D0DBB
:106D38000A0A00002020446F776E6C6F6164204956
:106D48006D61676520546F207468652053544D3316
:106D5800324634787820496E7465726E616C2046CC
:106D68006C617368202D2D2D2D2D2D2D20310D0AB0
:106D78000A000000202055706C6F616420496D6125
:106D880067652046726F6D207468652053544D33D3
:106D9800324634787820496E7465726E616C20468C
:106DA8006C617368202D2D2D2D2D2D2D20320D0A6F
:106DB8000A000000202045786563757465205468D2
:106DC80065204E65772050726F6772616D202D2D9A
:106DD8002D2D2D2D2D2D2D2D2D2D2D2D2D2D2D2DDB
:106DE8002D2D2D2D2D2D2D2D2D2D2D2D20330D0A15
:106DF8000A000000202044697361626C6520746891
:106E0800652077726974652070726F746563746940
:106E18006F6E202D2D2D2D2D2D2D2D2D2D2D2D2D24
:106E28002D2D2D2D2D2D2D2D2D2D2D2D20340D0AD3
:106E38000A0000003D3D3D3D3D3D3D3D3D3D3D3D64
:106E48003D3D3D3D3D3D3D3D3D3D3D3D3D3D3D3D6A
:106E58003D3D3D3D3D3D3D3D3D3D3D3D3D3D3D3D5A
:106E68003D3D3D3D3D3D3D3D3D3D3D3D3D3D0D0AAD
:106E78000A000000496E76616C6964204E756D6287
:106E880065722021203D3D3E20546865206E756D59
:106E98006265722073686F756C642062652065692D
:106EA8007468657220312C2032206F7220330D00F7
:106EB800496E76616C6964204E756D626572202139
:106EC800203D3D3E20546865206E756D62657220D8
:106ED80073686F756C642062652065697468657293
:106EE80020312C20322C2033206F7220340D0000EA
:106EF80053657444647257725374617274204750B6
:106F0800555F4444525F4354524C3A2578200D0A49
:106F180000000000536574446472577253746172C0
:106F280074204750555F4444525F57535441545559
:106F38003A2578200D0A00004750555F4444525FB7
:106F48005753544154553A2578000000536574440A
:106F5800647246696C6C5374617274204750555F53
:106F68004444525F4354524C3A2578200D0A00009D
:106F780053657444647246696C6C5374617274200E
:106F88004750555F4444525F5753544154553A252E
:106F980078200D0A00000000435839303000000006
:106FA80025733A0D0A20746865206361726420694C
:106FB80073206C6F636B6564210D0A0025733A0DAD
:106FC8000A204361726420696E666F726D6174692C
:106FD8006F6E3A0D0A00000025733A0D0A2323202C
:106FE800436172642076657273696F6E20342E78FF
:106FF800782023230D0A000025733A0D0A23232045
:10700800436172642076657273696F6E20332E3027
:10701800782023230D0A000025733A0D0A23232024
:10702800436172642076657273696F6E20322E3008
:10703800302023230D0A000025733A0D0A2323204C
:10704800436172642076657273696F6E20312E31E8
:10705800302023230D0A000025733A0D0A2323202C
:10706800436172642076657273696F6E20312E30C9
:10707800782023230D0A000025733A0D0A232320C4
:107088005344534320636172642023230D0A000094
:1070980025733A0D0A232320534448432063617221
:1070A800642023230D0A000025733A0D0A232320A8
:1070B8005344584320636172642023230D0A00005F
:1070C80025733A0D0A232320446576696365207386
:1070D800697A652069732025644B422023230D0AB1
:1070E8000000000025733A0D0A232320426C6F63C9
:1070F8006B2073697A6520697320256442202323F5
:107108000D0A000025733A0D0A232320426C6F6391
:107118006B20636F756E74206973202564202323A8
:107128000D0A000025733A0D0A232320506172745A
:1071380069616C20626C6F636B7320666F7220727A
:1071480065616420616C6C6F7765642023230D0A88
:107158000000000025733A0D0A2323205061727441
:1071680069616C20626C6F636B7320666F72207745
:107178007269746520616C6C6F7765642023230DD8
:107188000A00000025733A0D0A2323204361726424
:10719800436F6D6D616E64436C61737365732069D1
:1071A800733A2025782023230D0A000025733A0D11
:1071B8000A232320426C6F636B206F7065726174C1
:1071C800696F6E20737570706F7274656420232305
:1071D8000D0A000025733A0D0A23232045726173B6
:1071E8006520737570706F727465642023230D0AAF
:1071F8000000000025733A0D0A2323205772697492
:10720800652070726F74656374696F6E2073757032
:10721800706F727465642023230D0A0025733A0D7C
:107228000A2323204C6F636B20756E6C6F636B2091
:10723800737570706F727465642023230D0A0000E3
:1072480025733A0D0A2323204170706C69636174B9
:10725800696F6E2073706563696669632073757002
:10726800706F727465642023230D0A0025733A0D2C
:107278000A232320492F4F206D6F64652073757092
:10728800706F727465642023230D0A0025733A0D0C
:107298000A2323205377697463682066756E6374C4
:1072A800696F6E20737570706F7274656420232324
:1072B8000D0A000025733A0D0A20436172642069A3
:1072C8006E69742073756363657373210D0A0D0A03
:1072D8000000000025733A0D0A204361726420699A
:1072E8006E6974206661696C6564210D0A0D0A0077
:1072F80025733A0D0A0D0A20436172642074657380
:10730800743A0D0A0000000025733A0D0A20426CF9
:107318006F636B207772697465206661696C210DF3
:107328000A00000025733A0D0A20426C6F636B2037
:1073380077726974652073756363657373210D0AC9
:107348000000000025733A0D0A20426C6F636B2021
:1073580072656164206661696C210D0A0000000095
:1073680025733A0D0A20426C6F636B207265616465
:107378002073756363657373210D0A0025733A0DD5
:107388000A0D0A0025733A2025336420253364202A
:1073980025336420253364200D0A000025733A0D37
:1073A8000A204C6F636B206661696C6564210D0A65
:1073B8000000000025733A0D0A20546865206361B7
:1073C8007264206973206C6F636B6564210D0A0019
:1073D80025733A0D0A204572617365206661696CF0
:1073E8006564210D0A00000025733A0D0A204572D4
:1073F8006173652073756363657373210D0A0000FB
:1074080025733A0D0A20556E6C6F636B20666169AF
:107418006C6564210D0A000025733A0D0A20546832
:1074280065206361726420697320756E6C6F636B8D
:107438006564210D0A00000025733A0D0A204D7578
:107448006C7469706C6520626C6F636B207772690D
:107458007465206661696C210D0A000025733A0D78
:107468000A204D756C7469706C6520626C6F636B73
:107478002077726974652073756363657373210D72
:107488000A00000025733A0D0A204D756C74697066
:107498006C6520626C6F636B207265616420666145
:1074A800696C210D0A00000025733A0D0A204D75FC
:1074B8006C7469706C6520626C6F636B20726561B7
:1074C800642073756363657373210D0A00000000FF
:1074D8004000000000640000800700002000000059
:1074E80020000000200000000008000000800C00C0
:1074F80000F0000001030507090E10121416181CED
:107508001E00000061006200630064006500660000
:107518006700680069006A006B006C006D006E000F
:107528006F007000710072007300740075007600BF
:107538007700780079007A00A100A200A300A500D6
:10754800AC00AF00E000E100E200E300E400E50089
:10755800E600E700E800E900EA00EB00EC00ED00D7
:10756800EE00EF00F000F100F200F300F400F50087
:10757800F600F800F900FA00FB00FC00FD00FE0030
:10758800FF00010103010501070109010B010D01BC
:107598000F01110113011501170119011B011D012B
:1075A8001F01210123012501270129012B012D019B
:1075B8002F0131013301350137013A013C013E0108
:1075C800400142014401460148014B014D014F0170
:1075D800510153015501570159015B015D015F01DB
:1075E800610163016501670169016B016D016F014B
:1075F80071017301750177017A017C017E019201A5
:10760800B103B203B303B403B503B603B703B803B6
:10761800B903BA03BB03BC03BD03BE03BF03C00366
:10762800C103C303C403C503C603C703C803C9030F
:10763800CA033004310432043304340435043604F4
:107648003704380439043A043B043C043D043E043E
:107658003F044004410442044304440445044604EE
:107668004704480449044A044B044C044D044E049E
:107678004F04510452045304540455045604570447
:10768800580459045A045B045C045E045F047021C6
:107698007121722173217421752176217721782136
:1076A80079217A217B217C217D217E217F2141FF47
:1076B80042FF43FF44FF45FF46FF47FF48FF49FF9E
:1076C8004AFF4BFF4CFF4DFF4EFF4FFF50FF51FF4E
:1076D80052FF53FF54FF55FF56FF57FF58FF59FFFE
:1076E8005AFF0000410042004300440045004600A4
:1076F8004700480049004A004B004C004D004E002E
:107708004F005000510052005300540055005600DD
:107718005700580059005A002100E0FFE1FFE5FF3B
:10772800E2FFE3FFC000C100C200C300C400C500FF
:10773800C600C700C800C900CA00CB00CC00CD00F5
:10774800CE00CF00D000D100D200D300D400D500A5
:10775800D600D800D900DA00DB00DC00DD00DE004E
:107768007801000102010401060108010A010C0167
:107778000E01100112011401160118011A011C0151
:107788001E01200122012401260128012A012C01C1
:107798002E01300132013401360139013B013D012E
:1077A8003F0141014301450147014A014C014E0196
:1077B800500152015401560158015A015C015E0101
:1077C800600162016401660168016A016C016E0171
:1077D800700172017401760179017B017D019101CB
:1077E80091039203930394039503960397039803D5
:1077F80099039A039B039C039D039E039F03A00385
:10780800A103A303A403A503A603A703A803A9032D
:10781800AA03100411041204130414041504160412
:107828001704180419041A041B041C041D041E045C
:107838001F0420042104220423042404250426040C
:107848002704280429042A042B042C042D042E04BC
:107858002F040104020403040404050406040704B5
:10786800080409040A040B040C040E040F04602124
:1078780061216221632164216521662167216821D4
:1078880069216A216B216C216D216E216F2121FFF5
:1078980022FF23FF24FF25FF26FF27FF28FF29FFBC
:1078A8002AFF2BFF2CFF2DFF2EFF2FFF30FF31FF6C
:1078B80032FF33FF34FF35FF36FF37FF38FF39FF1C
:1078C8003AFF000000040002000180004000200090
:1078D80010000800040002000000000000800040C2
:1078E80000200010000800400020001000080004DC
:1078F80000020000654D42415343494952656365A2
:1079080069766500784D424153434949526563653C
:1079180069766546534D0000784D424153434949C5
:107928005472616E736D697446534D00784D4241CF
:107938005343494954696D657254315345787069A8
:107948007265640070727675634D4242494E3243E7
:1079580048415200784D425574696C5365744269C8
:1079680074730000654D42525455526563656976DB
:1079780065000000784D425254555265636569763A
:107988006546534D00000000784D425254555472DC
:10799800616E736D697446534D000000784D425214
:1079A800545554696D6572543335457870697265FC
:1079B800640000007772697465546F466C6173687F
:1079C8003332000065726173655F666C61736800CD
:1079D800434849505F4949435F53746172740000DA
:1079E800434849505F4949435F5374617274416722
:1079F80061696E0080888A82989A0000E1670208AF
:107A080051680208C16802083F690208C56902088E
:107A18001D6802088D680208F9680208776902087B
:107A2800616A020800C1814001C0804101C08041F3
:107A380000C1814001C0804100C1814000C1814036
:107A480001C0804101C0804100C1814000C1814026
:107A580001C0804100C1814001C0804101C0804116
:107A680000C1814001C0804100C1814000C1814006
:107A780001C0804100C1814001C0804101C08041F6
:107A880000C1814000C1814001C0804101C08041E6
:107A980000C1814001C0804100C1814000C18140D6
:107AA80001C0804101C0804100C1814000C18140C6
:107AB80001C0804100C1814001C0804101C08041B6
:107AC80000C1814000C1814001C0804101C08041A6
:107AD80000C1814001C0804100C1814000C1814096
:107AE80001C0804100C1814001C0804101C0804186
:107AF80000C1814001C0804100C1814000C1814076
:107B080001C0804101C0804100C1814000C1814065
:107B180001C0804100C1814001C0804101C0804155
:107B280000C1814000C0C101C30302C2C60607C725
:107B380005C5C404CC0C0DCD0FCFCE0E0ACACB0B95
:107B4800C90908C8D81819D91BDBDA1A1EDEDF1FC5
:107B5800DD1D1CDC14D4D515D71716D6D21213D3B5
:107B680011D1D010F03031F133F3F23236F6F73765
:107B7800F53534F43CFCFD3DFF3F3EFEFA3A3BFB55
:107B880039F9F83828E8E929EB2B2AEAEE2E2FEF05
:107B98002DEDEC2CE42425E527E7E62622E2E32375
:107BA800E12120E0A06061A163A3A26266A6A767A5
:107BB800A56564A46CACAD6DAF6F6EAEAA6A6BAB15
:107BC80069A9A86878B8B979BB7B7ABABE7E7FBF45
:107BD8007DBDBC7CB47475B577B7B67672B2B37335
:107BE800B17170B0509091519353529296565797E5
:107BF800559594549C5C5D9D5F9F9E5E5A9A9B5BD5
:107C080099595898884849894B8B8A4A4E8E8F4F84
:107C18008D4D4C8C448485458747468682424383F4
:107C2800418180402C2066756E6374696F6E3A20BE
:107C380000000000617373657274696F6E202225FD
:107C48007322206661696C65643A2066696C6520F8
:107C5800222573222C206C696E65202564257325E6
:107C6800730A0000C01600200A000000494E4600B2
:107C7800696E66004E414E006E616E0030313233DF
:107C88003435363738396162636465660000000050
:107C9800303132333435363738394142434445463A
:107CA80000000000286E756C6C2900003000000090
:107CB80020202020202020202020202020202020BC
:107CC80030303030303030303030303030303030AC
:107CD80065256C64000000000A0001000200030032
:107CE8000400050006000700080009000A000B0050
:107CF8000C000D000E000F001000000020202020B6
:107D0800202020202020202020202020303030302B
:107D1800303030303030303030303030202020209B
:107D2800202020202020202020202020303030300B
:107D3800303030303030303030303030002020209B
:107D48002020202020202828282828202020202003
:107D580020202020202020202020202020881010D3
:107D6800101010101010101010101010100404042F
:107D780004040404040404101010101010104141ED
:107D880041414141010101010101010101010101DB
:107D980001010101010101011010101010104242EF
:107DA80042424242020202020202020202020202AB
:107DB800020202020202020210101010200000004B
:107DC80000000000000000000000000000000000AB
:107DD800000000000000000000000000000000009B
:107DE800000000000000000000000000000000008B
:107DF800000000000000000000000000000000007B
:107E0800000000000000000000000000000000006A
:107E1800000000000000000000000000000000005A
:107E2800000000000000000000000000000000004A
:107E3800000000000000000000000000000000003A
:107E48004E614E00496E66696E69747900000000E3
:107E580042616C6C6F632073756363656564656408
:107E6800000000002F6D6E742F776F726B73706156
:107E780063652F776F726B73706163652F47434338
:107E88002D31302D706970656C696E652F6A656E6D
:107E98006B696E732D4743432D31302D70697065C2
:107EA8006C696E652D3333385F32303231313031A1
:107EB800385F313633343531363230332F737263AD
:107EC8002F6E65776C69622F6E65776C69622F6CAF
:107ED8006962632F7374646C69622F64746F612EB6
:107EE8006300000043000000504F53495800000051
:107EF8002E0000002F6D6E742F776F726B73706198
:107F080063652F776F726B73706163652F474343A7
:107F18002D31302D706970656C696E652F6A656EDC
:107F28006B696E732D4743432D31302D7069706531
:107F38006C696E652D3333385F3230323131303110
:107F4800385F313633343531363230332F7372631C
:107F58002F6E65776C69622F6E65776C69622F6C1E
:107F68006962632F7374646C69622F6D70726563E4
:107F78002E630000000000000080E03779C3414311
:107F8800176E05B5B5B89346F5F93FE9034F384D77
:107F9800321D30F94877825A3CBF737FDD4F157523
:107FA800000000000000F03F000000000000244036
:107FB80000000000000059400000000000408F4011
:107FC800000000000088C34000000000006AF8407C
:107FD8000000000080842E4100000000D0126341A0
:107FE8000000000084D797410000000065CDCD4116
:107FF800000000205FA00242000000E876483742F7
:10800800000000A2941A6D42000040E59C30A24294
:108018000000901EC4BCD64200003426F56B0C4309
:108028000080E03779C3414300A0D88557347643B0
:1080380000C84E676DC1AB43003D9160E458E14311
:10804800408CB5781DAF154450EFE2D6E41A4B4486
:1080580092D54D06CFF08044F64AE1C7022DB544CB
:10806800B49DD9794378EA4405000000190000005E
:108078007D0000006E660000696E6974790000007A
:10808800616E000035000000CEFBFFFFCB0300004F
:10809800010000000000000034000000CEFBFFFFDC
:1080A800CB030000010000000000000000000000F9
:1080B800BC89D897B2D29C3C33A7A8D523F64939B6
:1080C8003DA7F444FD0FA5329D978CCF08BA5B25D8
:1080D800436FAC64280668112F6D6E742F776F722A
:1080E8006B73706163652F776F726B737061636513
:1080F8002F4743432D31302D706970656C696E656B
:108108002F6A656E6B696E732D4743432D31302D91
:10811800706970656C696E652D3333385F32303243
:1081280031313031385F31363334353136323033EE
:108138002F7372632F6E65776C69622F6E65776C2B
:1081480069622F6C6962632F7374646C69622F674C
:1081580064746F612D6765746865782E630000002C
:108168000000000000000000000000000000000007
:1081780000000000000000000000000000000000F7
:1081880000000000000000000000000000000000E7
:10819800101112131415161718190000000000000A
:1081A800001A1B1C1D1E1F0000000000000000001C
:1081B80000000000000000000000000000000000B7
:1081C800001A1B1C1D1E1F000000000000000000FC
:1081D8000000000000000000000000000000000097
:1081E8000000000000000000000000000000000087
:1081F8000000000000000000000000000000000077
:108208000000000000000000000000000000000066
:108218000000000000000000000000000000000056
:108228000000000000000000000000000000000046
:108238000000000000000000000000000000000036
:108248000000000000000000000000000000000026
:108258000000000000000000000000000000000016
:0C826800F87E0308387C03086820002022
:08827400508FFD7F01000000A6
:08827C00B9FE020865010108CA
:0482840041010108AB
:10828800091C01086D1C01088C2000208C28002086
:1082980000000000000000000000000000000000D6
:1082A800000000004A585F372E395F435048595F35
:1082B8003130383031393230000000000000000021
:1082C800004E543433357233343533000000000027
:1082D8000000000000000000000000000000323034
:1082E800323430383239000000000000000000004D
:1082F8000000000000000000000000000000460030
:1083080004010101000220030005460046000200A6
:108318003C00140002003A07D6069E0700002C0114
:10832800AC0D480D100E00002C01E40C800C480D1B
:1083380000002C01E40C800C480D00002C01E40C1A
:10834800800C480D00002C01E40C800C480D000046
:108358002C017C151815E015000064007C15181513
:10836800E0150000640000000000409C000064006C
:108378000A000000320020003200200032002000F5
:10838800320020003200200032002000320020009D
:10839800320020002C010C00000001006400640081
:1083A8006400640064000000000000000000000099
:1083B80000000000000000000000000000000000B5
:1083C80000000000000000000000000000000000A5
:1083D8000000000000000000000000000000000095
:1083E8000000000000000000000000000000000085
:1083F8000000000000000000000000000000000075
:108408000000000000000000000000000000000064
:108418000000000000000000000000000000000054
:108428000000000000000000000000000000000044
:108438000000000000000000000000000000000034
:108448000000000000000000000000000000000024
:108458000000000000000000000000000000000014
:108468000000000000000000000000000000000004
:1084780000000000000000000000000000000000F4
:1084880000000000000000000000000000000000E4
:108498000000000000000000000000002400002090
:1084A8000E06110712070000000200000400000079
:1084B800000400000004000008000000000800009C
:1084C8000008014000080140000C014002060206B5
:1084D80003060000000E2707583930302D54455345
:1084E80054424F585F4961702056312E30000000C9
:1084F8000000000000000000105903086946010848
:1085080014590308654001081C590308C1400108B3
:1085180020590308D53F0108285903089143010849
:10852800305903081941010838590308913F0108D7
:1085380040590308B13F010848590308693F010839
:10854800505903084141010854590308B546010828
:10855800020000001100000025DE010804000000F0
:108568003FDD0108030000000DDB010810000000DA
:108578005BDA010806000000F1D9010817000000C5
:10858800EBDB01080100000081D6010805000000AE
:108598007FD701080F00000025D80108020000005D
:1085A800F3D80108000000000000000000000000EF
:1085B80000000000000000000000000000000000B3
:1085C80000000000000000000000000000000000A3
:1085D800000000002C4200200404000001010000FB
:1085E8002828000002000000070000000100000029
:1085F8000404000001010000222200000200000023
:108608000700000039C2F528040400000101000039
:108618001D1D00000200000007000000010000000E
:108628000404000001010000191900000200000004
:108638000700000001000000040400000101000020
:1086480016170200020000000700000001000000E9
:1086580004040000010100001414000002000000DE
:1086680007000000010000000404000000000100F1
:10867800121302000300000006000000E809D723D7
:1086880003030000000001000C0D020002000000BE
:1086980007000000000000000404000000000100C2
:1086A8000F1002000200000007000000F6285C0F0F
:1086B80004040000000001000E0F02000200000088
:1086C80007000000F6285C0F040400000000010009
:1086D8000D0E02000200000007000000F6285C0FE3
:1086E80004040000000001000C0D0200020000005C
:1086F80007000000F6285C0F0404000000000100D9
:108708000C0C00000200000007000000F6285C0FB7
:1087180004040000000001000B0C0200020000002D
:1087280007000000F6285C0F0404000000000100A8
:108738000B0B00000200000007000000F6285C0F89
:1087480004040000000001000A0A00000200000002
:1087580007000000F6285C0F040400000000010078
:108768000A0A00000200000007000000F6285C0F5B
:108778000404000000000100090A020002000000D1
:1087880007000000F6285C0F040400000000010048
:10879800090900000200000007000000F6285C0F2D
:1087A80004040000000001000809020002000000A3
:1087B80007000000F6285C0F040400000000010018
:1087C800080800000200000007000000F6285C0FFF
:1087D8000404000000000100080800000200000076
:1087E80007000000F6285C0F0404000000000100E8
:1087F800070802000200000007000000F6285C0FCE
:108808000404000000000100070802000200000044
:1088180007000000F6285C0F0404000000000100B7
:10882800070700000200000007000000F6285C0FA0
:108838000404000000000100070700000200000017
:1088480007000000F6285C0F040400000000010087
:10885800060702000200000007000000F6285C0F6F
:1088680004040000000001000607020002000000E6
:1088780007000000F6285C0F040400000000010057
:10888800060702000200000007000000F6285C0F3F
:1088980004040000000001000606000002000000B9
:1088A80007000000F6285C0F040400000000010027
:1088B800060600000200000007000000F6285C0F12
:1088C8000404000000000100060600000200000089
:1088D80007000000E809D7A32525000002030200CD
:1088E8000A0A000002000000070000000000000063
:1088F8001313000002030200050500000200000037
:108908000700000000000000272700000203020003
:108918000A0A000002000000070000000000000032
:10892800101000000203020004040000020000000E
:1089380007000000000000003D3E020005050000A1
:108948000708020002000000070000000000000005
:1089580015150000020302000505000002000000D2
:10896800070000000000000040410200050500006B
:1089780007080200020000000700000000000000D5
:1089880016160000020302000505000002000000A0
:10899800070000000000000012120000020302009D
:1089A80004040000020000000700000000000000AE
:1089B800171700000203020005050000020000006E
:1089C80007000000000000004647020005050000FF
:1089D8000708020002000000070000000000000075
:1089E800181800000203020005050000020000003C
:1089F8000700000000000000494A020005050000C9
:108A08000708020002000000070000000000000044
:108A1800030300000000010003030000020000003F
:108A2800070000000000000046470200050500009E
:108A38000708020002000000070000000000000014
:108A48001A1A0000020302000505000002000000D7
:108A580007000000000000004F500000050500005E
:108A680007080200020000000700000000000000E4
:108A78001B1B0000020302000505000002000000A5
:108A880007000000000000001616000002030200A4
:108A980004040000020000000700000000000000BD
:108AA8001C1C000002030200050500000200000073
:108AB80007000000000000005556020005050000F0
:108AC8000708020002000000070000000000000084
:108AD8001D1D000002030200050500000200000041
:108AE80007000000000000005859020005050000BA
:108AF8000708020002000000070000000000000054
:108B0800030300000000010002030200020000004D
:108B180007000000000000001E1F02000203020000
:108B2800050500000200000007000000000000002A
:108B38001F1F0000020302000505000002000000DC
:108B480007000000000000001F20020002030200CE
:108B580005050000020000000700000000000000FA
:108B680010100000020302000203020002000000CD
:108B780007000000000000000607020001010000D5
:108B880002030200020000000700000000000000CD
:108B98002121000002030200050500000200000078
:108BA800070000000000000021220200020302006A
:108BB800050500000200000007000000000000009A
:108BC800111100000203020002030200020000006B
:108BD8000700000000000000222302000203020038
:108BE800050500000200000007000000000000006A
:108BF800030402000000010002030200020000005A
:108C08000700000000000000232402000203020005
:108C18000505000002000000070000000000000039
:108C28001212000002030200020302000200000008
:108C380007000000000000002425020002030200D3
:108C48000505000002000000070000000000000009
:108C580025250000020302000505000002000000AF
:108C680007000000000000000405020000000100E9
:108C780002030200020000000700000000000000DC
:108C880013130000020302000203020002000000A6
:108C9800070000000000000026270200020302006F
:108CA80005050000020000000700000000000000A9
:108CB800272700000203020005050000020000004B
:108CC800070000000000000027280200020302003D
:108CD8000505000002000000070000000000000079
:108CE800101000000203020002020000020000004F
:108CF800070000000000000028290200020302000B
:108D08000505000002000000070000000000000048
:108D180029290000020302000505000002000000E6
:108D28000700000000000000292A020002030200D8
:108D38000505000002000000070000000000000018
:108D480015150000020302000203020002000000E1
:108D580007000000000000002B2B000002030200A7
:108D680005050000020000000700000000000000E8
:108D78002B2C02000203020005050000020000007F
:108D880007000000000000001616000002030200A1
:108D980002030200020000000700000000000000BB
:108DA8002C2D02000203020005050000020000004D
:108DB8000700000000000000121200000203020079
:108DC800020200000200000007000000000000008E
:108DD8002D2E02000203020005050000020000001B
:108DE800070000000000000017170000020302003F
:108DF800020302000200000007000000000000005B
:108E08002E2F0200020302000505000002000000E8
:108E180007000000000000002F2F000002030200DE
:108E28000505000002000000070000000000000027
:108E380013130000020302000202000002000000F7
:108E480007000000000000001818000002030200DC
:108E580002030200020000000700000000000000FA
:108E68003031020002030200050500000200000084
:108E7800070000000000000031310000020302007A
:108E880005050000020000000700000000000000C7
:108E98003132020002030200050500000200000052
:108EA80007000000000000000303000000000100AC
:108EB800010202000200000007000000000000009C
:108EC8003233020002030200050500000200000020
:108ED8000700000000000000333300000203020016
:108EE8000505000002000000070000000000000067
:108EF80033340200020302000505000002000000EE
:108F080007000000000000001A1A00000203020017
:108F18000203020002000000070000000000000039
:108F28001515000002030200020200000200000002
:108F380007000000000000003535000002030200B1
:108F48000505000002000000070000000000000006
:108F58003536020002030200050500000200000089
:108F680007000000000000001B1B000002030200B5
:108F780002030200020000000700000000000000D9
:108F88003637020002030200050500000200000057
:108F9800070000000000000016160000020302008F
:108FA80002020000020000000700000000000000AC
:108FB8003738020002030200050500000200000025
:108FC80007000000000000001C1C00000203020053
:108FD8000203020002000000070000000000000079
:108FE80038390200020302000505000002000000F3
:108FF80007000000000000003939000002030200E9
:109008000505000002000000070000000000000045
:10901800171700000203020002020000020000000D
:1090280007000000000000001D1D000002030200F0
:109038000203020002000000070000000000000018
:109048003A3B02000203020005050000020000008E
:1090580007000000000000003B3B00000203020084
:1090680005050000020000000700000000000000E5
:109078003B3C02000203020005050000020000005C
:1090880007000000000000001212000002030200A6
:1090980001020200020000000700000000000000BA
:1090A8001212000002030200010202000200000086
:1090B80007000000000000003C3D0200050500001C
:1090C8000203020002000000070000000000000088
:1090D8001E1F020002030200020302000200000039
:1090E80007000000000000003D3E020005050000EA
:1090F8000203020002000000070000000000000058
:109108001F1F000002030200020302000200000009
:10911800070000000000000007080200010100002D
:109128000102020002000000070000000000000029
:109138001F200200020302000203020002000000D6
:1091480007000000000000003F4002000505000085
:1091580002030200020000000700000000000000F7
:1091680020200000020302000203020002000000A7
:109178000700000000000000404102000505000053
:1091880002030200020000000700000000000000C7
:109198001A1A000002030200020200000200000086
:1091A8000700000000000000414202000505000021
:1091B8000203020002000000070000000000000097
:1091C8004242000002030200050500000200000000
:1091D80007000000000000004243020002030200F2
:1091E8000505000002000000070000000000000064
:1091F80043430000020302000505000002000000CE
:109208000700000000000000797A02000505000050
:109218000405020002000000070000000000000032
:10922800444400000203020005050000020000009B
:10923800070000000000000044450200020302008D
:109248000505000002000000070000000000000003
:109258004545000002030200050500000200000069
:10926800070000000000000045460200020302005B
:1092780005050000020000000700000000000000D3
:109288003838000002030200040400000200000055
:109298000700000000000000464702000203020029
:1092A80005050000020000000700000000000000A3
:1092B8004747000002030200050500000200000005
:1092C80007000000000000004748020002030200F7
:1092D8000505000002000000070000000000000073
:1092E80048480000020302000505000002000000D3
:1092F80007000000000000000E0F0200000001003F
:109308000505000002000000070000000000000042
:1093180049490000020302000505000002000000A0
:109328000700000000000000494A02000203020092
:109338000505000002000000070000000000000012
:109348004A4A00000203020005050000020000006E
:1093580007000000000000004A4B02000203020060
:1093680005050000020000000700000000000000E2
:109378000A0B0200000001000304020002000000C2
:1093880007000000000000004B4C0200020302002E
:1093980005050000020000000700000000000000B2
:1093A8004C4C00000203020005050000020000000A
:1093B80007000000000000004C4D020002030200FC
:1093C8000505000002000000070000000000000082
:1093D8004D4D0000020302000505000002000000D8
:1093E800070000000000000010100200000001004B
:1093F8000505000002000000070000000000000052
:1094080027270000020302000203020002000000F6
:1094180007000000000000004E4F02000203020097
:109428000505000002000000070000000000000021
:109438004F4F000002030200050500000200000073
:1094480007000000000000004F5002000203020065
:1094580005050000020000000700000000000000F1
:109468003838000002030200030402000200000072
:109478000700000000000000505102000505000030
:1094880002030200020000000700000000000000C4
:109498002829020002030200020302000200000061
:1094A80007000000000000005152020005050000FE
:1094B8000203020002000000070000000000000094
:1094C8002929000002030200020302000200000032
:1094D80007000000000000004242000002030200F2
:1094E8000404000002000000070000000000000063
:1094F800202A020002030200020302000200000008
:109508000700000000000000535402000505000099
:109518000203020002000000070000000000000033
:109528002A2A0000020302000203020002000000CF
:109538000700000000000000545502000505000067
:109548000203020002000000070000000000000003
:10955800444400000203020004040000020000006A
:109568000700000000000000555602000505000035
:1095780002030200020000000700000000000000D3
:109588002B2B00000203020002030200020000006D
:109598000700000000000000565702000505000003
:1095A80002030200020000000700000000000000A3
:1095B8002B2C02000203020002030200020000003A
:1095C8000700000000000000181902000101000057
:1095D8000304020002000000070000000000000071
:1095E8000000000000000000000000000000000073
:1095F8000000000000000000000000000000000063
:109608000000000000000000000000000000000052
:109618000000000000000000000000000000000042
:109628000000000000000000000000000000000032
:109638000000000000000000000000000000000022
:109648000000000000000000000000000000000012
:109658000000000000000000000000000000000002
:1096680000000000000000000000000000000000F2
:1096780000000000000000000000000000000000E2
:1096880000000000000000000000000000000000D2
:1096980000000000000000000000000000000000C2
:1096A80000000000000000000000000000000000B2
:1096B80000000000000000000000000000000000A2
:1096C8000000000000000000000000000000000092
:1096D8000000000000000000000000000000000082
:1096E8000000000000000000000000000000000072
:1096F8000000000000000000000000000000000062
:109708000000000000000000000000000000000051
:109718000000000000000000000000000000000041
:109728000000000000000000000000000000000031
:109738000000000000000000000000000000000021
:109748000000000000000000000000000000000011
:109758000000000000000000000000000000000001
:1097680000000000000000000000000000000000F1
:1097780000000000000000000000000000000000E1
:1097880000000000000000000000000000000000D1
:1097980000000000000000000000000000000000C1
:1097A80000000000000000000000000000000000B1
:1097B80000000000000000000000000000000000A1
:1097C8000000000000000000000000000000000091
:1097D8000000000000000000000000000000000081
:1097E8000000000000000000000000000000000071
:1097F8000000000000000000000000000000000061
:109808000000000000000000000000000000000050
:109818000000000000000000000000000000000040
:109828000000000000000000000000000000000030
:109838000000000000000000000000000000000020
:109848000000000000000000000000000000000010
:109858000000000000000000000000000000000000
:1098680000000000000000000000000000000000F0
:1098780000000000000000000000000000000000E0
:1098880000000000000000000000000000000000D0
:1098980000000000000000002C6103083461030888
:1098A8003C6103081D27020869270208F5270208FA
:1098B8009D28020809290208B1290208712A02080C
:1098C8006D2B02081D2C0208CD2C0208E12C020881
:1098D800F52C0208092D02081D2D0208352D020855
:1098E8000000000000000000000000000000000070
:1098F8000000000000000000000000000000000060
:10990800000000000000000000000000000000004F
:1099180001000000313A2F6170702E62696E0000FC
:10992800000000000000000000000000000000002F
:1099380000000100010000001D000000C01600200A
:1099480000000000AC190020141A00207C1A002026
:1099580000000000000000000000000000000000FF
:1099680000000000000000000000000000000000EF
:1099780000000000000000000000000000000000DF
:1099880000000000000000000000000000000000CF
:1099980000000000000000000000000000000000BF
:1099A80000000000000000000000000000000000AF
:1099B800000000000000000000000000000000009F
:1099C800000000000000000000000000000000008F
:1099D800000000000000000000000000000000007F
:1099E800000000000000000001000000000000006E
:1099F8000E33CDAB34126DE6ECDE05000B00000033
:109A0800000000000000000000000000000000004E
:109A1800000000000000000000000000000000003E
:109A2800000000000000000000000000000000002E
:109A3800000000000000000000000000000000001E
:109A4800000000000000000000000000000000000E
:109A580000000000000000000000000000000000FE
:109A680000000000000000000000000000000000EE
:109A780000000000000000000000000000000000DE
:109A880000000000000000000000000000000000CE
:109A980000000000000000000000000000000000BE
:109AA80000000000000000000000000000000000AE
:109AB800000000000000000000000000000000009E
:109AC800000000000000000000000000000000008E
:109AD800000000000000000000000000000000007E
:109AE800000000000000000000000000000000006E
:109AF800000000000000000000000000000000005E
:109B0800000000000000000000000000000000004D
:109B1800000000000000000000000000000000003D
:109B2800000000000000000000000000000000002D
:109B3800000000000000000000000000000000001D
:109B4800000000000000000000000000000000000D
:109B580000000000000000000000000000000000FD
:109B680000000000000000000000000000000000ED
:109B780000000000000000000000000000000000DD
:109B880000000000000000000000000000000000CD
:109B980000000000000000000000000000000000BD
:109BA80000000000000000000000000000000000AD
:109BB800000000000000000000000000000000009D
:109BC800000000000000000000000000000000008D
:109BD800000000000000000000000000000000007D
:109BE800000000000000000000000000000000006D
:109BF800000000000000000000000000000000005D
:109C0800000000000000000000000000000000004C
:109C1800000000000000000000000000000000003C
:109C2800000000000000000000000000000000002C
:109C3800000000000000000000000000000000001C
:109C4800000000000000000000000000000000000C
:109C580000000000000000000000000000000000FC
:109C680000000000000000000000000000000000EC
:109C780000000000000000000000000000000000DC
:109C880000000000000000000000000000000000CC
:109C980000000000000000000000000000000000BC
:109CA80000000000000000000000000000000000AC
:109CB800000000000000000000000000000000009C
:109CC800000000000000000000000000000000008C
:109CD800000000000000000000000000000000007C
:109CE800000000000000000000000000000000006C
:109CF800000000000000000000000000000000005C
:109D0800000000000000000000000000000000004B
:109D1800000000000000000000000000000000003B
:109D2800000000000000000000000000000000002B
:109D3800000000000000000000000000000000001B
:109D4800000000000000000000000000000000000B
:109D580000000000000000000000000000000000FB
:109D680000000000000000003C94002043000000B8
:109D780000000000000000000000000000000000DB
:109D88000000000000000000000000004300000088
:109D980000000000000000000000000000000000BB
:109DA8000000000000000000000000004300000068
:109DB800000000000000000000000000000000009B
:109DC8000000000000000000000000004300000048
:109DD800000000000000000000000000000000007B
:109DE8000000000000000000000000004300000028
:109DF800000000000000000000000000000000005B
:109E08000000000000000000000000004300000007
:109E1800000000000000000000000000000000003A
:109E280000000000000000000000000043000000E7
:109E3800000000000000000000000000000000001A
:109E48000000000000000000000000003D4B030877
:109E5800A91F030800000000447D0308F87E0308DA
:109E6800387C0308387C0308387C0308387C0308EE
:109E7800387C0308387C0308387C0308387C0308DE
:109E8800387C0308FFFFFFFFFFFFFFFFFFFFFFFF17
:109E9800FFFF000001004153434949000000000052
:109EA80000000000000000000000000000000000AA
:109EB8000000000000004153434949000000000031
:109EC800000000000000000000000000000000008A
:109ED800000000000000000000000000000000007A
:109EE800581C0020581C0020601C0020601C00200A
:109EF800681C0020681C0020701C0020701C0020BA
:109F0800781C0020781C0020801C0020801C002069
:109F1800881C0020881C0020901C0020901C002019
:109F2800981C0020981C0020A01C0020A01C0020C9
:109F3800A81C0020A81C0020B01C0020B01C002079
:109F4800B81C0020B81C0020C01C0020C01C002029
:109F5800C81C0020C81C0020D01C0020D01C0020D9
:109F6800D81C0020D81C0020E01C0020E01C002089
:109F7800E81C0020E81C0020F01C0020F01C002039
:109F8800F81C0020F81C0020001D0020001D0020E7
:109F9800081D0020081D0020101D0020101D002095
:109FA800181D0020181D0020201D0020201D002045
:109FB800281D0020281D0020301D0020301D0020F5
:109FC800381D0020381D0020401D0020401D0020A5
:109FD800481D0020481D0020501D0020501D002055
:109FE800581D0020581D0020601D0020601D002005
:109FF800681D0020681D0020701D0020701D0020B5
:10A00800781D0020781D0020801D0020801D002064
:10A01800881D0020881D0020901D0020901D002014
:10A02800981D0020981D0020A01D0020A01D0020C4
:10A03800A81D0020A81D0020B01D0020B01D002074
:10A04800B81D0020B81D0020C01D0020C01D002024
:10A05800C81D0020C81D0020D01D0020D01D0020D4
:10A06800D81D0020D81D0020E01D0020E01D002084
:10A07800E81D0020E81D0020F01D0020F01D002034
:10A08800F81D0020F81D0020001E0020001E0020E2
:10A09800081E0020081E0020101E0020101E002090
:10A0A800181E0020181E0020201E0020201E002040
:10A0B800281E0020281E0020301E0020301E0020F0
:10A0C800381E0020381E0020401E0020401E0020A0
:10A0D800481E0020481E0020501E0020501E002050
:10A0E800581E0020581E0020601E0020601E002000
:10A0F800681E0020681E0020701E0020701E0020B0
:10A10800781E0020781E0020801E0020801E00205F
:10A11800881E0020881E0020901E0020901E00200F
:10A12800981E0020981E0020A01E0020A01E0020BF
:10A13800A81E0020A81E0020B01E0020B01E00206F
:10A14800B81E0020B81E0020C01E0020C01E00201F
:10A15800C81E0020C81E0020D01E0020D01E0020CF
:10A16800D81E0020D81E0020E01E0020E01E00207F
:10A17800E81E0020E81E0020F01E0020F01E00202F
:10A18800F81E0020F81E0020001F0020001F0020DD
:10A19800081F0020081F0020101F0020101F00208B
:10A1A800181F0020181F0020201F0020201F00203B
:10A1B800281F0020281F0020301F0020301F0020EB
:10A1C800381F0020381F0020401F0020401F00209B
:10A1D800481F0020481F0020501F0020501F00204B
:10A1E800581F0020581F0020601F0020601F0020FB
:10A1F800681F0020681F0020701F0020701F0020AB
:10A20800781F0020781F0020801F0020801F00205A
:10A21800881F0020881F0020901F0020901F00200A
:10A22800981F0020981F0020A01F0020A01F0020BA
:10A23800A81F0020A81F0020B01F0020B01F00206A
:10A24800B81F0020B81F0020C01F0020C01F00201A
:10A25800C81F0020C81F0020D01F0020D01F0020CA
:10A26800D81F0020D81F0020E01F0020E01F00207A
:10A27800E81F0020E81F0020F01F0020F01F00202A
:10A28800F81F0020F81F00200020002000200020D8
:10A298000820002008200020102000201020002086
:10A2A8001820002018200020202000202020002036
:10A2B80028200020282000203020002030200020E6
:10A2C8003820002038200020402000204020002096
:10A2D8004820002048200020502000205020002046
:0CA2E800FFFFFFFF00000200FF0000006D
:0400000508025AC9CA
:00000001FF
