ARM GAS  C:\Users\ADMINI~1\AppData\Local\Temp\ccavp8eo.s 			page 1


   1              		.cpu cortex-m4
   2              		.arch armv7e-m
   3              		.fpu softvfp
   4              		.eabi_attribute 20, 1
   5              		.eabi_attribute 21, 1
   6              		.eabi_attribute 23, 3
   7              		.eabi_attribute 24, 1
   8              		.eabi_attribute 25, 1
   9              		.eabi_attribute 26, 1
  10              		.eabi_attribute 30, 6
  11              		.eabi_attribute 34, 1
  12              		.eabi_attribute 18, 4
  13              		.file	"lcd_cfg.c"
  14              		.text
  15              	.Ltext0:
  16              		.cfi_sections	.debug_frame
  17              		.section	.text.fun1,"ax",%progbits
  18              		.align	1
  19              		.global	fun1
  20              		.syntax unified
  21              		.thumb
  22              		.thumb_func
  24              	fun1:
  25              	.LFB119:
  26              		.file 1 "Module/lcd_cfg.c"
   1:Module/lcd_cfg.c **** #include "pport_spi.h"
   2:Module/lcd_cfg.c **** #include "user_config.h"
   3:Module/lcd_cfg.c **** #include "GPU_Cfg.h"
   4:Module/lcd_cfg.c **** #include "mipi_Cfg.h"
   5:Module/lcd_cfg.c **** #include "lcd_cfg.h"
   6:Module/lcd_cfg.c **** 
   7:Module/lcd_cfg.c **** /*
   8:Module/lcd_cfg.c **** void Initial_LCM_CODE(void){
   9:Module/lcd_cfg.c **** 
  10:Module/lcd_cfg.c ****     SPI_WriteCmd(0xB7);
  11:Module/lcd_cfg.c **** 	SPI_WriteData(0x50);//10=TX_CLK 30=PCLK
  12:Module/lcd_cfg.c **** 	SPI_WriteData(0x02);
  13:Module/lcd_cfg.c **** 	SPI_WriteCmd(0xBD);
  14:Module/lcd_cfg.c **** 	SPI_WriteData(0x00);
  15:Module/lcd_cfg.c **** 	SPI_WriteData(0x00);
  16:Module/lcd_cfg.c **** 
  17:Module/lcd_cfg.c **** SSD2828_WritePackageSize(1);
  18:Module/lcd_cfg.c **** SPI_WriteData(0x11);
  19:Module/lcd_cfg.c **** bsp_DelayMS(200);
  20:Module/lcd_cfg.c **** SSD2828_WritePackageSize(1);
  21:Module/lcd_cfg.c **** SPI_WriteData(0x29);
  22:Module/lcd_cfg.c **** bsp_DelayMS(100);
  23:Module/lcd_cfg.c **** 
  24:Module/lcd_cfg.c **** }
  25:Module/lcd_cfg.c **** 
  26:Module/lcd_cfg.c **** */
  27:Module/lcd_cfg.c **** void fun1(void)
  28:Module/lcd_cfg.c **** {
  27              		.loc 1 28 1
  28              		.cfi_startproc
  29              		@ args = 0, pretend = 0, frame = 0
  30              		@ frame_needed = 1, uses_anonymous_args = 0
ARM GAS  C:\Users\ADMINI~1\AppData\Local\Temp\ccavp8eo.s 			page 2


  31 0000 80B5     		push	{r7, lr}
  32              	.LCFI0:
  33              		.cfi_def_cfa_offset 8
  34              		.cfi_offset 7, -8
  35              		.cfi_offset 14, -4
  36 0002 00AF     		add	r7, sp, #0
  37              	.LCFI1:
  38              		.cfi_def_cfa_register 7
  29:Module/lcd_cfg.c **** SSD2828_WritePackageSize(2);
  39              		.loc 1 29 1
  40 0004 0220     		movs	r0, #2
  41 0006 FFF7FEFF 		bl	SSD2828_WritePackageSize
  30:Module/lcd_cfg.c **** SPI_WriteData(0x41);
  42              		.loc 1 30 1
  43 000a 4120     		movs	r0, #65
  44 000c FFF7FEFF 		bl	SPI_WriteData
  31:Module/lcd_cfg.c **** SPI_WriteData(0x5A);
  45              		.loc 1 31 1
  46 0010 5A20     		movs	r0, #90
  47 0012 FFF7FEFF 		bl	SPI_WriteData
  32:Module/lcd_cfg.c **** 
  33:Module/lcd_cfg.c **** 
  34:Module/lcd_cfg.c **** 
  35:Module/lcd_cfg.c **** //SSD2828_WritePackageSize(2);
  36:Module/lcd_cfg.c **** //SPI_WriteData(0x4C);
  37:Module/lcd_cfg.c **** //SPI_WriteData(0x03);
  38:Module/lcd_cfg.c **** 
  39:Module/lcd_cfg.c **** 
  40:Module/lcd_cfg.c **** 
  41:Module/lcd_cfg.c **** SSD2828_WritePackageSize(3);
  48              		.loc 1 41 1
  49 0016 0320     		movs	r0, #3
  50 0018 FFF7FEFF 		bl	SSD2828_WritePackageSize
  42:Module/lcd_cfg.c **** SPI_WriteData(0x41);
  51              		.loc 1 42 1
  52 001c 4120     		movs	r0, #65
  53 001e FFF7FEFF 		bl	SPI_WriteData
  43:Module/lcd_cfg.c **** SPI_WriteData(0x5A);
  54              		.loc 1 43 1
  55 0022 5A20     		movs	r0, #90
  56 0024 FFF7FEFF 		bl	SPI_WriteData
  44:Module/lcd_cfg.c **** SPI_WriteData(0x03);
  57              		.loc 1 44 1
  58 0028 0320     		movs	r0, #3
  59 002a FFF7FEFF 		bl	SPI_WriteData
  45:Module/lcd_cfg.c **** 
  46:Module/lcd_cfg.c **** SSD2828_WritePackageSize(2);
  60              		.loc 1 46 1
  61 002e 0220     		movs	r0, #2
  62 0030 FFF7FEFF 		bl	SSD2828_WritePackageSize
  47:Module/lcd_cfg.c **** SPI_WriteData(0x80);
  63              		.loc 1 47 1
  64 0034 8020     		movs	r0, #128
  65 0036 FFF7FEFF 		bl	SPI_WriteData
  48:Module/lcd_cfg.c **** SPI_WriteData(0x70);
  66              		.loc 1 48 1
  67 003a 7020     		movs	r0, #112
ARM GAS  C:\Users\ADMINI~1\AppData\Local\Temp\ccavp8eo.s 			page 3


  68 003c FFF7FEFF 		bl	SPI_WriteData
  49:Module/lcd_cfg.c **** 
  50:Module/lcd_cfg.c **** 
  51:Module/lcd_cfg.c **** 
  52:Module/lcd_cfg.c **** SSD2828_WritePackageSize(3);
  69              		.loc 1 52 1
  70 0040 0320     		movs	r0, #3
  71 0042 FFF7FEFF 		bl	SSD2828_WritePackageSize
  53:Module/lcd_cfg.c **** SPI_WriteData(0x41);
  72              		.loc 1 53 1
  73 0046 4120     		movs	r0, #65
  74 0048 FFF7FEFF 		bl	SPI_WriteData
  54:Module/lcd_cfg.c **** SPI_WriteData(0x5A);
  75              		.loc 1 54 1
  76 004c 5A20     		movs	r0, #90
  77 004e FFF7FEFF 		bl	SPI_WriteData
  55:Module/lcd_cfg.c **** SPI_WriteData(0x2F);
  78              		.loc 1 55 1
  79 0052 2F20     		movs	r0, #47
  80 0054 FFF7FEFF 		bl	SPI_WriteData
  56:Module/lcd_cfg.c **** 
  57:Module/lcd_cfg.c **** SSD2828_WritePackageSize(2);
  81              		.loc 1 57 1
  82 0058 0220     		movs	r0, #2
  83 005a FFF7FEFF 		bl	SSD2828_WritePackageSize
  58:Module/lcd_cfg.c **** SPI_WriteData(0x28);
  84              		.loc 1 58 1
  85 005e 2820     		movs	r0, #40
  86 0060 FFF7FEFF 		bl	SPI_WriteData
  59:Module/lcd_cfg.c **** SPI_WriteData(0x00);
  87              		.loc 1 59 1
  88 0064 0020     		movs	r0, #0
  89 0066 FFF7FEFF 		bl	SPI_WriteData
  60:Module/lcd_cfg.c **** 
  61:Module/lcd_cfg.c **** SSD2828_WritePackageSize(2);
  90              		.loc 1 61 1
  91 006a 0220     		movs	r0, #2
  92 006c FFF7FEFF 		bl	SSD2828_WritePackageSize
  62:Module/lcd_cfg.c **** SPI_WriteData(0x10);
  93              		.loc 1 62 1
  94 0070 1020     		movs	r0, #16
  95 0072 FFF7FEFF 		bl	SPI_WriteData
  63:Module/lcd_cfg.c **** SPI_WriteData(0x00);
  96              		.loc 1 63 1
  97 0076 0020     		movs	r0, #0
  98 0078 FFF7FEFF 		bl	SPI_WriteData
  64:Module/lcd_cfg.c **** 
  65:Module/lcd_cfg.c **** bsp_DelayMS(100);
  99              		.loc 1 65 1
 100 007c 6420     		movs	r0, #100
 101 007e FFF7FEFF 		bl	bsp_DelayMS
  66:Module/lcd_cfg.c **** 
  67:Module/lcd_cfg.c **** 
  68:Module/lcd_cfg.c **** 
  69:Module/lcd_cfg.c **** SSD2828_WritePackageSize(3);
 102              		.loc 1 69 1
 103 0082 0320     		movs	r0, #3
ARM GAS  C:\Users\ADMINI~1\AppData\Local\Temp\ccavp8eo.s 			page 4


 104 0084 FFF7FEFF 		bl	SSD2828_WritePackageSize
  70:Module/lcd_cfg.c **** SPI_WriteData(0x41);
 105              		.loc 1 70 1
 106 0088 4120     		movs	r0, #65
 107 008a FFF7FEFF 		bl	SPI_WriteData
  71:Module/lcd_cfg.c **** SPI_WriteData(0x5A);
 108              		.loc 1 71 1
 109 008e 5A20     		movs	r0, #90
 110 0090 FFF7FEFF 		bl	SPI_WriteData
  72:Module/lcd_cfg.c **** SPI_WriteData(0x08);
 111              		.loc 1 72 1
 112 0094 0820     		movs	r0, #8
 113 0096 FFF7FEFF 		bl	SPI_WriteData
  73:Module/lcd_cfg.c **** 
  74:Module/lcd_cfg.c **** SSD2828_WritePackageSize(5);
 114              		.loc 1 74 1
 115 009a 0520     		movs	r0, #5
 116 009c FFF7FEFF 		bl	SSD2828_WritePackageSize
  75:Module/lcd_cfg.c **** SPI_WriteData(0x80);
 117              		.loc 1 75 1
 118 00a0 8020     		movs	r0, #128
 119 00a2 FFF7FEFF 		bl	SPI_WriteData
  76:Module/lcd_cfg.c **** SPI_WriteData(0x82);
 120              		.loc 1 76 1
 121 00a6 8220     		movs	r0, #130
 122 00a8 FFF7FEFF 		bl	SPI_WriteData
  77:Module/lcd_cfg.c **** SPI_WriteData(0x00);
 123              		.loc 1 77 1
 124 00ac 0020     		movs	r0, #0
 125 00ae FFF7FEFF 		bl	SPI_WriteData
  78:Module/lcd_cfg.c **** SPI_WriteData(0x82);
 126              		.loc 1 78 1
 127 00b2 8220     		movs	r0, #130
 128 00b4 FFF7FEFF 		bl	SPI_WriteData
  79:Module/lcd_cfg.c **** SPI_WriteData(0x00);
 129              		.loc 1 79 1
 130 00b8 0020     		movs	r0, #0
 131 00ba FFF7FEFF 		bl	SPI_WriteData
  80:Module/lcd_cfg.c **** 
  81:Module/lcd_cfg.c **** 
  82:Module/lcd_cfg.c **** SSD2828_WritePackageSize(3);
 132              		.loc 1 82 1
 133 00be 0320     		movs	r0, #3
 134 00c0 FFF7FEFF 		bl	SSD2828_WritePackageSize
  83:Module/lcd_cfg.c **** SPI_WriteData(0x41);
 135              		.loc 1 83 1
 136 00c4 4120     		movs	r0, #65
 137 00c6 FFF7FEFF 		bl	SPI_WriteData
  84:Module/lcd_cfg.c **** SPI_WriteData(0x5A);
 138              		.loc 1 84 1
 139 00ca 5A20     		movs	r0, #90
 140 00cc FFF7FEFF 		bl	SPI_WriteData
  85:Module/lcd_cfg.c **** SPI_WriteData(0x09);
 141              		.loc 1 85 1
 142 00d0 0920     		movs	r0, #9
 143 00d2 FFF7FEFF 		bl	SPI_WriteData
  86:Module/lcd_cfg.c **** 
ARM GAS  C:\Users\ADMINI~1\AppData\Local\Temp\ccavp8eo.s 			page 5


  87:Module/lcd_cfg.c **** SSD2828_WritePackageSize(17);
 144              		.loc 1 87 1
 145 00d6 1120     		movs	r0, #17
 146 00d8 FFF7FEFF 		bl	SSD2828_WritePackageSize
  88:Module/lcd_cfg.c **** SPI_WriteData(0x80);
 147              		.loc 1 88 1
 148 00dc 8020     		movs	r0, #128
 149 00de FFF7FEFF 		bl	SPI_WriteData
  89:Module/lcd_cfg.c **** SPI_WriteData(0x1A);
 150              		.loc 1 89 1
 151 00e2 1A20     		movs	r0, #26
 152 00e4 FFF7FEFF 		bl	SPI_WriteData
  90:Module/lcd_cfg.c **** SPI_WriteData(0x01);
 153              		.loc 1 90 1
 154 00e8 0120     		movs	r0, #1
 155 00ea FFF7FEFF 		bl	SPI_WriteData
  91:Module/lcd_cfg.c **** SPI_WriteData(0xAB);
 156              		.loc 1 91 1
 157 00ee AB20     		movs	r0, #171
 158 00f0 FFF7FEFF 		bl	SPI_WriteData
  92:Module/lcd_cfg.c **** SPI_WriteData(0x95);
 159              		.loc 1 92 1
 160 00f4 9520     		movs	r0, #149
 161 00f6 FFF7FEFF 		bl	SPI_WriteData
  93:Module/lcd_cfg.c **** SPI_WriteData(0xA5);
 162              		.loc 1 93 1
 163 00fa A520     		movs	r0, #165
 164 00fc FFF7FEFF 		bl	SPI_WriteData
  94:Module/lcd_cfg.c **** SPI_WriteData(0x97);
 165              		.loc 1 94 1
 166 0100 9720     		movs	r0, #151
 167 0102 FFF7FEFF 		bl	SPI_WriteData
  95:Module/lcd_cfg.c **** SPI_WriteData(0x59);
 168              		.loc 1 95 1
 169 0106 5920     		movs	r0, #89
 170 0108 FFF7FEFF 		bl	SPI_WriteData
  96:Module/lcd_cfg.c **** SPI_WriteData(0x2A);
 171              		.loc 1 96 1
 172 010c 2A20     		movs	r0, #42
 173 010e FFF7FEFF 		bl	SPI_WriteData
  97:Module/lcd_cfg.c **** SPI_WriteData(0xB1);
 174              		.loc 1 97 1
 175 0112 B120     		movs	r0, #177
 176 0114 FFF7FEFF 		bl	SPI_WriteData
  98:Module/lcd_cfg.c **** SPI_WriteData(0x06);
 177              		.loc 1 98 1
 178 0118 0620     		movs	r0, #6
 179 011a FFF7FEFF 		bl	SPI_WriteData
  99:Module/lcd_cfg.c **** SPI_WriteData(0x00);
 180              		.loc 1 99 1
 181 011e 0020     		movs	r0, #0
 182 0120 FFF7FEFF 		bl	SPI_WriteData
 100:Module/lcd_cfg.c **** SPI_WriteData(0x00);
 183              		.loc 1 100 1
 184 0124 0020     		movs	r0, #0
 185 0126 FFF7FEFF 		bl	SPI_WriteData
 101:Module/lcd_cfg.c **** SPI_WriteData(0x80);
ARM GAS  C:\Users\ADMINI~1\AppData\Local\Temp\ccavp8eo.s 			page 6


 186              		.loc 1 101 1
 187 012a 8020     		movs	r0, #128
 188 012c FFF7FEFF 		bl	SPI_WriteData
 102:Module/lcd_cfg.c **** SPI_WriteData(0x5F);
 189              		.loc 1 102 1
 190 0130 5F20     		movs	r0, #95
 191 0132 FFF7FEFF 		bl	SPI_WriteData
 103:Module/lcd_cfg.c **** SPI_WriteData(0x82);
 192              		.loc 1 103 1
 193 0136 8220     		movs	r0, #130
 194 0138 FFF7FEFF 		bl	SPI_WriteData
 104:Module/lcd_cfg.c **** SPI_WriteData(0x10);
 195              		.loc 1 104 1
 196 013c 1020     		movs	r0, #16
 197 013e FFF7FEFF 		bl	SPI_WriteData
 105:Module/lcd_cfg.c **** 
 106:Module/lcd_cfg.c **** SSD2828_WritePackageSize(17);
 198              		.loc 1 106 1
 199 0142 1120     		movs	r0, #17
 200 0144 FFF7FEFF 		bl	SSD2828_WritePackageSize
 107:Module/lcd_cfg.c **** SPI_WriteData(0x90);
 201              		.loc 1 107 1
 202 0148 9020     		movs	r0, #144
 203 014a FFF7FEFF 		bl	SPI_WriteData
 108:Module/lcd_cfg.c **** SPI_WriteData(0x42);
 204              		.loc 1 108 1
 205 014e 4220     		movs	r0, #66
 206 0150 FFF7FEFF 		bl	SPI_WriteData
 109:Module/lcd_cfg.c **** SPI_WriteData(0x44);
 207              		.loc 1 109 1
 208 0154 4420     		movs	r0, #68
 209 0156 FFF7FEFF 		bl	SPI_WriteData
 110:Module/lcd_cfg.c **** SPI_WriteData(0x84);
 210              		.loc 1 110 1
 211 015a 8420     		movs	r0, #132
 212 015c FFF7FEFF 		bl	SPI_WriteData
 111:Module/lcd_cfg.c **** SPI_WriteData(0x14);
 213              		.loc 1 111 1
 214 0160 1420     		movs	r0, #20
 215 0162 FFF7FEFF 		bl	SPI_WriteData
 112:Module/lcd_cfg.c **** SPI_WriteData(0xC6);
 216              		.loc 1 112 1
 217 0166 C620     		movs	r0, #198
 218 0168 FFF7FEFF 		bl	SPI_WriteData
 113:Module/lcd_cfg.c **** SPI_WriteData(0x13);
 219              		.loc 1 113 1
 220 016c 1320     		movs	r0, #19
 221 016e FFF7FEFF 		bl	SPI_WriteData
 114:Module/lcd_cfg.c **** SPI_WriteData(0x99);
 222              		.loc 1 114 1
 223 0172 9920     		movs	r0, #153
 224 0174 FFF7FEFF 		bl	SPI_WriteData
 115:Module/lcd_cfg.c **** SPI_WriteData(0x19);
 225              		.loc 1 115 1
 226 0178 1920     		movs	r0, #25
 227 017a FFF7FEFF 		bl	SPI_WriteData
 116:Module/lcd_cfg.c **** SPI_WriteData(0xC0);
ARM GAS  C:\Users\ADMINI~1\AppData\Local\Temp\ccavp8eo.s 			page 7


 228              		.loc 1 116 1
 229 017e C020     		movs	r0, #192
 230 0180 FFF7FEFF 		bl	SPI_WriteData
 117:Module/lcd_cfg.c **** SPI_WriteData(0x4B);
 231              		.loc 1 117 1
 232 0184 4B20     		movs	r0, #75
 233 0186 FFF7FEFF 		bl	SPI_WriteData
 118:Module/lcd_cfg.c **** SPI_WriteData(0x1C);
 234              		.loc 1 118 1
 235 018a 1C20     		movs	r0, #28
 236 018c FFF7FEFF 		bl	SPI_WriteData
 119:Module/lcd_cfg.c **** SPI_WriteData(0xD6);
 237              		.loc 1 119 1
 238 0190 D620     		movs	r0, #214
 239 0192 FFF7FEFF 		bl	SPI_WriteData
 120:Module/lcd_cfg.c **** SPI_WriteData(0x07);
 240              		.loc 1 120 1
 241 0196 0720     		movs	r0, #7
 242 0198 FFF7FEFF 		bl	SPI_WriteData
 121:Module/lcd_cfg.c **** SPI_WriteData(0x20);
 243              		.loc 1 121 1
 244 019c 2020     		movs	r0, #32
 245 019e FFF7FEFF 		bl	SPI_WriteData
 122:Module/lcd_cfg.c **** SPI_WriteData(0x27);
 246              		.loc 1 122 1
 247 01a2 2720     		movs	r0, #39
 248 01a4 FFF7FEFF 		bl	SPI_WriteData
 123:Module/lcd_cfg.c **** SPI_WriteData(0x00);
 249              		.loc 1 123 1
 250 01a8 0020     		movs	r0, #0
 251 01aa FFF7FEFF 		bl	SPI_WriteData
 124:Module/lcd_cfg.c **** 
 125:Module/lcd_cfg.c **** SSD2828_WritePackageSize(17);
 252              		.loc 1 125 1
 253 01ae 1120     		movs	r0, #17
 254 01b0 FFF7FEFF 		bl	SSD2828_WritePackageSize
 126:Module/lcd_cfg.c **** SPI_WriteData(0xA0);
 255              		.loc 1 126 1
 256 01b4 A020     		movs	r0, #160
 257 01b6 FFF7FEFF 		bl	SPI_WriteData
 127:Module/lcd_cfg.c **** SPI_WriteData(0x80);
 258              		.loc 1 127 1
 259 01ba 8020     		movs	r0, #128
 260 01bc FFF7FEFF 		bl	SPI_WriteData
 128:Module/lcd_cfg.c **** SPI_WriteData(0x90);
 261              		.loc 1 128 1
 262 01c0 9020     		movs	r0, #144
 263 01c2 FFF7FEFF 		bl	SPI_WriteData
 129:Module/lcd_cfg.c **** SPI_WriteData(0x20);
 264              		.loc 1 129 1
 265 01c6 2020     		movs	r0, #32
 266 01c8 FFF7FEFF 		bl	SPI_WriteData
 130:Module/lcd_cfg.c **** SPI_WriteData(0xAA);
 267              		.loc 1 130 1
 268 01cc AA20     		movs	r0, #170
 269 01ce FFF7FEFF 		bl	SPI_WriteData
 131:Module/lcd_cfg.c **** SPI_WriteData(0x00);
ARM GAS  C:\Users\ADMINI~1\AppData\Local\Temp\ccavp8eo.s 			page 8


 270              		.loc 1 131 1
 271 01d2 0020     		movs	r0, #0
 272 01d4 FFF7FEFF 		bl	SPI_WriteData
 132:Module/lcd_cfg.c **** SPI_WriteData(0x04);
 273              		.loc 1 132 1
 274 01d8 0420     		movs	r0, #4
 275 01da FFF7FEFF 		bl	SPI_WriteData
 133:Module/lcd_cfg.c **** SPI_WriteData(0x55);
 276              		.loc 1 133 1
 277 01de 5520     		movs	r0, #85
 278 01e0 FFF7FEFF 		bl	SPI_WriteData
 134:Module/lcd_cfg.c **** SPI_WriteData(0x55);
 279              		.loc 1 134 1
 280 01e4 5520     		movs	r0, #85
 281 01e6 FFF7FEFF 		bl	SPI_WriteData
 135:Module/lcd_cfg.c **** SPI_WriteData(0x05);
 282              		.loc 1 135 1
 283 01ea 0520     		movs	r0, #5
 284 01ec FFF7FEFF 		bl	SPI_WriteData
 136:Module/lcd_cfg.c **** SPI_WriteData(0x00);
 285              		.loc 1 136 1
 286 01f0 0020     		movs	r0, #0
 287 01f2 FFF7FEFF 		bl	SPI_WriteData
 137:Module/lcd_cfg.c **** SPI_WriteData(0x1F);
 288              		.loc 1 137 1
 289 01f6 1F20     		movs	r0, #31
 290 01f8 FFF7FEFF 		bl	SPI_WriteData
 138:Module/lcd_cfg.c **** SPI_WriteData(0x15);
 291              		.loc 1 138 1
 292 01fc 1520     		movs	r0, #21
 293 01fe FFF7FEFF 		bl	SPI_WriteData
 139:Module/lcd_cfg.c **** SPI_WriteData(0x42);
 294              		.loc 1 139 1
 295 0202 4220     		movs	r0, #66
 296 0204 FFF7FEFF 		bl	SPI_WriteData
 140:Module/lcd_cfg.c **** SPI_WriteData(0x00);
 297              		.loc 1 140 1
 298 0208 0020     		movs	r0, #0
 299 020a FFF7FEFF 		bl	SPI_WriteData
 141:Module/lcd_cfg.c **** SPI_WriteData(0xFE);
 300              		.loc 1 141 1
 301 020e FE20     		movs	r0, #254
 302 0210 FFF7FEFF 		bl	SPI_WriteData
 142:Module/lcd_cfg.c **** SPI_WriteData(0xFF);
 303              		.loc 1 142 1
 304 0214 FF20     		movs	r0, #255
 305 0216 FFF7FEFF 		bl	SPI_WriteData
 143:Module/lcd_cfg.c **** 
 144:Module/lcd_cfg.c **** SSD2828_WritePackageSize(17);
 306              		.loc 1 144 1
 307 021a 1120     		movs	r0, #17
 308 021c FFF7FEFF 		bl	SSD2828_WritePackageSize
 145:Module/lcd_cfg.c **** SPI_WriteData(0xB0);
 309              		.loc 1 145 1
 310 0220 B020     		movs	r0, #176
 311 0222 FFF7FEFF 		bl	SPI_WriteData
 146:Module/lcd_cfg.c **** SPI_WriteData(0x03);
ARM GAS  C:\Users\ADMINI~1\AppData\Local\Temp\ccavp8eo.s 			page 9


 312              		.loc 1 146 1
 313 0226 0320     		movs	r0, #3
 314 0228 FFF7FEFF 		bl	SPI_WriteData
 147:Module/lcd_cfg.c **** SPI_WriteData(0xE9);
 315              		.loc 1 147 1
 316 022c E920     		movs	r0, #233
 317 022e FFF7FEFF 		bl	SPI_WriteData
 148:Module/lcd_cfg.c **** SPI_WriteData(0xD9);
 318              		.loc 1 148 1
 319 0232 D920     		movs	r0, #217
 320 0234 FFF7FEFF 		bl	SPI_WriteData
 149:Module/lcd_cfg.c **** SPI_WriteData(0x00);
 321              		.loc 1 149 1
 322 0238 0020     		movs	r0, #0
 323 023a FFF7FEFF 		bl	SPI_WriteData
 150:Module/lcd_cfg.c **** SPI_WriteData(0x16);
 324              		.loc 1 150 1
 325 023e 1620     		movs	r0, #22
 326 0240 FFF7FEFF 		bl	SPI_WriteData
 151:Module/lcd_cfg.c **** SPI_WriteData(0x01);
 327              		.loc 1 151 1
 328 0244 0120     		movs	r0, #1
 329 0246 FFF7FEFF 		bl	SPI_WriteData
 152:Module/lcd_cfg.c **** SPI_WriteData(0x16);
 330              		.loc 1 152 1
 331 024a 1620     		movs	r0, #22
 332 024c FFF7FEFF 		bl	SPI_WriteData
 153:Module/lcd_cfg.c **** SPI_WriteData(0x01);
 333              		.loc 1 153 1
 334 0250 0120     		movs	r0, #1
 335 0252 FFF7FEFF 		bl	SPI_WriteData
 154:Module/lcd_cfg.c **** SPI_WriteData(0x00);
 336              		.loc 1 154 1
 337 0256 0020     		movs	r0, #0
 338 0258 FFF7FEFF 		bl	SPI_WriteData
 155:Module/lcd_cfg.c **** SPI_WriteData(0x00);
 339              		.loc 1 155 1
 340 025c 0020     		movs	r0, #0
 341 025e FFF7FEFF 		bl	SPI_WriteData
 156:Module/lcd_cfg.c **** SPI_WriteData(0x00);
 342              		.loc 1 156 1
 343 0262 0020     		movs	r0, #0
 344 0264 FFF7FEFF 		bl	SPI_WriteData
 157:Module/lcd_cfg.c **** SPI_WriteData(0x41);
 345              		.loc 1 157 1
 346 0268 4120     		movs	r0, #65
 347 026a FFF7FEFF 		bl	SPI_WriteData
 158:Module/lcd_cfg.c **** SPI_WriteData(0x25);
 348              		.loc 1 158 1
 349 026e 2520     		movs	r0, #37
 350 0270 FFF7FEFF 		bl	SPI_WriteData
 159:Module/lcd_cfg.c **** SPI_WriteData(0x00);
 351              		.loc 1 159 1
 352 0274 0020     		movs	r0, #0
 353 0276 FFF7FEFF 		bl	SPI_WriteData
 160:Module/lcd_cfg.c **** SPI_WriteData(0x4A);
 354              		.loc 1 160 1
ARM GAS  C:\Users\ADMINI~1\AppData\Local\Temp\ccavp8eo.s 			page 10


 355 027a 4A20     		movs	r0, #74
 356 027c FFF7FEFF 		bl	SPI_WriteData
 161:Module/lcd_cfg.c **** SPI_WriteData(0x00);
 357              		.loc 1 161 1
 358 0280 0020     		movs	r0, #0
 359 0282 FFF7FEFF 		bl	SPI_WriteData
 162:Module/lcd_cfg.c **** 
 163:Module/lcd_cfg.c **** SSD2828_WritePackageSize(17);
 360              		.loc 1 163 1
 361 0286 1120     		movs	r0, #17
 362 0288 FFF7FEFF 		bl	SSD2828_WritePackageSize
 164:Module/lcd_cfg.c **** SPI_WriteData(0xC0);
 363              		.loc 1 164 1
 364 028c C020     		movs	r0, #192
 365 028e FFF7FEFF 		bl	SPI_WriteData
 165:Module/lcd_cfg.c **** SPI_WriteData(0x00);
 366              		.loc 1 165 1
 367 0292 0020     		movs	r0, #0
 368 0294 FFF7FEFF 		bl	SPI_WriteData
 166:Module/lcd_cfg.c **** SPI_WriteData(0x00);
 369              		.loc 1 166 1
 370 0298 0020     		movs	r0, #0
 371 029a FFF7FEFF 		bl	SPI_WriteData
 167:Module/lcd_cfg.c **** SPI_WriteData(0x00);
 372              		.loc 1 167 1
 373 029e 0020     		movs	r0, #0
 374 02a0 FFF7FEFF 		bl	SPI_WriteData
 168:Module/lcd_cfg.c **** SPI_WriteData(0x00);
 375              		.loc 1 168 1
 376 02a4 0020     		movs	r0, #0
 377 02a6 FFF7FEFF 		bl	SPI_WriteData
 169:Module/lcd_cfg.c **** SPI_WriteData(0x00);
 378              		.loc 1 169 1
 379 02aa 0020     		movs	r0, #0
 380 02ac FFF7FEFF 		bl	SPI_WriteData
 170:Module/lcd_cfg.c **** SPI_WriteData(0x00);
 381              		.loc 1 170 1
 382 02b0 0020     		movs	r0, #0
 383 02b2 FFF7FEFF 		bl	SPI_WriteData
 171:Module/lcd_cfg.c **** SPI_WriteData(0x00);
 384              		.loc 1 171 1
 385 02b6 0020     		movs	r0, #0
 386 02b8 FFF7FEFF 		bl	SPI_WriteData
 172:Module/lcd_cfg.c **** SPI_WriteData(0x00);
 387              		.loc 1 172 1
 388 02bc 0020     		movs	r0, #0
 389 02be FFF7FEFF 		bl	SPI_WriteData
 173:Module/lcd_cfg.c **** SPI_WriteData(0x10);
 390              		.loc 1 173 1
 391 02c2 1020     		movs	r0, #16
 392 02c4 FFF7FEFF 		bl	SPI_WriteData
 174:Module/lcd_cfg.c **** SPI_WriteData(0x04);
 393              		.loc 1 174 1
 394 02c8 0420     		movs	r0, #4
 395 02ca FFF7FEFF 		bl	SPI_WriteData
 175:Module/lcd_cfg.c **** SPI_WriteData(0x02);
 396              		.loc 1 175 1
ARM GAS  C:\Users\ADMINI~1\AppData\Local\Temp\ccavp8eo.s 			page 11


 397 02ce 0220     		movs	r0, #2
 398 02d0 FFF7FEFF 		bl	SPI_WriteData
 176:Module/lcd_cfg.c **** SPI_WriteData(0x00);
 399              		.loc 1 176 1
 400 02d4 0020     		movs	r0, #0
 401 02d6 FFF7FEFF 		bl	SPI_WriteData
 177:Module/lcd_cfg.c **** SPI_WriteData(0x07);
 402              		.loc 1 177 1
 403 02da 0720     		movs	r0, #7
 404 02dc FFF7FEFF 		bl	SPI_WriteData
 178:Module/lcd_cfg.c **** SPI_WriteData(0x00);
 405              		.loc 1 178 1
 406 02e0 0020     		movs	r0, #0
 407 02e2 FFF7FEFF 		bl	SPI_WriteData
 179:Module/lcd_cfg.c **** SPI_WriteData(0x08);
 408              		.loc 1 179 1
 409 02e6 0820     		movs	r0, #8
 410 02e8 FFF7FEFF 		bl	SPI_WriteData
 180:Module/lcd_cfg.c **** SPI_WriteData(0x18);
 411              		.loc 1 180 1
 412 02ec 1820     		movs	r0, #24
 413 02ee FFF7FEFF 		bl	SPI_WriteData
 181:Module/lcd_cfg.c **** 
 182:Module/lcd_cfg.c **** SSD2828_WritePackageSize(3);
 414              		.loc 1 182 1
 415 02f2 0320     		movs	r0, #3
 416 02f4 FFF7FEFF 		bl	SSD2828_WritePackageSize
 183:Module/lcd_cfg.c **** SPI_WriteData(0xD0);
 417              		.loc 1 183 1
 418 02f8 D020     		movs	r0, #208
 419 02fa FFF7FEFF 		bl	SPI_WriteData
 184:Module/lcd_cfg.c **** SPI_WriteData(0x00);
 420              		.loc 1 184 1
 421 02fe 0020     		movs	r0, #0
 422 0300 FFF7FEFF 		bl	SPI_WriteData
 185:Module/lcd_cfg.c **** SPI_WriteData(0x00);
 423              		.loc 1 185 1
 424 0304 0020     		movs	r0, #0
 425 0306 FFF7FEFF 		bl	SPI_WriteData
 186:Module/lcd_cfg.c **** 
 187:Module/lcd_cfg.c **** SSD2828_WritePackageSize(3);
 426              		.loc 1 187 1
 427 030a 0320     		movs	r0, #3
 428 030c FFF7FEFF 		bl	SSD2828_WritePackageSize
 188:Module/lcd_cfg.c **** SPI_WriteData(0x41);
 429              		.loc 1 188 1
 430 0310 4120     		movs	r0, #65
 431 0312 FFF7FEFF 		bl	SPI_WriteData
 189:Module/lcd_cfg.c **** SPI_WriteData(0x5A);
 432              		.loc 1 189 1
 433 0316 5A20     		movs	r0, #90
 434 0318 FFF7FEFF 		bl	SPI_WriteData
 190:Module/lcd_cfg.c **** SPI_WriteData(0x0A);
 435              		.loc 1 190 1
 436 031c 0A20     		movs	r0, #10
 437 031e FFF7FEFF 		bl	SPI_WriteData
 191:Module/lcd_cfg.c **** 
ARM GAS  C:\Users\ADMINI~1\AppData\Local\Temp\ccavp8eo.s 			page 12


 192:Module/lcd_cfg.c **** SSD2828_WritePackageSize(17);
 438              		.loc 1 192 1
 439 0322 1120     		movs	r0, #17
 440 0324 FFF7FEFF 		bl	SSD2828_WritePackageSize
 193:Module/lcd_cfg.c **** SPI_WriteData(0x80);
 441              		.loc 1 193 1
 442 0328 8020     		movs	r0, #128
 443 032a FFF7FEFF 		bl	SPI_WriteData
 194:Module/lcd_cfg.c **** SPI_WriteData(0x7D);
 444              		.loc 1 194 1
 445 032e 7D20     		movs	r0, #125
 446 0330 FFF7FEFF 		bl	SPI_WriteData
 195:Module/lcd_cfg.c **** SPI_WriteData(0x7D);
 447              		.loc 1 195 1
 448 0334 7D20     		movs	r0, #125
 449 0336 FFF7FEFF 		bl	SPI_WriteData
 196:Module/lcd_cfg.c **** SPI_WriteData(0xD4);
 450              		.loc 1 196 1
 451 033a D420     		movs	r0, #212
 452 033c FFF7FEFF 		bl	SPI_WriteData
 197:Module/lcd_cfg.c **** SPI_WriteData(0x30);
 453              		.loc 1 197 1
 454 0340 3020     		movs	r0, #48
 455 0342 FFF7FEFF 		bl	SPI_WriteData
 198:Module/lcd_cfg.c **** SPI_WriteData(0x40);
 456              		.loc 1 198 1
 457 0346 4020     		movs	r0, #64
 458 0348 FFF7FEFF 		bl	SPI_WriteData
 199:Module/lcd_cfg.c **** SPI_WriteData(0x2B);
 459              		.loc 1 199 1
 460 034c 2B20     		movs	r0, #43
 461 034e FFF7FEFF 		bl	SPI_WriteData
 200:Module/lcd_cfg.c **** SPI_WriteData(0x3A);
 462              		.loc 1 200 1
 463 0352 3A20     		movs	r0, #58
 464 0354 FFF7FEFF 		bl	SPI_WriteData
 201:Module/lcd_cfg.c **** SPI_WriteData(0x42);
 465              		.loc 1 201 1
 466 0358 4220     		movs	r0, #66
 467 035a FFF7FEFF 		bl	SPI_WriteData
 202:Module/lcd_cfg.c **** SPI_WriteData(0x4B);
 468              		.loc 1 202 1
 469 035e 4B20     		movs	r0, #75
 470 0360 FFF7FEFF 		bl	SPI_WriteData
 203:Module/lcd_cfg.c **** SPI_WriteData(0x59);
 471              		.loc 1 203 1
 472 0364 5920     		movs	r0, #89
 473 0366 FFF7FEFF 		bl	SPI_WriteData
 204:Module/lcd_cfg.c **** SPI_WriteData(0x65);
 474              		.loc 1 204 1
 475 036a 6520     		movs	r0, #101
 476 036c FFF7FEFF 		bl	SPI_WriteData
 205:Module/lcd_cfg.c **** SPI_WriteData(0x66);
 477              		.loc 1 205 1
 478 0370 6620     		movs	r0, #102
 479 0372 FFF7FEFF 		bl	SPI_WriteData
 206:Module/lcd_cfg.c **** SPI_WriteData(0x73);
ARM GAS  C:\Users\ADMINI~1\AppData\Local\Temp\ccavp8eo.s 			page 13


 480              		.loc 1 206 1
 481 0376 7320     		movs	r0, #115
 482 0378 FFF7FEFF 		bl	SPI_WriteData
 207:Module/lcd_cfg.c **** SPI_WriteData(0x74);
 483              		.loc 1 207 1
 484 037c 7420     		movs	r0, #116
 485 037e FFF7FEFF 		bl	SPI_WriteData
 208:Module/lcd_cfg.c **** SPI_WriteData(0x86);
 486              		.loc 1 208 1
 487 0382 8620     		movs	r0, #134
 488 0384 FFF7FEFF 		bl	SPI_WriteData
 209:Module/lcd_cfg.c **** SPI_WriteData(0x80);
 489              		.loc 1 209 1
 490 0388 8020     		movs	r0, #128
 491 038a FFF7FEFF 		bl	SPI_WriteData
 210:Module/lcd_cfg.c **** 
 211:Module/lcd_cfg.c **** SSD2828_WritePackageSize(17);
 492              		.loc 1 211 1
 493 038e 1120     		movs	r0, #17
 494 0390 FFF7FEFF 		bl	SSD2828_WritePackageSize
 212:Module/lcd_cfg.c **** SPI_WriteData(0x90);
 495              		.loc 1 212 1
 496 0394 9020     		movs	r0, #144
 497 0396 FFF7FEFF 		bl	SPI_WriteData
 213:Module/lcd_cfg.c **** SPI_WriteData(0x6F);
 498              		.loc 1 213 1
 499 039a 6F20     		movs	r0, #111
 500 039c FFF7FEFF 		bl	SPI_WriteData
 214:Module/lcd_cfg.c **** SPI_WriteData(0x71);
 501              		.loc 1 214 1
 502 03a0 7120     		movs	r0, #113
 503 03a2 FFF7FEFF 		bl	SPI_WriteData
 215:Module/lcd_cfg.c **** SPI_WriteData(0x67);
 504              		.loc 1 215 1
 505 03a6 6720     		movs	r0, #103
 506 03a8 FFF7FEFF 		bl	SPI_WriteData
 216:Module/lcd_cfg.c **** SPI_WriteData(0x60);
 507              		.loc 1 216 1
 508 03ac 6020     		movs	r0, #96
 509 03ae FFF7FEFF 		bl	SPI_WriteData
 217:Module/lcd_cfg.c **** SPI_WriteData(0x56);
 510              		.loc 1 217 1
 511 03b2 5620     		movs	r0, #86
 512 03b4 FFF7FEFF 		bl	SPI_WriteData
 218:Module/lcd_cfg.c **** SPI_WriteData(0x46);
 513              		.loc 1 218 1
 514 03b8 4620     		movs	r0, #70
 515 03ba FFF7FEFF 		bl	SPI_WriteData
 219:Module/lcd_cfg.c **** SPI_WriteData(0x3A);
 516              		.loc 1 219 1
 517 03be 3A20     		movs	r0, #58
 518 03c0 FFF7FEFF 		bl	SPI_WriteData
 220:Module/lcd_cfg.c **** SPI_WriteData(0x31);
 519              		.loc 1 220 1
 520 03c4 3120     		movs	r0, #49
 521 03c6 FFF7FEFF 		bl	SPI_WriteData
 221:Module/lcd_cfg.c **** SPI_WriteData(0x20);
ARM GAS  C:\Users\ADMINI~1\AppData\Local\Temp\ccavp8eo.s 			page 14


 522              		.loc 1 221 1
 523 03ca 2020     		movs	r0, #32
 524 03cc FFF7FEFF 		bl	SPI_WriteData
 222:Module/lcd_cfg.c **** SPI_WriteData(0x0E);
 525              		.loc 1 222 1
 526 03d0 0E20     		movs	r0, #14
 527 03d2 FFF7FEFF 		bl	SPI_WriteData
 223:Module/lcd_cfg.c **** SPI_WriteData(0x0A);
 528              		.loc 1 223 1
 529 03d6 0A20     		movs	r0, #10
 530 03d8 FFF7FEFF 		bl	SPI_WriteData
 224:Module/lcd_cfg.c **** SPI_WriteData(0x30);
 531              		.loc 1 224 1
 532 03dc 3020     		movs	r0, #48
 533 03de FFF7FEFF 		bl	SPI_WriteData
 225:Module/lcd_cfg.c **** SPI_WriteData(0x40);
 534              		.loc 1 225 1
 535 03e2 4020     		movs	r0, #64
 536 03e4 FFF7FEFF 		bl	SPI_WriteData
 226:Module/lcd_cfg.c **** SPI_WriteData(0x2B);
 537              		.loc 1 226 1
 538 03e8 2B20     		movs	r0, #43
 539 03ea FFF7FEFF 		bl	SPI_WriteData
 227:Module/lcd_cfg.c **** SPI_WriteData(0x3A);
 540              		.loc 1 227 1
 541 03ee 3A20     		movs	r0, #58
 542 03f0 FFF7FEFF 		bl	SPI_WriteData
 228:Module/lcd_cfg.c **** SPI_WriteData(0x42);
 543              		.loc 1 228 1
 544 03f4 4220     		movs	r0, #66
 545 03f6 FFF7FEFF 		bl	SPI_WriteData
 229:Module/lcd_cfg.c **** 
 230:Module/lcd_cfg.c **** SSD2828_WritePackageSize(17);
 546              		.loc 1 230 1
 547 03fa 1120     		movs	r0, #17
 548 03fc FFF7FEFF 		bl	SSD2828_WritePackageSize
 231:Module/lcd_cfg.c **** SPI_WriteData(0xA0);
 549              		.loc 1 231 1
 550 0400 A020     		movs	r0, #160
 551 0402 FFF7FEFF 		bl	SPI_WriteData
 232:Module/lcd_cfg.c **** SPI_WriteData(0x4B);
 552              		.loc 1 232 1
 553 0406 4B20     		movs	r0, #75
 554 0408 FFF7FEFF 		bl	SPI_WriteData
 233:Module/lcd_cfg.c **** SPI_WriteData(0x59);
 555              		.loc 1 233 1
 556 040c 5920     		movs	r0, #89
 557 040e FFF7FEFF 		bl	SPI_WriteData
 234:Module/lcd_cfg.c **** SPI_WriteData(0x65);
 558              		.loc 1 234 1
 559 0412 6520     		movs	r0, #101
 560 0414 FFF7FEFF 		bl	SPI_WriteData
 235:Module/lcd_cfg.c **** SPI_WriteData(0x66);
 561              		.loc 1 235 1
 562 0418 6620     		movs	r0, #102
 563 041a FFF7FEFF 		bl	SPI_WriteData
 236:Module/lcd_cfg.c **** SPI_WriteData(0x73);
ARM GAS  C:\Users\ADMINI~1\AppData\Local\Temp\ccavp8eo.s 			page 15


 564              		.loc 1 236 1
 565 041e 7320     		movs	r0, #115
 566 0420 FFF7FEFF 		bl	SPI_WriteData
 237:Module/lcd_cfg.c **** SPI_WriteData(0x74);
 567              		.loc 1 237 1
 568 0424 7420     		movs	r0, #116
 569 0426 FFF7FEFF 		bl	SPI_WriteData
 238:Module/lcd_cfg.c **** SPI_WriteData(0x86);
 570              		.loc 1 238 1
 571 042a 8620     		movs	r0, #134
 572 042c FFF7FEFF 		bl	SPI_WriteData
 239:Module/lcd_cfg.c **** SPI_WriteData(0x80);
 573              		.loc 1 239 1
 574 0430 8020     		movs	r0, #128
 575 0432 FFF7FEFF 		bl	SPI_WriteData
 240:Module/lcd_cfg.c **** SPI_WriteData(0x6F);
 576              		.loc 1 240 1
 577 0436 6F20     		movs	r0, #111
 578 0438 FFF7FEFF 		bl	SPI_WriteData
 241:Module/lcd_cfg.c **** SPI_WriteData(0x71);
 579              		.loc 1 241 1
 580 043c 7120     		movs	r0, #113
 581 043e FFF7FEFF 		bl	SPI_WriteData
 242:Module/lcd_cfg.c **** SPI_WriteData(0x67);
 582              		.loc 1 242 1
 583 0442 6720     		movs	r0, #103
 584 0444 FFF7FEFF 		bl	SPI_WriteData
 243:Module/lcd_cfg.c **** SPI_WriteData(0x60);
 585              		.loc 1 243 1
 586 0448 6020     		movs	r0, #96
 587 044a FFF7FEFF 		bl	SPI_WriteData
 244:Module/lcd_cfg.c **** SPI_WriteData(0x56);
 588              		.loc 1 244 1
 589 044e 5620     		movs	r0, #86
 590 0450 FFF7FEFF 		bl	SPI_WriteData
 245:Module/lcd_cfg.c **** SPI_WriteData(0x46);
 591              		.loc 1 245 1
 592 0454 4620     		movs	r0, #70
 593 0456 FFF7FEFF 		bl	SPI_WriteData
 246:Module/lcd_cfg.c **** SPI_WriteData(0x3A);
 594              		.loc 1 246 1
 595 045a 3A20     		movs	r0, #58
 596 045c FFF7FEFF 		bl	SPI_WriteData
 247:Module/lcd_cfg.c **** SPI_WriteData(0x31);
 597              		.loc 1 247 1
 598 0460 3120     		movs	r0, #49
 599 0462 FFF7FEFF 		bl	SPI_WriteData
 248:Module/lcd_cfg.c **** 
 249:Module/lcd_cfg.c **** SSD2828_WritePackageSize(4);
 600              		.loc 1 249 1
 601 0466 0420     		movs	r0, #4
 602 0468 FFF7FEFF 		bl	SSD2828_WritePackageSize
 250:Module/lcd_cfg.c **** SPI_WriteData(0xB0);
 603              		.loc 1 250 1
 604 046c B020     		movs	r0, #176
 605 046e FFF7FEFF 		bl	SPI_WriteData
 251:Module/lcd_cfg.c **** SPI_WriteData(0x20);
ARM GAS  C:\Users\ADMINI~1\AppData\Local\Temp\ccavp8eo.s 			page 16


 606              		.loc 1 251 1
 607 0472 2020     		movs	r0, #32
 608 0474 FFF7FEFF 		bl	SPI_WriteData
 252:Module/lcd_cfg.c **** SPI_WriteData(0x0E);
 609              		.loc 1 252 1
 610 0478 0E20     		movs	r0, #14
 611 047a FFF7FEFF 		bl	SPI_WriteData
 253:Module/lcd_cfg.c **** SPI_WriteData(0x0A);
 612              		.loc 1 253 1
 613 047e 0A20     		movs	r0, #10
 614 0480 FFF7FEFF 		bl	SPI_WriteData
 254:Module/lcd_cfg.c **** 
 255:Module/lcd_cfg.c **** //Blank11
 256:Module/lcd_cfg.c **** SSD2828_WritePackageSize(3);
 615              		.loc 1 256 1
 616 0484 0320     		movs	r0, #3
 617 0486 FFF7FEFF 		bl	SSD2828_WritePackageSize
 257:Module/lcd_cfg.c **** SPI_WriteData(0x41);
 618              		.loc 1 257 1
 619 048a 4120     		movs	r0, #65
 620 048c FFF7FEFF 		bl	SPI_WriteData
 258:Module/lcd_cfg.c **** SPI_WriteData(0x5A);
 621              		.loc 1 258 1
 622 0490 5A20     		movs	r0, #90
 623 0492 FFF7FEFF 		bl	SPI_WriteData
 259:Module/lcd_cfg.c **** SPI_WriteData(0x0B);
 624              		.loc 1 259 1
 625 0496 0B20     		movs	r0, #11
 626 0498 FFF7FEFF 		bl	SPI_WriteData
 260:Module/lcd_cfg.c **** 
 261:Module/lcd_cfg.c **** SSD2828_WritePackageSize(17);
 627              		.loc 1 261 1
 628 049c 1120     		movs	r0, #17
 629 049e FFF7FEFF 		bl	SSD2828_WritePackageSize
 262:Module/lcd_cfg.c **** SPI_WriteData(0x80);
 630              		.loc 1 262 1
 631 04a2 8020     		movs	r0, #128
 632 04a4 FFF7FEFF 		bl	SPI_WriteData
 263:Module/lcd_cfg.c **** SPI_WriteData(0x00);
 633              		.loc 1 263 1
 634 04a8 0020     		movs	r0, #0
 635 04aa FFF7FEFF 		bl	SPI_WriteData
 264:Module/lcd_cfg.c **** SPI_WriteData(0x00);
 636              		.loc 1 264 1
 637 04ae 0020     		movs	r0, #0
 638 04b0 FFF7FEFF 		bl	SPI_WriteData
 265:Module/lcd_cfg.c **** SPI_WriteData(0x50);
 639              		.loc 1 265 1
 640 04b4 5020     		movs	r0, #80
 641 04b6 FFF7FEFF 		bl	SPI_WriteData
 266:Module/lcd_cfg.c **** SPI_WriteData(0xB5);
 642              		.loc 1 266 1
 643 04ba B520     		movs	r0, #181
 644 04bc FFF7FEFF 		bl	SPI_WriteData
 267:Module/lcd_cfg.c **** SPI_WriteData(0xC5);
 645              		.loc 1 267 1
 646 04c0 C520     		movs	r0, #197
ARM GAS  C:\Users\ADMINI~1\AppData\Local\Temp\ccavp8eo.s 			page 17


 647 04c2 FFF7FEFF 		bl	SPI_WriteData
 268:Module/lcd_cfg.c **** SPI_WriteData(0xAC);
 648              		.loc 1 268 1
 649 04c6 AC20     		movs	r0, #172
 650 04c8 FFF7FEFF 		bl	SPI_WriteData
 269:Module/lcd_cfg.c **** SPI_WriteData(0x00);
 651              		.loc 1 269 1
 652 04cc 0020     		movs	r0, #0
 653 04ce FFF7FEFF 		bl	SPI_WriteData
 270:Module/lcd_cfg.c **** SPI_WriteData(0x00);
 654              		.loc 1 270 1
 655 04d2 0020     		movs	r0, #0
 656 04d4 FFF7FEFF 		bl	SPI_WriteData
 271:Module/lcd_cfg.c **** SPI_WriteData(0xA0);
 657              		.loc 1 271 1
 658 04d8 A020     		movs	r0, #160
 659 04da FFF7FEFF 		bl	SPI_WriteData
 272:Module/lcd_cfg.c **** SPI_WriteData(0x6A);
 660              		.loc 1 272 1
 661 04de 6A20     		movs	r0, #106
 662 04e0 FFF7FEFF 		bl	SPI_WriteData
 273:Module/lcd_cfg.c **** SPI_WriteData(0x8B);
 663              		.loc 1 273 1
 664 04e4 8B20     		movs	r0, #139
 665 04e6 FFF7FEFF 		bl	SPI_WriteData
 274:Module/lcd_cfg.c **** SPI_WriteData(0xA9);
 666              		.loc 1 274 1
 667 04ea A920     		movs	r0, #169
 668 04ec FFF7FEFF 		bl	SPI_WriteData
 275:Module/lcd_cfg.c **** SPI_WriteData(0xAE);
 669              		.loc 1 275 1
 670 04f0 AE20     		movs	r0, #174
 671 04f2 FFF7FEFF 		bl	SPI_WriteData
 276:Module/lcd_cfg.c **** SPI_WriteData(0x22);
 672              		.loc 1 276 1
 673 04f6 2220     		movs	r0, #34
 674 04f8 FFF7FEFF 		bl	SPI_WriteData
 277:Module/lcd_cfg.c **** SPI_WriteData(0x02);
 675              		.loc 1 277 1
 676 04fc 0220     		movs	r0, #2
 677 04fe FFF7FEFF 		bl	SPI_WriteData
 278:Module/lcd_cfg.c **** SPI_WriteData(0x00);
 678              		.loc 1 278 1
 679 0502 0020     		movs	r0, #0
 680 0504 FFF7FEFF 		bl	SPI_WriteData
 279:Module/lcd_cfg.c **** 
 280:Module/lcd_cfg.c **** SSD2828_WritePackageSize(17);
 681              		.loc 1 280 1
 682 0508 1120     		movs	r0, #17
 683 050a FFF7FEFF 		bl	SSD2828_WritePackageSize
 281:Module/lcd_cfg.c **** SPI_WriteData(0x90);
 684              		.loc 1 281 1
 685 050e 9020     		movs	r0, #144
 686 0510 FFF7FEFF 		bl	SPI_WriteData
 282:Module/lcd_cfg.c **** SPI_WriteData(0xEF);
 687              		.loc 1 282 1
 688 0514 EF20     		movs	r0, #239
ARM GAS  C:\Users\ADMINI~1\AppData\Local\Temp\ccavp8eo.s 			page 18


 689 0516 FFF7FEFF 		bl	SPI_WriteData
 283:Module/lcd_cfg.c **** SPI_WriteData(0xD8);
 690              		.loc 1 283 1
 691 051a D820     		movs	r0, #216
 692 051c FFF7FEFF 		bl	SPI_WriteData
 284:Module/lcd_cfg.c **** SPI_WriteData(0xB8);
 693              		.loc 1 284 1
 694 0520 B820     		movs	r0, #184
 695 0522 FFF7FEFF 		bl	SPI_WriteData
 285:Module/lcd_cfg.c **** SPI_WriteData(0xF7);
 696              		.loc 1 285 1
 697 0526 F720     		movs	r0, #247
 698 0528 FFF7FEFF 		bl	SPI_WriteData
 286:Module/lcd_cfg.c **** SPI_WriteData(0x25);
 699              		.loc 1 286 1
 700 052c 2520     		movs	r0, #37
 701 052e FFF7FEFF 		bl	SPI_WriteData
 287:Module/lcd_cfg.c **** SPI_WriteData(0x70);
 702              		.loc 1 287 1
 703 0532 7020     		movs	r0, #112
 704 0534 FFF7FEFF 		bl	SPI_WriteData
 288:Module/lcd_cfg.c **** SPI_WriteData(0xE0);
 705              		.loc 1 288 1
 706 0538 E020     		movs	r0, #224
 707 053a FFF7FEFF 		bl	SPI_WriteData
 289:Module/lcd_cfg.c **** SPI_WriteData(0x08);
 708              		.loc 1 289 1
 709 053e 0820     		movs	r0, #8
 710 0540 FFF7FEFF 		bl	SPI_WriteData
 290:Module/lcd_cfg.c **** SPI_WriteData(0x11);
 711              		.loc 1 290 1
 712 0544 1120     		movs	r0, #17
 713 0546 FFF7FEFF 		bl	SPI_WriteData
 291:Module/lcd_cfg.c **** SPI_WriteData(0x02);
 714              		.loc 1 291 1
 715 054a 0220     		movs	r0, #2
 716 054c FFF7FEFF 		bl	SPI_WriteData
 292:Module/lcd_cfg.c **** SPI_WriteData(0x40);
 717              		.loc 1 292 1
 718 0550 4020     		movs	r0, #64
 719 0552 FFF7FEFF 		bl	SPI_WriteData
 293:Module/lcd_cfg.c **** SPI_WriteData(0x13);
 720              		.loc 1 293 1
 721 0556 1320     		movs	r0, #19
 722 0558 FFF7FEFF 		bl	SPI_WriteData
 294:Module/lcd_cfg.c **** SPI_WriteData(0x4F);
 723              		.loc 1 294 1
 724 055c 4F20     		movs	r0, #79
 725 055e FFF7FEFF 		bl	SPI_WriteData
 295:Module/lcd_cfg.c **** SPI_WriteData(0x4D);
 726              		.loc 1 295 1
 727 0562 4D20     		movs	r0, #77
 728 0564 FFF7FEFF 		bl	SPI_WriteData
 296:Module/lcd_cfg.c **** SPI_WriteData(0x3C);
 729              		.loc 1 296 1
 730 0568 3C20     		movs	r0, #60
 731 056a FFF7FEFF 		bl	SPI_WriteData
ARM GAS  C:\Users\ADMINI~1\AppData\Local\Temp\ccavp8eo.s 			page 19


 297:Module/lcd_cfg.c **** SPI_WriteData(0x35);
 732              		.loc 1 297 1
 733 056e 3520     		movs	r0, #53
 734 0570 FFF7FEFF 		bl	SPI_WriteData
 298:Module/lcd_cfg.c **** 
 299:Module/lcd_cfg.c **** SSD2828_WritePackageSize(9);
 735              		.loc 1 299 1
 736 0574 0920     		movs	r0, #9
 737 0576 FFF7FEFF 		bl	SSD2828_WritePackageSize
 300:Module/lcd_cfg.c **** SPI_WriteData(0xA0);
 738              		.loc 1 300 1
 739 057a A020     		movs	r0, #160
 740 057c FFF7FEFF 		bl	SPI_WriteData
 301:Module/lcd_cfg.c **** SPI_WriteData(0xF1);
 741              		.loc 1 301 1
 742 0580 F120     		movs	r0, #241
 743 0582 FFF7FEFF 		bl	SPI_WriteData
 302:Module/lcd_cfg.c **** SPI_WriteData(0xA4);
 744              		.loc 1 302 1
 745 0586 A420     		movs	r0, #164
 746 0588 FFF7FEFF 		bl	SPI_WriteData
 303:Module/lcd_cfg.c **** SPI_WriteData(0x06);
 747              		.loc 1 303 1
 748 058c 0620     		movs	r0, #6
 749 058e FFF7FEFF 		bl	SPI_WriteData
 304:Module/lcd_cfg.c **** SPI_WriteData(0xFF);
 750              		.loc 1 304 1
 751 0592 FF20     		movs	r0, #255
 752 0594 FFF7FEFF 		bl	SPI_WriteData
 305:Module/lcd_cfg.c **** SPI_WriteData(0xFF);
 753              		.loc 1 305 1
 754 0598 FF20     		movs	r0, #255
 755 059a FFF7FEFF 		bl	SPI_WriteData
 306:Module/lcd_cfg.c **** SPI_WriteData(0x00);
 756              		.loc 1 306 1
 757 059e 0020     		movs	r0, #0
 758 05a0 FFF7FEFF 		bl	SPI_WriteData
 307:Module/lcd_cfg.c **** SPI_WriteData(0x03);
 759              		.loc 1 307 1
 760 05a4 0320     		movs	r0, #3
 761 05a6 FFF7FEFF 		bl	SPI_WriteData
 308:Module/lcd_cfg.c **** SPI_WriteData(0x00);
 762              		.loc 1 308 1
 763 05aa 0020     		movs	r0, #0
 764 05ac FFF7FEFF 		bl	SPI_WriteData
 309:Module/lcd_cfg.c **** 
 310:Module/lcd_cfg.c **** //Blank12
 311:Module/lcd_cfg.c **** SSD2828_WritePackageSize(3);
 765              		.loc 1 311 1
 766 05b0 0320     		movs	r0, #3
 767 05b2 FFF7FEFF 		bl	SSD2828_WritePackageSize
 312:Module/lcd_cfg.c **** SPI_WriteData(0x41);
 768              		.loc 1 312 1
 769 05b6 4120     		movs	r0, #65
 770 05b8 FFF7FEFF 		bl	SPI_WriteData
 313:Module/lcd_cfg.c **** SPI_WriteData(0x5A);
 771              		.loc 1 313 1
ARM GAS  C:\Users\ADMINI~1\AppData\Local\Temp\ccavp8eo.s 			page 20


 772 05bc 5A20     		movs	r0, #90
 773 05be FFF7FEFF 		bl	SPI_WriteData
 314:Module/lcd_cfg.c **** SPI_WriteData(0x0C);
 774              		.loc 1 314 1
 775 05c2 0C20     		movs	r0, #12
 776 05c4 FFF7FEFF 		bl	SPI_WriteData
 315:Module/lcd_cfg.c **** 
 316:Module/lcd_cfg.c **** SSD2828_WritePackageSize(17);
 777              		.loc 1 316 1
 778 05c8 1120     		movs	r0, #17
 779 05ca FFF7FEFF 		bl	SSD2828_WritePackageSize
 317:Module/lcd_cfg.c **** SPI_WriteData(0x80);
 780              		.loc 1 317 1
 781 05ce 8020     		movs	r0, #128
 782 05d0 FFF7FEFF 		bl	SPI_WriteData
 318:Module/lcd_cfg.c **** SPI_WriteData(0xFA);
 783              		.loc 1 318 1
 784 05d4 FA20     		movs	r0, #250
 785 05d6 FFF7FEFF 		bl	SPI_WriteData
 319:Module/lcd_cfg.c **** SPI_WriteData(0x68);
 786              		.loc 1 319 1
 787 05da 6820     		movs	r0, #104
 788 05dc FFF7FEFF 		bl	SPI_WriteData
 320:Module/lcd_cfg.c **** SPI_WriteData(0xD0);
 789              		.loc 1 320 1
 790 05e0 D020     		movs	r0, #208
 791 05e2 FFF7FEFF 		bl	SPI_WriteData
 321:Module/lcd_cfg.c **** SPI_WriteData(0x82);
 792              		.loc 1 321 1
 793 05e6 8220     		movs	r0, #130
 794 05e8 FFF7FEFF 		bl	SPI_WriteData
 322:Module/lcd_cfg.c **** SPI_WriteData(0x43);
 795              		.loc 1 322 1
 796 05ec 4320     		movs	r0, #67
 797 05ee FFF7FEFF 		bl	SPI_WriteData
 323:Module/lcd_cfg.c **** SPI_WriteData(0xF2);
 798              		.loc 1 323 1
 799 05f2 F220     		movs	r0, #242
 800 05f4 FFF7FEFF 		bl	SPI_WriteData
 324:Module/lcd_cfg.c **** SPI_WriteData(0xB0);
 801              		.loc 1 324 1
 802 05f8 B020     		movs	r0, #176
 803 05fa FFF7FEFF 		bl	SPI_WriteData
 325:Module/lcd_cfg.c **** SPI_WriteData(0x08);
 804              		.loc 1 325 1
 805 05fe 0820     		movs	r0, #8
 806 0600 FFF7FEFF 		bl	SPI_WriteData
 326:Module/lcd_cfg.c **** SPI_WriteData(0x00);
 807              		.loc 1 326 1
 808 0604 0020     		movs	r0, #0
 809 0606 FFF7FEFF 		bl	SPI_WriteData
 327:Module/lcd_cfg.c **** SPI_WriteData(0x00);
 810              		.loc 1 327 1
 811 060a 0020     		movs	r0, #0
 812 060c FFF7FEFF 		bl	SPI_WriteData
 328:Module/lcd_cfg.c **** SPI_WriteData(0x56);
 813              		.loc 1 328 1
ARM GAS  C:\Users\ADMINI~1\AppData\Local\Temp\ccavp8eo.s 			page 21


 814 0610 5620     		movs	r0, #86
 815 0612 FFF7FEFF 		bl	SPI_WriteData
 329:Module/lcd_cfg.c **** SPI_WriteData(0x01);
 816              		.loc 1 329 1
 817 0616 0120     		movs	r0, #1
 818 0618 FFF7FEFF 		bl	SPI_WriteData
 330:Module/lcd_cfg.c **** SPI_WriteData(0x00);
 819              		.loc 1 330 1
 820 061c 0020     		movs	r0, #0
 821 061e FFF7FEFF 		bl	SPI_WriteData
 331:Module/lcd_cfg.c **** SPI_WriteData(0x55);
 822              		.loc 1 331 1
 823 0622 5520     		movs	r0, #85
 824 0624 FFF7FEFF 		bl	SPI_WriteData
 332:Module/lcd_cfg.c **** SPI_WriteData(0x61);
 825              		.loc 1 332 1
 826 0628 6120     		movs	r0, #97
 827 062a FFF7FEFF 		bl	SPI_WriteData
 333:Module/lcd_cfg.c **** SPI_WriteData(0x15);
 828              		.loc 1 333 1
 829 062e 1520     		movs	r0, #21
 830 0630 FFF7FEFF 		bl	SPI_WriteData
 334:Module/lcd_cfg.c **** 
 335:Module/lcd_cfg.c **** SSD2828_WritePackageSize(17);
 831              		.loc 1 335 1
 832 0634 1120     		movs	r0, #17
 833 0636 FFF7FEFF 		bl	SSD2828_WritePackageSize
 336:Module/lcd_cfg.c **** SPI_WriteData(0x90);
 834              		.loc 1 336 1
 835 063a 9020     		movs	r0, #144
 836 063c FFF7FEFF 		bl	SPI_WriteData
 337:Module/lcd_cfg.c **** SPI_WriteData(0x55);
 837              		.loc 1 337 1
 838 0640 5520     		movs	r0, #85
 839 0642 FFF7FEFF 		bl	SPI_WriteData
 338:Module/lcd_cfg.c **** SPI_WriteData(0x51);
 840              		.loc 1 338 1
 841 0646 5120     		movs	r0, #81
 842 0648 FFF7FEFF 		bl	SPI_WriteData
 339:Module/lcd_cfg.c **** SPI_WriteData(0x15);
 843              		.loc 1 339 1
 844 064c 1520     		movs	r0, #21
 845 064e FFF7FEFF 		bl	SPI_WriteData
 340:Module/lcd_cfg.c **** SPI_WriteData(0x56);
 846              		.loc 1 340 1
 847 0652 5620     		movs	r0, #86
 848 0654 FFF7FEFF 		bl	SPI_WriteData
 341:Module/lcd_cfg.c **** SPI_WriteData(0x01);
 849              		.loc 1 341 1
 850 0658 0120     		movs	r0, #1
 851 065a FFF7FEFF 		bl	SPI_WriteData
 342:Module/lcd_cfg.c **** SPI_WriteData(0x00);
 852              		.loc 1 342 1
 853 065e 0020     		movs	r0, #0
 854 0660 FFF7FEFF 		bl	SPI_WriteData
 343:Module/lcd_cfg.c **** SPI_WriteData(0x56);
 855              		.loc 1 343 1
ARM GAS  C:\Users\ADMINI~1\AppData\Local\Temp\ccavp8eo.s 			page 22


 856 0664 5620     		movs	r0, #86
 857 0666 FFF7FEFF 		bl	SPI_WriteData
 344:Module/lcd_cfg.c **** SPI_WriteData(0x01);
 858              		.loc 1 344 1
 859 066a 0120     		movs	r0, #1
 860 066c FFF7FEFF 		bl	SPI_WriteData
 345:Module/lcd_cfg.c **** SPI_WriteData(0x00);
 861              		.loc 1 345 1
 862 0670 0020     		movs	r0, #0
 863 0672 FFF7FEFF 		bl	SPI_WriteData
 346:Module/lcd_cfg.c **** SPI_WriteData(0x55);
 864              		.loc 1 346 1
 865 0676 5520     		movs	r0, #85
 866 0678 FFF7FEFF 		bl	SPI_WriteData
 347:Module/lcd_cfg.c **** SPI_WriteData(0x61);
 867              		.loc 1 347 1
 868 067c 6120     		movs	r0, #97
 869 067e FFF7FEFF 		bl	SPI_WriteData
 348:Module/lcd_cfg.c **** SPI_WriteData(0x15);
 870              		.loc 1 348 1
 871 0682 1520     		movs	r0, #21
 872 0684 FFF7FEFF 		bl	SPI_WriteData
 349:Module/lcd_cfg.c **** SPI_WriteData(0x55);
 873              		.loc 1 349 1
 874 0688 5520     		movs	r0, #85
 875 068a FFF7FEFF 		bl	SPI_WriteData
 350:Module/lcd_cfg.c **** SPI_WriteData(0x51);
 876              		.loc 1 350 1
 877 068e 5120     		movs	r0, #81
 878 0690 FFF7FEFF 		bl	SPI_WriteData
 351:Module/lcd_cfg.c **** SPI_WriteData(0x15);
 879              		.loc 1 351 1
 880 0694 1520     		movs	r0, #21
 881 0696 FFF7FEFF 		bl	SPI_WriteData
 352:Module/lcd_cfg.c **** SPI_WriteData(0x56);
 882              		.loc 1 352 1
 883 069a 5620     		movs	r0, #86
 884 069c FFF7FEFF 		bl	SPI_WriteData
 353:Module/lcd_cfg.c **** 
 354:Module/lcd_cfg.c **** SSD2828_WritePackageSize(17);
 885              		.loc 1 354 1
 886 06a0 1120     		movs	r0, #17
 887 06a2 FFF7FEFF 		bl	SSD2828_WritePackageSize
 355:Module/lcd_cfg.c **** SPI_WriteData(0xA0);
 888              		.loc 1 355 1
 889 06a6 A020     		movs	r0, #160
 890 06a8 FFF7FEFF 		bl	SPI_WriteData
 356:Module/lcd_cfg.c **** SPI_WriteData(0xB1);
 891              		.loc 1 356 1
 892 06ac B120     		movs	r0, #177
 893 06ae FFF7FEFF 		bl	SPI_WriteData
 357:Module/lcd_cfg.c **** SPI_WriteData(0x84);
 894              		.loc 1 357 1
 895 06b2 8420     		movs	r0, #132
 896 06b4 FFF7FEFF 		bl	SPI_WriteData
 358:Module/lcd_cfg.c **** SPI_WriteData(0x01);
 897              		.loc 1 358 1
ARM GAS  C:\Users\ADMINI~1\AppData\Local\Temp\ccavp8eo.s 			page 23


 898 06b8 0120     		movs	r0, #1
 899 06ba FFF7FEFF 		bl	SPI_WriteData
 359:Module/lcd_cfg.c **** SPI_WriteData(0x00);
 900              		.loc 1 359 1
 901 06be 0020     		movs	r0, #0
 902 06c0 FFF7FEFF 		bl	SPI_WriteData
 360:Module/lcd_cfg.c **** SPI_WriteData(0x00);
 903              		.loc 1 360 1
 904 06c4 0020     		movs	r0, #0
 905 06c6 FFF7FEFF 		bl	SPI_WriteData
 361:Module/lcd_cfg.c **** SPI_WriteData(0x00);
 906              		.loc 1 361 1
 907 06ca 0020     		movs	r0, #0
 908 06cc FFF7FEFF 		bl	SPI_WriteData
 362:Module/lcd_cfg.c **** SPI_WriteData(0x00);
 909              		.loc 1 362 1
 910 06d0 0020     		movs	r0, #0
 911 06d2 FFF7FEFF 		bl	SPI_WriteData
 363:Module/lcd_cfg.c **** SPI_WriteData(0x00);
 912              		.loc 1 363 1
 913 06d6 0020     		movs	r0, #0
 914 06d8 FFF7FEFF 		bl	SPI_WriteData
 364:Module/lcd_cfg.c **** SPI_WriteData(0x00);
 915              		.loc 1 364 1
 916 06dc 0020     		movs	r0, #0
 917 06de FFF7FEFF 		bl	SPI_WriteData
 365:Module/lcd_cfg.c **** SPI_WriteData(0x40);
 918              		.loc 1 365 1
 919 06e2 4020     		movs	r0, #64
 920 06e4 FFF7FEFF 		bl	SPI_WriteData
 366:Module/lcd_cfg.c **** SPI_WriteData(0x94);
 921              		.loc 1 366 1
 922 06e8 9420     		movs	r0, #148
 923 06ea FFF7FEFF 		bl	SPI_WriteData
 367:Module/lcd_cfg.c **** SPI_WriteData(0x02);
 924              		.loc 1 367 1
 925 06ee 0220     		movs	r0, #2
 926 06f0 FFF7FEFF 		bl	SPI_WriteData
 368:Module/lcd_cfg.c **** SPI_WriteData(0x00);
 927              		.loc 1 368 1
 928 06f4 0020     		movs	r0, #0
 929 06f6 FFF7FEFF 		bl	SPI_WriteData
 369:Module/lcd_cfg.c **** SPI_WriteData(0x00);
 930              		.loc 1 369 1
 931 06fa 0020     		movs	r0, #0
 932 06fc FFF7FEFF 		bl	SPI_WriteData
 370:Module/lcd_cfg.c **** SPI_WriteData(0x00);
 933              		.loc 1 370 1
 934 0700 0020     		movs	r0, #0
 935 0702 FFF7FEFF 		bl	SPI_WriteData
 371:Module/lcd_cfg.c **** SPI_WriteData(0x30);
 936              		.loc 1 371 1
 937 0706 3020     		movs	r0, #48
 938 0708 FFF7FEFF 		bl	SPI_WriteData
 372:Module/lcd_cfg.c **** 
 373:Module/lcd_cfg.c **** SSD2828_WritePackageSize(17);
 939              		.loc 1 373 1
ARM GAS  C:\Users\ADMINI~1\AppData\Local\Temp\ccavp8eo.s 			page 24


 940 070c 1120     		movs	r0, #17
 941 070e FFF7FEFF 		bl	SSD2828_WritePackageSize
 374:Module/lcd_cfg.c **** SPI_WriteData(0xB0);
 942              		.loc 1 374 1
 943 0712 B020     		movs	r0, #176
 944 0714 FFF7FEFF 		bl	SPI_WriteData
 375:Module/lcd_cfg.c **** SPI_WriteData(0x28);
 945              		.loc 1 375 1
 946 0718 2820     		movs	r0, #40
 947 071a FFF7FEFF 		bl	SPI_WriteData
 376:Module/lcd_cfg.c **** SPI_WriteData(0x15);
 948              		.loc 1 376 1
 949 071e 1520     		movs	r0, #21
 950 0720 FFF7FEFF 		bl	SPI_WriteData
 377:Module/lcd_cfg.c **** SPI_WriteData(0x80);
 951              		.loc 1 377 1
 952 0724 8020     		movs	r0, #128
 953 0726 FFF7FEFF 		bl	SPI_WriteData
 378:Module/lcd_cfg.c **** SPI_WriteData(0x04);
 954              		.loc 1 378 1
 955 072a 0420     		movs	r0, #4
 956 072c FFF7FEFF 		bl	SPI_WriteData
 379:Module/lcd_cfg.c **** SPI_WriteData(0x00);
 957              		.loc 1 379 1
 958 0730 0020     		movs	r0, #0
 959 0732 FFF7FEFF 		bl	SPI_WriteData
 380:Module/lcd_cfg.c **** SPI_WriteData(0x18);
 960              		.loc 1 380 1
 961 0736 1820     		movs	r0, #24
 962 0738 FFF7FEFF 		bl	SPI_WriteData
 381:Module/lcd_cfg.c **** SPI_WriteData(0x00);
 963              		.loc 1 381 1
 964 073c 0020     		movs	r0, #0
 965 073e FFF7FEFF 		bl	SPI_WriteData
 382:Module/lcd_cfg.c **** SPI_WriteData(0x00);
 966              		.loc 1 382 1
 967 0742 0020     		movs	r0, #0
 968 0744 FFF7FEFF 		bl	SPI_WriteData
 383:Module/lcd_cfg.c **** SPI_WriteData(0x00);
 969              		.loc 1 383 1
 970 0748 0020     		movs	r0, #0
 971 074a FFF7FEFF 		bl	SPI_WriteData
 384:Module/lcd_cfg.c **** SPI_WriteData(0x30);
 972              		.loc 1 384 1
 973 074e 3020     		movs	r0, #48
 974 0750 FFF7FEFF 		bl	SPI_WriteData
 385:Module/lcd_cfg.c **** SPI_WriteData(0x0A);
 975              		.loc 1 385 1
 976 0754 0A20     		movs	r0, #10
 977 0756 FFF7FEFF 		bl	SPI_WriteData
 386:Module/lcd_cfg.c **** SPI_WriteData(0x00);
 978              		.loc 1 386 1
 979 075a 0020     		movs	r0, #0
 980 075c FFF7FEFF 		bl	SPI_WriteData
 387:Module/lcd_cfg.c **** SPI_WriteData(0x00);
 981              		.loc 1 387 1
 982 0760 0020     		movs	r0, #0
ARM GAS  C:\Users\ADMINI~1\AppData\Local\Temp\ccavp8eo.s 			page 25


 983 0762 FFF7FEFF 		bl	SPI_WriteData
 388:Module/lcd_cfg.c **** SPI_WriteData(0x00);
 984              		.loc 1 388 1
 985 0766 0020     		movs	r0, #0
 986 0768 FFF7FEFF 		bl	SPI_WriteData
 389:Module/lcd_cfg.c **** SPI_WriteData(0x00);
 987              		.loc 1 389 1
 988 076c 0020     		movs	r0, #0
 989 076e FFF7FEFF 		bl	SPI_WriteData
 390:Module/lcd_cfg.c **** SPI_WriteData(0x00);
 990              		.loc 1 390 1
 991 0772 0020     		movs	r0, #0
 992 0774 FFF7FEFF 		bl	SPI_WriteData
 391:Module/lcd_cfg.c **** 
 392:Module/lcd_cfg.c **** SSD2828_WritePackageSize(8);
 993              		.loc 1 392 1
 994 0778 0820     		movs	r0, #8
 995 077a FFF7FEFF 		bl	SSD2828_WritePackageSize
 393:Module/lcd_cfg.c **** SPI_WriteData(0xC0);
 996              		.loc 1 393 1
 997 077e C020     		movs	r0, #192
 998 0780 FFF7FEFF 		bl	SPI_WriteData
 394:Module/lcd_cfg.c **** SPI_WriteData(0x00);
 999              		.loc 1 394 1
 1000 0784 0020     		movs	r0, #0
 1001 0786 FFF7FEFF 		bl	SPI_WriteData
 395:Module/lcd_cfg.c **** SPI_WriteData(0x01);
 1002              		.loc 1 395 1
 1003 078a 0120     		movs	r0, #1
 1004 078c FFF7FEFF 		bl	SPI_WriteData
 396:Module/lcd_cfg.c **** SPI_WriteData(0x05);
 1005              		.loc 1 396 1
 1006 0790 0520     		movs	r0, #5
 1007 0792 FFF7FEFF 		bl	SPI_WriteData
 397:Module/lcd_cfg.c **** SPI_WriteData(0xC2);
 1008              		.loc 1 397 1
 1009 0796 C220     		movs	r0, #194
 1010 0798 FFF7FEFF 		bl	SPI_WriteData
 398:Module/lcd_cfg.c **** SPI_WriteData(0xB0);
 1011              		.loc 1 398 1
 1012 079c B020     		movs	r0, #176
 1013 079e FFF7FEFF 		bl	SPI_WriteData
 399:Module/lcd_cfg.c **** SPI_WriteData(0x00);
 1014              		.loc 1 399 1
 1015 07a2 0020     		movs	r0, #0
 1016 07a4 FFF7FEFF 		bl	SPI_WriteData
 400:Module/lcd_cfg.c **** SPI_WriteData(0x00);
 1017              		.loc 1 400 1
 1018 07a8 0020     		movs	r0, #0
 1019 07aa FFF7FEFF 		bl	SPI_WriteData
 401:Module/lcd_cfg.c **** 
 402:Module/lcd_cfg.c **** //Blank13
 403:Module/lcd_cfg.c **** SSD2828_WritePackageSize(3);
 1020              		.loc 1 403 1
 1021 07ae 0320     		movs	r0, #3
 1022 07b0 FFF7FEFF 		bl	SSD2828_WritePackageSize
 404:Module/lcd_cfg.c **** SPI_WriteData(0x41);
ARM GAS  C:\Users\ADMINI~1\AppData\Local\Temp\ccavp8eo.s 			page 26


 1023              		.loc 1 404 1
 1024 07b4 4120     		movs	r0, #65
 1025 07b6 FFF7FEFF 		bl	SPI_WriteData
 405:Module/lcd_cfg.c **** SPI_WriteData(0x5A);
 1026              		.loc 1 405 1
 1027 07ba 5A20     		movs	r0, #90
 1028 07bc FFF7FEFF 		bl	SPI_WriteData
 406:Module/lcd_cfg.c **** SPI_WriteData(0x0D);
 1029              		.loc 1 406 1
 1030 07c0 0D20     		movs	r0, #13
 1031 07c2 FFF7FEFF 		bl	SPI_WriteData
 407:Module/lcd_cfg.c **** 
 408:Module/lcd_cfg.c **** SSD2828_WritePackageSize(17);
 1032              		.loc 1 408 1
 1033 07c6 1120     		movs	r0, #17
 1034 07c8 FFF7FEFF 		bl	SSD2828_WritePackageSize
 409:Module/lcd_cfg.c **** SPI_WriteData(0x80);
 1035              		.loc 1 409 1
 1036 07cc 8020     		movs	r0, #128
 1037 07ce FFF7FEFF 		bl	SPI_WriteData
 410:Module/lcd_cfg.c **** SPI_WriteData(0x08);
 1038              		.loc 1 410 1
 1039 07d2 0820     		movs	r0, #8
 1040 07d4 FFF7FEFF 		bl	SPI_WriteData
 411:Module/lcd_cfg.c **** SPI_WriteData(0x00);
 1041              		.loc 1 411 1
 1042 07d8 0020     		movs	r0, #0
 1043 07da FFF7FEFF 		bl	SPI_WriteData
 412:Module/lcd_cfg.c **** SPI_WriteData(0x00);
 1044              		.loc 1 412 1
 1045 07de 0020     		movs	r0, #0
 1046 07e0 FFF7FEFF 		bl	SPI_WriteData
 413:Module/lcd_cfg.c **** SPI_WriteData(0x28);
 1047              		.loc 1 413 1
 1048 07e4 2820     		movs	r0, #40
 1049 07e6 FFF7FEFF 		bl	SPI_WriteData
 414:Module/lcd_cfg.c **** SPI_WriteData(0x02);
 1050              		.loc 1 414 1
 1051 07ea 0220     		movs	r0, #2
 1052 07ec FFF7FEFF 		bl	SPI_WriteData
 415:Module/lcd_cfg.c **** SPI_WriteData(0x00);
 1053              		.loc 1 415 1
 1054 07f0 0020     		movs	r0, #0
 1055 07f2 FFF7FEFF 		bl	SPI_WriteData
 416:Module/lcd_cfg.c **** SPI_WriteData(0x04);
 1056              		.loc 1 416 1
 1057 07f6 0420     		movs	r0, #4
 1058 07f8 FFF7FEFF 		bl	SPI_WriteData
 417:Module/lcd_cfg.c **** SPI_WriteData(0x12);
 1059              		.loc 1 417 1
 1060 07fc 1220     		movs	r0, #18
 1061 07fe FFF7FEFF 		bl	SPI_WriteData
 418:Module/lcd_cfg.c **** SPI_WriteData(0x00);
 1062              		.loc 1 418 1
 1063 0802 0020     		movs	r0, #0
 1064 0804 FFF7FEFF 		bl	SPI_WriteData
 419:Module/lcd_cfg.c **** SPI_WriteData(0x08);
ARM GAS  C:\Users\ADMINI~1\AppData\Local\Temp\ccavp8eo.s 			page 27


 1065              		.loc 1 419 1
 1066 0808 0820     		movs	r0, #8
 1067 080a FFF7FEFF 		bl	SPI_WriteData
 420:Module/lcd_cfg.c **** SPI_WriteData(0x02);
 1068              		.loc 1 420 1
 1069 080e 0220     		movs	r0, #2
 1070 0810 FFF7FEFF 		bl	SPI_WriteData
 421:Module/lcd_cfg.c **** SPI_WriteData(0x77);
 1071              		.loc 1 421 1
 1072 0814 7720     		movs	r0, #119
 1073 0816 FFF7FEFF 		bl	SPI_WriteData
 422:Module/lcd_cfg.c **** SPI_WriteData(0x02);
 1074              		.loc 1 422 1
 1075 081a 0220     		movs	r0, #2
 1076 081c FFF7FEFF 		bl	SPI_WriteData
 423:Module/lcd_cfg.c **** SPI_WriteData(0x4A);
 1077              		.loc 1 423 1
 1078 0820 4A20     		movs	r0, #74
 1079 0822 FFF7FEFF 		bl	SPI_WriteData
 424:Module/lcd_cfg.c **** SPI_WriteData(0x10);
 1080              		.loc 1 424 1
 1081 0826 1020     		movs	r0, #16
 1082 0828 FFF7FEFF 		bl	SPI_WriteData
 425:Module/lcd_cfg.c **** SPI_WriteData(0xF0);
 1083              		.loc 1 425 1
 1084 082c F020     		movs	r0, #240
 1085 082e FFF7FEFF 		bl	SPI_WriteData
 426:Module/lcd_cfg.c **** 
 427:Module/lcd_cfg.c **** SSD2828_WritePackageSize(7);
 1086              		.loc 1 427 1
 1087 0832 0720     		movs	r0, #7
 1088 0834 FFF7FEFF 		bl	SSD2828_WritePackageSize
 428:Module/lcd_cfg.c **** SPI_WriteData(0x90);
 1089              		.loc 1 428 1
 1090 0838 9020     		movs	r0, #144
 1091 083a FFF7FEFF 		bl	SPI_WriteData
 429:Module/lcd_cfg.c **** SPI_WriteData(0x00);
 1092              		.loc 1 429 1
 1093 083e 0020     		movs	r0, #0
 1094 0840 FFF7FEFF 		bl	SPI_WriteData
 430:Module/lcd_cfg.c **** SPI_WriteData(0x02);
 1095              		.loc 1 430 1
 1096 0844 0220     		movs	r0, #2
 1097 0846 FFF7FEFF 		bl	SPI_WriteData
 431:Module/lcd_cfg.c **** SPI_WriteData(0x58);
 1098              		.loc 1 431 1
 1099 084a 5820     		movs	r0, #88
 1100 084c FFF7FEFF 		bl	SPI_WriteData
 432:Module/lcd_cfg.c **** SPI_WriteData(0x16);
 1101              		.loc 1 432 1
 1102 0850 1620     		movs	r0, #22
 1103 0852 FFF7FEFF 		bl	SPI_WriteData
 433:Module/lcd_cfg.c **** SPI_WriteData(0x04);
 1104              		.loc 1 433 1
 1105 0856 0420     		movs	r0, #4
 1106 0858 FFF7FEFF 		bl	SPI_WriteData
 434:Module/lcd_cfg.c **** SPI_WriteData(0xA1);
ARM GAS  C:\Users\ADMINI~1\AppData\Local\Temp\ccavp8eo.s 			page 28


 1107              		.loc 1 434 1
 1108 085c A120     		movs	r0, #161
 1109 085e FFF7FEFF 		bl	SPI_WriteData
 435:Module/lcd_cfg.c **** 
 436:Module/lcd_cfg.c **** //Blank14
 437:Module/lcd_cfg.c **** SSD2828_WritePackageSize(3);
 1110              		.loc 1 437 1
 1111 0862 0320     		movs	r0, #3
 1112 0864 FFF7FEFF 		bl	SSD2828_WritePackageSize
 438:Module/lcd_cfg.c **** SPI_WriteData(0x41);
 1113              		.loc 1 438 1
 1114 0868 4120     		movs	r0, #65
 1115 086a FFF7FEFF 		bl	SPI_WriteData
 439:Module/lcd_cfg.c **** SPI_WriteData(0x5A);
 1116              		.loc 1 439 1
 1117 086e 5A20     		movs	r0, #90
 1118 0870 FFF7FEFF 		bl	SPI_WriteData
 440:Module/lcd_cfg.c **** SPI_WriteData(0x0E);
 1119              		.loc 1 440 1
 1120 0874 0E20     		movs	r0, #14
 1121 0876 FFF7FEFF 		bl	SPI_WriteData
 441:Module/lcd_cfg.c **** 
 442:Module/lcd_cfg.c **** SSD2828_WritePackageSize(17);
 1122              		.loc 1 442 1
 1123 087a 1120     		movs	r0, #17
 1124 087c FFF7FEFF 		bl	SSD2828_WritePackageSize
 443:Module/lcd_cfg.c **** SPI_WriteData(0x80);
 1125              		.loc 1 443 1
 1126 0880 8020     		movs	r0, #128
 1127 0882 FFF7FEFF 		bl	SPI_WriteData
 444:Module/lcd_cfg.c **** SPI_WriteData(0xFF);
 1128              		.loc 1 444 1
 1129 0886 FF20     		movs	r0, #255
 1130 0888 FFF7FEFF 		bl	SPI_WriteData
 445:Module/lcd_cfg.c **** SPI_WriteData(0x81);
 1131              		.loc 1 445 1
 1132 088c 8120     		movs	r0, #129
 1133 088e FFF7FEFF 		bl	SPI_WriteData
 446:Module/lcd_cfg.c **** SPI_WriteData(0x68);
 1134              		.loc 1 446 1
 1135 0892 6820     		movs	r0, #104
 1136 0894 FFF7FEFF 		bl	SPI_WriteData
 447:Module/lcd_cfg.c **** SPI_WriteData(0x6C);
 1137              		.loc 1 447 1
 1138 0898 6C20     		movs	r0, #108
 1139 089a FFF7FEFF 		bl	SPI_WriteData
 448:Module/lcd_cfg.c **** SPI_WriteData(0x22);
 1140              		.loc 1 448 1
 1141 089e 2220     		movs	r0, #34
 1142 08a0 FFF7FEFF 		bl	SPI_WriteData
 449:Module/lcd_cfg.c **** SPI_WriteData(0xFD);
 1143              		.loc 1 449 1
 1144 08a4 FD20     		movs	r0, #253
 1145 08a6 FFF7FEFF 		bl	SPI_WriteData
 450:Module/lcd_cfg.c **** SPI_WriteData(0x22);
 1146              		.loc 1 450 1
 1147 08aa 2220     		movs	r0, #34
ARM GAS  C:\Users\ADMINI~1\AppData\Local\Temp\ccavp8eo.s 			page 29


 1148 08ac FFF7FEFF 		bl	SPI_WriteData
 451:Module/lcd_cfg.c **** SPI_WriteData(0x00);
 1149              		.loc 1 451 1
 1150 08b0 0020     		movs	r0, #0
 1151 08b2 FFF7FEFF 		bl	SPI_WriteData
 452:Module/lcd_cfg.c **** SPI_WriteData(0x55);
 1152              		.loc 1 452 1
 1153 08b6 5520     		movs	r0, #85
 1154 08b8 FFF7FEFF 		bl	SPI_WriteData
 453:Module/lcd_cfg.c **** SPI_WriteData(0x55);
 1155              		.loc 1 453 1
 1156 08bc 5520     		movs	r0, #85
 1157 08be FFF7FEFF 		bl	SPI_WriteData
 454:Module/lcd_cfg.c **** SPI_WriteData(0x55);
 1158              		.loc 1 454 1
 1159 08c2 5520     		movs	r0, #85
 1160 08c4 FFF7FEFF 		bl	SPI_WriteData
 455:Module/lcd_cfg.c **** SPI_WriteData(0x55);
 1161              		.loc 1 455 1
 1162 08c8 5520     		movs	r0, #85
 1163 08ca FFF7FEFF 		bl	SPI_WriteData
 456:Module/lcd_cfg.c **** SPI_WriteData(0x05);
 1164              		.loc 1 456 1
 1165 08ce 0520     		movs	r0, #5
 1166 08d0 FFF7FEFF 		bl	SPI_WriteData
 457:Module/lcd_cfg.c **** SPI_WriteData(0x5A);
 1167              		.loc 1 457 1
 1168 08d4 5A20     		movs	r0, #90
 1169 08d6 FFF7FEFF 		bl	SPI_WriteData
 458:Module/lcd_cfg.c **** SPI_WriteData(0x5A);
 1170              		.loc 1 458 1
 1171 08da 5A20     		movs	r0, #90
 1172 08dc FFF7FEFF 		bl	SPI_WriteData
 459:Module/lcd_cfg.c **** SPI_WriteData(0x80);
 1173              		.loc 1 459 1
 1174 08e0 8020     		movs	r0, #128
 1175 08e2 FFF7FEFF 		bl	SPI_WriteData
 460:Module/lcd_cfg.c **** 
 461:Module/lcd_cfg.c **** SSD2828_WritePackageSize(7);
 1176              		.loc 1 461 1
 1177 08e6 0720     		movs	r0, #7
 1178 08e8 FFF7FEFF 		bl	SSD2828_WritePackageSize
 462:Module/lcd_cfg.c **** SPI_WriteData(0x90);
 1179              		.loc 1 462 1
 1180 08ec 9020     		movs	r0, #144
 1181 08ee FFF7FEFF 		bl	SPI_WriteData
 463:Module/lcd_cfg.c **** SPI_WriteData(0x01);
 1182              		.loc 1 463 1
 1183 08f2 0120     		movs	r0, #1
 1184 08f4 FFF7FEFF 		bl	SPI_WriteData
 464:Module/lcd_cfg.c **** SPI_WriteData(0x00);
 1185              		.loc 1 464 1
 1186 08f8 0020     		movs	r0, #0
 1187 08fa FFF7FEFF 		bl	SPI_WriteData
 465:Module/lcd_cfg.c **** SPI_WriteData(0x00);
 1188              		.loc 1 465 1
 1189 08fe 0020     		movs	r0, #0
ARM GAS  C:\Users\ADMINI~1\AppData\Local\Temp\ccavp8eo.s 			page 30


 1190 0900 FFF7FEFF 		bl	SPI_WriteData
 466:Module/lcd_cfg.c **** SPI_WriteData(0x60);
 1191              		.loc 1 466 1
 1192 0904 6020     		movs	r0, #96
 1193 0906 FFF7FEFF 		bl	SPI_WriteData
 467:Module/lcd_cfg.c **** SPI_WriteData(0x01);
 1194              		.loc 1 467 1
 1195 090a 0120     		movs	r0, #1
 1196 090c FFF7FEFF 		bl	SPI_WriteData
 468:Module/lcd_cfg.c **** SPI_WriteData(0x00);
 1197              		.loc 1 468 1
 1198 0910 0020     		movs	r0, #0
 1199 0912 FFF7FEFF 		bl	SPI_WriteData
 469:Module/lcd_cfg.c **** 
 470:Module/lcd_cfg.c **** //Blank15
 471:Module/lcd_cfg.c **** SSD2828_WritePackageSize(3);
 1200              		.loc 1 471 1
 1201 0916 0320     		movs	r0, #3
 1202 0918 FFF7FEFF 		bl	SSD2828_WritePackageSize
 472:Module/lcd_cfg.c **** SPI_WriteData(0x41);
 1203              		.loc 1 472 1
 1204 091c 4120     		movs	r0, #65
 1205 091e FFF7FEFF 		bl	SPI_WriteData
 473:Module/lcd_cfg.c **** SPI_WriteData(0x5A);
 1206              		.loc 1 473 1
 1207 0922 5A20     		movs	r0, #90
 1208 0924 FFF7FEFF 		bl	SPI_WriteData
 474:Module/lcd_cfg.c **** SPI_WriteData(0x0F);
 1209              		.loc 1 474 1
 1210 0928 0F20     		movs	r0, #15
 1211 092a FFF7FEFF 		bl	SPI_WriteData
 475:Module/lcd_cfg.c **** 
 476:Module/lcd_cfg.c **** SSD2828_WritePackageSize(17);
 1212              		.loc 1 476 1
 1213 092e 1120     		movs	r0, #17
 1214 0930 FFF7FEFF 		bl	SSD2828_WritePackageSize
 477:Module/lcd_cfg.c **** SPI_WriteData(0x80);
 1215              		.loc 1 477 1
 1216 0934 8020     		movs	r0, #128
 1217 0936 FFF7FEFF 		bl	SPI_WriteData
 478:Module/lcd_cfg.c **** SPI_WriteData(0x11);
 1218              		.loc 1 478 1
 1219 093a 1120     		movs	r0, #17
 1220 093c FFF7FEFF 		bl	SPI_WriteData
 479:Module/lcd_cfg.c **** SPI_WriteData(0x35);
 1221              		.loc 1 479 1
 1222 0940 3520     		movs	r0, #53
 1223 0942 FFF7FEFF 		bl	SPI_WriteData
 480:Module/lcd_cfg.c **** SPI_WriteData(0x81);
 1224              		.loc 1 480 1
 1225 0946 8120     		movs	r0, #129
 1226 0948 FFF7FEFF 		bl	SPI_WriteData
 481:Module/lcd_cfg.c **** SPI_WriteData(0x29);
 1227              		.loc 1 481 1
 1228 094c 2920     		movs	r0, #41
 1229 094e FFF7FEFF 		bl	SPI_WriteData
 482:Module/lcd_cfg.c **** SPI_WriteData(0x0A);
ARM GAS  C:\Users\ADMINI~1\AppData\Local\Temp\ccavp8eo.s 			page 31


 1230              		.loc 1 482 1
 1231 0952 0A20     		movs	r0, #10
 1232 0954 FFF7FEFF 		bl	SPI_WriteData
 483:Module/lcd_cfg.c **** SPI_WriteData(0x04);
 1233              		.loc 1 483 1
 1234 0958 0420     		movs	r0, #4
 1235 095a FFF7FEFF 		bl	SPI_WriteData
 484:Module/lcd_cfg.c **** SPI_WriteData(0x30);
 1236              		.loc 1 484 1
 1237 095e 3020     		movs	r0, #48
 1238 0960 FFF7FEFF 		bl	SPI_WriteData
 485:Module/lcd_cfg.c **** SPI_WriteData(0x45);
 1239              		.loc 1 485 1
 1240 0964 4520     		movs	r0, #69
 1241 0966 FFF7FEFF 		bl	SPI_WriteData
 486:Module/lcd_cfg.c **** SPI_WriteData(0x01);
 1242              		.loc 1 486 1
 1243 096a 0120     		movs	r0, #1
 1244 096c FFF7FEFF 		bl	SPI_WriteData
 487:Module/lcd_cfg.c **** SPI_WriteData(0x01);
 1245              		.loc 1 487 1
 1246 0970 0120     		movs	r0, #1
 1247 0972 FFF7FEFF 		bl	SPI_WriteData
 488:Module/lcd_cfg.c **** SPI_WriteData(0x20);
 1248              		.loc 1 488 1
 1249 0976 2020     		movs	r0, #32
 1250 0978 FFF7FEFF 		bl	SPI_WriteData
 489:Module/lcd_cfg.c **** SPI_WriteData(0x04);
 1251              		.loc 1 489 1
 1252 097c 0420     		movs	r0, #4
 1253 097e FFF7FEFF 		bl	SPI_WriteData
 490:Module/lcd_cfg.c **** SPI_WriteData(0x2C);
 1254              		.loc 1 490 1
 1255 0982 2C20     		movs	r0, #44
 1256 0984 FFF7FEFF 		bl	SPI_WriteData
 491:Module/lcd_cfg.c **** SPI_WriteData(0x00);
 1257              		.loc 1 491 1
 1258 0988 0020     		movs	r0, #0
 1259 098a FFF7FEFF 		bl	SPI_WriteData
 492:Module/lcd_cfg.c **** SPI_WriteData(0x04);
 1260              		.loc 1 492 1
 1261 098e 0420     		movs	r0, #4
 1262 0990 FFF7FEFF 		bl	SPI_WriteData
 493:Module/lcd_cfg.c **** SPI_WriteData(0x44);
 1263              		.loc 1 493 1
 1264 0994 4420     		movs	r0, #68
 1265 0996 FFF7FEFF 		bl	SPI_WriteData
 494:Module/lcd_cfg.c **** 
 495:Module/lcd_cfg.c **** SSD2828_WritePackageSize(17);
 1266              		.loc 1 495 1
 1267 099a 1120     		movs	r0, #17
 1268 099c FFF7FEFF 		bl	SSD2828_WritePackageSize
 496:Module/lcd_cfg.c **** SPI_WriteData(0x90);
 1269              		.loc 1 496 1
 1270 09a0 9020     		movs	r0, #144
 1271 09a2 FFF7FEFF 		bl	SPI_WriteData
 497:Module/lcd_cfg.c **** SPI_WriteData(0x37);
ARM GAS  C:\Users\ADMINI~1\AppData\Local\Temp\ccavp8eo.s 			page 32


 1272              		.loc 1 497 1
 1273 09a6 3720     		movs	r0, #55
 1274 09a8 FFF7FEFF 		bl	SPI_WriteData
 498:Module/lcd_cfg.c **** SPI_WriteData(0xA4);
 1275              		.loc 1 498 1
 1276 09ac A420     		movs	r0, #164
 1277 09ae FFF7FEFF 		bl	SPI_WriteData
 499:Module/lcd_cfg.c **** SPI_WriteData(0x10);
 1278              		.loc 1 499 1
 1279 09b2 1020     		movs	r0, #16
 1280 09b4 FFF7FEFF 		bl	SPI_WriteData
 500:Module/lcd_cfg.c **** SPI_WriteData(0x80);
 1281              		.loc 1 500 1
 1282 09b8 8020     		movs	r0, #128
 1283 09ba FFF7FEFF 		bl	SPI_WriteData
 501:Module/lcd_cfg.c **** SPI_WriteData(0x06);
 1284              		.loc 1 501 1
 1285 09be 0620     		movs	r0, #6
 1286 09c0 FFF7FEFF 		bl	SPI_WriteData
 502:Module/lcd_cfg.c **** SPI_WriteData(0x14);
 1287              		.loc 1 502 1
 1288 09c4 1420     		movs	r0, #20
 1289 09c6 FFF7FEFF 		bl	SPI_WriteData
 503:Module/lcd_cfg.c **** SPI_WriteData(0x18);
 1290              		.loc 1 503 1
 1291 09ca 1820     		movs	r0, #24
 1292 09cc FFF7FEFF 		bl	SPI_WriteData
 504:Module/lcd_cfg.c **** SPI_WriteData(0xA0);
 1293              		.loc 1 504 1
 1294 09d0 A020     		movs	r0, #160
 1295 09d2 FFF7FEFF 		bl	SPI_WriteData
 505:Module/lcd_cfg.c **** SPI_WriteData(0x05);
 1296              		.loc 1 505 1
 1297 09d6 0520     		movs	r0, #5
 1298 09d8 FFF7FEFF 		bl	SPI_WriteData
 506:Module/lcd_cfg.c **** SPI_WriteData(0x5A);
 1299              		.loc 1 506 1
 1300 09dc 5A20     		movs	r0, #90
 1301 09de FFF7FEFF 		bl	SPI_WriteData
 507:Module/lcd_cfg.c **** SPI_WriteData(0x10);
 1302              		.loc 1 507 1
 1303 09e2 1020     		movs	r0, #16
 1304 09e4 FFF7FEFF 		bl	SPI_WriteData
 508:Module/lcd_cfg.c **** SPI_WriteData(0x00);
 1305              		.loc 1 508 1
 1306 09e8 0020     		movs	r0, #0
 1307 09ea FFF7FEFF 		bl	SPI_WriteData
 509:Module/lcd_cfg.c **** SPI_WriteData(0x00);
 1308              		.loc 1 509 1
 1309 09ee 0020     		movs	r0, #0
 1310 09f0 FFF7FEFF 		bl	SPI_WriteData
 510:Module/lcd_cfg.c **** SPI_WriteData(0x10);
 1311              		.loc 1 510 1
 1312 09f4 1020     		movs	r0, #16
 1313 09f6 FFF7FEFF 		bl	SPI_WriteData
 511:Module/lcd_cfg.c **** SPI_WriteData(0x84);
 1314              		.loc 1 511 1
ARM GAS  C:\Users\ADMINI~1\AppData\Local\Temp\ccavp8eo.s 			page 33


 1315 09fa 8420     		movs	r0, #132
 1316 09fc FFF7FEFF 		bl	SPI_WriteData
 512:Module/lcd_cfg.c **** SPI_WriteData(0x10);
 1317              		.loc 1 512 1
 1318 0a00 1020     		movs	r0, #16
 1319 0a02 FFF7FEFF 		bl	SPI_WriteData
 513:Module/lcd_cfg.c **** 
 514:Module/lcd_cfg.c **** SSD2828_WritePackageSize(17);
 1320              		.loc 1 514 1
 1321 0a06 1120     		movs	r0, #17
 1322 0a08 FFF7FEFF 		bl	SSD2828_WritePackageSize
 515:Module/lcd_cfg.c **** SPI_WriteData(0xA0);
 1323              		.loc 1 515 1
 1324 0a0c A020     		movs	r0, #160
 1325 0a0e FFF7FEFF 		bl	SPI_WriteData
 516:Module/lcd_cfg.c **** SPI_WriteData(0x32);
 1326              		.loc 1 516 1
 1327 0a12 3220     		movs	r0, #50
 1328 0a14 FFF7FEFF 		bl	SPI_WriteData
 517:Module/lcd_cfg.c **** SPI_WriteData(0x24);
 1329              		.loc 1 517 1
 1330 0a18 2420     		movs	r0, #36
 1331 0a1a FFF7FEFF 		bl	SPI_WriteData
 518:Module/lcd_cfg.c **** SPI_WriteData(0x43);
 1332              		.loc 1 518 1
 1333 0a1e 4320     		movs	r0, #67
 1334 0a20 FFF7FEFF 		bl	SPI_WriteData
 519:Module/lcd_cfg.c **** SPI_WriteData(0xB3);
 1335              		.loc 1 519 1
 1336 0a24 B320     		movs	r0, #179
 1337 0a26 FFF7FEFF 		bl	SPI_WriteData
 520:Module/lcd_cfg.c **** SPI_WriteData(0x6E);
 1338              		.loc 1 520 1
 1339 0a2a 6E20     		movs	r0, #110
 1340 0a2c FFF7FEFF 		bl	SPI_WriteData
 521:Module/lcd_cfg.c **** SPI_WriteData(0xC0);
 1341              		.loc 1 521 1
 1342 0a30 C020     		movs	r0, #192
 1343 0a32 FFF7FEFF 		bl	SPI_WriteData
 522:Module/lcd_cfg.c **** SPI_WriteData(0x4A);
 1344              		.loc 1 522 1
 1345 0a36 4A20     		movs	r0, #74
 1346 0a38 FFF7FEFF 		bl	SPI_WriteData
 523:Module/lcd_cfg.c **** SPI_WriteData(0x0B);
 1347              		.loc 1 523 1
 1348 0a3c 0B20     		movs	r0, #11
 1349 0a3e FFF7FEFF 		bl	SPI_WriteData
 524:Module/lcd_cfg.c **** SPI_WriteData(0x5A);
 1350              		.loc 1 524 1
 1351 0a42 5A20     		movs	r0, #90
 1352 0a44 FFF7FEFF 		bl	SPI_WriteData
 525:Module/lcd_cfg.c **** SPI_WriteData(0x71);
 1353              		.loc 1 525 1
 1354 0a48 7120     		movs	r0, #113
 1355 0a4a FFF7FEFF 		bl	SPI_WriteData
 526:Module/lcd_cfg.c **** SPI_WriteData(0x22);
 1356              		.loc 1 526 1
ARM GAS  C:\Users\ADMINI~1\AppData\Local\Temp\ccavp8eo.s 			page 34


 1357 0a4e 2220     		movs	r0, #34
 1358 0a50 FFF7FEFF 		bl	SPI_WriteData
 527:Module/lcd_cfg.c **** SPI_WriteData(0x80);
 1359              		.loc 1 527 1
 1360 0a54 8020     		movs	r0, #128
 1361 0a56 FFF7FEFF 		bl	SPI_WriteData
 528:Module/lcd_cfg.c **** SPI_WriteData(0x19);
 1362              		.loc 1 528 1
 1363 0a5a 1920     		movs	r0, #25
 1364 0a5c FFF7FEFF 		bl	SPI_WriteData
 529:Module/lcd_cfg.c **** SPI_WriteData(0x4A);
 1365              		.loc 1 529 1
 1366 0a60 4A20     		movs	r0, #74
 1367 0a62 FFF7FEFF 		bl	SPI_WriteData
 530:Module/lcd_cfg.c **** SPI_WriteData(0x00);
 1368              		.loc 1 530 1
 1369 0a66 0020     		movs	r0, #0
 1370 0a68 FFF7FEFF 		bl	SPI_WriteData
 531:Module/lcd_cfg.c **** SPI_WriteData(0x20);
 1371              		.loc 1 531 1
 1372 0a6c 2020     		movs	r0, #32
 1373 0a6e FFF7FEFF 		bl	SPI_WriteData
 532:Module/lcd_cfg.c **** 
 533:Module/lcd_cfg.c **** SSD2828_WritePackageSize(17);
 1374              		.loc 1 533 1
 1375 0a72 1120     		movs	r0, #17
 1376 0a74 FFF7FEFF 		bl	SSD2828_WritePackageSize
 534:Module/lcd_cfg.c **** SPI_WriteData(0xB0);
 1377              		.loc 1 534 1
 1378 0a78 B020     		movs	r0, #176
 1379 0a7a FFF7FEFF 		bl	SPI_WriteData
 535:Module/lcd_cfg.c **** SPI_WriteData(0x27);
 1380              		.loc 1 535 1
 1381 0a7e 2720     		movs	r0, #39
 1382 0a80 FFF7FEFF 		bl	SPI_WriteData
 536:Module/lcd_cfg.c **** SPI_WriteData(0x9E);
 1383              		.loc 1 536 1
 1384 0a84 9E20     		movs	r0, #158
 1385 0a86 FFF7FEFF 		bl	SPI_WriteData
 537:Module/lcd_cfg.c **** SPI_WriteData(0x01);
 1386              		.loc 1 537 1
 1387 0a8a 0120     		movs	r0, #1
 1388 0a8c FFF7FEFF 		bl	SPI_WriteData
 538:Module/lcd_cfg.c **** SPI_WriteData(0xC0);
 1389              		.loc 1 538 1
 1390 0a90 C020     		movs	r0, #192
 1391 0a92 FFF7FEFF 		bl	SPI_WriteData
 539:Module/lcd_cfg.c **** SPI_WriteData(0x19);
 1392              		.loc 1 539 1
 1393 0a96 1920     		movs	r0, #25
 1394 0a98 FFF7FEFF 		bl	SPI_WriteData
 540:Module/lcd_cfg.c **** SPI_WriteData(0x7A);
 1395              		.loc 1 540 1
 1396 0a9c 7A20     		movs	r0, #122
 1397 0a9e FFF7FEFF 		bl	SPI_WriteData
 541:Module/lcd_cfg.c **** SPI_WriteData(0x21);
 1398              		.loc 1 541 1
ARM GAS  C:\Users\ADMINI~1\AppData\Local\Temp\ccavp8eo.s 			page 35


 1399 0aa2 2120     		movs	r0, #33
 1400 0aa4 FFF7FEFF 		bl	SPI_WriteData
 542:Module/lcd_cfg.c **** SPI_WriteData(0x14);
 1401              		.loc 1 542 1
 1402 0aa8 1420     		movs	r0, #20
 1403 0aaa FFF7FEFF 		bl	SPI_WriteData
 543:Module/lcd_cfg.c **** SPI_WriteData(0x00);
 1404              		.loc 1 543 1
 1405 0aae 0020     		movs	r0, #0
 1406 0ab0 FFF7FEFF 		bl	SPI_WriteData
 544:Module/lcd_cfg.c **** SPI_WriteData(0x40);
 1407              		.loc 1 544 1
 1408 0ab4 4020     		movs	r0, #64
 1409 0ab6 FFF7FEFF 		bl	SPI_WriteData
 545:Module/lcd_cfg.c **** SPI_WriteData(0x30);
 1410              		.loc 1 545 1
 1411 0aba 3020     		movs	r0, #48
 1412 0abc FFF7FEFF 		bl	SPI_WriteData
 546:Module/lcd_cfg.c **** SPI_WriteData(0xE0);
 1413              		.loc 1 546 1
 1414 0ac0 E020     		movs	r0, #224
 1415 0ac2 FFF7FEFF 		bl	SPI_WriteData
 547:Module/lcd_cfg.c **** SPI_WriteData(0x00);
 1416              		.loc 1 547 1
 1417 0ac6 0020     		movs	r0, #0
 1418 0ac8 FFF7FEFF 		bl	SPI_WriteData
 548:Module/lcd_cfg.c **** SPI_WriteData(0x2D);
 1419              		.loc 1 548 1
 1420 0acc 2D20     		movs	r0, #45
 1421 0ace FFF7FEFF 		bl	SPI_WriteData
 549:Module/lcd_cfg.c **** SPI_WriteData(0xD0);
 1422              		.loc 1 549 1
 1423 0ad2 D020     		movs	r0, #208
 1424 0ad4 FFF7FEFF 		bl	SPI_WriteData
 550:Module/lcd_cfg.c **** SPI_WriteData(0x82);
 1425              		.loc 1 550 1
 1426 0ad8 8220     		movs	r0, #130
 1427 0ada FFF7FEFF 		bl	SPI_WriteData
 551:Module/lcd_cfg.c **** 
 552:Module/lcd_cfg.c **** SSD2828_WritePackageSize(17);
 1428              		.loc 1 552 1
 1429 0ade 1120     		movs	r0, #17
 1430 0ae0 FFF7FEFF 		bl	SSD2828_WritePackageSize
 553:Module/lcd_cfg.c **** SPI_WriteData(0xC0);
 1431              		.loc 1 553 1
 1432 0ae4 C020     		movs	r0, #192
 1433 0ae6 FFF7FEFF 		bl	SPI_WriteData
 554:Module/lcd_cfg.c **** SPI_WriteData(0x00);
 1434              		.loc 1 554 1
 1435 0aea 0020     		movs	r0, #0
 1436 0aec FFF7FEFF 		bl	SPI_WriteData
 555:Module/lcd_cfg.c **** SPI_WriteData(0x00);
 1437              		.loc 1 555 1
 1438 0af0 0020     		movs	r0, #0
 1439 0af2 FFF7FEFF 		bl	SPI_WriteData
 556:Module/lcd_cfg.c **** SPI_WriteData(0x60);
 1440              		.loc 1 556 1
ARM GAS  C:\Users\ADMINI~1\AppData\Local\Temp\ccavp8eo.s 			page 36


 1441 0af6 6020     		movs	r0, #96
 1442 0af8 FFF7FEFF 		bl	SPI_WriteData
 557:Module/lcd_cfg.c **** SPI_WriteData(0x18);
 1443              		.loc 1 557 1
 1444 0afc 1820     		movs	r0, #24
 1445 0afe FFF7FEFF 		bl	SPI_WriteData
 558:Module/lcd_cfg.c **** SPI_WriteData(0x63);
 1446              		.loc 1 558 1
 1447 0b02 6320     		movs	r0, #99
 1448 0b04 FFF7FEFF 		bl	SPI_WriteData
 559:Module/lcd_cfg.c **** SPI_WriteData(0xD0);
 1449              		.loc 1 559 1
 1450 0b08 D020     		movs	r0, #208
 1451 0b0a FFF7FEFF 		bl	SPI_WriteData
 560:Module/lcd_cfg.c **** SPI_WriteData(0xA0);
 1452              		.loc 1 560 1
 1453 0b0e A020     		movs	r0, #160
 1454 0b10 FFF7FEFF 		bl	SPI_WriteData
 561:Module/lcd_cfg.c **** SPI_WriteData(0x0D);
 1455              		.loc 1 561 1
 1456 0b14 0D20     		movs	r0, #13
 1457 0b16 FFF7FEFF 		bl	SPI_WriteData
 562:Module/lcd_cfg.c **** SPI_WriteData(0x9A);
 1458              		.loc 1 562 1
 1459 0b1a 9A20     		movs	r0, #154
 1460 0b1c FFF7FEFF 		bl	SPI_WriteData
 563:Module/lcd_cfg.c **** SPI_WriteData(0x21);
 1461              		.loc 1 563 1
 1462 0b20 2120     		movs	r0, #33
 1463 0b22 FFF7FEFF 		bl	SPI_WriteData
 564:Module/lcd_cfg.c **** SPI_WriteData(0x02);
 1464              		.loc 1 564 1
 1465 0b26 0220     		movs	r0, #2
 1466 0b28 FFF7FEFF 		bl	SPI_WriteData
 565:Module/lcd_cfg.c **** SPI_WriteData(0x10);
 1467              		.loc 1 565 1
 1468 0b2c 1020     		movs	r0, #16
 1469 0b2e FFF7FEFF 		bl	SPI_WriteData
 566:Module/lcd_cfg.c **** SPI_WriteData(0x62);
 1470              		.loc 1 566 1
 1471 0b32 6220     		movs	r0, #98
 1472 0b34 FFF7FEFF 		bl	SPI_WriteData
 567:Module/lcd_cfg.c **** SPI_WriteData(0x84);
 1473              		.loc 1 567 1
 1474 0b38 8420     		movs	r0, #132
 1475 0b3a FFF7FEFF 		bl	SPI_WriteData
 568:Module/lcd_cfg.c **** SPI_WriteData(0x28);
 1476              		.loc 1 568 1
 1477 0b3e 2820     		movs	r0, #40
 1478 0b40 FFF7FEFF 		bl	SPI_WriteData
 569:Module/lcd_cfg.c **** SPI_WriteData(0x03);
 1479              		.loc 1 569 1
 1480 0b44 0320     		movs	r0, #3
 1481 0b46 FFF7FEFF 		bl	SPI_WriteData
 570:Module/lcd_cfg.c **** 
 571:Module/lcd_cfg.c **** SSD2828_WritePackageSize(17);
 1482              		.loc 1 571 1
ARM GAS  C:\Users\ADMINI~1\AppData\Local\Temp\ccavp8eo.s 			page 37


 1483 0b4a 1120     		movs	r0, #17
 1484 0b4c FFF7FEFF 		bl	SSD2828_WritePackageSize
 572:Module/lcd_cfg.c **** SPI_WriteData(0xD0);
 1485              		.loc 1 572 1
 1486 0b50 D020     		movs	r0, #208
 1487 0b52 FFF7FEFF 		bl	SPI_WriteData
 573:Module/lcd_cfg.c **** SPI_WriteData(0x8A);
 1488              		.loc 1 573 1
 1489 0b56 8A20     		movs	r0, #138
 1490 0b58 FFF7FEFF 		bl	SPI_WriteData
 574:Module/lcd_cfg.c **** SPI_WriteData(0x88);
 1491              		.loc 1 574 1
 1492 0b5c 8820     		movs	r0, #136
 1493 0b5e FFF7FEFF 		bl	SPI_WriteData
 575:Module/lcd_cfg.c **** SPI_WriteData(0x88);
 1494              		.loc 1 575 1
 1495 0b62 8820     		movs	r0, #136
 1496 0b64 FFF7FEFF 		bl	SPI_WriteData
 576:Module/lcd_cfg.c **** SPI_WriteData(0x48);
 1497              		.loc 1 576 1
 1498 0b68 4820     		movs	r0, #72
 1499 0b6a FFF7FEFF 		bl	SPI_WriteData
 577:Module/lcd_cfg.c **** SPI_WriteData(0x92);
 1500              		.loc 1 577 1
 1501 0b6e 9220     		movs	r0, #146
 1502 0b70 FFF7FEFF 		bl	SPI_WriteData
 578:Module/lcd_cfg.c **** SPI_WriteData(0x09);
 1503              		.loc 1 578 1
 1504 0b74 0920     		movs	r0, #9
 1505 0b76 FFF7FEFF 		bl	SPI_WriteData
 579:Module/lcd_cfg.c **** SPI_WriteData(0x0F);
 1506              		.loc 1 579 1
 1507 0b7a 0F20     		movs	r0, #15
 1508 0b7c FFF7FEFF 		bl	SPI_WriteData
 580:Module/lcd_cfg.c **** SPI_WriteData(0x15);
 1509              		.loc 1 580 1
 1510 0b80 1520     		movs	r0, #21
 1511 0b82 FFF7FEFF 		bl	SPI_WriteData
 581:Module/lcd_cfg.c **** SPI_WriteData(0x1E);
 1512              		.loc 1 581 1
 1513 0b86 1E20     		movs	r0, #30
 1514 0b88 FFF7FEFF 		bl	SPI_WriteData
 582:Module/lcd_cfg.c **** SPI_WriteData(0xE0);
 1515              		.loc 1 582 1
 1516 0b8c E020     		movs	r0, #224
 1517 0b8e FFF7FEFF 		bl	SPI_WriteData
 583:Module/lcd_cfg.c **** SPI_WriteData(0x31);
 1518              		.loc 1 583 1
 1519 0b92 3120     		movs	r0, #49
 1520 0b94 FFF7FEFF 		bl	SPI_WriteData
 584:Module/lcd_cfg.c **** SPI_WriteData(0x06);
 1521              		.loc 1 584 1
 1522 0b98 0620     		movs	r0, #6
 1523 0b9a FFF7FEFF 		bl	SPI_WriteData
 585:Module/lcd_cfg.c **** SPI_WriteData(0x04);
 1524              		.loc 1 585 1
 1525 0b9e 0420     		movs	r0, #4
ARM GAS  C:\Users\ADMINI~1\AppData\Local\Temp\ccavp8eo.s 			page 38


 1526 0ba0 FFF7FEFF 		bl	SPI_WriteData
 586:Module/lcd_cfg.c **** SPI_WriteData(0x02);
 1527              		.loc 1 586 1
 1528 0ba4 0220     		movs	r0, #2
 1529 0ba6 FFF7FEFF 		bl	SPI_WriteData
 587:Module/lcd_cfg.c **** SPI_WriteData(0x14);
 1530              		.loc 1 587 1
 1531 0baa 1420     		movs	r0, #20
 1532 0bac FFF7FEFF 		bl	SPI_WriteData
 588:Module/lcd_cfg.c **** SPI_WriteData(0x04);
 1533              		.loc 1 588 1
 1534 0bb0 0420     		movs	r0, #4
 1535 0bb2 FFF7FEFF 		bl	SPI_WriteData
 589:Module/lcd_cfg.c **** 
 590:Module/lcd_cfg.c **** SSD2828_WritePackageSize(17);
 1536              		.loc 1 590 1
 1537 0bb6 1120     		movs	r0, #17
 1538 0bb8 FFF7FEFF 		bl	SSD2828_WritePackageSize
 591:Module/lcd_cfg.c **** SPI_WriteData(0xE0);
 1539              		.loc 1 591 1
 1540 0bbc E020     		movs	r0, #224
 1541 0bbe FFF7FEFF 		bl	SPI_WriteData
 592:Module/lcd_cfg.c **** SPI_WriteData(0x10);
 1542              		.loc 1 592 1
 1543 0bc2 1020     		movs	r0, #16
 1544 0bc4 FFF7FEFF 		bl	SPI_WriteData
 593:Module/lcd_cfg.c **** SPI_WriteData(0x22);
 1545              		.loc 1 593 1
 1546 0bc8 2220     		movs	r0, #34
 1547 0bca FFF7FEFF 		bl	SPI_WriteData
 594:Module/lcd_cfg.c **** SPI_WriteData(0x22);
 1548              		.loc 1 594 1
 1549 0bce 2220     		movs	r0, #34
 1550 0bd0 FFF7FEFF 		bl	SPI_WriteData
 595:Module/lcd_cfg.c **** SPI_WriteData(0xFD);
 1551              		.loc 1 595 1
 1552 0bd4 FD20     		movs	r0, #253
 1553 0bd6 FFF7FEFF 		bl	SPI_WriteData
 596:Module/lcd_cfg.c **** SPI_WriteData(0x84);
 1554              		.loc 1 596 1
 1555 0bda 8420     		movs	r0, #132
 1556 0bdc FFF7FEFF 		bl	SPI_WriteData
 597:Module/lcd_cfg.c **** SPI_WriteData(0xC9);
 1557              		.loc 1 597 1
 1558 0be0 C920     		movs	r0, #201
 1559 0be2 FFF7FEFF 		bl	SPI_WriteData
 598:Module/lcd_cfg.c **** SPI_WriteData(0xC1);
 1560              		.loc 1 598 1
 1561 0be6 C120     		movs	r0, #193
 1562 0be8 FFF7FEFF 		bl	SPI_WriteData
 599:Module/lcd_cfg.c **** SPI_WriteData(0x24);
 1563              		.loc 1 599 1
 1564 0bec 2420     		movs	r0, #36
 1565 0bee FFF7FEFF 		bl	SPI_WriteData
 600:Module/lcd_cfg.c **** SPI_WriteData(0x30);
 1566              		.loc 1 600 1
 1567 0bf2 3020     		movs	r0, #48
ARM GAS  C:\Users\ADMINI~1\AppData\Local\Temp\ccavp8eo.s 			page 39


 1568 0bf4 FFF7FEFF 		bl	SPI_WriteData
 601:Module/lcd_cfg.c **** SPI_WriteData(0xA1);
 1569              		.loc 1 601 1
 1570 0bf8 A120     		movs	r0, #161
 1571 0bfa FFF7FEFF 		bl	SPI_WriteData
 602:Module/lcd_cfg.c **** SPI_WriteData(0x32);
 1572              		.loc 1 602 1
 1573 0bfe 3220     		movs	r0, #50
 1574 0c00 FFF7FEFF 		bl	SPI_WriteData
 603:Module/lcd_cfg.c **** SPI_WriteData(0xBE);
 1575              		.loc 1 603 1
 1576 0c04 BE20     		movs	r0, #190
 1577 0c06 FFF7FEFF 		bl	SPI_WriteData
 604:Module/lcd_cfg.c **** SPI_WriteData(0x64);
 1578              		.loc 1 604 1
 1579 0c0a 6420     		movs	r0, #100
 1580 0c0c FFF7FEFF 		bl	SPI_WriteData
 605:Module/lcd_cfg.c **** SPI_WriteData(0x40);
 1581              		.loc 1 605 1
 1582 0c10 4020     		movs	r0, #64
 1583 0c12 FFF7FEFF 		bl	SPI_WriteData
 606:Module/lcd_cfg.c **** SPI_WriteData(0x41);
 1584              		.loc 1 606 1
 1585 0c16 4120     		movs	r0, #65
 1586 0c18 FFF7FEFF 		bl	SPI_WriteData
 607:Module/lcd_cfg.c **** SPI_WriteData(0x00);
 1587              		.loc 1 607 1
 1588 0c1c 0020     		movs	r0, #0
 1589 0c1e FFF7FEFF 		bl	SPI_WriteData
 608:Module/lcd_cfg.c **** 
 609:Module/lcd_cfg.c **** SSD2828_WritePackageSize(16);
 1590              		.loc 1 609 1
 1591 0c22 1020     		movs	r0, #16
 1592 0c24 FFF7FEFF 		bl	SSD2828_WritePackageSize
 610:Module/lcd_cfg.c **** SPI_WriteData(0xF0);
 1593              		.loc 1 610 1
 1594 0c28 F020     		movs	r0, #240
 1595 0c2a FFF7FEFF 		bl	SPI_WriteData
 611:Module/lcd_cfg.c **** SPI_WriteData(0x00);
 1596              		.loc 1 611 1
 1597 0c2e 0020     		movs	r0, #0
 1598 0c30 FFF7FEFF 		bl	SPI_WriteData
 612:Module/lcd_cfg.c **** SPI_WriteData(0x20);
 1599              		.loc 1 612 1
 1600 0c34 2020     		movs	r0, #32
 1601 0c36 FFF7FEFF 		bl	SPI_WriteData
 613:Module/lcd_cfg.c **** SPI_WriteData(0x1F);
 1602              		.loc 1 613 1
 1603 0c3a 1F20     		movs	r0, #31
 1604 0c3c FFF7FEFF 		bl	SPI_WriteData
 614:Module/lcd_cfg.c **** SPI_WriteData(0x04);
 1605              		.loc 1 614 1
 1606 0c40 0420     		movs	r0, #4
 1607 0c42 FFF7FEFF 		bl	SPI_WriteData
 615:Module/lcd_cfg.c **** SPI_WriteData(0xF5);
 1608              		.loc 1 615 1
 1609 0c46 F520     		movs	r0, #245
ARM GAS  C:\Users\ADMINI~1\AppData\Local\Temp\ccavp8eo.s 			page 40


 1610 0c48 FFF7FEFF 		bl	SPI_WriteData
 616:Module/lcd_cfg.c **** SPI_WriteData(0xFF);
 1611              		.loc 1 616 1
 1612 0c4c FF20     		movs	r0, #255
 1613 0c4e FFF7FEFF 		bl	SPI_WriteData
 617:Module/lcd_cfg.c **** SPI_WriteData(0xFF);
 1614              		.loc 1 617 1
 1615 0c52 FF20     		movs	r0, #255
 1616 0c54 FFF7FEFF 		bl	SPI_WriteData
 618:Module/lcd_cfg.c **** SPI_WriteData(0x3F);
 1617              		.loc 1 618 1
 1618 0c58 3F20     		movs	r0, #63
 1619 0c5a FFF7FEFF 		bl	SPI_WriteData
 619:Module/lcd_cfg.c **** SPI_WriteData(0x00);
 1620              		.loc 1 619 1
 1621 0c5e 0020     		movs	r0, #0
 1622 0c60 FFF7FEFF 		bl	SPI_WriteData
 620:Module/lcd_cfg.c **** SPI_WriteData(0x00);
 1623              		.loc 1 620 1
 1624 0c64 0020     		movs	r0, #0
 1625 0c66 FFF7FEFF 		bl	SPI_WriteData
 621:Module/lcd_cfg.c **** SPI_WriteData(0x15);
 1626              		.loc 1 621 1
 1627 0c6a 1520     		movs	r0, #21
 1628 0c6c FFF7FEFF 		bl	SPI_WriteData
 622:Module/lcd_cfg.c **** SPI_WriteData(0x40);
 1629              		.loc 1 622 1
 1630 0c70 4020     		movs	r0, #64
 1631 0c72 FFF7FEFF 		bl	SPI_WriteData
 623:Module/lcd_cfg.c **** SPI_WriteData(0x14);
 1632              		.loc 1 623 1
 1633 0c76 1420     		movs	r0, #20
 1634 0c78 FFF7FEFF 		bl	SPI_WriteData
 624:Module/lcd_cfg.c **** SPI_WriteData(0x00);
 1635              		.loc 1 624 1
 1636 0c7c 0020     		movs	r0, #0
 1637 0c7e FFF7FEFF 		bl	SPI_WriteData
 625:Module/lcd_cfg.c **** SPI_WriteData(0x00);
 1638              		.loc 1 625 1
 1639 0c82 0020     		movs	r0, #0
 1640 0c84 FFF7FEFF 		bl	SPI_WriteData
 626:Module/lcd_cfg.c **** 
 627:Module/lcd_cfg.c **** //Blank16
 628:Module/lcd_cfg.c **** SSD2828_WritePackageSize(3);
 1641              		.loc 1 628 1
 1642 0c88 0320     		movs	r0, #3
 1643 0c8a FFF7FEFF 		bl	SSD2828_WritePackageSize
 629:Module/lcd_cfg.c **** SPI_WriteData(0x41);
 1644              		.loc 1 629 1
 1645 0c8e 4120     		movs	r0, #65
 1646 0c90 FFF7FEFF 		bl	SPI_WriteData
 630:Module/lcd_cfg.c **** SPI_WriteData(0x5A);
 1647              		.loc 1 630 1
 1648 0c94 5A20     		movs	r0, #90
 1649 0c96 FFF7FEFF 		bl	SPI_WriteData
 631:Module/lcd_cfg.c **** SPI_WriteData(0x10);
 1650              		.loc 1 631 1
ARM GAS  C:\Users\ADMINI~1\AppData\Local\Temp\ccavp8eo.s 			page 41


 1651 0c9a 1020     		movs	r0, #16
 1652 0c9c FFF7FEFF 		bl	SPI_WriteData
 632:Module/lcd_cfg.c **** 
 633:Module/lcd_cfg.c **** SSD2828_WritePackageSize(17);
 1653              		.loc 1 633 1
 1654 0ca0 1120     		movs	r0, #17
 1655 0ca2 FFF7FEFF 		bl	SSD2828_WritePackageSize
 634:Module/lcd_cfg.c **** SPI_WriteData(0x80);
 1656              		.loc 1 634 1
 1657 0ca6 8020     		movs	r0, #128
 1658 0ca8 FFF7FEFF 		bl	SPI_WriteData
 635:Module/lcd_cfg.c **** SPI_WriteData(0x00);
 1659              		.loc 1 635 1
 1660 0cac 0020     		movs	r0, #0
 1661 0cae FFF7FEFF 		bl	SPI_WriteData
 636:Module/lcd_cfg.c **** SPI_WriteData(0x00);
 1662              		.loc 1 636 1
 1663 0cb2 0020     		movs	r0, #0
 1664 0cb4 FFF7FEFF 		bl	SPI_WriteData
 637:Module/lcd_cfg.c **** SPI_WriteData(0x03);
 1665              		.loc 1 637 1
 1666 0cb8 0320     		movs	r0, #3
 1667 0cba FFF7FEFF 		bl	SPI_WriteData
 638:Module/lcd_cfg.c **** SPI_WriteData(0xE7);
 1668              		.loc 1 638 1
 1669 0cbe E720     		movs	r0, #231
 1670 0cc0 FFF7FEFF 		bl	SPI_WriteData
 639:Module/lcd_cfg.c **** SPI_WriteData(0x8F);
 1671              		.loc 1 639 1
 1672 0cc4 8F20     		movs	r0, #143
 1673 0cc6 FFF7FEFF 		bl	SPI_WriteData
 640:Module/lcd_cfg.c **** SPI_WriteData(0x0B);
 1674              		.loc 1 640 1
 1675 0cca 0B20     		movs	r0, #11
 1676 0ccc FFF7FEFF 		bl	SPI_WriteData
 641:Module/lcd_cfg.c **** SPI_WriteData(0x00);
 1677              		.loc 1 641 1
 1678 0cd0 0020     		movs	r0, #0
 1679 0cd2 FFF7FEFF 		bl	SPI_WriteData
 642:Module/lcd_cfg.c **** SPI_WriteData(0x3C);
 1680              		.loc 1 642 1
 1681 0cd6 3C20     		movs	r0, #60
 1682 0cd8 FFF7FEFF 		bl	SPI_WriteData
 643:Module/lcd_cfg.c **** SPI_WriteData(0x80);
 1683              		.loc 1 643 1
 1684 0cdc 8020     		movs	r0, #128
 1685 0cde FFF7FEFF 		bl	SPI_WriteData
 644:Module/lcd_cfg.c **** SPI_WriteData(0x01);
 1686              		.loc 1 644 1
 1687 0ce2 0120     		movs	r0, #1
 1688 0ce4 FFF7FEFF 		bl	SPI_WriteData
 645:Module/lcd_cfg.c **** SPI_WriteData(0x6A);
 1689              		.loc 1 645 1
 1690 0ce8 6A20     		movs	r0, #106
 1691 0cea FFF7FEFF 		bl	SPI_WriteData
 646:Module/lcd_cfg.c **** SPI_WriteData(0x0C);
 1692              		.loc 1 646 1
ARM GAS  C:\Users\ADMINI~1\AppData\Local\Temp\ccavp8eo.s 			page 42


 1693 0cee 0C20     		movs	r0, #12
 1694 0cf0 FFF7FEFF 		bl	SPI_WriteData
 647:Module/lcd_cfg.c **** SPI_WriteData(0x18);
 1695              		.loc 1 647 1
 1696 0cf4 1820     		movs	r0, #24
 1697 0cf6 FFF7FEFF 		bl	SPI_WriteData
 648:Module/lcd_cfg.c **** SPI_WriteData(0xC4);
 1698              		.loc 1 648 1
 1699 0cfa C420     		movs	r0, #196
 1700 0cfc FFF7FEFF 		bl	SPI_WriteData
 649:Module/lcd_cfg.c **** SPI_WriteData(0x20);
 1701              		.loc 1 649 1
 1702 0d00 2020     		movs	r0, #32
 1703 0d02 FFF7FEFF 		bl	SPI_WriteData
 650:Module/lcd_cfg.c **** SPI_WriteData(0xC5);
 1704              		.loc 1 650 1
 1705 0d06 C520     		movs	r0, #197
 1706 0d08 FFF7FEFF 		bl	SPI_WriteData
 651:Module/lcd_cfg.c **** 
 652:Module/lcd_cfg.c **** SSD2828_WritePackageSize(17);
 1707              		.loc 1 652 1
 1708 0d0c 1120     		movs	r0, #17
 1709 0d0e FFF7FEFF 		bl	SSD2828_WritePackageSize
 653:Module/lcd_cfg.c **** SPI_WriteData(0x90);
 1710              		.loc 1 653 1
 1711 0d12 9020     		movs	r0, #144
 1712 0d14 FFF7FEFF 		bl	SPI_WriteData
 654:Module/lcd_cfg.c **** SPI_WriteData(0x1C);
 1713              		.loc 1 654 1
 1714 0d18 1C20     		movs	r0, #28
 1715 0d1a FFF7FEFF 		bl	SPI_WriteData
 655:Module/lcd_cfg.c **** SPI_WriteData(0x94);
 1716              		.loc 1 655 1
 1717 0d1e 9420     		movs	r0, #148
 1718 0d20 FFF7FEFF 		bl	SPI_WriteData
 656:Module/lcd_cfg.c **** SPI_WriteData(0xD4);
 1719              		.loc 1 656 1
 1720 0d24 D420     		movs	r0, #212
 1721 0d26 FFF7FEFF 		bl	SPI_WriteData
 657:Module/lcd_cfg.c **** SPI_WriteData(0x62);
 1722              		.loc 1 657 1
 1723 0d2a 6220     		movs	r0, #98
 1724 0d2c FFF7FEFF 		bl	SPI_WriteData
 658:Module/lcd_cfg.c **** SPI_WriteData(0xCD);
 1725              		.loc 1 658 1
 1726 0d30 CD20     		movs	r0, #205
 1727 0d32 FFF7FEFF 		bl	SPI_WriteData
 659:Module/lcd_cfg.c **** SPI_WriteData(0x3D);
 1728              		.loc 1 659 1
 1729 0d36 3D20     		movs	r0, #61
 1730 0d38 FFF7FEFF 		bl	SPI_WriteData
 660:Module/lcd_cfg.c **** SPI_WriteData(0xF8);
 1731              		.loc 1 660 1
 1732 0d3c F820     		movs	r0, #248
 1733 0d3e FFF7FEFF 		bl	SPI_WriteData
 661:Module/lcd_cfg.c **** SPI_WriteData(0x03);
 1734              		.loc 1 661 1
ARM GAS  C:\Users\ADMINI~1\AppData\Local\Temp\ccavp8eo.s 			page 43


 1735 0d42 0320     		movs	r0, #3
 1736 0d44 FFF7FEFF 		bl	SPI_WriteData
 662:Module/lcd_cfg.c **** SPI_WriteData(0x3F);
 1737              		.loc 1 662 1
 1738 0d48 3F20     		movs	r0, #63
 1739 0d4a FFF7FEFF 		bl	SPI_WriteData
 663:Module/lcd_cfg.c **** SPI_WriteData(0xF0);
 1740              		.loc 1 663 1
 1741 0d4e F020     		movs	r0, #240
 1742 0d50 FFF7FEFF 		bl	SPI_WriteData
 664:Module/lcd_cfg.c **** SPI_WriteData(0x03);
 1743              		.loc 1 664 1
 1744 0d54 0320     		movs	r0, #3
 1745 0d56 FFF7FEFF 		bl	SPI_WriteData
 665:Module/lcd_cfg.c **** SPI_WriteData(0x3F);
 1746              		.loc 1 665 1
 1747 0d5a 3F20     		movs	r0, #63
 1748 0d5c FFF7FEFF 		bl	SPI_WriteData
 666:Module/lcd_cfg.c **** SPI_WriteData(0x00);
 1749              		.loc 1 666 1
 1750 0d60 0020     		movs	r0, #0
 1751 0d62 FFF7FEFF 		bl	SPI_WriteData
 667:Module/lcd_cfg.c **** SPI_WriteData(0xFF);
 1752              		.loc 1 667 1
 1753 0d66 FF20     		movs	r0, #255
 1754 0d68 FFF7FEFF 		bl	SPI_WriteData
 668:Module/lcd_cfg.c **** SPI_WriteData(0xFF);
 1755              		.loc 1 668 1
 1756 0d6c FF20     		movs	r0, #255
 1757 0d6e FFF7FEFF 		bl	SPI_WriteData
 669:Module/lcd_cfg.c **** SPI_WriteData(0xFF);
 1758              		.loc 1 669 1
 1759 0d72 FF20     		movs	r0, #255
 1760 0d74 FFF7FEFF 		bl	SPI_WriteData
 670:Module/lcd_cfg.c **** 
 671:Module/lcd_cfg.c **** SSD2828_WritePackageSize(3);
 1761              		.loc 1 671 1
 1762 0d78 0320     		movs	r0, #3
 1763 0d7a FFF7FEFF 		bl	SSD2828_WritePackageSize
 672:Module/lcd_cfg.c **** SPI_WriteData(0xA0);
 1764              		.loc 1 672 1
 1765 0d7e A020     		movs	r0, #160
 1766 0d80 FFF7FEFF 		bl	SPI_WriteData
 673:Module/lcd_cfg.c **** SPI_WriteData(0x81);
 1767              		.loc 1 673 1
 1768 0d84 8120     		movs	r0, #129
 1769 0d86 FFF7FEFF 		bl	SPI_WriteData
 674:Module/lcd_cfg.c **** SPI_WriteData(0x00);
 1770              		.loc 1 674 1
 1771 0d8a 0020     		movs	r0, #0
 1772 0d8c FFF7FEFF 		bl	SPI_WriteData
 675:Module/lcd_cfg.c **** 
 676:Module/lcd_cfg.c **** //Blank17
 677:Module/lcd_cfg.c **** SSD2828_WritePackageSize(3);
 1773              		.loc 1 677 1
 1774 0d90 0320     		movs	r0, #3
 1775 0d92 FFF7FEFF 		bl	SSD2828_WritePackageSize
ARM GAS  C:\Users\ADMINI~1\AppData\Local\Temp\ccavp8eo.s 			page 44


 678:Module/lcd_cfg.c **** SPI_WriteData(0x41);
 1776              		.loc 1 678 1
 1777 0d96 4120     		movs	r0, #65
 1778 0d98 FFF7FEFF 		bl	SPI_WriteData
 679:Module/lcd_cfg.c **** SPI_WriteData(0x5A);
 1779              		.loc 1 679 1
 1780 0d9c 5A20     		movs	r0, #90
 1781 0d9e FFF7FEFF 		bl	SPI_WriteData
 680:Module/lcd_cfg.c **** SPI_WriteData(0x11);
 1782              		.loc 1 680 1
 1783 0da2 1120     		movs	r0, #17
 1784 0da4 FFF7FEFF 		bl	SPI_WriteData
 681:Module/lcd_cfg.c **** 
 682:Module/lcd_cfg.c **** SSD2828_WritePackageSize(8);
 1785              		.loc 1 682 1
 1786 0da8 0820     		movs	r0, #8
 1787 0daa FFF7FEFF 		bl	SSD2828_WritePackageSize
 683:Module/lcd_cfg.c **** SPI_WriteData(0x80);
 1788              		.loc 1 683 1
 1789 0dae 8020     		movs	r0, #128
 1790 0db0 FFF7FEFF 		bl	SPI_WriteData
 684:Module/lcd_cfg.c **** SPI_WriteData(0x00);
 1791              		.loc 1 684 1
 1792 0db4 0020     		movs	r0, #0
 1793 0db6 FFF7FEFF 		bl	SPI_WriteData
 685:Module/lcd_cfg.c **** SPI_WriteData(0x00);
 1794              		.loc 1 685 1
 1795 0dba 0020     		movs	r0, #0
 1796 0dbc FFF7FEFF 		bl	SPI_WriteData
 686:Module/lcd_cfg.c **** SPI_WriteData(0x00);
 1797              		.loc 1 686 1
 1798 0dc0 0020     		movs	r0, #0
 1799 0dc2 FFF7FEFF 		bl	SPI_WriteData
 687:Module/lcd_cfg.c **** SPI_WriteData(0x00);
 1800              		.loc 1 687 1
 1801 0dc6 0020     		movs	r0, #0
 1802 0dc8 FFF7FEFF 		bl	SPI_WriteData
 688:Module/lcd_cfg.c **** SPI_WriteData(0x00);
 1803              		.loc 1 688 1
 1804 0dcc 0020     		movs	r0, #0
 1805 0dce FFF7FEFF 		bl	SPI_WriteData
 689:Module/lcd_cfg.c **** SPI_WriteData(0x00);
 1806              		.loc 1 689 1
 1807 0dd2 0020     		movs	r0, #0
 1808 0dd4 FFF7FEFF 		bl	SPI_WriteData
 690:Module/lcd_cfg.c **** SPI_WriteData(0x00);
 1809              		.loc 1 690 1
 1810 0dd8 0020     		movs	r0, #0
 1811 0dda FFF7FEFF 		bl	SPI_WriteData
 691:Module/lcd_cfg.c **** 
 692:Module/lcd_cfg.c **** //Blank18
 693:Module/lcd_cfg.c **** SSD2828_WritePackageSize(3);
 1812              		.loc 1 693 1
 1813 0dde 0320     		movs	r0, #3
 1814 0de0 FFF7FEFF 		bl	SSD2828_WritePackageSize
 694:Module/lcd_cfg.c **** SPI_WriteData(0x41);
 1815              		.loc 1 694 1
ARM GAS  C:\Users\ADMINI~1\AppData\Local\Temp\ccavp8eo.s 			page 45


 1816 0de4 4120     		movs	r0, #65
 1817 0de6 FFF7FEFF 		bl	SPI_WriteData
 695:Module/lcd_cfg.c **** SPI_WriteData(0x5A);
 1818              		.loc 1 695 1
 1819 0dea 5A20     		movs	r0, #90
 1820 0dec FFF7FEFF 		bl	SPI_WriteData
 696:Module/lcd_cfg.c **** SPI_WriteData(0x12);
 1821              		.loc 1 696 1
 1822 0df0 1220     		movs	r0, #18
 1823 0df2 FFF7FEFF 		bl	SPI_WriteData
 697:Module/lcd_cfg.c **** 
 698:Module/lcd_cfg.c **** SSD2828_WritePackageSize(17);
 1824              		.loc 1 698 1
 1825 0df6 1120     		movs	r0, #17
 1826 0df8 FFF7FEFF 		bl	SSD2828_WritePackageSize
 699:Module/lcd_cfg.c **** SPI_WriteData(0x80);
 1827              		.loc 1 699 1
 1828 0dfc 8020     		movs	r0, #128
 1829 0dfe FFF7FEFF 		bl	SPI_WriteData
 700:Module/lcd_cfg.c **** SPI_WriteData(0x00);
 1830              		.loc 1 700 1
 1831 0e02 0020     		movs	r0, #0
 1832 0e04 FFF7FEFF 		bl	SPI_WriteData
 701:Module/lcd_cfg.c **** SPI_WriteData(0x00);
 1833              		.loc 1 701 1
 1834 0e08 0020     		movs	r0, #0
 1835 0e0a FFF7FEFF 		bl	SPI_WriteData
 702:Module/lcd_cfg.c **** SPI_WriteData(0x00);
 1836              		.loc 1 702 1
 1837 0e0e 0020     		movs	r0, #0
 1838 0e10 FFF7FEFF 		bl	SPI_WriteData
 703:Module/lcd_cfg.c **** SPI_WriteData(0x00);
 1839              		.loc 1 703 1
 1840 0e14 0020     		movs	r0, #0
 1841 0e16 FFF7FEFF 		bl	SPI_WriteData
 704:Module/lcd_cfg.c **** SPI_WriteData(0x00);
 1842              		.loc 1 704 1
 1843 0e1a 0020     		movs	r0, #0
 1844 0e1c FFF7FEFF 		bl	SPI_WriteData
 705:Module/lcd_cfg.c **** SPI_WriteData(0x00);
 1845              		.loc 1 705 1
 1846 0e20 0020     		movs	r0, #0
 1847 0e22 FFF7FEFF 		bl	SPI_WriteData
 706:Module/lcd_cfg.c **** SPI_WriteData(0x00);
 1848              		.loc 1 706 1
 1849 0e26 0020     		movs	r0, #0
 1850 0e28 FFF7FEFF 		bl	SPI_WriteData
 707:Module/lcd_cfg.c **** SPI_WriteData(0x00);
 1851              		.loc 1 707 1
 1852 0e2c 0020     		movs	r0, #0
 1853 0e2e FFF7FEFF 		bl	SPI_WriteData
 708:Module/lcd_cfg.c **** SPI_WriteData(0x00);
 1854              		.loc 1 708 1
 1855 0e32 0020     		movs	r0, #0
 1856 0e34 FFF7FEFF 		bl	SPI_WriteData
 709:Module/lcd_cfg.c **** SPI_WriteData(0x00);
 1857              		.loc 1 709 1
ARM GAS  C:\Users\ADMINI~1\AppData\Local\Temp\ccavp8eo.s 			page 46


 1858 0e38 0020     		movs	r0, #0
 1859 0e3a FFF7FEFF 		bl	SPI_WriteData
 710:Module/lcd_cfg.c **** SPI_WriteData(0x00);
 1860              		.loc 1 710 1
 1861 0e3e 0020     		movs	r0, #0
 1862 0e40 FFF7FEFF 		bl	SPI_WriteData
 711:Module/lcd_cfg.c **** SPI_WriteData(0x00);
 1863              		.loc 1 711 1
 1864 0e44 0020     		movs	r0, #0
 1865 0e46 FFF7FEFF 		bl	SPI_WriteData
 712:Module/lcd_cfg.c **** SPI_WriteData(0x00);
 1866              		.loc 1 712 1
 1867 0e4a 0020     		movs	r0, #0
 1868 0e4c FFF7FEFF 		bl	SPI_WriteData
 713:Module/lcd_cfg.c **** SPI_WriteData(0x00);
 1869              		.loc 1 713 1
 1870 0e50 0020     		movs	r0, #0
 1871 0e52 FFF7FEFF 		bl	SPI_WriteData
 714:Module/lcd_cfg.c **** SPI_WriteData(0x00);
 1872              		.loc 1 714 1
 1873 0e56 0020     		movs	r0, #0
 1874 0e58 FFF7FEFF 		bl	SPI_WriteData
 715:Module/lcd_cfg.c **** SPI_WriteData(0x00);
 1875              		.loc 1 715 1
 1876 0e5c 0020     		movs	r0, #0
 1877 0e5e FFF7FEFF 		bl	SPI_WriteData
 716:Module/lcd_cfg.c **** 
 717:Module/lcd_cfg.c **** SSD2828_WritePackageSize(17);
 1878              		.loc 1 717 1
 1879 0e62 1120     		movs	r0, #17
 1880 0e64 FFF7FEFF 		bl	SSD2828_WritePackageSize
 718:Module/lcd_cfg.c **** SPI_WriteData(0x90);
 1881              		.loc 1 718 1
 1882 0e68 9020     		movs	r0, #144
 1883 0e6a FFF7FEFF 		bl	SPI_WriteData
 719:Module/lcd_cfg.c **** SPI_WriteData(0x00);
 1884              		.loc 1 719 1
 1885 0e6e 0020     		movs	r0, #0
 1886 0e70 FFF7FEFF 		bl	SPI_WriteData
 720:Module/lcd_cfg.c **** SPI_WriteData(0x10);
 1887              		.loc 1 720 1
 1888 0e74 1020     		movs	r0, #16
 1889 0e76 FFF7FEFF 		bl	SPI_WriteData
 721:Module/lcd_cfg.c **** SPI_WriteData(0x00);
 1890              		.loc 1 721 1
 1891 0e7a 0020     		movs	r0, #0
 1892 0e7c FFF7FEFF 		bl	SPI_WriteData
 722:Module/lcd_cfg.c **** SPI_WriteData(0x00);
 1893              		.loc 1 722 1
 1894 0e80 0020     		movs	r0, #0
 1895 0e82 FFF7FEFF 		bl	SPI_WriteData
 723:Module/lcd_cfg.c **** SPI_WriteData(0x00);
 1896              		.loc 1 723 1
 1897 0e86 0020     		movs	r0, #0
 1898 0e88 FFF7FEFF 		bl	SPI_WriteData
 724:Module/lcd_cfg.c **** SPI_WriteData(0x00);
 1899              		.loc 1 724 1
ARM GAS  C:\Users\ADMINI~1\AppData\Local\Temp\ccavp8eo.s 			page 47


 1900 0e8c 0020     		movs	r0, #0
 1901 0e8e FFF7FEFF 		bl	SPI_WriteData
 725:Module/lcd_cfg.c **** SPI_WriteData(0x00);
 1902              		.loc 1 725 1
 1903 0e92 0020     		movs	r0, #0
 1904 0e94 FFF7FEFF 		bl	SPI_WriteData
 726:Module/lcd_cfg.c **** SPI_WriteData(0x00);
 1905              		.loc 1 726 1
 1906 0e98 0020     		movs	r0, #0
 1907 0e9a FFF7FEFF 		bl	SPI_WriteData
 727:Module/lcd_cfg.c **** SPI_WriteData(0x00);
 1908              		.loc 1 727 1
 1909 0e9e 0020     		movs	r0, #0
 1910 0ea0 FFF7FEFF 		bl	SPI_WriteData
 728:Module/lcd_cfg.c **** SPI_WriteData(0x00);
 1911              		.loc 1 728 1
 1912 0ea4 0020     		movs	r0, #0
 1913 0ea6 FFF7FEFF 		bl	SPI_WriteData
 729:Module/lcd_cfg.c **** SPI_WriteData(0x00);
 1914              		.loc 1 729 1
 1915 0eaa 0020     		movs	r0, #0
 1916 0eac FFF7FEFF 		bl	SPI_WriteData
 730:Module/lcd_cfg.c **** SPI_WriteData(0x00);
 1917              		.loc 1 730 1
 1918 0eb0 0020     		movs	r0, #0
 1919 0eb2 FFF7FEFF 		bl	SPI_WriteData
 731:Module/lcd_cfg.c **** SPI_WriteData(0x00);
 1920              		.loc 1 731 1
 1921 0eb6 0020     		movs	r0, #0
 1922 0eb8 FFF7FEFF 		bl	SPI_WriteData
 732:Module/lcd_cfg.c **** SPI_WriteData(0x00);
 1923              		.loc 1 732 1
 1924 0ebc 0020     		movs	r0, #0
 1925 0ebe FFF7FEFF 		bl	SPI_WriteData
 733:Module/lcd_cfg.c **** SPI_WriteData(0x00);
 1926              		.loc 1 733 1
 1927 0ec2 0020     		movs	r0, #0
 1928 0ec4 FFF7FEFF 		bl	SPI_WriteData
 734:Module/lcd_cfg.c **** SPI_WriteData(0x00);
 1929              		.loc 1 734 1
 1930 0ec8 0020     		movs	r0, #0
 1931 0eca FFF7FEFF 		bl	SPI_WriteData
 735:Module/lcd_cfg.c **** 
 736:Module/lcd_cfg.c **** SSD2828_WritePackageSize(17);
 1932              		.loc 1 736 1
 1933 0ece 1120     		movs	r0, #17
 1934 0ed0 FFF7FEFF 		bl	SSD2828_WritePackageSize
 737:Module/lcd_cfg.c **** SPI_WriteData(0xA0);
 1935              		.loc 1 737 1
 1936 0ed4 A020     		movs	r0, #160
 1937 0ed6 FFF7FEFF 		bl	SPI_WriteData
 738:Module/lcd_cfg.c **** SPI_WriteData(0x00);
 1938              		.loc 1 738 1
 1939 0eda 0020     		movs	r0, #0
 1940 0edc FFF7FEFF 		bl	SPI_WriteData
 739:Module/lcd_cfg.c **** SPI_WriteData(0x00);
 1941              		.loc 1 739 1
ARM GAS  C:\Users\ADMINI~1\AppData\Local\Temp\ccavp8eo.s 			page 48


 1942 0ee0 0020     		movs	r0, #0
 1943 0ee2 FFF7FEFF 		bl	SPI_WriteData
 740:Module/lcd_cfg.c **** SPI_WriteData(0x00);
 1944              		.loc 1 740 1
 1945 0ee6 0020     		movs	r0, #0
 1946 0ee8 FFF7FEFF 		bl	SPI_WriteData
 741:Module/lcd_cfg.c **** SPI_WriteData(0x00);
 1947              		.loc 1 741 1
 1948 0eec 0020     		movs	r0, #0
 1949 0eee FFF7FEFF 		bl	SPI_WriteData
 742:Module/lcd_cfg.c **** SPI_WriteData(0x00);
 1950              		.loc 1 742 1
 1951 0ef2 0020     		movs	r0, #0
 1952 0ef4 FFF7FEFF 		bl	SPI_WriteData
 743:Module/lcd_cfg.c **** SPI_WriteData(0x00);
 1953              		.loc 1 743 1
 1954 0ef8 0020     		movs	r0, #0
 1955 0efa FFF7FEFF 		bl	SPI_WriteData
 744:Module/lcd_cfg.c **** SPI_WriteData(0x2D);
 1956              		.loc 1 744 1
 1957 0efe 2D20     		movs	r0, #45
 1958 0f00 FFF7FEFF 		bl	SPI_WriteData
 745:Module/lcd_cfg.c **** SPI_WriteData(0x23);
 1959              		.loc 1 745 1
 1960 0f04 2320     		movs	r0, #35
 1961 0f06 FFF7FEFF 		bl	SPI_WriteData
 746:Module/lcd_cfg.c **** SPI_WriteData(0x05);
 1962              		.loc 1 746 1
 1963 0f0a 0520     		movs	r0, #5
 1964 0f0c FFF7FEFF 		bl	SPI_WriteData
 747:Module/lcd_cfg.c **** SPI_WriteData(0xFB);
 1965              		.loc 1 747 1
 1966 0f10 FB20     		movs	r0, #251
 1967 0f12 FFF7FEFF 		bl	SPI_WriteData
 748:Module/lcd_cfg.c **** SPI_WriteData(0x00);
 1968              		.loc 1 748 1
 1969 0f16 0020     		movs	r0, #0
 1970 0f18 FFF7FEFF 		bl	SPI_WriteData
 749:Module/lcd_cfg.c **** SPI_WriteData(0x2D);
 1971              		.loc 1 749 1
 1972 0f1c 2D20     		movs	r0, #45
 1973 0f1e FFF7FEFF 		bl	SPI_WriteData
 750:Module/lcd_cfg.c **** SPI_WriteData(0x23);
 1974              		.loc 1 750 1
 1975 0f22 2320     		movs	r0, #35
 1976 0f24 FFF7FEFF 		bl	SPI_WriteData
 751:Module/lcd_cfg.c **** SPI_WriteData(0x05);
 1977              		.loc 1 751 1
 1978 0f28 0520     		movs	r0, #5
 1979 0f2a FFF7FEFF 		bl	SPI_WriteData
 752:Module/lcd_cfg.c **** SPI_WriteData(0xFB);
 1980              		.loc 1 752 1
 1981 0f2e FB20     		movs	r0, #251
 1982 0f30 FFF7FEFF 		bl	SPI_WriteData
 753:Module/lcd_cfg.c **** SPI_WriteData(0x00);
 1983              		.loc 1 753 1
 1984 0f34 0020     		movs	r0, #0
ARM GAS  C:\Users\ADMINI~1\AppData\Local\Temp\ccavp8eo.s 			page 49


 1985 0f36 FFF7FEFF 		bl	SPI_WriteData
 754:Module/lcd_cfg.c **** 
 755:Module/lcd_cfg.c **** //Blank19
 756:Module/lcd_cfg.c **** SSD2828_WritePackageSize(3);
 1986              		.loc 1 756 1
 1987 0f3a 0320     		movs	r0, #3
 1988 0f3c FFF7FEFF 		bl	SSD2828_WritePackageSize
 757:Module/lcd_cfg.c **** SPI_WriteData(0x41);
 1989              		.loc 1 757 1
 1990 0f40 4120     		movs	r0, #65
 1991 0f42 FFF7FEFF 		bl	SPI_WriteData
 758:Module/lcd_cfg.c **** SPI_WriteData(0x5A);
 1992              		.loc 1 758 1
 1993 0f46 5A20     		movs	r0, #90
 1994 0f48 FFF7FEFF 		bl	SPI_WriteData
 759:Module/lcd_cfg.c **** SPI_WriteData(0x13);
 1995              		.loc 1 759 1
 1996 0f4c 1320     		movs	r0, #19
 1997 0f4e FFF7FEFF 		bl	SPI_WriteData
 760:Module/lcd_cfg.c **** 
 761:Module/lcd_cfg.c **** SSD2828_WritePackageSize(17);
 1998              		.loc 1 761 1
 1999 0f52 1120     		movs	r0, #17
 2000 0f54 FFF7FEFF 		bl	SSD2828_WritePackageSize
 762:Module/lcd_cfg.c **** SPI_WriteData(0x80);
 2001              		.loc 1 762 1
 2002 0f58 8020     		movs	r0, #128
 2003 0f5a FFF7FEFF 		bl	SPI_WriteData
 763:Module/lcd_cfg.c **** SPI_WriteData(0x00);
 2004              		.loc 1 763 1
 2005 0f5e 0020     		movs	r0, #0
 2006 0f60 FFF7FEFF 		bl	SPI_WriteData
 764:Module/lcd_cfg.c **** SPI_WriteData(0x08);
 2007              		.loc 1 764 1
 2008 0f64 0820     		movs	r0, #8
 2009 0f66 FFF7FEFF 		bl	SPI_WriteData
 765:Module/lcd_cfg.c **** SPI_WriteData(0x80);
 2010              		.loc 1 765 1
 2011 0f6a 8020     		movs	r0, #128
 2012 0f6c FFF7FEFF 		bl	SPI_WriteData
 766:Module/lcd_cfg.c **** SPI_WriteData(0x15);
 2013              		.loc 1 766 1
 2014 0f70 1520     		movs	r0, #21
 2015 0f72 FFF7FEFF 		bl	SPI_WriteData
 767:Module/lcd_cfg.c **** SPI_WriteData(0x00);
 2016              		.loc 1 767 1
 2017 0f76 0020     		movs	r0, #0
 2018 0f78 FFF7FEFF 		bl	SPI_WriteData
 768:Module/lcd_cfg.c **** SPI_WriteData(0x90);
 2019              		.loc 1 768 1
 2020 0f7c 9020     		movs	r0, #144
 2021 0f7e FFF7FEFF 		bl	SPI_WriteData
 769:Module/lcd_cfg.c **** SPI_WriteData(0x10);
 2022              		.loc 1 769 1
 2023 0f82 1020     		movs	r0, #16
 2024 0f84 FFF7FEFF 		bl	SPI_WriteData
 770:Module/lcd_cfg.c **** SPI_WriteData(0x18);
ARM GAS  C:\Users\ADMINI~1\AppData\Local\Temp\ccavp8eo.s 			page 50


 2025              		.loc 1 770 1
 2026 0f88 1820     		movs	r0, #24
 2027 0f8a FFF7FEFF 		bl	SPI_WriteData
 771:Module/lcd_cfg.c **** SPI_WriteData(0x3E);
 2028              		.loc 1 771 1
 2029 0f8e 3E20     		movs	r0, #62
 2030 0f90 FFF7FEFF 		bl	SPI_WriteData
 772:Module/lcd_cfg.c **** SPI_WriteData(0x10);
 2031              		.loc 1 772 1
 2032 0f94 1020     		movs	r0, #16
 2033 0f96 FFF7FEFF 		bl	SPI_WriteData
 773:Module/lcd_cfg.c **** SPI_WriteData(0x00);
 2034              		.loc 1 773 1
 2035 0f9a 0020     		movs	r0, #0
 2036 0f9c FFF7FEFF 		bl	SPI_WriteData
 774:Module/lcd_cfg.c **** SPI_WriteData(0xD6);
 2037              		.loc 1 774 1
 2038 0fa0 D620     		movs	r0, #214
 2039 0fa2 FFF7FEFF 		bl	SPI_WriteData
 775:Module/lcd_cfg.c **** SPI_WriteData(0x03);
 2040              		.loc 1 775 1
 2041 0fa6 0320     		movs	r0, #3
 2042 0fa8 FFF7FEFF 		bl	SPI_WriteData
 776:Module/lcd_cfg.c **** SPI_WriteData(0x04);
 2043              		.loc 1 776 1
 2044 0fac 0420     		movs	r0, #4
 2045 0fae FFF7FEFF 		bl	SPI_WriteData
 777:Module/lcd_cfg.c **** SPI_WriteData(0x18);
 2046              		.loc 1 777 1
 2047 0fb2 1820     		movs	r0, #24
 2048 0fb4 FFF7FEFF 		bl	SPI_WriteData
 778:Module/lcd_cfg.c **** SPI_WriteData(0x00);
 2049              		.loc 1 778 1
 2050 0fb8 0020     		movs	r0, #0
 2051 0fba FFF7FEFF 		bl	SPI_WriteData
 779:Module/lcd_cfg.c **** 
 780:Module/lcd_cfg.c **** SSD2828_WritePackageSize(17);
 2052              		.loc 1 780 1
 2053 0fbe 1120     		movs	r0, #17
 2054 0fc0 FFF7FEFF 		bl	SSD2828_WritePackageSize
 781:Module/lcd_cfg.c **** SPI_WriteData(0x90);
 2055              		.loc 1 781 1
 2056 0fc4 9020     		movs	r0, #144
 2057 0fc6 FFF7FEFF 		bl	SPI_WriteData
 782:Module/lcd_cfg.c **** SPI_WriteData(0x70);
 2058              		.loc 1 782 1
 2059 0fca 7020     		movs	r0, #112
 2060 0fcc FFF7FEFF 		bl	SPI_WriteData
 783:Module/lcd_cfg.c **** SPI_WriteData(0x88);
 2061              		.loc 1 783 1
 2062 0fd0 8820     		movs	r0, #136
 2063 0fd2 FFF7FEFF 		bl	SPI_WriteData
 784:Module/lcd_cfg.c **** SPI_WriteData(0x30);
 2064              		.loc 1 784 1
 2065 0fd6 3020     		movs	r0, #48
 2066 0fd8 FFF7FEFF 		bl	SPI_WriteData
 785:Module/lcd_cfg.c **** SPI_WriteData(0x90);
ARM GAS  C:\Users\ADMINI~1\AppData\Local\Temp\ccavp8eo.s 			page 51


 2067              		.loc 1 785 1
 2068 0fdc 9020     		movs	r0, #144
 2069 0fde FFF7FEFF 		bl	SPI_WriteData
 786:Module/lcd_cfg.c **** SPI_WriteData(0x32);
 2070              		.loc 1 786 1
 2071 0fe2 3220     		movs	r0, #50
 2072 0fe4 FFF7FEFF 		bl	SPI_WriteData
 787:Module/lcd_cfg.c **** SPI_WriteData(0x70);
 2073              		.loc 1 787 1
 2074 0fe8 7020     		movs	r0, #112
 2075 0fea FFF7FEFF 		bl	SPI_WriteData
 788:Module/lcd_cfg.c **** SPI_WriteData(0x3E);
 2076              		.loc 1 788 1
 2077 0fee 3E20     		movs	r0, #62
 2078 0ff0 FFF7FEFF 		bl	SPI_WriteData
 789:Module/lcd_cfg.c **** SPI_WriteData(0x97);
 2079              		.loc 1 789 1
 2080 0ff4 9720     		movs	r0, #151
 2081 0ff6 FFF7FEFF 		bl	SPI_WriteData
 790:Module/lcd_cfg.c **** SPI_WriteData(0x8B);
 2082              		.loc 1 790 1
 2083 0ffa 8B20     		movs	r0, #139
 2084 0ffc FFF7FEFF 		bl	SPI_WriteData
 791:Module/lcd_cfg.c **** SPI_WriteData(0x39);
 2085              		.loc 1 791 1
 2086 1000 3920     		movs	r0, #57
 2087 1002 FFF7FEFF 		bl	SPI_WriteData
 792:Module/lcd_cfg.c **** SPI_WriteData(0x30);
 2088              		.loc 1 792 1
 2089 1006 3020     		movs	r0, #48
 2090 1008 FFF7FEFF 		bl	SPI_WriteData
 793:Module/lcd_cfg.c **** SPI_WriteData(0xC4);
 2091              		.loc 1 793 1
 2092 100c C420     		movs	r0, #196
 2093 100e FFF7FEFF 		bl	SPI_WriteData
 794:Module/lcd_cfg.c **** SPI_WriteData(0x0E);
 2094              		.loc 1 794 1
 2095 1012 0E20     		movs	r0, #14
 2096 1014 FFF7FEFF 		bl	SPI_WriteData
 795:Module/lcd_cfg.c **** SPI_WriteData(0x00);
 2097              		.loc 1 795 1
 2098 1018 0020     		movs	r0, #0
 2099 101a FFF7FEFF 		bl	SPI_WriteData
 796:Module/lcd_cfg.c **** SPI_WriteData(0x00);
 2100              		.loc 1 796 1
 2101 101e 0020     		movs	r0, #0
 2102 1020 FFF7FEFF 		bl	SPI_WriteData
 797:Module/lcd_cfg.c **** SPI_WriteData(0x00);
 2103              		.loc 1 797 1
 2104 1024 0020     		movs	r0, #0
 2105 1026 FFF7FEFF 		bl	SPI_WriteData
 798:Module/lcd_cfg.c **** 
 799:Module/lcd_cfg.c **** SSD2828_WritePackageSize(16);
 2106              		.loc 1 799 1
 2107 102a 1020     		movs	r0, #16
 2108 102c FFF7FEFF 		bl	SSD2828_WritePackageSize
 800:Module/lcd_cfg.c **** SPI_WriteData(0xA0);
ARM GAS  C:\Users\ADMINI~1\AppData\Local\Temp\ccavp8eo.s 			page 52


 2109              		.loc 1 800 1
 2110 1030 A020     		movs	r0, #160
 2111 1032 FFF7FEFF 		bl	SPI_WriteData
 801:Module/lcd_cfg.c **** SPI_WriteData(0x00);
 2112              		.loc 1 801 1
 2113 1036 0020     		movs	r0, #0
 2114 1038 FFF7FEFF 		bl	SPI_WriteData
 802:Module/lcd_cfg.c **** SPI_WriteData(0x40);
 2115              		.loc 1 802 1
 2116 103c 4020     		movs	r0, #64
 2117 103e FFF7FEFF 		bl	SPI_WriteData
 803:Module/lcd_cfg.c **** SPI_WriteData(0x45);
 2118              		.loc 1 803 1
 2119 1042 4520     		movs	r0, #69
 2120 1044 FFF7FEFF 		bl	SPI_WriteData
 804:Module/lcd_cfg.c **** SPI_WriteData(0x80);
 2121              		.loc 1 804 1
 2122 1048 8020     		movs	r0, #128
 2123 104a FFF7FEFF 		bl	SPI_WriteData
 805:Module/lcd_cfg.c **** SPI_WriteData(0x0A);
 2124              		.loc 1 805 1
 2125 104e 0A20     		movs	r0, #10
 2126 1050 FFF7FEFF 		bl	SPI_WriteData
 806:Module/lcd_cfg.c **** SPI_WriteData(0xC4);
 2127              		.loc 1 806 1
 2128 1054 C420     		movs	r0, #196
 2129 1056 FFF7FEFF 		bl	SPI_WriteData
 807:Module/lcd_cfg.c **** SPI_WriteData(0x09);
 2130              		.loc 1 807 1
 2131 105a 0920     		movs	r0, #9
 2132 105c FFF7FEFF 		bl	SPI_WriteData
 808:Module/lcd_cfg.c **** SPI_WriteData(0xC4);
 2133              		.loc 1 808 1
 2134 1060 C420     		movs	r0, #196
 2135 1062 FFF7FEFF 		bl	SPI_WriteData
 809:Module/lcd_cfg.c **** SPI_WriteData(0x09);
 2136              		.loc 1 809 1
 2137 1066 0920     		movs	r0, #9
 2138 1068 FFF7FEFF 		bl	SPI_WriteData
 810:Module/lcd_cfg.c **** SPI_WriteData(0x80);
 2139              		.loc 1 810 1
 2140 106c 8020     		movs	r0, #128
 2141 106e FFF7FEFF 		bl	SPI_WriteData
 811:Module/lcd_cfg.c **** SPI_WriteData(0x02);
 2142              		.loc 1 811 1
 2143 1072 0220     		movs	r0, #2
 2144 1074 FFF7FEFF 		bl	SPI_WriteData
 812:Module/lcd_cfg.c **** SPI_WriteData(0x00);
 2145              		.loc 1 812 1
 2146 1078 0020     		movs	r0, #0
 2147 107a FFF7FEFF 		bl	SPI_WriteData
 813:Module/lcd_cfg.c **** SPI_WriteData(0x00);
 2148              		.loc 1 813 1
 2149 107e 0020     		movs	r0, #0
 2150 1080 FFF7FEFF 		bl	SPI_WriteData
 814:Module/lcd_cfg.c **** SPI_WriteData(0x00);
 2151              		.loc 1 814 1
ARM GAS  C:\Users\ADMINI~1\AppData\Local\Temp\ccavp8eo.s 			page 53


 2152 1084 0020     		movs	r0, #0
 2153 1086 FFF7FEFF 		bl	SPI_WriteData
 815:Module/lcd_cfg.c **** SPI_WriteData(0x00);
 2154              		.loc 1 815 1
 2155 108a 0020     		movs	r0, #0
 2156 108c FFF7FEFF 		bl	SPI_WriteData
 816:Module/lcd_cfg.c **** 
 817:Module/lcd_cfg.c **** SSD2828_WritePackageSize(17);
 2157              		.loc 1 817 1
 2158 1090 1120     		movs	r0, #17
 2159 1092 FFF7FEFF 		bl	SSD2828_WritePackageSize
 818:Module/lcd_cfg.c **** SPI_WriteData(0xB0);
 2160              		.loc 1 818 1
 2161 1096 B020     		movs	r0, #176
 2162 1098 FFF7FEFF 		bl	SPI_WriteData
 819:Module/lcd_cfg.c **** SPI_WriteData(0x00);
 2163              		.loc 1 819 1
 2164 109c 0020     		movs	r0, #0
 2165 109e FFF7FEFF 		bl	SPI_WriteData
 820:Module/lcd_cfg.c **** SPI_WriteData(0x00);
 2166              		.loc 1 820 1
 2167 10a2 0020     		movs	r0, #0
 2168 10a4 FFF7FEFF 		bl	SPI_WriteData
 821:Module/lcd_cfg.c **** SPI_WriteData(0x00);
 2169              		.loc 1 821 1
 2170 10a8 0020     		movs	r0, #0
 2171 10aa FFF7FEFF 		bl	SPI_WriteData
 822:Module/lcd_cfg.c **** SPI_WriteData(0x00);
 2172              		.loc 1 822 1
 2173 10ae 0020     		movs	r0, #0
 2174 10b0 FFF7FEFF 		bl	SPI_WriteData
 823:Module/lcd_cfg.c **** SPI_WriteData(0x00);
 2175              		.loc 1 823 1
 2176 10b4 0020     		movs	r0, #0
 2177 10b6 FFF7FEFF 		bl	SPI_WriteData
 824:Module/lcd_cfg.c **** SPI_WriteData(0x00);
 2178              		.loc 1 824 1
 2179 10ba 0020     		movs	r0, #0
 2180 10bc FFF7FEFF 		bl	SPI_WriteData
 825:Module/lcd_cfg.c **** SPI_WriteData(0xDB);
 2181              		.loc 1 825 1
 2182 10c0 DB20     		movs	r0, #219
 2183 10c2 FFF7FEFF 		bl	SPI_WriteData
 826:Module/lcd_cfg.c **** SPI_WriteData(0x01);
 2184              		.loc 1 826 1
 2185 10c6 0120     		movs	r0, #1
 2186 10c8 FFF7FEFF 		bl	SPI_WriteData
 827:Module/lcd_cfg.c **** SPI_WriteData(0x31);
 2187              		.loc 1 827 1
 2188 10cc 3120     		movs	r0, #49
 2189 10ce FFF7FEFF 		bl	SPI_WriteData
 828:Module/lcd_cfg.c **** SPI_WriteData(0x75);
 2190              		.loc 1 828 1
 2191 10d2 7520     		movs	r0, #117
 2192 10d4 FFF7FEFF 		bl	SPI_WriteData
 829:Module/lcd_cfg.c **** SPI_WriteData(0xB9);
 2193              		.loc 1 829 1
ARM GAS  C:\Users\ADMINI~1\AppData\Local\Temp\ccavp8eo.s 			page 54


 2194 10d8 B920     		movs	r0, #185
 2195 10da FFF7FEFF 		bl	SPI_WriteData
 830:Module/lcd_cfg.c **** SPI_WriteData(0x42);
 2196              		.loc 1 830 1
 2197 10de 4220     		movs	r0, #66
 2198 10e0 FFF7FEFF 		bl	SPI_WriteData
 831:Module/lcd_cfg.c **** SPI_WriteData(0x86);
 2199              		.loc 1 831 1
 2200 10e4 8620     		movs	r0, #134
 2201 10e6 FFF7FEFF 		bl	SPI_WriteData
 832:Module/lcd_cfg.c **** SPI_WriteData(0xCA);
 2202              		.loc 1 832 1
 2203 10ea CA20     		movs	r0, #202
 2204 10ec FFF7FEFF 		bl	SPI_WriteData
 833:Module/lcd_cfg.c **** SPI_WriteData(0x31);
 2205              		.loc 1 833 1
 2206 10f0 3120     		movs	r0, #49
 2207 10f2 FFF7FEFF 		bl	SPI_WriteData
 834:Module/lcd_cfg.c **** SPI_WriteData(0x75);
 2208              		.loc 1 834 1
 2209 10f6 7520     		movs	r0, #117
 2210 10f8 FFF7FEFF 		bl	SPI_WriteData
 835:Module/lcd_cfg.c **** 
 836:Module/lcd_cfg.c **** SSD2828_WritePackageSize(17);
 2211              		.loc 1 836 1
 2212 10fc 1120     		movs	r0, #17
 2213 10fe FFF7FEFF 		bl	SSD2828_WritePackageSize
 837:Module/lcd_cfg.c **** SPI_WriteData(0xC0);
 2214              		.loc 1 837 1
 2215 1102 C020     		movs	r0, #192
 2216 1104 FFF7FEFF 		bl	SPI_WriteData
 838:Module/lcd_cfg.c **** SPI_WriteData(0xB9);
 2217              		.loc 1 838 1
 2218 1108 B920     		movs	r0, #185
 2219 110a FFF7FEFF 		bl	SPI_WriteData
 839:Module/lcd_cfg.c **** SPI_WriteData(0x42);
 2220              		.loc 1 839 1
 2221 110e 4220     		movs	r0, #66
 2222 1110 FFF7FEFF 		bl	SPI_WriteData
 840:Module/lcd_cfg.c **** SPI_WriteData(0x86);
 2223              		.loc 1 840 1
 2224 1114 8620     		movs	r0, #134
 2225 1116 FFF7FEFF 		bl	SPI_WriteData
 841:Module/lcd_cfg.c **** SPI_WriteData(0xCA);
 2226              		.loc 1 841 1
 2227 111a CA20     		movs	r0, #202
 2228 111c FFF7FEFF 		bl	SPI_WriteData
 842:Module/lcd_cfg.c **** SPI_WriteData(0x00);
 2229              		.loc 1 842 1
 2230 1120 0020     		movs	r0, #0
 2231 1122 FFF7FEFF 		bl	SPI_WriteData
 843:Module/lcd_cfg.c **** SPI_WriteData(0x00);
 2232              		.loc 1 843 1
 2233 1126 0020     		movs	r0, #0
 2234 1128 FFF7FEFF 		bl	SPI_WriteData
 844:Module/lcd_cfg.c **** SPI_WriteData(0x00);
 2235              		.loc 1 844 1
ARM GAS  C:\Users\ADMINI~1\AppData\Local\Temp\ccavp8eo.s 			page 55


 2236 112c 0020     		movs	r0, #0
 2237 112e FFF7FEFF 		bl	SPI_WriteData
 845:Module/lcd_cfg.c **** SPI_WriteData(0x00);
 2238              		.loc 1 845 1
 2239 1132 0020     		movs	r0, #0
 2240 1134 FFF7FEFF 		bl	SPI_WriteData
 846:Module/lcd_cfg.c **** SPI_WriteData(0x0C);
 2241              		.loc 1 846 1
 2242 1138 0C20     		movs	r0, #12
 2243 113a FFF7FEFF 		bl	SPI_WriteData
 847:Module/lcd_cfg.c **** SPI_WriteData(0x60);
 2244              		.loc 1 847 1
 2245 113e 6020     		movs	r0, #96
 2246 1140 FFF7FEFF 		bl	SPI_WriteData
 848:Module/lcd_cfg.c **** SPI_WriteData(0x00);
 2247              		.loc 1 848 1
 2248 1144 0020     		movs	r0, #0
 2249 1146 FFF7FEFF 		bl	SPI_WriteData
 849:Module/lcd_cfg.c **** SPI_WriteData(0x24);
 2250              		.loc 1 849 1
 2251 114a 2420     		movs	r0, #36
 2252 114c FFF7FEFF 		bl	SPI_WriteData
 850:Module/lcd_cfg.c **** SPI_WriteData(0x18);
 2253              		.loc 1 850 1
 2254 1150 1820     		movs	r0, #24
 2255 1152 FFF7FEFF 		bl	SPI_WriteData
 851:Module/lcd_cfg.c **** SPI_WriteData(0x00);
 2256              		.loc 1 851 1
 2257 1156 0020     		movs	r0, #0
 2258 1158 FFF7FEFF 		bl	SPI_WriteData
 852:Module/lcd_cfg.c **** SPI_WriteData(0x09);
 2259              		.loc 1 852 1
 2260 115c 0920     		movs	r0, #9
 2261 115e FFF7FEFF 		bl	SPI_WriteData
 853:Module/lcd_cfg.c **** SPI_WriteData(0x06);
 2262              		.loc 1 853 1
 2263 1162 0620     		movs	r0, #6
 2264 1164 FFF7FEFF 		bl	SPI_WriteData
 854:Module/lcd_cfg.c **** 
 855:Module/lcd_cfg.c **** }
 2265              		.loc 1 855 1
 2266 1168 00BF     		nop
 2267 116a 80BD     		pop	{r7, pc}
 2268              		.cfi_endproc
 2269              	.LFE119:
 2271              		.section	.text.fun2,"ax",%progbits
 2272              		.align	1
 2273              		.global	fun2
 2274              		.syntax unified
 2275              		.thumb
 2276              		.thumb_func
 2278              	fun2:
 2279              	.LFB120:
 856:Module/lcd_cfg.c **** void fun2(void)
 857:Module/lcd_cfg.c **** {
 2280              		.loc 1 857 1
 2281              		.cfi_startproc
ARM GAS  C:\Users\ADMINI~1\AppData\Local\Temp\ccavp8eo.s 			page 56


 2282              		@ args = 0, pretend = 0, frame = 0
 2283              		@ frame_needed = 1, uses_anonymous_args = 0
 2284 0000 80B5     		push	{r7, lr}
 2285              	.LCFI2:
 2286              		.cfi_def_cfa_offset 8
 2287              		.cfi_offset 7, -8
 2288              		.cfi_offset 14, -4
 2289 0002 00AF     		add	r7, sp, #0
 2290              	.LCFI3:
 2291              		.cfi_def_cfa_register 7
 858:Module/lcd_cfg.c **** SSD2828_WritePackageSize(17);
 2292              		.loc 1 858 1
 2293 0004 1120     		movs	r0, #17
 2294 0006 FFF7FEFF 		bl	SSD2828_WritePackageSize
 859:Module/lcd_cfg.c **** SPI_WriteData(0xD0);
 2295              		.loc 1 859 1
 2296 000a D020     		movs	r0, #208
 2297 000c FFF7FEFF 		bl	SPI_WriteData
 860:Module/lcd_cfg.c **** SPI_WriteData(0x40);
 2298              		.loc 1 860 1
 2299 0010 4020     		movs	r0, #64
 2300 0012 FFF7FEFF 		bl	SPI_WriteData
 861:Module/lcd_cfg.c **** SPI_WriteData(0x82);
 2301              		.loc 1 861 1
 2302 0016 8220     		movs	r0, #130
 2303 0018 FFF7FEFF 		bl	SPI_WriteData
 862:Module/lcd_cfg.c **** SPI_WriteData(0x01);
 2304              		.loc 1 862 1
 2305 001c 0120     		movs	r0, #1
 2306 001e FFF7FEFF 		bl	SPI_WriteData
 863:Module/lcd_cfg.c **** SPI_WriteData(0x90);
 2307              		.loc 1 863 1
 2308 0022 9020     		movs	r0, #144
 2309 0024 FFF7FEFF 		bl	SPI_WriteData
 864:Module/lcd_cfg.c **** SPI_WriteData(0x60);
 2310              		.loc 1 864 1
 2311 0028 6020     		movs	r0, #96
 2312 002a FFF7FEFF 		bl	SPI_WriteData
 865:Module/lcd_cfg.c **** SPI_WriteData(0x00);
 2313              		.loc 1 865 1
 2314 002e 0020     		movs	r0, #0
 2315 0030 FFF7FEFF 		bl	SPI_WriteData
 866:Module/lcd_cfg.c **** SPI_WriteData(0x24);
 2316              		.loc 1 866 1
 2317 0034 2420     		movs	r0, #36
 2318 0036 FFF7FEFF 		bl	SPI_WriteData
 867:Module/lcd_cfg.c **** SPI_WriteData(0xD0);
 2319              		.loc 1 867 1
 2320 003a D020     		movs	r0, #208
 2321 003c FFF7FEFF 		bl	SPI_WriteData
 868:Module/lcd_cfg.c **** SPI_WriteData(0x01);
 2322              		.loc 1 868 1
 2323 0040 0120     		movs	r0, #1
 2324 0042 FFF7FEFF 		bl	SPI_WriteData
 869:Module/lcd_cfg.c **** SPI_WriteData(0x09);
 2325              		.loc 1 869 1
 2326 0046 0920     		movs	r0, #9
ARM GAS  C:\Users\ADMINI~1\AppData\Local\Temp\ccavp8eo.s 			page 57


 2327 0048 FFF7FEFF 		bl	SPI_WriteData
 870:Module/lcd_cfg.c **** SPI_WriteData(0x74);
 2328              		.loc 1 870 1
 2329 004c 7420     		movs	r0, #116
 2330 004e FFF7FEFF 		bl	SPI_WriteData
 871:Module/lcd_cfg.c **** SPI_WriteData(0x40);
 2331              		.loc 1 871 1
 2332 0052 4020     		movs	r0, #64
 2333 0054 FFF7FEFF 		bl	SPI_WriteData
 872:Module/lcd_cfg.c **** SPI_WriteData(0x02);
 2334              		.loc 1 872 1
 2335 0058 0220     		movs	r0, #2
 2336 005a FFF7FEFF 		bl	SPI_WriteData
 873:Module/lcd_cfg.c **** SPI_WriteData(0x1D);
 2337              		.loc 1 873 1
 2338 005e 1D20     		movs	r0, #29
 2339 0060 FFF7FEFF 		bl	SPI_WriteData
 874:Module/lcd_cfg.c **** SPI_WriteData(0x90);
 2340              		.loc 1 874 1
 2341 0064 9020     		movs	r0, #144
 2342 0066 FFF7FEFF 		bl	SPI_WriteData
 875:Module/lcd_cfg.c **** SPI_WriteData(0x40);
 2343              		.loc 1 875 1
 2344 006a 4020     		movs	r0, #64
 2345 006c FFF7FEFF 		bl	SPI_WriteData
 876:Module/lcd_cfg.c **** 
 877:Module/lcd_cfg.c **** SSD2828_WritePackageSize(17);
 2346              		.loc 1 877 1
 2347 0070 1120     		movs	r0, #17
 2348 0072 FFF7FEFF 		bl	SSD2828_WritePackageSize
 878:Module/lcd_cfg.c **** SPI_WriteData(0xE0);
 2349              		.loc 1 878 1
 2350 0076 E020     		movs	r0, #224
 2351 0078 FFF7FEFF 		bl	SPI_WriteData
 879:Module/lcd_cfg.c **** SPI_WriteData(0x07);
 2352              		.loc 1 879 1
 2353 007c 0720     		movs	r0, #7
 2354 007e FFF7FEFF 		bl	SPI_WriteData
 880:Module/lcd_cfg.c **** SPI_WriteData(0x24);
 2355              		.loc 1 880 1
 2356 0082 2420     		movs	r0, #36
 2357 0084 FFF7FEFF 		bl	SPI_WriteData
 881:Module/lcd_cfg.c **** SPI_WriteData(0xD0);
 2358              		.loc 1 881 1
 2359 0088 D020     		movs	r0, #208
 2360 008a FFF7FEFF 		bl	SPI_WriteData
 882:Module/lcd_cfg.c **** SPI_WriteData(0x01);
 2361              		.loc 1 882 1
 2362 008e 0120     		movs	r0, #1
 2363 0090 FFF7FEFF 		bl	SPI_WriteData
 883:Module/lcd_cfg.c **** SPI_WriteData(0x09);
 2364              		.loc 1 883 1
 2365 0094 0920     		movs	r0, #9
 2366 0096 FFF7FEFF 		bl	SPI_WriteData
 884:Module/lcd_cfg.c **** SPI_WriteData(0x1E);
 2367              		.loc 1 884 1
 2368 009a 1E20     		movs	r0, #30
ARM GAS  C:\Users\ADMINI~1\AppData\Local\Temp\ccavp8eo.s 			page 58


 2369 009c FFF7FEFF 		bl	SPI_WriteData
 885:Module/lcd_cfg.c **** SPI_WriteData(0x46);
 2370              		.loc 1 885 1
 2371 00a0 4620     		movs	r0, #70
 2372 00a2 FFF7FEFF 		bl	SPI_WriteData
 886:Module/lcd_cfg.c **** SPI_WriteData(0x1E);
 2373              		.loc 1 886 1
 2374 00a6 1E20     		movs	r0, #30
 2375 00a8 FFF7FEFF 		bl	SPI_WriteData
 887:Module/lcd_cfg.c **** SPI_WriteData(0x46);
 2376              		.loc 1 887 1
 2377 00ac 4620     		movs	r0, #70
 2378 00ae FFF7FEFF 		bl	SPI_WriteData
 888:Module/lcd_cfg.c **** SPI_WriteData(0x00);
 2379              		.loc 1 888 1
 2380 00b2 0020     		movs	r0, #0
 2381 00b4 FFF7FEFF 		bl	SPI_WriteData
 889:Module/lcd_cfg.c **** SPI_WriteData(0x00);
 2382              		.loc 1 889 1
 2383 00b8 0020     		movs	r0, #0
 2384 00ba FFF7FEFF 		bl	SPI_WriteData
 890:Module/lcd_cfg.c **** SPI_WriteData(0x20);
 2385              		.loc 1 890 1
 2386 00be 2020     		movs	r0, #32
 2387 00c0 FFF7FEFF 		bl	SPI_WriteData
 891:Module/lcd_cfg.c **** SPI_WriteData(0xC5);
 2388              		.loc 1 891 1
 2389 00c4 C520     		movs	r0, #197
 2390 00c6 FFF7FEFF 		bl	SPI_WriteData
 892:Module/lcd_cfg.c **** SPI_WriteData(0x0F);
 2391              		.loc 1 892 1
 2392 00ca 0F20     		movs	r0, #15
 2393 00cc FFF7FEFF 		bl	SPI_WriteData
 893:Module/lcd_cfg.c **** SPI_WriteData(0x00);
 2394              		.loc 1 893 1
 2395 00d0 0020     		movs	r0, #0
 2396 00d2 FFF7FEFF 		bl	SPI_WriteData
 894:Module/lcd_cfg.c **** SPI_WriteData(0xC0);
 2397              		.loc 1 894 1
 2398 00d6 C020     		movs	r0, #192
 2399 00d8 FFF7FEFF 		bl	SPI_WriteData
 895:Module/lcd_cfg.c **** 
 896:Module/lcd_cfg.c **** SSD2828_WritePackageSize(13);
 2400              		.loc 1 896 1
 2401 00dc 0D20     		movs	r0, #13
 2402 00de FFF7FEFF 		bl	SSD2828_WritePackageSize
 897:Module/lcd_cfg.c **** SPI_WriteData(0xF0);
 2403              		.loc 1 897 1
 2404 00e2 F020     		movs	r0, #240
 2405 00e4 FFF7FEFF 		bl	SPI_WriteData
 898:Module/lcd_cfg.c **** SPI_WriteData(0x10);
 2406              		.loc 1 898 1
 2407 00e8 1020     		movs	r0, #16
 2408 00ea FFF7FEFF 		bl	SPI_WriteData
 899:Module/lcd_cfg.c **** SPI_WriteData(0x40);
 2409              		.loc 1 899 1
 2410 00ee 4020     		movs	r0, #64
ARM GAS  C:\Users\ADMINI~1\AppData\Local\Temp\ccavp8eo.s 			page 59


 2411 00f0 FFF7FEFF 		bl	SPI_WriteData
 900:Module/lcd_cfg.c **** SPI_WriteData(0x26);
 2412              		.loc 1 900 1
 2413 00f4 2620     		movs	r0, #38
 2414 00f6 FFF7FEFF 		bl	SPI_WriteData
 901:Module/lcd_cfg.c **** SPI_WriteData(0x4E);
 2415              		.loc 1 901 1
 2416 00fa 4E20     		movs	r0, #78
 2417 00fc FFF7FEFF 		bl	SPI_WriteData
 902:Module/lcd_cfg.c **** SPI_WriteData(0x46);
 2418              		.loc 1 902 1
 2419 0100 4620     		movs	r0, #70
 2420 0102 FFF7FEFF 		bl	SPI_WriteData
 903:Module/lcd_cfg.c **** SPI_WriteData(0x02);
 2421              		.loc 1 903 1
 2422 0106 0220     		movs	r0, #2
 2423 0108 FFF7FEFF 		bl	SPI_WriteData
 904:Module/lcd_cfg.c **** SPI_WriteData(0xC8);
 2424              		.loc 1 904 1
 2425 010c C820     		movs	r0, #200
 2426 010e FFF7FEFF 		bl	SPI_WriteData
 905:Module/lcd_cfg.c **** SPI_WriteData(0x20);
 2427              		.loc 1 905 1
 2428 0112 2020     		movs	r0, #32
 2429 0114 FFF7FEFF 		bl	SPI_WriteData
 906:Module/lcd_cfg.c **** SPI_WriteData(0x80);
 2430              		.loc 1 906 1
 2431 0118 8020     		movs	r0, #128
 2432 011a FFF7FEFF 		bl	SPI_WriteData
 907:Module/lcd_cfg.c **** SPI_WriteData(0x0C);
 2433              		.loc 1 907 1
 2434 011e 0C20     		movs	r0, #12
 2435 0120 FFF7FEFF 		bl	SPI_WriteData
 908:Module/lcd_cfg.c **** SPI_WriteData(0x00);
 2436              		.loc 1 908 1
 2437 0124 0020     		movs	r0, #0
 2438 0126 FFF7FEFF 		bl	SPI_WriteData
 909:Module/lcd_cfg.c **** SPI_WriteData(0x00);
 2439              		.loc 1 909 1
 2440 012a 0020     		movs	r0, #0
 2441 012c FFF7FEFF 		bl	SPI_WriteData
 910:Module/lcd_cfg.c **** 
 911:Module/lcd_cfg.c **** //Blank20
 912:Module/lcd_cfg.c **** SSD2828_WritePackageSize(3);
 2442              		.loc 1 912 1
 2443 0130 0320     		movs	r0, #3
 2444 0132 FFF7FEFF 		bl	SSD2828_WritePackageSize
 913:Module/lcd_cfg.c **** SPI_WriteData(0x41);
 2445              		.loc 1 913 1
 2446 0136 4120     		movs	r0, #65
 2447 0138 FFF7FEFF 		bl	SPI_WriteData
 914:Module/lcd_cfg.c **** SPI_WriteData(0x5A);
 2448              		.loc 1 914 1
 2449 013c 5A20     		movs	r0, #90
 2450 013e FFF7FEFF 		bl	SPI_WriteData
 915:Module/lcd_cfg.c **** SPI_WriteData(0x14);
 2451              		.loc 1 915 1
ARM GAS  C:\Users\ADMINI~1\AppData\Local\Temp\ccavp8eo.s 			page 60


 2452 0142 1420     		movs	r0, #20
 2453 0144 FFF7FEFF 		bl	SPI_WriteData
 916:Module/lcd_cfg.c **** 
 917:Module/lcd_cfg.c **** SSD2828_WritePackageSize(17);
 2454              		.loc 1 917 1
 2455 0148 1120     		movs	r0, #17
 2456 014a FFF7FEFF 		bl	SSD2828_WritePackageSize
 918:Module/lcd_cfg.c **** SPI_WriteData(0x80);
 2457              		.loc 1 918 1
 2458 014e 8020     		movs	r0, #128
 2459 0150 FFF7FEFF 		bl	SPI_WriteData
 919:Module/lcd_cfg.c **** SPI_WriteData(0x01);
 2460              		.loc 1 919 1
 2461 0154 0120     		movs	r0, #1
 2462 0156 FFF7FEFF 		bl	SPI_WriteData
 920:Module/lcd_cfg.c **** SPI_WriteData(0x02);
 2463              		.loc 1 920 1
 2464 015a 0220     		movs	r0, #2
 2465 015c FFF7FEFF 		bl	SPI_WriteData
 921:Module/lcd_cfg.c **** SPI_WriteData(0x40);
 2466              		.loc 1 921 1
 2467 0160 4020     		movs	r0, #64
 2468 0162 FFF7FEFF 		bl	SPI_WriteData
 922:Module/lcd_cfg.c **** SPI_WriteData(0x2C);
 2469              		.loc 1 922 1
 2470 0166 2C20     		movs	r0, #44
 2471 0168 FFF7FEFF 		bl	SPI_WriteData
 923:Module/lcd_cfg.c **** SPI_WriteData(0x99);
 2472              		.loc 1 923 1
 2473 016c 9920     		movs	r0, #153
 2474 016e FFF7FEFF 		bl	SPI_WriteData
 924:Module/lcd_cfg.c **** SPI_WriteData(0xDF);
 2475              		.loc 1 924 1
 2476 0172 DF20     		movs	r0, #223
 2477 0174 FFF7FEFF 		bl	SPI_WriteData
 925:Module/lcd_cfg.c **** SPI_WriteData(0xEF);
 2478              		.loc 1 925 1
 2479 0178 EF20     		movs	r0, #239
 2480 017a FFF7FEFF 		bl	SPI_WriteData
 926:Module/lcd_cfg.c **** SPI_WriteData(0xF7);
 2481              		.loc 1 926 1
 2482 017e F720     		movs	r0, #247
 2483 0180 FFF7FEFF 		bl	SPI_WriteData
 927:Module/lcd_cfg.c **** SPI_WriteData(0xD3);
 2484              		.loc 1 927 1
 2485 0184 D320     		movs	r0, #211
 2486 0186 FFF7FEFF 		bl	SPI_WriteData
 928:Module/lcd_cfg.c **** SPI_WriteData(0x1A);
 2487              		.loc 1 928 1
 2488 018a 1A20     		movs	r0, #26
 2489 018c FFF7FEFF 		bl	SPI_WriteData
 929:Module/lcd_cfg.c **** SPI_WriteData(0x03);
 2490              		.loc 1 929 1
 2491 0190 0320     		movs	r0, #3
 2492 0192 FFF7FEFF 		bl	SPI_WriteData
 930:Module/lcd_cfg.c **** SPI_WriteData(0x00);
 2493              		.loc 1 930 1
ARM GAS  C:\Users\ADMINI~1\AppData\Local\Temp\ccavp8eo.s 			page 61


 2494 0196 0020     		movs	r0, #0
 2495 0198 FFF7FEFF 		bl	SPI_WriteData
 931:Module/lcd_cfg.c **** SPI_WriteData(0x80);
 2496              		.loc 1 931 1
 2497 019c 8020     		movs	r0, #128
 2498 019e FFF7FEFF 		bl	SPI_WriteData
 932:Module/lcd_cfg.c **** SPI_WriteData(0x3B);
 2499              		.loc 1 932 1
 2500 01a2 3B20     		movs	r0, #59
 2501 01a4 FFF7FEFF 		bl	SPI_WriteData
 933:Module/lcd_cfg.c **** SPI_WriteData(0x84);
 2502              		.loc 1 933 1
 2503 01a8 8420     		movs	r0, #132
 2504 01aa FFF7FEFF 		bl	SPI_WriteData
 934:Module/lcd_cfg.c **** SPI_WriteData(0x98);
 2505              		.loc 1 934 1
 2506 01ae 9820     		movs	r0, #152
 2507 01b0 FFF7FEFF 		bl	SPI_WriteData
 935:Module/lcd_cfg.c **** 
 936:Module/lcd_cfg.c **** SSD2828_WritePackageSize(17);
 2508              		.loc 1 936 1
 2509 01b4 1120     		movs	r0, #17
 2510 01b6 FFF7FEFF 		bl	SSD2828_WritePackageSize
 937:Module/lcd_cfg.c **** SPI_WriteData(0x90);
 2511              		.loc 1 937 1
 2512 01ba 9020     		movs	r0, #144
 2513 01bc FFF7FEFF 		bl	SPI_WriteData
 938:Module/lcd_cfg.c **** SPI_WriteData(0xA0);
 2514              		.loc 1 938 1
 2515 01c0 A020     		movs	r0, #160
 2516 01c2 FFF7FEFF 		bl	SPI_WriteData
 939:Module/lcd_cfg.c **** SPI_WriteData(0xD5);
 2517              		.loc 1 939 1
 2518 01c6 D520     		movs	r0, #213
 2519 01c8 FFF7FEFF 		bl	SPI_WriteData
 940:Module/lcd_cfg.c **** SPI_WriteData(0x1A);
 2520              		.loc 1 940 1
 2521 01cc 1A20     		movs	r0, #26
 2522 01ce FFF7FEFF 		bl	SPI_WriteData
 941:Module/lcd_cfg.c **** SPI_WriteData(0x10);
 2523              		.loc 1 941 1
 2524 01d2 1020     		movs	r0, #16
 2525 01d4 FFF7FEFF 		bl	SPI_WriteData
 942:Module/lcd_cfg.c **** SPI_WriteData(0x0F);
 2526              		.loc 1 942 1
 2527 01d8 0F20     		movs	r0, #15
 2528 01da FFF7FEFF 		bl	SPI_WriteData
 943:Module/lcd_cfg.c **** SPI_WriteData(0xB4);
 2529              		.loc 1 943 1
 2530 01de B420     		movs	r0, #180
 2531 01e0 FFF7FEFF 		bl	SPI_WriteData
 944:Module/lcd_cfg.c **** SPI_WriteData(0x5A);
 2532              		.loc 1 944 1
 2533 01e4 5A20     		movs	r0, #90
 2534 01e6 FFF7FEFF 		bl	SPI_WriteData
 945:Module/lcd_cfg.c **** SPI_WriteData(0x03);
 2535              		.loc 1 945 1
ARM GAS  C:\Users\ADMINI~1\AppData\Local\Temp\ccavp8eo.s 			page 62


 2536 01ea 0320     		movs	r0, #3
 2537 01ec FFF7FEFF 		bl	SPI_WriteData
 946:Module/lcd_cfg.c **** SPI_WriteData(0x76);
 2538              		.loc 1 946 1
 2539 01f0 7620     		movs	r0, #118
 2540 01f2 FFF7FEFF 		bl	SPI_WriteData
 947:Module/lcd_cfg.c **** SPI_WriteData(0x81);
 2541              		.loc 1 947 1
 2542 01f6 8120     		movs	r0, #129
 2543 01f8 FFF7FEFF 		bl	SPI_WriteData
 948:Module/lcd_cfg.c **** SPI_WriteData(0x56);
 2544              		.loc 1 948 1
 2545 01fc 5620     		movs	r0, #86
 2546 01fe FFF7FEFF 		bl	SPI_WriteData
 949:Module/lcd_cfg.c **** SPI_WriteData(0x4B);
 2547              		.loc 1 949 1
 2548 0202 4B20     		movs	r0, #75
 2549 0204 FFF7FEFF 		bl	SPI_WriteData
 950:Module/lcd_cfg.c **** SPI_WriteData(0xC0);
 2550              		.loc 1 950 1
 2551 0208 C020     		movs	r0, #192
 2552 020a FFF7FEFF 		bl	SPI_WriteData
 951:Module/lcd_cfg.c **** SPI_WriteData(0x1E);
 2553              		.loc 1 951 1
 2554 020e 1E20     		movs	r0, #30
 2555 0210 FFF7FEFF 		bl	SPI_WriteData
 952:Module/lcd_cfg.c **** SPI_WriteData(0xD0);
 2556              		.loc 1 952 1
 2557 0214 D020     		movs	r0, #208
 2558 0216 FFF7FEFF 		bl	SPI_WriteData
 953:Module/lcd_cfg.c **** SPI_WriteData(0x6A);
 2559              		.loc 1 953 1
 2560 021a 6A20     		movs	r0, #106
 2561 021c FFF7FEFF 		bl	SPI_WriteData
 954:Module/lcd_cfg.c **** 
 955:Module/lcd_cfg.c **** SSD2828_WritePackageSize(17);
 2562              		.loc 1 955 1
 2563 0220 1120     		movs	r0, #17
 2564 0222 FFF7FEFF 		bl	SSD2828_WritePackageSize
 956:Module/lcd_cfg.c **** SPI_WriteData(0xA0);
 2565              		.loc 1 956 1
 2566 0226 A020     		movs	r0, #160
 2567 0228 FFF7FEFF 		bl	SPI_WriteData
 957:Module/lcd_cfg.c **** SPI_WriteData(0x09);
 2568              		.loc 1 957 1
 2569 022c 0920     		movs	r0, #9
 2570 022e FFF7FEFF 		bl	SPI_WriteData
 958:Module/lcd_cfg.c **** SPI_WriteData(0xD0);
 2571              		.loc 1 958 1
 2572 0232 D020     		movs	r0, #208
 2573 0234 FFF7FEFF 		bl	SPI_WriteData
 959:Module/lcd_cfg.c **** SPI_WriteData(0x0C);
 2574              		.loc 1 959 1
 2575 0238 0C20     		movs	r0, #12
 2576 023a FFF7FEFF 		bl	SPI_WriteData
 960:Module/lcd_cfg.c **** SPI_WriteData(0xBF);
 2577              		.loc 1 960 1
ARM GAS  C:\Users\ADMINI~1\AppData\Local\Temp\ccavp8eo.s 			page 63


 2578 023e BF20     		movs	r0, #191
 2579 0240 FFF7FEFF 		bl	SPI_WriteData
 961:Module/lcd_cfg.c **** SPI_WriteData(0x1F);
 2580              		.loc 1 961 1
 2581 0244 1F20     		movs	r0, #31
 2582 0246 FFF7FEFF 		bl	SPI_WriteData
 962:Module/lcd_cfg.c **** SPI_WriteData(0x01);
 2583              		.loc 1 962 1
 2584 024a 0120     		movs	r0, #1
 2585 024c FFF7FEFF 		bl	SPI_WriteData
 963:Module/lcd_cfg.c **** SPI_WriteData(0x9A);
 2586              		.loc 1 963 1
 2587 0250 9A20     		movs	r0, #154
 2588 0252 FFF7FEFF 		bl	SPI_WriteData
 964:Module/lcd_cfg.c **** SPI_WriteData(0xE1);
 2589              		.loc 1 964 1
 2590 0256 E120     		movs	r0, #225
 2591 0258 FFF7FEFF 		bl	SPI_WriteData
 965:Module/lcd_cfg.c **** SPI_WriteData(0xF7);
 2592              		.loc 1 965 1
 2593 025c F720     		movs	r0, #247
 2594 025e FFF7FEFF 		bl	SPI_WriteData
 966:Module/lcd_cfg.c **** SPI_WriteData(0x23);
 2595              		.loc 1 966 1
 2596 0262 2320     		movs	r0, #35
 2597 0264 FFF7FEFF 		bl	SPI_WriteData
 967:Module/lcd_cfg.c **** SPI_WriteData(0x00);
 2598              		.loc 1 967 1
 2599 0268 0020     		movs	r0, #0
 2600 026a FFF7FEFF 		bl	SPI_WriteData
 968:Module/lcd_cfg.c **** SPI_WriteData(0x80);
 2601              		.loc 1 968 1
 2602 026e 8020     		movs	r0, #128
 2603 0270 FFF7FEFF 		bl	SPI_WriteData
 969:Module/lcd_cfg.c **** SPI_WriteData(0x07);
 2604              		.loc 1 969 1
 2605 0274 0720     		movs	r0, #7
 2606 0276 FFF7FEFF 		bl	SPI_WriteData
 970:Module/lcd_cfg.c **** SPI_WriteData(0x00);
 2607              		.loc 1 970 1
 2608 027a 0020     		movs	r0, #0
 2609 027c FFF7FEFF 		bl	SPI_WriteData
 971:Module/lcd_cfg.c **** SPI_WriteData(0x00);
 2610              		.loc 1 971 1
 2611 0280 0020     		movs	r0, #0
 2612 0282 FFF7FEFF 		bl	SPI_WriteData
 972:Module/lcd_cfg.c **** SPI_WriteData(0x00);
 2613              		.loc 1 972 1
 2614 0286 0020     		movs	r0, #0
 2615 0288 FFF7FEFF 		bl	SPI_WriteData
 973:Module/lcd_cfg.c **** 
 974:Module/lcd_cfg.c **** SSD2828_WritePackageSize(17);
 2616              		.loc 1 974 1
 2617 028c 1120     		movs	r0, #17
 2618 028e FFF7FEFF 		bl	SSD2828_WritePackageSize
 975:Module/lcd_cfg.c **** SPI_WriteData(0xB0);
 2619              		.loc 1 975 1
ARM GAS  C:\Users\ADMINI~1\AppData\Local\Temp\ccavp8eo.s 			page 64


 2620 0292 B020     		movs	r0, #176
 2621 0294 FFF7FEFF 		bl	SPI_WriteData
 976:Module/lcd_cfg.c **** SPI_WriteData(0x00);
 2622              		.loc 1 976 1
 2623 0298 0020     		movs	r0, #0
 2624 029a FFF7FEFF 		bl	SPI_WriteData
 977:Module/lcd_cfg.c **** SPI_WriteData(0x00);
 2625              		.loc 1 977 1
 2626 029e 0020     		movs	r0, #0
 2627 02a0 FFF7FEFF 		bl	SPI_WriteData
 978:Module/lcd_cfg.c **** SPI_WriteData(0x00);
 2628              		.loc 1 978 1
 2629 02a4 0020     		movs	r0, #0
 2630 02a6 FFF7FEFF 		bl	SPI_WriteData
 979:Module/lcd_cfg.c **** SPI_WriteData(0x00);
 2631              		.loc 1 979 1
 2632 02aa 0020     		movs	r0, #0
 2633 02ac FFF7FEFF 		bl	SPI_WriteData
 980:Module/lcd_cfg.c **** SPI_WriteData(0x00);
 2634              		.loc 1 980 1
 2635 02b0 0020     		movs	r0, #0
 2636 02b2 FFF7FEFF 		bl	SPI_WriteData
 981:Module/lcd_cfg.c **** SPI_WriteData(0x00);
 2637              		.loc 1 981 1
 2638 02b6 0020     		movs	r0, #0
 2639 02b8 FFF7FEFF 		bl	SPI_WriteData
 982:Module/lcd_cfg.c **** SPI_WriteData(0x00);
 2640              		.loc 1 982 1
 2641 02bc 0020     		movs	r0, #0
 2642 02be FFF7FEFF 		bl	SPI_WriteData
 983:Module/lcd_cfg.c **** SPI_WriteData(0x00);
 2643              		.loc 1 983 1
 2644 02c2 0020     		movs	r0, #0
 2645 02c4 FFF7FEFF 		bl	SPI_WriteData
 984:Module/lcd_cfg.c **** SPI_WriteData(0x00);
 2646              		.loc 1 984 1
 2647 02c8 0020     		movs	r0, #0
 2648 02ca FFF7FEFF 		bl	SPI_WriteData
 985:Module/lcd_cfg.c **** SPI_WriteData(0x00);
 2649              		.loc 1 985 1
 2650 02ce 0020     		movs	r0, #0
 2651 02d0 FFF7FEFF 		bl	SPI_WriteData
 986:Module/lcd_cfg.c **** SPI_WriteData(0x00);
 2652              		.loc 1 986 1
 2653 02d4 0020     		movs	r0, #0
 2654 02d6 FFF7FEFF 		bl	SPI_WriteData
 987:Module/lcd_cfg.c **** SPI_WriteData(0x00);
 2655              		.loc 1 987 1
 2656 02da 0020     		movs	r0, #0
 2657 02dc FFF7FEFF 		bl	SPI_WriteData
 988:Module/lcd_cfg.c **** SPI_WriteData(0x80);
 2658              		.loc 1 988 1
 2659 02e0 8020     		movs	r0, #128
 2660 02e2 FFF7FEFF 		bl	SPI_WriteData
 989:Module/lcd_cfg.c **** SPI_WriteData(0x77);
 2661              		.loc 1 989 1
 2662 02e6 7720     		movs	r0, #119
ARM GAS  C:\Users\ADMINI~1\AppData\Local\Temp\ccavp8eo.s 			page 65


 2663 02e8 FFF7FEFF 		bl	SPI_WriteData
 990:Module/lcd_cfg.c **** SPI_WriteData(0x08);
 2664              		.loc 1 990 1
 2665 02ec 0820     		movs	r0, #8
 2666 02ee FFF7FEFF 		bl	SPI_WriteData
 991:Module/lcd_cfg.c **** SPI_WriteData(0x77);
 2667              		.loc 1 991 1
 2668 02f2 7720     		movs	r0, #119
 2669 02f4 FFF7FEFF 		bl	SPI_WriteData
 992:Module/lcd_cfg.c **** 
 993:Module/lcd_cfg.c **** SSD2828_WritePackageSize(17);
 2670              		.loc 1 993 1
 2671 02f8 1120     		movs	r0, #17
 2672 02fa FFF7FEFF 		bl	SSD2828_WritePackageSize
 994:Module/lcd_cfg.c **** SPI_WriteData(0xC0);
 2673              		.loc 1 994 1
 2674 02fe C020     		movs	r0, #192
 2675 0300 FFF7FEFF 		bl	SPI_WriteData
 995:Module/lcd_cfg.c **** SPI_WriteData(0x08);
 2676              		.loc 1 995 1
 2677 0304 0820     		movs	r0, #8
 2678 0306 FFF7FEFF 		bl	SPI_WriteData
 996:Module/lcd_cfg.c **** SPI_WriteData(0x05);
 2679              		.loc 1 996 1
 2680 030a 0520     		movs	r0, #5
 2681 030c FFF7FEFF 		bl	SPI_WriteData
 997:Module/lcd_cfg.c **** SPI_WriteData(0x00);
 2682              		.loc 1 997 1
 2683 0310 0020     		movs	r0, #0
 2684 0312 FFF7FEFF 		bl	SPI_WriteData
 998:Module/lcd_cfg.c **** SPI_WriteData(0x30);
 2685              		.loc 1 998 1
 2686 0316 3020     		movs	r0, #48
 2687 0318 FFF7FEFF 		bl	SPI_WriteData
 999:Module/lcd_cfg.c **** SPI_WriteData(0x18);
 2688              		.loc 1 999 1
 2689 031c 1820     		movs	r0, #24
 2690 031e FFF7FEFF 		bl	SPI_WriteData
1000:Module/lcd_cfg.c **** SPI_WriteData(0x0C);
 2691              		.loc 1 1000 1
 2692 0322 0C20     		movs	r0, #12
 2693 0324 FFF7FEFF 		bl	SPI_WriteData
1001:Module/lcd_cfg.c **** SPI_WriteData(0xCF);
 2694              		.loc 1 1001 1
 2695 0328 CF20     		movs	r0, #207
 2696 032a FFF7FEFF 		bl	SPI_WriteData
1002:Module/lcd_cfg.c **** SPI_WriteData(0x01);
 2697              		.loc 1 1002 1
 2698 032e 0120     		movs	r0, #1
 2699 0330 FFF7FEFF 		bl	SPI_WriteData
1003:Module/lcd_cfg.c **** SPI_WriteData(0xAD);
 2700              		.loc 1 1003 1
 2701 0334 AD20     		movs	r0, #173
 2702 0336 FFF7FEFF 		bl	SPI_WriteData
1004:Module/lcd_cfg.c **** SPI_WriteData(0x91);
 2703              		.loc 1 1004 1
 2704 033a 9120     		movs	r0, #145
ARM GAS  C:\Users\ADMINI~1\AppData\Local\Temp\ccavp8eo.s 			page 66


 2705 033c FFF7FEFF 		bl	SPI_WriteData
1005:Module/lcd_cfg.c **** SPI_WriteData(0x04);
 2706              		.loc 1 1005 1
 2707 0340 0420     		movs	r0, #4
 2708 0342 FFF7FEFF 		bl	SPI_WriteData
1006:Module/lcd_cfg.c **** SPI_WriteData(0xC3);
 2709              		.loc 1 1006 1
 2710 0346 C320     		movs	r0, #195
 2711 0348 FFF7FEFF 		bl	SPI_WriteData
1007:Module/lcd_cfg.c **** SPI_WriteData(0x00);
 2712              		.loc 1 1007 1
 2713 034c 0020     		movs	r0, #0
 2714 034e FFF7FEFF 		bl	SPI_WriteData
1008:Module/lcd_cfg.c **** SPI_WriteData(0xF4);
 2715              		.loc 1 1008 1
 2716 0352 F420     		movs	r0, #244
 2717 0354 FFF7FEFF 		bl	SPI_WriteData
1009:Module/lcd_cfg.c **** SPI_WriteData(0x0C);
 2718              		.loc 1 1009 1
 2719 0358 0C20     		movs	r0, #12
 2720 035a FFF7FEFF 		bl	SPI_WriteData
1010:Module/lcd_cfg.c **** SPI_WriteData(0xD0);
 2721              		.loc 1 1010 1
 2722 035e D020     		movs	r0, #208
 2723 0360 FFF7FEFF 		bl	SPI_WriteData
1011:Module/lcd_cfg.c **** 
1012:Module/lcd_cfg.c **** SSD2828_WritePackageSize(17);
 2724              		.loc 1 1012 1
 2725 0364 1120     		movs	r0, #17
 2726 0366 FFF7FEFF 		bl	SSD2828_WritePackageSize
1013:Module/lcd_cfg.c **** SPI_WriteData(0xD0);
 2727              		.loc 1 1013 1
 2728 036a D020     		movs	r0, #208
 2729 036c FFF7FEFF 		bl	SPI_WriteData
1014:Module/lcd_cfg.c **** SPI_WriteData(0x1A);
 2730              		.loc 1 1014 1
 2731 0370 1A20     		movs	r0, #26
 2732 0372 FFF7FEFF 		bl	SPI_WriteData
1015:Module/lcd_cfg.c **** SPI_WriteData(0x49);
 2733              		.loc 1 1015 1
 2734 0376 4920     		movs	r0, #73
 2735 0378 FFF7FEFF 		bl	SPI_WriteData
1016:Module/lcd_cfg.c **** SPI_WriteData(0x30);
 2736              		.loc 1 1016 1
 2737 037c 3020     		movs	r0, #48
 2738 037e FFF7FEFF 		bl	SPI_WriteData
1017:Module/lcd_cfg.c **** SPI_WriteData(0x0C);
 2739              		.loc 1 1017 1
 2740 0382 0C20     		movs	r0, #12
 2741 0384 FFF7FEFF 		bl	SPI_WriteData
1018:Module/lcd_cfg.c **** SPI_WriteData(0x40);
 2742              		.loc 1 1018 1
 2743 0388 4020     		movs	r0, #64
 2744 038a FFF7FEFF 		bl	SPI_WriteData
1019:Module/lcd_cfg.c **** SPI_WriteData(0x4F);
 2745              		.loc 1 1019 1
 2746 038e 4F20     		movs	r0, #79
ARM GAS  C:\Users\ADMINI~1\AppData\Local\Temp\ccavp8eo.s 			page 67


 2747 0390 FFF7FEFF 		bl	SPI_WriteData
1020:Module/lcd_cfg.c **** SPI_WriteData(0x00);
 2748              		.loc 1 1020 1
 2749 0394 0020     		movs	r0, #0
 2750 0396 FFF7FEFF 		bl	SPI_WriteData
1021:Module/lcd_cfg.c **** SPI_WriteData(0xAD);
 2751              		.loc 1 1021 1
 2752 039a AD20     		movs	r0, #173
 2753 039c FFF7FEFF 		bl	SPI_WriteData
1022:Module/lcd_cfg.c **** SPI_WriteData(0x91);
 2754              		.loc 1 1022 1
 2755 03a0 9120     		movs	r0, #145
 2756 03a2 FFF7FEFF 		bl	SPI_WriteData
1023:Module/lcd_cfg.c **** SPI_WriteData(0x04);
 2757              		.loc 1 1023 1
 2758 03a6 0420     		movs	r0, #4
 2759 03a8 FFF7FEFF 		bl	SPI_WriteData
1024:Module/lcd_cfg.c **** SPI_WriteData(0xC3);
 2760              		.loc 1 1024 1
 2761 03ac C320     		movs	r0, #195
 2762 03ae FFF7FEFF 		bl	SPI_WriteData
1025:Module/lcd_cfg.c **** SPI_WriteData(0x00);
 2763              		.loc 1 1025 1
 2764 03b2 0020     		movs	r0, #0
 2765 03b4 FFF7FEFF 		bl	SPI_WriteData
1026:Module/lcd_cfg.c **** SPI_WriteData(0xF4);
 2766              		.loc 1 1026 1
 2767 03b8 F420     		movs	r0, #244
 2768 03ba FFF7FEFF 		bl	SPI_WriteData
1027:Module/lcd_cfg.c **** SPI_WriteData(0x14);
 2769              		.loc 1 1027 1
 2770 03be 1420     		movs	r0, #20
 2771 03c0 FFF7FEFF 		bl	SPI_WriteData
1028:Module/lcd_cfg.c **** SPI_WriteData(0xD0);
 2772              		.loc 1 1028 1
 2773 03c4 D020     		movs	r0, #208
 2774 03c6 FFF7FEFF 		bl	SPI_WriteData
1029:Module/lcd_cfg.c **** SPI_WriteData(0x1A);
 2775              		.loc 1 1029 1
 2776 03ca 1A20     		movs	r0, #26
 2777 03cc FFF7FEFF 		bl	SPI_WriteData
1030:Module/lcd_cfg.c **** 
1031:Module/lcd_cfg.c **** SSD2828_WritePackageSize(17);
 2778              		.loc 1 1031 1
 2779 03d0 1120     		movs	r0, #17
 2780 03d2 FFF7FEFF 		bl	SSD2828_WritePackageSize
1032:Module/lcd_cfg.c **** SPI_WriteData(0xE0);
 2781              		.loc 1 1032 1
 2782 03d6 E020     		movs	r0, #224
 2783 03d8 FFF7FEFF 		bl	SPI_WriteData
1033:Module/lcd_cfg.c **** SPI_WriteData(0x49);
 2784              		.loc 1 1033 1
 2785 03dc 4920     		movs	r0, #73
 2786 03de FFF7FEFF 		bl	SPI_WriteData
1034:Module/lcd_cfg.c **** SPI_WriteData(0x30);
 2787              		.loc 1 1034 1
 2788 03e2 3020     		movs	r0, #48
ARM GAS  C:\Users\ADMINI~1\AppData\Local\Temp\ccavp8eo.s 			page 68


 2789 03e4 FFF7FEFF 		bl	SPI_WriteData
1035:Module/lcd_cfg.c **** SPI_WriteData(0x0C);
 2790              		.loc 1 1035 1
 2791 03e8 0C20     		movs	r0, #12
 2792 03ea FFF7FEFF 		bl	SPI_WriteData
1036:Module/lcd_cfg.c **** SPI_WriteData(0x40);
 2793              		.loc 1 1036 1
 2794 03ee 4020     		movs	r0, #64
 2795 03f0 FFF7FEFF 		bl	SPI_WriteData
1037:Module/lcd_cfg.c **** SPI_WriteData(0x4F);
 2796              		.loc 1 1037 1
 2797 03f4 4F20     		movs	r0, #79
 2798 03f6 FFF7FEFF 		bl	SPI_WriteData
1038:Module/lcd_cfg.c **** SPI_WriteData(0x02);
 2799              		.loc 1 1038 1
 2800 03fa 0220     		movs	r0, #2
 2801 03fc FFF7FEFF 		bl	SPI_WriteData
1039:Module/lcd_cfg.c **** SPI_WriteData(0xAD);
 2802              		.loc 1 1039 1
 2803 0400 AD20     		movs	r0, #173
 2804 0402 FFF7FEFF 		bl	SPI_WriteData
1040:Module/lcd_cfg.c **** SPI_WriteData(0x91);
 2805              		.loc 1 1040 1
 2806 0406 9120     		movs	r0, #145
 2807 0408 FFF7FEFF 		bl	SPI_WriteData
1041:Module/lcd_cfg.c **** SPI_WriteData(0x04);
 2808              		.loc 1 1041 1
 2809 040c 0420     		movs	r0, #4
 2810 040e FFF7FEFF 		bl	SPI_WriteData
1042:Module/lcd_cfg.c **** SPI_WriteData(0xC3);
 2811              		.loc 1 1042 1
 2812 0412 C320     		movs	r0, #195
 2813 0414 FFF7FEFF 		bl	SPI_WriteData
1043:Module/lcd_cfg.c **** SPI_WriteData(0x00);
 2814              		.loc 1 1043 1
 2815 0418 0020     		movs	r0, #0
 2816 041a FFF7FEFF 		bl	SPI_WriteData
1044:Module/lcd_cfg.c **** SPI_WriteData(0xF4);
 2817              		.loc 1 1044 1
 2818 041e F420     		movs	r0, #244
 2819 0420 FFF7FEFF 		bl	SPI_WriteData
1045:Module/lcd_cfg.c **** SPI_WriteData(0x34);
 2820              		.loc 1 1045 1
 2821 0424 3420     		movs	r0, #52
 2822 0426 FFF7FEFF 		bl	SPI_WriteData
1046:Module/lcd_cfg.c **** SPI_WriteData(0xD0);
 2823              		.loc 1 1046 1
 2824 042a D020     		movs	r0, #208
 2825 042c FFF7FEFF 		bl	SPI_WriteData
1047:Module/lcd_cfg.c **** SPI_WriteData(0x1A);
 2826              		.loc 1 1047 1
 2827 0430 1A20     		movs	r0, #26
 2828 0432 FFF7FEFF 		bl	SPI_WriteData
1048:Module/lcd_cfg.c **** SPI_WriteData(0x49);
 2829              		.loc 1 1048 1
 2830 0436 4920     		movs	r0, #73
 2831 0438 FFF7FEFF 		bl	SPI_WriteData
ARM GAS  C:\Users\ADMINI~1\AppData\Local\Temp\ccavp8eo.s 			page 69


1049:Module/lcd_cfg.c **** 
1050:Module/lcd_cfg.c **** SSD2828_WritePackageSize(17);
 2832              		.loc 1 1050 1
 2833 043c 1120     		movs	r0, #17
 2834 043e FFF7FEFF 		bl	SSD2828_WritePackageSize
1051:Module/lcd_cfg.c **** SPI_WriteData(0xF0);
 2835              		.loc 1 1051 1
 2836 0442 F020     		movs	r0, #240
 2837 0444 FFF7FEFF 		bl	SPI_WriteData
1052:Module/lcd_cfg.c **** SPI_WriteData(0x30);
 2838              		.loc 1 1052 1
 2839 0448 3020     		movs	r0, #48
 2840 044a FFF7FEFF 		bl	SPI_WriteData
1053:Module/lcd_cfg.c **** SPI_WriteData(0x0C);
 2841              		.loc 1 1053 1
 2842 044e 0C20     		movs	r0, #12
 2843 0450 FFF7FEFF 		bl	SPI_WriteData
1054:Module/lcd_cfg.c **** SPI_WriteData(0x40);
 2844              		.loc 1 1054 1
 2845 0454 4020     		movs	r0, #64
 2846 0456 FFF7FEFF 		bl	SPI_WriteData
1055:Module/lcd_cfg.c **** SPI_WriteData(0x4F);
 2847              		.loc 1 1055 1
 2848 045a 4F20     		movs	r0, #79
 2849 045c FFF7FEFF 		bl	SPI_WriteData
1056:Module/lcd_cfg.c **** SPI_WriteData(0x04);
 2850              		.loc 1 1056 1
 2851 0460 0420     		movs	r0, #4
 2852 0462 FFF7FEFF 		bl	SPI_WriteData
1057:Module/lcd_cfg.c **** SPI_WriteData(0xAD);
 2853              		.loc 1 1057 1
 2854 0466 AD20     		movs	r0, #173
 2855 0468 FFF7FEFF 		bl	SPI_WriteData
1058:Module/lcd_cfg.c **** SPI_WriteData(0x91);
 2856              		.loc 1 1058 1
 2857 046c 9120     		movs	r0, #145
 2858 046e FFF7FEFF 		bl	SPI_WriteData
1059:Module/lcd_cfg.c **** SPI_WriteData(0x04);
 2859              		.loc 1 1059 1
 2860 0472 0420     		movs	r0, #4
 2861 0474 FFF7FEFF 		bl	SPI_WriteData
1060:Module/lcd_cfg.c **** SPI_WriteData(0xC3);
 2862              		.loc 1 1060 1
 2863 0478 C320     		movs	r0, #195
 2864 047a FFF7FEFF 		bl	SPI_WriteData
1061:Module/lcd_cfg.c **** SPI_WriteData(0x00);
 2865              		.loc 1 1061 1
 2866 047e 0020     		movs	r0, #0
 2867 0480 FFF7FEFF 		bl	SPI_WriteData
1062:Module/lcd_cfg.c **** SPI_WriteData(0xF4);
 2868              		.loc 1 1062 1
 2869 0484 F420     		movs	r0, #244
 2870 0486 FFF7FEFF 		bl	SPI_WriteData
1063:Module/lcd_cfg.c **** SPI_WriteData(0x54);
 2871              		.loc 1 1063 1
 2872 048a 5420     		movs	r0, #84
 2873 048c FFF7FEFF 		bl	SPI_WriteData
ARM GAS  C:\Users\ADMINI~1\AppData\Local\Temp\ccavp8eo.s 			page 70


1064:Module/lcd_cfg.c **** SPI_WriteData(0xD0);
 2874              		.loc 1 1064 1
 2875 0490 D020     		movs	r0, #208
 2876 0492 FFF7FEFF 		bl	SPI_WriteData
1065:Module/lcd_cfg.c **** SPI_WriteData(0x1A);
 2877              		.loc 1 1065 1
 2878 0496 1A20     		movs	r0, #26
 2879 0498 FFF7FEFF 		bl	SPI_WriteData
1066:Module/lcd_cfg.c **** SPI_WriteData(0x49);
 2880              		.loc 1 1066 1
 2881 049c 4920     		movs	r0, #73
 2882 049e FFF7FEFF 		bl	SPI_WriteData
1067:Module/lcd_cfg.c **** SPI_WriteData(0x30);
 2883              		.loc 1 1067 1
 2884 04a2 3020     		movs	r0, #48
 2885 04a4 FFF7FEFF 		bl	SPI_WriteData
1068:Module/lcd_cfg.c **** 
1069:Module/lcd_cfg.c **** //Blank21
1070:Module/lcd_cfg.c **** SSD2828_WritePackageSize(3);
 2886              		.loc 1 1070 1
 2887 04a8 0320     		movs	r0, #3
 2888 04aa FFF7FEFF 		bl	SSD2828_WritePackageSize
1071:Module/lcd_cfg.c **** SPI_WriteData(0x41);
 2889              		.loc 1 1071 1
 2890 04ae 4120     		movs	r0, #65
 2891 04b0 FFF7FEFF 		bl	SPI_WriteData
1072:Module/lcd_cfg.c **** SPI_WriteData(0x5A);
 2892              		.loc 1 1072 1
 2893 04b4 5A20     		movs	r0, #90
 2894 04b6 FFF7FEFF 		bl	SPI_WriteData
1073:Module/lcd_cfg.c **** SPI_WriteData(0x15);
 2895              		.loc 1 1073 1
 2896 04ba 1520     		movs	r0, #21
 2897 04bc FFF7FEFF 		bl	SPI_WriteData
1074:Module/lcd_cfg.c **** 
1075:Module/lcd_cfg.c **** SSD2828_WritePackageSize(17);
 2898              		.loc 1 1075 1
 2899 04c0 1120     		movs	r0, #17
 2900 04c2 FFF7FEFF 		bl	SSD2828_WritePackageSize
1076:Module/lcd_cfg.c **** SPI_WriteData(0x80);
 2901              		.loc 1 1076 1
 2902 04c6 8020     		movs	r0, #128
 2903 04c8 FFF7FEFF 		bl	SPI_WriteData
1077:Module/lcd_cfg.c **** SPI_WriteData(0x0C);
 2904              		.loc 1 1077 1
 2905 04cc 0C20     		movs	r0, #12
 2906 04ce FFF7FEFF 		bl	SPI_WriteData
1078:Module/lcd_cfg.c **** SPI_WriteData(0x40);
 2907              		.loc 1 1078 1
 2908 04d2 4020     		movs	r0, #64
 2909 04d4 FFF7FEFF 		bl	SPI_WriteData
1079:Module/lcd_cfg.c **** SPI_WriteData(0x40);
 2910              		.loc 1 1079 1
 2911 04d8 4020     		movs	r0, #64
 2912 04da FFF7FEFF 		bl	SPI_WriteData
1080:Module/lcd_cfg.c **** SPI_WriteData(0x80);
 2913              		.loc 1 1080 1
ARM GAS  C:\Users\ADMINI~1\AppData\Local\Temp\ccavp8eo.s 			page 71


 2914 04de 8020     		movs	r0, #128
 2915 04e0 FFF7FEFF 		bl	SPI_WriteData
1081:Module/lcd_cfg.c **** SPI_WriteData(0xDF);
 2916              		.loc 1 1081 1
 2917 04e4 DF20     		movs	r0, #223
 2918 04e6 FFF7FEFF 		bl	SPI_WriteData
1082:Module/lcd_cfg.c **** SPI_WriteData(0x0F);
 2919              		.loc 1 1082 1
 2920 04ea 0F20     		movs	r0, #15
 2921 04ec FFF7FEFF 		bl	SPI_WriteData
1083:Module/lcd_cfg.c **** SPI_WriteData(0x00);
 2922              		.loc 1 1083 1
 2923 04f0 0020     		movs	r0, #0
 2924 04f2 FFF7FEFF 		bl	SPI_WriteData
1084:Module/lcd_cfg.c **** SPI_WriteData(0x00);
 2925              		.loc 1 1084 1
 2926 04f6 0020     		movs	r0, #0
 2927 04f8 FFF7FEFF 		bl	SPI_WriteData
1085:Module/lcd_cfg.c **** SPI_WriteData(0x00);
 2928              		.loc 1 1085 1
 2929 04fc 0020     		movs	r0, #0
 2930 04fe FFF7FEFF 		bl	SPI_WriteData
1086:Module/lcd_cfg.c **** SPI_WriteData(0x00);
 2931              		.loc 1 1086 1
 2932 0502 0020     		movs	r0, #0
 2933 0504 FFF7FEFF 		bl	SPI_WriteData
1087:Module/lcd_cfg.c **** SPI_WriteData(0x00);
 2934              		.loc 1 1087 1
 2935 0508 0020     		movs	r0, #0
 2936 050a FFF7FEFF 		bl	SPI_WriteData
1088:Module/lcd_cfg.c **** SPI_WriteData(0x00);
 2937              		.loc 1 1088 1
 2938 050e 0020     		movs	r0, #0
 2939 0510 FFF7FEFF 		bl	SPI_WriteData
1089:Module/lcd_cfg.c **** SPI_WriteData(0x00);
 2940              		.loc 1 1089 1
 2941 0514 0020     		movs	r0, #0
 2942 0516 FFF7FEFF 		bl	SPI_WriteData
1090:Module/lcd_cfg.c **** SPI_WriteData(0x00);
 2943              		.loc 1 1090 1
 2944 051a 0020     		movs	r0, #0
 2945 051c FFF7FEFF 		bl	SPI_WriteData
1091:Module/lcd_cfg.c **** SPI_WriteData(0x00);
 2946              		.loc 1 1091 1
 2947 0520 0020     		movs	r0, #0
 2948 0522 FFF7FEFF 		bl	SPI_WriteData
1092:Module/lcd_cfg.c **** SPI_WriteData(0x00);
 2949              		.loc 1 1092 1
 2950 0526 0020     		movs	r0, #0
 2951 0528 FFF7FEFF 		bl	SPI_WriteData
1093:Module/lcd_cfg.c **** 
1094:Module/lcd_cfg.c **** SSD2828_WritePackageSize(17);
 2952              		.loc 1 1094 1
 2953 052c 1120     		movs	r0, #17
 2954 052e FFF7FEFF 		bl	SSD2828_WritePackageSize
1095:Module/lcd_cfg.c **** SPI_WriteData(0x90);
 2955              		.loc 1 1095 1
ARM GAS  C:\Users\ADMINI~1\AppData\Local\Temp\ccavp8eo.s 			page 72


 2956 0532 9020     		movs	r0, #144
 2957 0534 FFF7FEFF 		bl	SPI_WriteData
1096:Module/lcd_cfg.c **** SPI_WriteData(0x00);
 2958              		.loc 1 1096 1
 2959 0538 0020     		movs	r0, #0
 2960 053a FFF7FEFF 		bl	SPI_WriteData
1097:Module/lcd_cfg.c **** SPI_WriteData(0x00);
 2961              		.loc 1 1097 1
 2962 053e 0020     		movs	r0, #0
 2963 0540 FFF7FEFF 		bl	SPI_WriteData
1098:Module/lcd_cfg.c **** SPI_WriteData(0x00);
 2964              		.loc 1 1098 1
 2965 0544 0020     		movs	r0, #0
 2966 0546 FFF7FEFF 		bl	SPI_WriteData
1099:Module/lcd_cfg.c **** SPI_WriteData(0x00);
 2967              		.loc 1 1099 1
 2968 054a 0020     		movs	r0, #0
 2969 054c FFF7FEFF 		bl	SPI_WriteData
1100:Module/lcd_cfg.c **** SPI_WriteData(0x00);
 2970              		.loc 1 1100 1
 2971 0550 0020     		movs	r0, #0
 2972 0552 FFF7FEFF 		bl	SPI_WriteData
1101:Module/lcd_cfg.c **** SPI_WriteData(0x00);
 2973              		.loc 1 1101 1
 2974 0556 0020     		movs	r0, #0
 2975 0558 FFF7FEFF 		bl	SPI_WriteData
1102:Module/lcd_cfg.c **** SPI_WriteData(0x00);
 2976              		.loc 1 1102 1
 2977 055c 0020     		movs	r0, #0
 2978 055e FFF7FEFF 		bl	SPI_WriteData
1103:Module/lcd_cfg.c **** SPI_WriteData(0x00);
 2979              		.loc 1 1103 1
 2980 0562 0020     		movs	r0, #0
 2981 0564 FFF7FEFF 		bl	SPI_WriteData
1104:Module/lcd_cfg.c **** SPI_WriteData(0x00);
 2982              		.loc 1 1104 1
 2983 0568 0020     		movs	r0, #0
 2984 056a FFF7FEFF 		bl	SPI_WriteData
1105:Module/lcd_cfg.c **** SPI_WriteData(0x00);
 2985              		.loc 1 1105 1
 2986 056e 0020     		movs	r0, #0
 2987 0570 FFF7FEFF 		bl	SPI_WriteData
1106:Module/lcd_cfg.c **** SPI_WriteData(0x00);
 2988              		.loc 1 1106 1
 2989 0574 0020     		movs	r0, #0
 2990 0576 FFF7FEFF 		bl	SPI_WriteData
1107:Module/lcd_cfg.c **** SPI_WriteData(0x00);
 2991              		.loc 1 1107 1
 2992 057a 0020     		movs	r0, #0
 2993 057c FFF7FEFF 		bl	SPI_WriteData
1108:Module/lcd_cfg.c **** SPI_WriteData(0x00);
 2994              		.loc 1 1108 1
 2995 0580 0020     		movs	r0, #0
 2996 0582 FFF7FEFF 		bl	SPI_WriteData
1109:Module/lcd_cfg.c **** SPI_WriteData(0x00);
 2997              		.loc 1 1109 1
 2998 0586 0020     		movs	r0, #0
ARM GAS  C:\Users\ADMINI~1\AppData\Local\Temp\ccavp8eo.s 			page 73


 2999 0588 FFF7FEFF 		bl	SPI_WriteData
1110:Module/lcd_cfg.c **** SPI_WriteData(0x00);
 3000              		.loc 1 1110 1
 3001 058c 0020     		movs	r0, #0
 3002 058e FFF7FEFF 		bl	SPI_WriteData
1111:Module/lcd_cfg.c **** SPI_WriteData(0x00);
 3003              		.loc 1 1111 1
 3004 0592 0020     		movs	r0, #0
 3005 0594 FFF7FEFF 		bl	SPI_WriteData
1112:Module/lcd_cfg.c **** 
1113:Module/lcd_cfg.c **** SSD2828_WritePackageSize(17);
 3006              		.loc 1 1113 1
 3007 0598 1120     		movs	r0, #17
 3008 059a FFF7FEFF 		bl	SSD2828_WritePackageSize
1114:Module/lcd_cfg.c **** SPI_WriteData(0xA0);
 3009              		.loc 1 1114 1
 3010 059e A020     		movs	r0, #160
 3011 05a0 FFF7FEFF 		bl	SPI_WriteData
1115:Module/lcd_cfg.c **** SPI_WriteData(0x00);
 3012              		.loc 1 1115 1
 3013 05a4 0020     		movs	r0, #0
 3014 05a6 FFF7FEFF 		bl	SPI_WriteData
1116:Module/lcd_cfg.c **** SPI_WriteData(0x00);
 3015              		.loc 1 1116 1
 3016 05aa 0020     		movs	r0, #0
 3017 05ac FFF7FEFF 		bl	SPI_WriteData
1117:Module/lcd_cfg.c **** SPI_WriteData(0x1C);
 3018              		.loc 1 1117 1
 3019 05b0 1C20     		movs	r0, #28
 3020 05b2 FFF7FEFF 		bl	SPI_WriteData
1118:Module/lcd_cfg.c **** SPI_WriteData(0x00);
 3021              		.loc 1 1118 1
 3022 05b6 0020     		movs	r0, #0
 3023 05b8 FFF7FEFF 		bl	SPI_WriteData
1119:Module/lcd_cfg.c **** SPI_WriteData(0x00);
 3024              		.loc 1 1119 1
 3025 05bc 0020     		movs	r0, #0
 3026 05be FFF7FEFF 		bl	SPI_WriteData
1120:Module/lcd_cfg.c **** SPI_WriteData(0x00);
 3027              		.loc 1 1120 1
 3028 05c2 0020     		movs	r0, #0
 3029 05c4 FFF7FEFF 		bl	SPI_WriteData
1121:Module/lcd_cfg.c **** SPI_WriteData(0x08);
 3030              		.loc 1 1121 1
 3031 05c8 0820     		movs	r0, #8
 3032 05ca FFF7FEFF 		bl	SPI_WriteData
1122:Module/lcd_cfg.c **** SPI_WriteData(0x42);
 3033              		.loc 1 1122 1
 3034 05ce 4220     		movs	r0, #66
 3035 05d0 FFF7FEFF 		bl	SPI_WriteData
1123:Module/lcd_cfg.c **** SPI_WriteData(0x60);
 3036              		.loc 1 1123 1
 3037 05d4 6020     		movs	r0, #96
 3038 05d6 FFF7FEFF 		bl	SPI_WriteData
1124:Module/lcd_cfg.c **** SPI_WriteData(0x0E);
 3039              		.loc 1 1124 1
 3040 05da 0E20     		movs	r0, #14
ARM GAS  C:\Users\ADMINI~1\AppData\Local\Temp\ccavp8eo.s 			page 74


 3041 05dc FFF7FEFF 		bl	SPI_WriteData
1125:Module/lcd_cfg.c **** SPI_WriteData(0x00);
 3042              		.loc 1 1125 1
 3043 05e0 0020     		movs	r0, #0
 3044 05e2 FFF7FEFF 		bl	SPI_WriteData
1126:Module/lcd_cfg.c **** SPI_WriteData(0x00);
 3045              		.loc 1 1126 1
 3046 05e6 0020     		movs	r0, #0
 3047 05e8 FFF7FEFF 		bl	SPI_WriteData
1127:Module/lcd_cfg.c **** SPI_WriteData(0x00);
 3048              		.loc 1 1127 1
 3049 05ec 0020     		movs	r0, #0
 3050 05ee FFF7FEFF 		bl	SPI_WriteData
1128:Module/lcd_cfg.c **** SPI_WriteData(0x00);
 3051              		.loc 1 1128 1
 3052 05f2 0020     		movs	r0, #0
 3053 05f4 FFF7FEFF 		bl	SPI_WriteData
1129:Module/lcd_cfg.c **** SPI_WriteData(0x00);
 3054              		.loc 1 1129 1
 3055 05f8 0020     		movs	r0, #0
 3056 05fa FFF7FEFF 		bl	SPI_WriteData
1130:Module/lcd_cfg.c **** SPI_WriteData(0x00);
 3057              		.loc 1 1130 1
 3058 05fe 0020     		movs	r0, #0
 3059 0600 FFF7FEFF 		bl	SPI_WriteData
1131:Module/lcd_cfg.c **** 
1132:Module/lcd_cfg.c **** SSD2828_WritePackageSize(17);
 3060              		.loc 1 1132 1
 3061 0604 1120     		movs	r0, #17
 3062 0606 FFF7FEFF 		bl	SSD2828_WritePackageSize
1133:Module/lcd_cfg.c **** SPI_WriteData(0xB0);
 3063              		.loc 1 1133 1
 3064 060a B020     		movs	r0, #176
 3065 060c FFF7FEFF 		bl	SPI_WriteData
1134:Module/lcd_cfg.c **** SPI_WriteData(0x00);
 3066              		.loc 1 1134 1
 3067 0610 0020     		movs	r0, #0
 3068 0612 FFF7FEFF 		bl	SPI_WriteData
1135:Module/lcd_cfg.c **** SPI_WriteData(0x00);
 3069              		.loc 1 1135 1
 3070 0616 0020     		movs	r0, #0
 3071 0618 FFF7FEFF 		bl	SPI_WriteData
1136:Module/lcd_cfg.c **** SPI_WriteData(0x00);
 3072              		.loc 1 1136 1
 3073 061c 0020     		movs	r0, #0
 3074 061e FFF7FEFF 		bl	SPI_WriteData
1137:Module/lcd_cfg.c **** SPI_WriteData(0x00);
 3075              		.loc 1 1137 1
 3076 0622 0020     		movs	r0, #0
 3077 0624 FFF7FEFF 		bl	SPI_WriteData
1138:Module/lcd_cfg.c **** SPI_WriteData(0x00);
 3078              		.loc 1 1138 1
 3079 0628 0020     		movs	r0, #0
 3080 062a FFF7FEFF 		bl	SPI_WriteData
1139:Module/lcd_cfg.c **** SPI_WriteData(0x00);
 3081              		.loc 1 1139 1
 3082 062e 0020     		movs	r0, #0
ARM GAS  C:\Users\ADMINI~1\AppData\Local\Temp\ccavp8eo.s 			page 75


 3083 0630 FFF7FEFF 		bl	SPI_WriteData
1140:Module/lcd_cfg.c **** SPI_WriteData(0x00);
 3084              		.loc 1 1140 1
 3085 0634 0020     		movs	r0, #0
 3086 0636 FFF7FEFF 		bl	SPI_WriteData
1141:Module/lcd_cfg.c **** SPI_WriteData(0x00);
 3087              		.loc 1 1141 1
 3088 063a 0020     		movs	r0, #0
 3089 063c FFF7FEFF 		bl	SPI_WriteData
1142:Module/lcd_cfg.c **** SPI_WriteData(0x00);
 3090              		.loc 1 1142 1
 3091 0640 0020     		movs	r0, #0
 3092 0642 FFF7FEFF 		bl	SPI_WriteData
1143:Module/lcd_cfg.c **** SPI_WriteData(0x00);
 3093              		.loc 1 1143 1
 3094 0646 0020     		movs	r0, #0
 3095 0648 FFF7FEFF 		bl	SPI_WriteData
1144:Module/lcd_cfg.c **** SPI_WriteData(0x00);
 3096              		.loc 1 1144 1
 3097 064c 0020     		movs	r0, #0
 3098 064e FFF7FEFF 		bl	SPI_WriteData
1145:Module/lcd_cfg.c **** SPI_WriteData(0x00);
 3099              		.loc 1 1145 1
 3100 0652 0020     		movs	r0, #0
 3101 0654 FFF7FEFF 		bl	SPI_WriteData
1146:Module/lcd_cfg.c **** SPI_WriteData(0x00);
 3102              		.loc 1 1146 1
 3103 0658 0020     		movs	r0, #0
 3104 065a FFF7FEFF 		bl	SPI_WriteData
1147:Module/lcd_cfg.c **** SPI_WriteData(0x00);
 3105              		.loc 1 1147 1
 3106 065e 0020     		movs	r0, #0
 3107 0660 FFF7FEFF 		bl	SPI_WriteData
1148:Module/lcd_cfg.c **** SPI_WriteData(0x00);
 3108              		.loc 1 1148 1
 3109 0664 0020     		movs	r0, #0
 3110 0666 FFF7FEFF 		bl	SPI_WriteData
1149:Module/lcd_cfg.c **** SPI_WriteData(0x00);
 3111              		.loc 1 1149 1
 3112 066a 0020     		movs	r0, #0
 3113 066c FFF7FEFF 		bl	SPI_WriteData
1150:Module/lcd_cfg.c **** 
1151:Module/lcd_cfg.c **** SSD2828_WritePackageSize(17);
 3114              		.loc 1 1151 1
 3115 0670 1120     		movs	r0, #17
 3116 0672 FFF7FEFF 		bl	SSD2828_WritePackageSize
1152:Module/lcd_cfg.c **** SPI_WriteData(0xC0);
 3117              		.loc 1 1152 1
 3118 0676 C020     		movs	r0, #192
 3119 0678 FFF7FEFF 		bl	SPI_WriteData
1153:Module/lcd_cfg.c **** SPI_WriteData(0x00);
 3120              		.loc 1 1153 1
 3121 067c 0020     		movs	r0, #0
 3122 067e FFF7FEFF 		bl	SPI_WriteData
1154:Module/lcd_cfg.c **** SPI_WriteData(0x00);
 3123              		.loc 1 1154 1
 3124 0682 0020     		movs	r0, #0
ARM GAS  C:\Users\ADMINI~1\AppData\Local\Temp\ccavp8eo.s 			page 76


 3125 0684 FFF7FEFF 		bl	SPI_WriteData
1155:Module/lcd_cfg.c **** SPI_WriteData(0x00);
 3126              		.loc 1 1155 1
 3127 0688 0020     		movs	r0, #0
 3128 068a FFF7FEFF 		bl	SPI_WriteData
1156:Module/lcd_cfg.c **** SPI_WriteData(0x00);
 3129              		.loc 1 1156 1
 3130 068e 0020     		movs	r0, #0
 3131 0690 FFF7FEFF 		bl	SPI_WriteData
1157:Module/lcd_cfg.c **** SPI_WriteData(0x00);
 3132              		.loc 1 1157 1
 3133 0694 0020     		movs	r0, #0
 3134 0696 FFF7FEFF 		bl	SPI_WriteData
1158:Module/lcd_cfg.c **** SPI_WriteData(0x00);
 3135              		.loc 1 1158 1
 3136 069a 0020     		movs	r0, #0
 3137 069c FFF7FEFF 		bl	SPI_WriteData
1159:Module/lcd_cfg.c **** SPI_WriteData(0x00);
 3138              		.loc 1 1159 1
 3139 06a0 0020     		movs	r0, #0
 3140 06a2 FFF7FEFF 		bl	SPI_WriteData
1160:Module/lcd_cfg.c **** SPI_WriteData(0x00);
 3141              		.loc 1 1160 1
 3142 06a6 0020     		movs	r0, #0
 3143 06a8 FFF7FEFF 		bl	SPI_WriteData
1161:Module/lcd_cfg.c **** SPI_WriteData(0x00);
 3144              		.loc 1 1161 1
 3145 06ac 0020     		movs	r0, #0
 3146 06ae FFF7FEFF 		bl	SPI_WriteData
1162:Module/lcd_cfg.c **** SPI_WriteData(0x60);
 3147              		.loc 1 1162 1
 3148 06b2 6020     		movs	r0, #96
 3149 06b4 FFF7FEFF 		bl	SPI_WriteData
1163:Module/lcd_cfg.c **** SPI_WriteData(0x0F);
 3150              		.loc 1 1163 1
 3151 06b8 0F20     		movs	r0, #15
 3152 06ba FFF7FEFF 		bl	SPI_WriteData
1164:Module/lcd_cfg.c **** SPI_WriteData(0x14);
 3153              		.loc 1 1164 1
 3154 06be 1420     		movs	r0, #20
 3155 06c0 FFF7FEFF 		bl	SPI_WriteData
1165:Module/lcd_cfg.c **** SPI_WriteData(0x00);
 3156              		.loc 1 1165 1
 3157 06c4 0020     		movs	r0, #0
 3158 06c6 FFF7FEFF 		bl	SPI_WriteData
1166:Module/lcd_cfg.c **** SPI_WriteData(0x00);
 3159              		.loc 1 1166 1
 3160 06ca 0020     		movs	r0, #0
 3161 06cc FFF7FEFF 		bl	SPI_WriteData
1167:Module/lcd_cfg.c **** SPI_WriteData(0x20);
 3162              		.loc 1 1167 1
 3163 06d0 2020     		movs	r0, #32
 3164 06d2 FFF7FEFF 		bl	SPI_WriteData
1168:Module/lcd_cfg.c **** SPI_WriteData(0x2C);
 3165              		.loc 1 1168 1
 3166 06d6 2C20     		movs	r0, #44
 3167 06d8 FFF7FEFF 		bl	SPI_WriteData
ARM GAS  C:\Users\ADMINI~1\AppData\Local\Temp\ccavp8eo.s 			page 77


1169:Module/lcd_cfg.c **** 
1170:Module/lcd_cfg.c **** SSD2828_WritePackageSize(17);
 3168              		.loc 1 1170 1
 3169 06dc 1120     		movs	r0, #17
 3170 06de FFF7FEFF 		bl	SSD2828_WritePackageSize
1171:Module/lcd_cfg.c **** SPI_WriteData(0xD0);
 3171              		.loc 1 1171 1
 3172 06e2 D020     		movs	r0, #208
 3173 06e4 FFF7FEFF 		bl	SPI_WriteData
1172:Module/lcd_cfg.c **** SPI_WriteData(0xCB);
 3174              		.loc 1 1172 1
 3175 06e8 CB20     		movs	r0, #203
 3176 06ea FFF7FEFF 		bl	SPI_WriteData
1173:Module/lcd_cfg.c **** SPI_WriteData(0x34);
 3177              		.loc 1 1173 1
 3178 06ee 3420     		movs	r0, #52
 3179 06f0 FFF7FEFF 		bl	SPI_WriteData
1174:Module/lcd_cfg.c **** SPI_WriteData(0x1D);
 3180              		.loc 1 1174 1
 3181 06f4 1D20     		movs	r0, #29
 3182 06f6 FFF7FEFF 		bl	SPI_WriteData
1175:Module/lcd_cfg.c **** SPI_WriteData(0x47);
 3183              		.loc 1 1175 1
 3184 06fa 4720     		movs	r0, #71
 3185 06fc FFF7FEFF 		bl	SPI_WriteData
1176:Module/lcd_cfg.c **** SPI_WriteData(0x51);
 3186              		.loc 1 1176 1
 3187 0700 5120     		movs	r0, #81
 3188 0702 FFF7FEFF 		bl	SPI_WriteData
1177:Module/lcd_cfg.c **** SPI_WriteData(0x0C);
 3189              		.loc 1 1177 1
 3190 0706 0C20     		movs	r0, #12
 3191 0708 FFF7FEFF 		bl	SPI_WriteData
1178:Module/lcd_cfg.c **** SPI_WriteData(0x43);
 3192              		.loc 1 1178 1
 3193 070c 4320     		movs	r0, #67
 3194 070e FFF7FEFF 		bl	SPI_WriteData
1179:Module/lcd_cfg.c **** SPI_WriteData(0x10);
 3195              		.loc 1 1179 1
 3196 0712 1020     		movs	r0, #16
 3197 0714 FFF7FEFF 		bl	SPI_WriteData
1180:Module/lcd_cfg.c **** SPI_WriteData(0x38);
 3198              		.loc 1 1180 1
 3199 0718 3820     		movs	r0, #56
 3200 071a FFF7FEFF 		bl	SPI_WriteData
1181:Module/lcd_cfg.c **** SPI_WriteData(0xAE);
 3201              		.loc 1 1181 1
 3202 071e AE20     		movs	r0, #174
 3203 0720 FFF7FEFF 		bl	SPI_WriteData
1182:Module/lcd_cfg.c **** SPI_WriteData(0xEB);
 3204              		.loc 1 1182 1
 3205 0724 EB20     		movs	r0, #235
 3206 0726 FFF7FEFF 		bl	SPI_WriteData
1183:Module/lcd_cfg.c **** SPI_WriteData(0x24);
 3207              		.loc 1 1183 1
 3208 072a 2420     		movs	r0, #36
 3209 072c FFF7FEFF 		bl	SPI_WriteData
ARM GAS  C:\Users\ADMINI~1\AppData\Local\Temp\ccavp8eo.s 			page 78


1184:Module/lcd_cfg.c **** SPI_WriteData(0xA9);
 3210              		.loc 1 1184 1
 3211 0730 A920     		movs	r0, #169
 3212 0732 FFF7FEFF 		bl	SPI_WriteData
1185:Module/lcd_cfg.c **** SPI_WriteData(0x6D);
 3213              		.loc 1 1185 1
 3214 0736 6D20     		movs	r0, #109
 3215 0738 FFF7FEFF 		bl	SPI_WriteData
1186:Module/lcd_cfg.c **** SPI_WriteData(0xDB);
 3216              		.loc 1 1186 1
 3217 073c DB20     		movs	r0, #219
 3218 073e FFF7FEFF 		bl	SPI_WriteData
1187:Module/lcd_cfg.c **** SPI_WriteData(0xB6);
 3219              		.loc 1 1187 1
 3220 0742 B620     		movs	r0, #182
 3221 0744 FFF7FEFF 		bl	SPI_WriteData
1188:Module/lcd_cfg.c **** 
1189:Module/lcd_cfg.c **** SSD2828_WritePackageSize(17);
 3222              		.loc 1 1189 1
 3223 0748 1120     		movs	r0, #17
 3224 074a FFF7FEFF 		bl	SSD2828_WritePackageSize
1190:Module/lcd_cfg.c **** SPI_WriteData(0xE0);
 3225              		.loc 1 1190 1
 3226 074e E020     		movs	r0, #224
 3227 0750 FFF7FEFF 		bl	SPI_WriteData
1191:Module/lcd_cfg.c **** SPI_WriteData(0x6D);
 3228              		.loc 1 1191 1
 3229 0754 6D20     		movs	r0, #109
 3230 0756 FFF7FEFF 		bl	SPI_WriteData
1192:Module/lcd_cfg.c **** SPI_WriteData(0xDB);
 3231              		.loc 1 1192 1
 3232 075a DB20     		movs	r0, #219
 3233 075c FFF7FEFF 		bl	SPI_WriteData
1193:Module/lcd_cfg.c **** SPI_WriteData(0xB6);
 3234              		.loc 1 1193 1
 3235 0760 B620     		movs	r0, #182
 3236 0762 FFF7FEFF 		bl	SPI_WriteData
1194:Module/lcd_cfg.c **** SPI_WriteData(0x6D);
 3237              		.loc 1 1194 1
 3238 0766 6D20     		movs	r0, #109
 3239 0768 FFF7FEFF 		bl	SPI_WriteData
1195:Module/lcd_cfg.c **** SPI_WriteData(0xDB);
 3240              		.loc 1 1195 1
 3241 076c DB20     		movs	r0, #219
 3242 076e FFF7FEFF 		bl	SPI_WriteData
1196:Module/lcd_cfg.c **** SPI_WriteData(0xB6);
 3243              		.loc 1 1196 1
 3244 0772 B620     		movs	r0, #182
 3245 0774 FFF7FEFF 		bl	SPI_WriteData
1197:Module/lcd_cfg.c **** SPI_WriteData(0x6D);
 3246              		.loc 1 1197 1
 3247 0778 6D20     		movs	r0, #109
 3248 077a FFF7FEFF 		bl	SPI_WriteData
1198:Module/lcd_cfg.c **** SPI_WriteData(0xDB);
 3249              		.loc 1 1198 1
 3250 077e DB20     		movs	r0, #219
 3251 0780 FFF7FEFF 		bl	SPI_WriteData
ARM GAS  C:\Users\ADMINI~1\AppData\Local\Temp\ccavp8eo.s 			page 79


1199:Module/lcd_cfg.c **** SPI_WriteData(0xB6);
 3252              		.loc 1 1199 1
 3253 0784 B620     		movs	r0, #182
 3254 0786 FFF7FEFF 		bl	SPI_WriteData
1200:Module/lcd_cfg.c **** SPI_WriteData(0x6D);
 3255              		.loc 1 1200 1
 3256 078a 6D20     		movs	r0, #109
 3257 078c FFF7FEFF 		bl	SPI_WriteData
1201:Module/lcd_cfg.c **** SPI_WriteData(0xDB);
 3258              		.loc 1 1201 1
 3259 0790 DB20     		movs	r0, #219
 3260 0792 FFF7FEFF 		bl	SPI_WriteData
1202:Module/lcd_cfg.c **** SPI_WriteData(0xB6);
 3261              		.loc 1 1202 1
 3262 0796 B620     		movs	r0, #182
 3263 0798 FFF7FEFF 		bl	SPI_WriteData
1203:Module/lcd_cfg.c **** SPI_WriteData(0x6D);
 3264              		.loc 1 1203 1
 3265 079c 6D20     		movs	r0, #109
 3266 079e FFF7FEFF 		bl	SPI_WriteData
1204:Module/lcd_cfg.c **** SPI_WriteData(0xDB);
 3267              		.loc 1 1204 1
 3268 07a2 DB20     		movs	r0, #219
 3269 07a4 FFF7FEFF 		bl	SPI_WriteData
1205:Module/lcd_cfg.c **** SPI_WriteData(0xB6);
 3270              		.loc 1 1205 1
 3271 07a8 B620     		movs	r0, #182
 3272 07aa FFF7FEFF 		bl	SPI_WriteData
1206:Module/lcd_cfg.c **** SPI_WriteData(0x6D);
 3273              		.loc 1 1206 1
 3274 07ae 6D20     		movs	r0, #109
 3275 07b0 FFF7FEFF 		bl	SPI_WriteData
1207:Module/lcd_cfg.c **** 
1208:Module/lcd_cfg.c **** SSD2828_WritePackageSize(17);
 3276              		.loc 1 1208 1
 3277 07b4 1120     		movs	r0, #17
 3278 07b6 FFF7FEFF 		bl	SSD2828_WritePackageSize
1209:Module/lcd_cfg.c **** SPI_WriteData(0xF0);
 3279              		.loc 1 1209 1
 3280 07ba F020     		movs	r0, #240
 3281 07bc FFF7FEFF 		bl	SPI_WriteData
1210:Module/lcd_cfg.c **** SPI_WriteData(0xDB);
 3282              		.loc 1 1210 1
 3283 07c0 DB20     		movs	r0, #219
 3284 07c2 FFF7FEFF 		bl	SPI_WriteData
1211:Module/lcd_cfg.c **** SPI_WriteData(0xB6);
 3285              		.loc 1 1211 1
 3286 07c6 B620     		movs	r0, #182
 3287 07c8 FFF7FEFF 		bl	SPI_WriteData
1212:Module/lcd_cfg.c **** SPI_WriteData(0x6D);
 3288              		.loc 1 1212 1
 3289 07cc 6D20     		movs	r0, #109
 3290 07ce FFF7FEFF 		bl	SPI_WriteData
1213:Module/lcd_cfg.c **** SPI_WriteData(0x29);
 3291              		.loc 1 1213 1
 3292 07d2 2920     		movs	r0, #41
 3293 07d4 FFF7FEFF 		bl	SPI_WriteData
ARM GAS  C:\Users\ADMINI~1\AppData\Local\Temp\ccavp8eo.s 			page 80


1214:Module/lcd_cfg.c **** SPI_WriteData(0xCA);
 3294              		.loc 1 1214 1
 3295 07d8 CA20     		movs	r0, #202
 3296 07da FFF7FEFF 		bl	SPI_WriteData
1215:Module/lcd_cfg.c **** SPI_WriteData(0x34);
 3297              		.loc 1 1215 1
 3298 07de 3420     		movs	r0, #52
 3299 07e0 FFF7FEFF 		bl	SPI_WriteData
1216:Module/lcd_cfg.c **** SPI_WriteData(0x19);
 3300              		.loc 1 1216 1
 3301 07e4 1920     		movs	r0, #25
 3302 07e6 FFF7FEFF 		bl	SPI_WriteData
1217:Module/lcd_cfg.c **** SPI_WriteData(0x06);
 3303              		.loc 1 1217 1
 3304 07ea 0620     		movs	r0, #6
 3305 07ec FFF7FEFF 		bl	SPI_WriteData
1218:Module/lcd_cfg.c **** SPI_WriteData(0x41);
 3306              		.loc 1 1218 1
 3307 07f0 4120     		movs	r0, #65
 3308 07f2 FFF7FEFF 		bl	SPI_WriteData
1219:Module/lcd_cfg.c **** SPI_WriteData(0x08);
 3309              		.loc 1 1219 1
 3310 07f6 0820     		movs	r0, #8
 3311 07f8 FFF7FEFF 		bl	SPI_WriteData
1220:Module/lcd_cfg.c **** SPI_WriteData(0x02);
 3312              		.loc 1 1220 1
 3313 07fc 0220     		movs	r0, #2
 3314 07fe FFF7FEFF 		bl	SPI_WriteData
1221:Module/lcd_cfg.c **** SPI_WriteData(0x00);
 3315              		.loc 1 1221 1
 3316 0802 0020     		movs	r0, #0
 3317 0804 FFF7FEFF 		bl	SPI_WriteData
1222:Module/lcd_cfg.c **** SPI_WriteData(0x38);
 3318              		.loc 1 1222 1
 3319 0808 3820     		movs	r0, #56
 3320 080a FFF7FEFF 		bl	SPI_WriteData
1223:Module/lcd_cfg.c **** SPI_WriteData(0xAE);
 3321              		.loc 1 1223 1
 3322 080e AE20     		movs	r0, #174
 3323 0810 FFF7FEFF 		bl	SPI_WriteData
1224:Module/lcd_cfg.c **** SPI_WriteData(0xEB);
 3324              		.loc 1 1224 1
 3325 0814 EB20     		movs	r0, #235
 3326 0816 FFF7FEFF 		bl	SPI_WriteData
1225:Module/lcd_cfg.c **** SPI_WriteData(0x20);
 3327              		.loc 1 1225 1
 3328 081a 2020     		movs	r0, #32
 3329 081c FFF7FEFF 		bl	SPI_WriteData
1226:Module/lcd_cfg.c **** 
1227:Module/lcd_cfg.c **** //Blank22
1228:Module/lcd_cfg.c **** SSD2828_WritePackageSize(3);
 3330              		.loc 1 1228 1
 3331 0820 0320     		movs	r0, #3
 3332 0822 FFF7FEFF 		bl	SSD2828_WritePackageSize
1229:Module/lcd_cfg.c **** SPI_WriteData(0x41);
 3333              		.loc 1 1229 1
 3334 0826 4120     		movs	r0, #65
ARM GAS  C:\Users\ADMINI~1\AppData\Local\Temp\ccavp8eo.s 			page 81


 3335 0828 FFF7FEFF 		bl	SPI_WriteData
1230:Module/lcd_cfg.c **** SPI_WriteData(0x5A);
 3336              		.loc 1 1230 1
 3337 082c 5A20     		movs	r0, #90
 3338 082e FFF7FEFF 		bl	SPI_WriteData
1231:Module/lcd_cfg.c **** SPI_WriteData(0x16);
 3339              		.loc 1 1231 1
 3340 0832 1620     		movs	r0, #22
 3341 0834 FFF7FEFF 		bl	SPI_WriteData
1232:Module/lcd_cfg.c **** 
1233:Module/lcd_cfg.c **** SSD2828_WritePackageSize(17);
 3342              		.loc 1 1233 1
 3343 0838 1120     		movs	r0, #17
 3344 083a FFF7FEFF 		bl	SSD2828_WritePackageSize
1234:Module/lcd_cfg.c **** SPI_WriteData(0x80);
 3345              		.loc 1 1234 1
 3346 083e 8020     		movs	r0, #128
 3347 0840 FFF7FEFF 		bl	SPI_WriteData
1235:Module/lcd_cfg.c **** SPI_WriteData(0xA8);
 3348              		.loc 1 1235 1
 3349 0844 A820     		movs	r0, #168
 3350 0846 FFF7FEFF 		bl	SPI_WriteData
1236:Module/lcd_cfg.c **** SPI_WriteData(0x6D);
 3351              		.loc 1 1236 1
 3352 084a 6D20     		movs	r0, #109
 3353 084c FFF7FEFF 		bl	SPI_WriteData
1237:Module/lcd_cfg.c **** SPI_WriteData(0xDB);
 3354              		.loc 1 1237 1
 3355 0850 DB20     		movs	r0, #219
 3356 0852 FFF7FEFF 		bl	SPI_WriteData
1238:Module/lcd_cfg.c **** SPI_WriteData(0xB6);
 3357              		.loc 1 1238 1
 3358 0856 B620     		movs	r0, #182
 3359 0858 FFF7FEFF 		bl	SPI_WriteData
1239:Module/lcd_cfg.c **** SPI_WriteData(0x6D);
 3360              		.loc 1 1239 1
 3361 085c 6D20     		movs	r0, #109
 3362 085e FFF7FEFF 		bl	SPI_WriteData
1240:Module/lcd_cfg.c **** SPI_WriteData(0xDB);
 3363              		.loc 1 1240 1
 3364 0862 DB20     		movs	r0, #219
 3365 0864 FFF7FEFF 		bl	SPI_WriteData
1241:Module/lcd_cfg.c **** SPI_WriteData(0xB6);
 3366              		.loc 1 1241 1
 3367 0868 B620     		movs	r0, #182
 3368 086a FFF7FEFF 		bl	SPI_WriteData
1242:Module/lcd_cfg.c **** SPI_WriteData(0x6D);
 3369              		.loc 1 1242 1
 3370 086e 6D20     		movs	r0, #109
 3371 0870 FFF7FEFF 		bl	SPI_WriteData
1243:Module/lcd_cfg.c **** SPI_WriteData(0xDB);
 3372              		.loc 1 1243 1
 3373 0874 DB20     		movs	r0, #219
 3374 0876 FFF7FEFF 		bl	SPI_WriteData
1244:Module/lcd_cfg.c **** SPI_WriteData(0xB6);
 3375              		.loc 1 1244 1
 3376 087a B620     		movs	r0, #182
ARM GAS  C:\Users\ADMINI~1\AppData\Local\Temp\ccavp8eo.s 			page 82


 3377 087c FFF7FEFF 		bl	SPI_WriteData
1245:Module/lcd_cfg.c **** SPI_WriteData(0x6D);
 3378              		.loc 1 1245 1
 3379 0880 6D20     		movs	r0, #109
 3380 0882 FFF7FEFF 		bl	SPI_WriteData
1246:Module/lcd_cfg.c **** SPI_WriteData(0xDB);
 3381              		.loc 1 1246 1
 3382 0886 DB20     		movs	r0, #219
 3383 0888 FFF7FEFF 		bl	SPI_WriteData
1247:Module/lcd_cfg.c **** SPI_WriteData(0xB6);
 3384              		.loc 1 1247 1
 3385 088c B620     		movs	r0, #182
 3386 088e FFF7FEFF 		bl	SPI_WriteData
1248:Module/lcd_cfg.c **** SPI_WriteData(0x6D);
 3387              		.loc 1 1248 1
 3388 0892 6D20     		movs	r0, #109
 3389 0894 FFF7FEFF 		bl	SPI_WriteData
1249:Module/lcd_cfg.c **** SPI_WriteData(0xDB);
 3390              		.loc 1 1249 1
 3391 0898 DB20     		movs	r0, #219
 3392 089a FFF7FEFF 		bl	SPI_WriteData
1250:Module/lcd_cfg.c **** SPI_WriteData(0xB6);
 3393              		.loc 1 1250 1
 3394 089e B620     		movs	r0, #182
 3395 08a0 FFF7FEFF 		bl	SPI_WriteData
1251:Module/lcd_cfg.c **** 
1252:Module/lcd_cfg.c **** SSD2828_WritePackageSize(17);
 3396              		.loc 1 1252 1
 3397 08a4 1120     		movs	r0, #17
 3398 08a6 FFF7FEFF 		bl	SSD2828_WritePackageSize
1253:Module/lcd_cfg.c **** SPI_WriteData(0x90);
 3399              		.loc 1 1253 1
 3400 08aa 9020     		movs	r0, #144
 3401 08ac FFF7FEFF 		bl	SPI_WriteData
1254:Module/lcd_cfg.c **** SPI_WriteData(0x6D);
 3402              		.loc 1 1254 1
 3403 08b0 6D20     		movs	r0, #109
 3404 08b2 FFF7FEFF 		bl	SPI_WriteData
1255:Module/lcd_cfg.c **** SPI_WriteData(0xDB);
 3405              		.loc 1 1255 1
 3406 08b6 DB20     		movs	r0, #219
 3407 08b8 FFF7FEFF 		bl	SPI_WriteData
1256:Module/lcd_cfg.c **** SPI_WriteData(0xB6);
 3408              		.loc 1 1256 1
 3409 08bc B620     		movs	r0, #182
 3410 08be FFF7FEFF 		bl	SPI_WriteData
1257:Module/lcd_cfg.c **** SPI_WriteData(0x6D);
 3411              		.loc 1 1257 1
 3412 08c2 6D20     		movs	r0, #109
 3413 08c4 FFF7FEFF 		bl	SPI_WriteData
1258:Module/lcd_cfg.c **** SPI_WriteData(0xDB);
 3414              		.loc 1 1258 1
 3415 08c8 DB20     		movs	r0, #219
 3416 08ca FFF7FEFF 		bl	SPI_WriteData
1259:Module/lcd_cfg.c **** SPI_WriteData(0xB6);
 3417              		.loc 1 1259 1
 3418 08ce B620     		movs	r0, #182
ARM GAS  C:\Users\ADMINI~1\AppData\Local\Temp\ccavp8eo.s 			page 83


 3419 08d0 FFF7FEFF 		bl	SPI_WriteData
1260:Module/lcd_cfg.c **** SPI_WriteData(0x6D);
 3420              		.loc 1 1260 1
 3421 08d4 6D20     		movs	r0, #109
 3422 08d6 FFF7FEFF 		bl	SPI_WriteData
1261:Module/lcd_cfg.c **** SPI_WriteData(0x01);
 3423              		.loc 1 1261 1
 3424 08da 0120     		movs	r0, #1
 3425 08dc FFF7FEFF 		bl	SPI_WriteData
1262:Module/lcd_cfg.c **** SPI_WriteData(0x03);
 3426              		.loc 1 1262 1
 3427 08e0 0320     		movs	r0, #3
 3428 08e2 FFF7FEFF 		bl	SPI_WriteData
1263:Module/lcd_cfg.c **** SPI_WriteData(0x03);
 3429              		.loc 1 1263 1
 3430 08e6 0320     		movs	r0, #3
 3431 08e8 FFF7FEFF 		bl	SPI_WriteData
1264:Module/lcd_cfg.c **** SPI_WriteData(0x00);
 3432              		.loc 1 1264 1
 3433 08ec 0020     		movs	r0, #0
 3434 08ee FFF7FEFF 		bl	SPI_WriteData
1265:Module/lcd_cfg.c **** SPI_WriteData(0x00);
 3435              		.loc 1 1265 1
 3436 08f2 0020     		movs	r0, #0
 3437 08f4 FFF7FEFF 		bl	SPI_WriteData
1266:Module/lcd_cfg.c **** SPI_WriteData(0x00);
 3438              		.loc 1 1266 1
 3439 08f8 0020     		movs	r0, #0
 3440 08fa FFF7FEFF 		bl	SPI_WriteData
1267:Module/lcd_cfg.c **** SPI_WriteData(0x00);
 3441              		.loc 1 1267 1
 3442 08fe 0020     		movs	r0, #0
 3443 0900 FFF7FEFF 		bl	SPI_WriteData
1268:Module/lcd_cfg.c **** SPI_WriteData(0x00);
 3444              		.loc 1 1268 1
 3445 0904 0020     		movs	r0, #0
 3446 0906 FFF7FEFF 		bl	SPI_WriteData
1269:Module/lcd_cfg.c **** SPI_WriteData(0x00);
 3447              		.loc 1 1269 1
 3448 090a 0020     		movs	r0, #0
 3449 090c FFF7FEFF 		bl	SPI_WriteData
1270:Module/lcd_cfg.c **** 
1271:Module/lcd_cfg.c **** SSD2828_WritePackageSize(17);
 3450              		.loc 1 1271 1
 3451 0910 1120     		movs	r0, #17
 3452 0912 FFF7FEFF 		bl	SSD2828_WritePackageSize
1272:Module/lcd_cfg.c **** SPI_WriteData(0xA0);
 3453              		.loc 1 1272 1
 3454 0916 A020     		movs	r0, #160
 3455 0918 FFF7FEFF 		bl	SPI_WriteData
1273:Module/lcd_cfg.c **** SPI_WriteData(0x00);
 3456              		.loc 1 1273 1
 3457 091c 0020     		movs	r0, #0
 3458 091e FFF7FEFF 		bl	SPI_WriteData
1274:Module/lcd_cfg.c **** SPI_WriteData(0x00);
 3459              		.loc 1 1274 1
 3460 0922 0020     		movs	r0, #0
ARM GAS  C:\Users\ADMINI~1\AppData\Local\Temp\ccavp8eo.s 			page 84


 3461 0924 FFF7FEFF 		bl	SPI_WriteData
1275:Module/lcd_cfg.c **** SPI_WriteData(0x00);
 3462              		.loc 1 1275 1
 3463 0928 0020     		movs	r0, #0
 3464 092a FFF7FEFF 		bl	SPI_WriteData
1276:Module/lcd_cfg.c **** SPI_WriteData(0x00);
 3465              		.loc 1 1276 1
 3466 092e 0020     		movs	r0, #0
 3467 0930 FFF7FEFF 		bl	SPI_WriteData
1277:Module/lcd_cfg.c **** SPI_WriteData(0x00);
 3468              		.loc 1 1277 1
 3469 0934 0020     		movs	r0, #0
 3470 0936 FFF7FEFF 		bl	SPI_WriteData
1278:Module/lcd_cfg.c **** SPI_WriteData(0x00);
 3471              		.loc 1 1278 1
 3472 093a 0020     		movs	r0, #0
 3473 093c FFF7FEFF 		bl	SPI_WriteData
1279:Module/lcd_cfg.c **** SPI_WriteData(0x00);
 3474              		.loc 1 1279 1
 3475 0940 0020     		movs	r0, #0
 3476 0942 FFF7FEFF 		bl	SPI_WriteData
1280:Module/lcd_cfg.c **** SPI_WriteData(0x00);
 3477              		.loc 1 1280 1
 3478 0946 0020     		movs	r0, #0
 3479 0948 FFF7FEFF 		bl	SPI_WriteData
1281:Module/lcd_cfg.c **** SPI_WriteData(0x00);
 3480              		.loc 1 1281 1
 3481 094c 0020     		movs	r0, #0
 3482 094e FFF7FEFF 		bl	SPI_WriteData
1282:Module/lcd_cfg.c **** SPI_WriteData(0x00);
 3483              		.loc 1 1282 1
 3484 0952 0020     		movs	r0, #0
 3485 0954 FFF7FEFF 		bl	SPI_WriteData
1283:Module/lcd_cfg.c **** SPI_WriteData(0x00);
 3486              		.loc 1 1283 1
 3487 0958 0020     		movs	r0, #0
 3488 095a FFF7FEFF 		bl	SPI_WriteData
1284:Module/lcd_cfg.c **** SPI_WriteData(0x00);
 3489              		.loc 1 1284 1
 3490 095e 0020     		movs	r0, #0
 3491 0960 FFF7FEFF 		bl	SPI_WriteData
1285:Module/lcd_cfg.c **** SPI_WriteData(0xC0);
 3492              		.loc 1 1285 1
 3493 0964 C020     		movs	r0, #192
 3494 0966 FFF7FEFF 		bl	SPI_WriteData
1286:Module/lcd_cfg.c **** SPI_WriteData(0x1F);
 3495              		.loc 1 1286 1
 3496 096a 1F20     		movs	r0, #31
 3497 096c FFF7FEFF 		bl	SPI_WriteData
1287:Module/lcd_cfg.c **** SPI_WriteData(0xE1);
 3498              		.loc 1 1287 1
 3499 0970 E120     		movs	r0, #225
 3500 0972 FFF7FEFF 		bl	SPI_WriteData
1288:Module/lcd_cfg.c **** SPI_WriteData(0x01);
 3501              		.loc 1 1288 1
 3502 0976 0120     		movs	r0, #1
 3503 0978 FFF7FEFF 		bl	SPI_WriteData
ARM GAS  C:\Users\ADMINI~1\AppData\Local\Temp\ccavp8eo.s 			page 85


1289:Module/lcd_cfg.c **** 
1290:Module/lcd_cfg.c **** SSD2828_WritePackageSize(17);
 3504              		.loc 1 1290 1
 3505 097c 1120     		movs	r0, #17
 3506 097e FFF7FEFF 		bl	SSD2828_WritePackageSize
1291:Module/lcd_cfg.c **** SPI_WriteData(0xB0);
 3507              		.loc 1 1291 1
 3508 0982 B020     		movs	r0, #176
 3509 0984 FFF7FEFF 		bl	SPI_WriteData
1292:Module/lcd_cfg.c **** SPI_WriteData(0x28);
 3510              		.loc 1 1292 1
 3511 0988 2820     		movs	r0, #40
 3512 098a FFF7FEFF 		bl	SPI_WriteData
1293:Module/lcd_cfg.c **** SPI_WriteData(0x02);
 3513              		.loc 1 1293 1
 3514 098e 0220     		movs	r0, #2
 3515 0990 FFF7FEFF 		bl	SPI_WriteData
1294:Module/lcd_cfg.c **** SPI_WriteData(0x00);
 3516              		.loc 1 1294 1
 3517 0994 0020     		movs	r0, #0
 3518 0996 FFF7FEFF 		bl	SPI_WriteData
1295:Module/lcd_cfg.c **** SPI_WriteData(0x00);
 3519              		.loc 1 1295 1
 3520 099a 0020     		movs	r0, #0
 3521 099c FFF7FEFF 		bl	SPI_WriteData
1296:Module/lcd_cfg.c **** SPI_WriteData(0x00);
 3522              		.loc 1 1296 1
 3523 09a0 0020     		movs	r0, #0
 3524 09a2 FFF7FEFF 		bl	SPI_WriteData
1297:Module/lcd_cfg.c **** SPI_WriteData(0x00);
 3525              		.loc 1 1297 1
 3526 09a6 0020     		movs	r0, #0
 3527 09a8 FFF7FEFF 		bl	SPI_WriteData
1298:Module/lcd_cfg.c **** SPI_WriteData(0x00);
 3528              		.loc 1 1298 1
 3529 09ac 0020     		movs	r0, #0
 3530 09ae FFF7FEFF 		bl	SPI_WriteData
1299:Module/lcd_cfg.c **** SPI_WriteData(0x00);
 3531              		.loc 1 1299 1
 3532 09b2 0020     		movs	r0, #0
 3533 09b4 FFF7FEFF 		bl	SPI_WriteData
1300:Module/lcd_cfg.c **** SPI_WriteData(0x00);
 3534              		.loc 1 1300 1
 3535 09b8 0020     		movs	r0, #0
 3536 09ba FFF7FEFF 		bl	SPI_WriteData
1301:Module/lcd_cfg.c **** SPI_WriteData(0x00);
 3537              		.loc 1 1301 1
 3538 09be 0020     		movs	r0, #0
 3539 09c0 FFF7FEFF 		bl	SPI_WriteData
1302:Module/lcd_cfg.c **** SPI_WriteData(0x04);
 3540              		.loc 1 1302 1
 3541 09c4 0420     		movs	r0, #4
 3542 09c6 FFF7FEFF 		bl	SPI_WriteData
1303:Module/lcd_cfg.c **** SPI_WriteData(0x00);
 3543              		.loc 1 1303 1
 3544 09ca 0020     		movs	r0, #0
 3545 09cc FFF7FEFF 		bl	SPI_WriteData
ARM GAS  C:\Users\ADMINI~1\AppData\Local\Temp\ccavp8eo.s 			page 86


1304:Module/lcd_cfg.c **** SPI_WriteData(0x00);
 3546              		.loc 1 1304 1
 3547 09d0 0020     		movs	r0, #0
 3548 09d2 FFF7FEFF 		bl	SPI_WriteData
1305:Module/lcd_cfg.c **** SPI_WriteData(0x00);
 3549              		.loc 1 1305 1
 3550 09d6 0020     		movs	r0, #0
 3551 09d8 FFF7FEFF 		bl	SPI_WriteData
1306:Module/lcd_cfg.c **** SPI_WriteData(0x00);
 3552              		.loc 1 1306 1
 3553 09dc 0020     		movs	r0, #0
 3554 09de FFF7FEFF 		bl	SPI_WriteData
1307:Module/lcd_cfg.c **** SPI_WriteData(0x00);
 3555              		.loc 1 1307 1
 3556 09e2 0020     		movs	r0, #0
 3557 09e4 FFF7FEFF 		bl	SPI_WriteData
1308:Module/lcd_cfg.c **** 
1309:Module/lcd_cfg.c **** SSD2828_WritePackageSize(17);
 3558              		.loc 1 1309 1
 3559 09e8 1120     		movs	r0, #17
 3560 09ea FFF7FEFF 		bl	SSD2828_WritePackageSize
1310:Module/lcd_cfg.c **** SPI_WriteData(0xC0);
 3561              		.loc 1 1310 1
 3562 09ee C020     		movs	r0, #192
 3563 09f0 FFF7FEFF 		bl	SPI_WriteData
1311:Module/lcd_cfg.c **** SPI_WriteData(0x00);
 3564              		.loc 1 1311 1
 3565 09f4 0020     		movs	r0, #0
 3566 09f6 FFF7FEFF 		bl	SPI_WriteData
1312:Module/lcd_cfg.c **** SPI_WriteData(0x00);
 3567              		.loc 1 1312 1
 3568 09fa 0020     		movs	r0, #0
 3569 09fc FFF7FEFF 		bl	SPI_WriteData
1313:Module/lcd_cfg.c **** SPI_WriteData(0x00);
 3570              		.loc 1 1313 1
 3571 0a00 0020     		movs	r0, #0
 3572 0a02 FFF7FEFF 		bl	SPI_WriteData
1314:Module/lcd_cfg.c **** SPI_WriteData(0x00);
 3573              		.loc 1 1314 1
 3574 0a06 0020     		movs	r0, #0
 3575 0a08 FFF7FEFF 		bl	SPI_WriteData
1315:Module/lcd_cfg.c **** SPI_WriteData(0x00);
 3576              		.loc 1 1315 1
 3577 0a0c 0020     		movs	r0, #0
 3578 0a0e FFF7FEFF 		bl	SPI_WriteData
1316:Module/lcd_cfg.c **** SPI_WriteData(0x00);
 3579              		.loc 1 1316 1
 3580 0a12 0020     		movs	r0, #0
 3581 0a14 FFF7FEFF 		bl	SPI_WriteData
1317:Module/lcd_cfg.c **** SPI_WriteData(0x02);
 3582              		.loc 1 1317 1
 3583 0a18 0220     		movs	r0, #2
 3584 0a1a FFF7FEFF 		bl	SPI_WriteData
1318:Module/lcd_cfg.c **** SPI_WriteData(0x06);
 3585              		.loc 1 1318 1
 3586 0a1e 0620     		movs	r0, #6
 3587 0a20 FFF7FEFF 		bl	SPI_WriteData
ARM GAS  C:\Users\ADMINI~1\AppData\Local\Temp\ccavp8eo.s 			page 87


1319:Module/lcd_cfg.c **** SPI_WriteData(0x00);
 3588              		.loc 1 1319 1
 3589 0a24 0020     		movs	r0, #0
 3590 0a26 FFF7FEFF 		bl	SPI_WriteData
1320:Module/lcd_cfg.c **** SPI_WriteData(0x00);
 3591              		.loc 1 1320 1
 3592 0a2a 0020     		movs	r0, #0
 3593 0a2c FFF7FEFF 		bl	SPI_WriteData
1321:Module/lcd_cfg.c **** SPI_WriteData(0x00);
 3594              		.loc 1 1321 1
 3595 0a30 0020     		movs	r0, #0
 3596 0a32 FFF7FEFF 		bl	SPI_WriteData
1322:Module/lcd_cfg.c **** SPI_WriteData(0x00);
 3597              		.loc 1 1322 1
 3598 0a36 0020     		movs	r0, #0
 3599 0a38 FFF7FEFF 		bl	SPI_WriteData
1323:Module/lcd_cfg.c **** SPI_WriteData(0x00);
 3600              		.loc 1 1323 1
 3601 0a3c 0020     		movs	r0, #0
 3602 0a3e FFF7FEFF 		bl	SPI_WriteData
1324:Module/lcd_cfg.c **** SPI_WriteData(0x00);
 3603              		.loc 1 1324 1
 3604 0a42 0020     		movs	r0, #0
 3605 0a44 FFF7FEFF 		bl	SPI_WriteData
1325:Module/lcd_cfg.c **** SPI_WriteData(0x02);
 3606              		.loc 1 1325 1
 3607 0a48 0220     		movs	r0, #2
 3608 0a4a FFF7FEFF 		bl	SPI_WriteData
1326:Module/lcd_cfg.c **** SPI_WriteData(0x00);
 3609              		.loc 1 1326 1
 3610 0a4e 0020     		movs	r0, #0
 3611 0a50 FFF7FEFF 		bl	SPI_WriteData
1327:Module/lcd_cfg.c **** 
1328:Module/lcd_cfg.c **** SSD2828_WritePackageSize(17);
 3612              		.loc 1 1328 1
 3613 0a54 1120     		movs	r0, #17
 3614 0a56 FFF7FEFF 		bl	SSD2828_WritePackageSize
1329:Module/lcd_cfg.c **** SPI_WriteData(0xD0);
 3615              		.loc 1 1329 1
 3616 0a5a D020     		movs	r0, #208
 3617 0a5c FFF7FEFF 		bl	SPI_WriteData
1330:Module/lcd_cfg.c **** SPI_WriteData(0x00);
 3618              		.loc 1 1330 1
 3619 0a60 0020     		movs	r0, #0
 3620 0a62 FFF7FEFF 		bl	SPI_WriteData
1331:Module/lcd_cfg.c **** SPI_WriteData(0x00);
 3621              		.loc 1 1331 1
 3622 0a66 0020     		movs	r0, #0
 3623 0a68 FFF7FEFF 		bl	SPI_WriteData
1332:Module/lcd_cfg.c **** SPI_WriteData(0x00);
 3624              		.loc 1 1332 1
 3625 0a6c 0020     		movs	r0, #0
 3626 0a6e FFF7FEFF 		bl	SPI_WriteData
1333:Module/lcd_cfg.c **** SPI_WriteData(0x00);
 3627              		.loc 1 1333 1
 3628 0a72 0020     		movs	r0, #0
 3629 0a74 FFF7FEFF 		bl	SPI_WriteData
ARM GAS  C:\Users\ADMINI~1\AppData\Local\Temp\ccavp8eo.s 			page 88


1334:Module/lcd_cfg.c **** SPI_WriteData(0x00);
 3630              		.loc 1 1334 1
 3631 0a78 0020     		movs	r0, #0
 3632 0a7a FFF7FEFF 		bl	SPI_WriteData
1335:Module/lcd_cfg.c **** SPI_WriteData(0x00);
 3633              		.loc 1 1335 1
 3634 0a7e 0020     		movs	r0, #0
 3635 0a80 FFF7FEFF 		bl	SPI_WriteData
1336:Module/lcd_cfg.c **** SPI_WriteData(0x00);
 3636              		.loc 1 1336 1
 3637 0a84 0020     		movs	r0, #0
 3638 0a86 FFF7FEFF 		bl	SPI_WriteData
1337:Module/lcd_cfg.c **** SPI_WriteData(0x00);
 3639              		.loc 1 1337 1
 3640 0a8a 0020     		movs	r0, #0
 3641 0a8c FFF7FEFF 		bl	SPI_WriteData
1338:Module/lcd_cfg.c **** SPI_WriteData(0x04);
 3642              		.loc 1 1338 1
 3643 0a90 0420     		movs	r0, #4
 3644 0a92 FFF7FEFF 		bl	SPI_WriteData
1339:Module/lcd_cfg.c **** SPI_WriteData(0x00);
 3645              		.loc 1 1339 1
 3646 0a96 0020     		movs	r0, #0
 3647 0a98 FFF7FEFF 		bl	SPI_WriteData
1340:Module/lcd_cfg.c **** SPI_WriteData(0x00);
 3648              		.loc 1 1340 1
 3649 0a9c 0020     		movs	r0, #0
 3650 0a9e FFF7FEFF 		bl	SPI_WriteData
1341:Module/lcd_cfg.c **** SPI_WriteData(0x00);
 3651              		.loc 1 1341 1
 3652 0aa2 0020     		movs	r0, #0
 3653 0aa4 FFF7FEFF 		bl	SPI_WriteData
1342:Module/lcd_cfg.c **** SPI_WriteData(0x00);
 3654              		.loc 1 1342 1
 3655 0aa8 0020     		movs	r0, #0
 3656 0aaa FFF7FEFF 		bl	SPI_WriteData
1343:Module/lcd_cfg.c **** SPI_WriteData(0x00);
 3657              		.loc 1 1343 1
 3658 0aae 0020     		movs	r0, #0
 3659 0ab0 FFF7FEFF 		bl	SPI_WriteData
1344:Module/lcd_cfg.c **** SPI_WriteData(0x00);
 3660              		.loc 1 1344 1
 3661 0ab4 0020     		movs	r0, #0
 3662 0ab6 FFF7FEFF 		bl	SPI_WriteData
1345:Module/lcd_cfg.c **** SPI_WriteData(0x00);
 3663              		.loc 1 1345 1
 3664 0aba 0020     		movs	r0, #0
 3665 0abc FFF7FEFF 		bl	SPI_WriteData
1346:Module/lcd_cfg.c **** 
1347:Module/lcd_cfg.c **** SSD2828_WritePackageSize(17);
 3666              		.loc 1 1347 1
 3667 0ac0 1120     		movs	r0, #17
 3668 0ac2 FFF7FEFF 		bl	SSD2828_WritePackageSize
1348:Module/lcd_cfg.c **** SPI_WriteData(0xE0);
 3669              		.loc 1 1348 1
 3670 0ac6 E020     		movs	r0, #224
 3671 0ac8 FFF7FEFF 		bl	SPI_WriteData
ARM GAS  C:\Users\ADMINI~1\AppData\Local\Temp\ccavp8eo.s 			page 89


1349:Module/lcd_cfg.c **** SPI_WriteData(0x00);
 3672              		.loc 1 1349 1
 3673 0acc 0020     		movs	r0, #0
 3674 0ace FFF7FEFF 		bl	SPI_WriteData
1350:Module/lcd_cfg.c **** SPI_WriteData(0x00);
 3675              		.loc 1 1350 1
 3676 0ad2 0020     		movs	r0, #0
 3677 0ad4 FFF7FEFF 		bl	SPI_WriteData
1351:Module/lcd_cfg.c **** SPI_WriteData(0x00);
 3678              		.loc 1 1351 1
 3679 0ad8 0020     		movs	r0, #0
 3680 0ada FFF7FEFF 		bl	SPI_WriteData
1352:Module/lcd_cfg.c **** SPI_WriteData(0x00);
 3681              		.loc 1 1352 1
 3682 0ade 0020     		movs	r0, #0
 3683 0ae0 FFF7FEFF 		bl	SPI_WriteData
1353:Module/lcd_cfg.c **** SPI_WriteData(0x01);
 3684              		.loc 1 1353 1
 3685 0ae4 0120     		movs	r0, #1
 3686 0ae6 FFF7FEFF 		bl	SPI_WriteData
1354:Module/lcd_cfg.c **** SPI_WriteData(0x00);
 3687              		.loc 1 1354 1
 3688 0aea 0020     		movs	r0, #0
 3689 0aec FFF7FEFF 		bl	SPI_WriteData
1355:Module/lcd_cfg.c **** SPI_WriteData(0x00);
 3690              		.loc 1 1355 1
 3691 0af0 0020     		movs	r0, #0
 3692 0af2 FFF7FEFF 		bl	SPI_WriteData
1356:Module/lcd_cfg.c **** SPI_WriteData(0x00);
 3693              		.loc 1 1356 1
 3694 0af6 0020     		movs	r0, #0
 3695 0af8 FFF7FEFF 		bl	SPI_WriteData
1357:Module/lcd_cfg.c **** SPI_WriteData(0x00);
 3696              		.loc 1 1357 1
 3697 0afc 0020     		movs	r0, #0
 3698 0afe FFF7FEFF 		bl	SPI_WriteData
1358:Module/lcd_cfg.c **** SPI_WriteData(0x00);
 3699              		.loc 1 1358 1
 3700 0b02 0020     		movs	r0, #0
 3701 0b04 FFF7FEFF 		bl	SPI_WriteData
1359:Module/lcd_cfg.c **** SPI_WriteData(0x00);
 3702              		.loc 1 1359 1
 3703 0b08 0020     		movs	r0, #0
 3704 0b0a FFF7FEFF 		bl	SPI_WriteData
1360:Module/lcd_cfg.c **** SPI_WriteData(0x00);
 3705              		.loc 1 1360 1
 3706 0b0e 0020     		movs	r0, #0
 3707 0b10 FFF7FEFF 		bl	SPI_WriteData
1361:Module/lcd_cfg.c **** SPI_WriteData(0x00);
 3708              		.loc 1 1361 1
 3709 0b14 0020     		movs	r0, #0
 3710 0b16 FFF7FEFF 		bl	SPI_WriteData
1362:Module/lcd_cfg.c **** SPI_WriteData(0x00);
 3711              		.loc 1 1362 1
 3712 0b1a 0020     		movs	r0, #0
 3713 0b1c FFF7FEFF 		bl	SPI_WriteData
1363:Module/lcd_cfg.c **** SPI_WriteData(0x00);
ARM GAS  C:\Users\ADMINI~1\AppData\Local\Temp\ccavp8eo.s 			page 90


 3714              		.loc 1 1363 1
 3715 0b20 0020     		movs	r0, #0
 3716 0b22 FFF7FEFF 		bl	SPI_WriteData
1364:Module/lcd_cfg.c **** SPI_WriteData(0x00);
 3717              		.loc 1 1364 1
 3718 0b26 0020     		movs	r0, #0
 3719 0b28 FFF7FEFF 		bl	SPI_WriteData
1365:Module/lcd_cfg.c **** 
1366:Module/lcd_cfg.c **** SSD2828_WritePackageSize(17);
 3720              		.loc 1 1366 1
 3721 0b2c 1120     		movs	r0, #17
 3722 0b2e FFF7FEFF 		bl	SSD2828_WritePackageSize
1367:Module/lcd_cfg.c **** SPI_WriteData(0xF0);
 3723              		.loc 1 1367 1
 3724 0b32 F020     		movs	r0, #240
 3725 0b34 FFF7FEFF 		bl	SPI_WriteData
1368:Module/lcd_cfg.c **** SPI_WriteData(0x00);
 3726              		.loc 1 1368 1
 3727 0b38 0020     		movs	r0, #0
 3728 0b3a FFF7FEFF 		bl	SPI_WriteData
1369:Module/lcd_cfg.c **** SPI_WriteData(0x04);
 3729              		.loc 1 1369 1
 3730 0b3e 0420     		movs	r0, #4
 3731 0b40 FFF7FEFF 		bl	SPI_WriteData
1370:Module/lcd_cfg.c **** SPI_WriteData(0x00);
 3732              		.loc 1 1370 1
 3733 0b44 0020     		movs	r0, #0
 3734 0b46 FFF7FEFF 		bl	SPI_WriteData
1371:Module/lcd_cfg.c **** SPI_WriteData(0x00);
 3735              		.loc 1 1371 1
 3736 0b4a 0020     		movs	r0, #0
 3737 0b4c FFF7FEFF 		bl	SPI_WriteData
1372:Module/lcd_cfg.c **** SPI_WriteData(0x00);
 3738              		.loc 1 1372 1
 3739 0b50 0020     		movs	r0, #0
 3740 0b52 FFF7FEFF 		bl	SPI_WriteData
1373:Module/lcd_cfg.c **** SPI_WriteData(0x00);
 3741              		.loc 1 1373 1
 3742 0b56 0020     		movs	r0, #0
 3743 0b58 FFF7FEFF 		bl	SPI_WriteData
1374:Module/lcd_cfg.c **** SPI_WriteData(0x00);
 3744              		.loc 1 1374 1
 3745 0b5c 0020     		movs	r0, #0
 3746 0b5e FFF7FEFF 		bl	SPI_WriteData
1375:Module/lcd_cfg.c **** SPI_WriteData(0x00);
 3747              		.loc 1 1375 1
 3748 0b62 0020     		movs	r0, #0
 3749 0b64 FFF7FEFF 		bl	SPI_WriteData
1376:Module/lcd_cfg.c **** SPI_WriteData(0x00);
 3750              		.loc 1 1376 1
 3751 0b68 0020     		movs	r0, #0
 3752 0b6a FFF7FEFF 		bl	SPI_WriteData
1377:Module/lcd_cfg.c **** SPI_WriteData(0x00);
 3753              		.loc 1 1377 1
 3754 0b6e 0020     		movs	r0, #0
 3755 0b70 FFF7FEFF 		bl	SPI_WriteData
1378:Module/lcd_cfg.c **** SPI_WriteData(0x00);
ARM GAS  C:\Users\ADMINI~1\AppData\Local\Temp\ccavp8eo.s 			page 91


 3756              		.loc 1 1378 1
 3757 0b74 0020     		movs	r0, #0
 3758 0b76 FFF7FEFF 		bl	SPI_WriteData
1379:Module/lcd_cfg.c **** SPI_WriteData(0x20);
 3759              		.loc 1 1379 1
 3760 0b7a 2020     		movs	r0, #32
 3761 0b7c FFF7FEFF 		bl	SPI_WriteData
1380:Module/lcd_cfg.c **** SPI_WriteData(0x00);
 3762              		.loc 1 1380 1
 3763 0b80 0020     		movs	r0, #0
 3764 0b82 FFF7FEFF 		bl	SPI_WriteData
1381:Module/lcd_cfg.c **** SPI_WriteData(0x00);
 3765              		.loc 1 1381 1
 3766 0b86 0020     		movs	r0, #0
 3767 0b88 FFF7FEFF 		bl	SPI_WriteData
1382:Module/lcd_cfg.c **** SPI_WriteData(0x00);
 3768              		.loc 1 1382 1
 3769 0b8c 0020     		movs	r0, #0
 3770 0b8e FFF7FEFF 		bl	SPI_WriteData
1383:Module/lcd_cfg.c **** SPI_WriteData(0x00);
 3771              		.loc 1 1383 1
 3772 0b92 0020     		movs	r0, #0
 3773 0b94 FFF7FEFF 		bl	SPI_WriteData
1384:Module/lcd_cfg.c **** 
1385:Module/lcd_cfg.c **** //Blank23
1386:Module/lcd_cfg.c **** SSD2828_WritePackageSize(3);
 3774              		.loc 1 1386 1
 3775 0b98 0320     		movs	r0, #3
 3776 0b9a FFF7FEFF 		bl	SSD2828_WritePackageSize
1387:Module/lcd_cfg.c **** SPI_WriteData(0x41);
 3777              		.loc 1 1387 1
 3778 0b9e 4120     		movs	r0, #65
 3779 0ba0 FFF7FEFF 		bl	SPI_WriteData
1388:Module/lcd_cfg.c **** SPI_WriteData(0x5A);
 3780              		.loc 1 1388 1
 3781 0ba4 5A20     		movs	r0, #90
 3782 0ba6 FFF7FEFF 		bl	SPI_WriteData
1389:Module/lcd_cfg.c **** SPI_WriteData(0x17);
 3783              		.loc 1 1389 1
 3784 0baa 1720     		movs	r0, #23
 3785 0bac FFF7FEFF 		bl	SPI_WriteData
1390:Module/lcd_cfg.c **** 
1391:Module/lcd_cfg.c **** SSD2828_WritePackageSize(17);
 3786              		.loc 1 1391 1
 3787 0bb0 1120     		movs	r0, #17
 3788 0bb2 FFF7FEFF 		bl	SSD2828_WritePackageSize
1392:Module/lcd_cfg.c **** SPI_WriteData(0x80);
 3789              		.loc 1 1392 1
 3790 0bb6 8020     		movs	r0, #128
 3791 0bb8 FFF7FEFF 		bl	SPI_WriteData
1393:Module/lcd_cfg.c **** SPI_WriteData(0x00);
 3792              		.loc 1 1393 1
 3793 0bbc 0020     		movs	r0, #0
 3794 0bbe FFF7FEFF 		bl	SPI_WriteData
1394:Module/lcd_cfg.c **** SPI_WriteData(0x00);
 3795              		.loc 1 1394 1
 3796 0bc2 0020     		movs	r0, #0
ARM GAS  C:\Users\ADMINI~1\AppData\Local\Temp\ccavp8eo.s 			page 92


 3797 0bc4 FFF7FEFF 		bl	SPI_WriteData
1395:Module/lcd_cfg.c **** SPI_WriteData(0x00);
 3798              		.loc 1 1395 1
 3799 0bc8 0020     		movs	r0, #0
 3800 0bca FFF7FEFF 		bl	SPI_WriteData
1396:Module/lcd_cfg.c **** SPI_WriteData(0x00);
 3801              		.loc 1 1396 1
 3802 0bce 0020     		movs	r0, #0
 3803 0bd0 FFF7FEFF 		bl	SPI_WriteData
1397:Module/lcd_cfg.c **** SPI_WriteData(0x00);
 3804              		.loc 1 1397 1
 3805 0bd4 0020     		movs	r0, #0
 3806 0bd6 FFF7FEFF 		bl	SPI_WriteData
1398:Module/lcd_cfg.c **** SPI_WriteData(0x04);
 3807              		.loc 1 1398 1
 3808 0bda 0420     		movs	r0, #4
 3809 0bdc FFF7FEFF 		bl	SPI_WriteData
1399:Module/lcd_cfg.c **** SPI_WriteData(0x00);
 3810              		.loc 1 1399 1
 3811 0be0 0020     		movs	r0, #0
 3812 0be2 FFF7FEFF 		bl	SPI_WriteData
1400:Module/lcd_cfg.c **** SPI_WriteData(0x00);
 3813              		.loc 1 1400 1
 3814 0be6 0020     		movs	r0, #0
 3815 0be8 FFF7FEFF 		bl	SPI_WriteData
1401:Module/lcd_cfg.c **** SPI_WriteData(0x00);
 3816              		.loc 1 1401 1
 3817 0bec 0020     		movs	r0, #0
 3818 0bee FFF7FEFF 		bl	SPI_WriteData
1402:Module/lcd_cfg.c **** SPI_WriteData(0x00);
 3819              		.loc 1 1402 1
 3820 0bf2 0020     		movs	r0, #0
 3821 0bf4 FFF7FEFF 		bl	SPI_WriteData
1403:Module/lcd_cfg.c **** SPI_WriteData(0x00);
 3822              		.loc 1 1403 1
 3823 0bf8 0020     		movs	r0, #0
 3824 0bfa FFF7FEFF 		bl	SPI_WriteData
1404:Module/lcd_cfg.c **** SPI_WriteData(0x00);
 3825              		.loc 1 1404 1
 3826 0bfe 0020     		movs	r0, #0
 3827 0c00 FFF7FEFF 		bl	SPI_WriteData
1405:Module/lcd_cfg.c **** SPI_WriteData(0x00);
 3828              		.loc 1 1405 1
 3829 0c04 0020     		movs	r0, #0
 3830 0c06 FFF7FEFF 		bl	SPI_WriteData
1406:Module/lcd_cfg.c **** SPI_WriteData(0x00);
 3831              		.loc 1 1406 1
 3832 0c0a 0020     		movs	r0, #0
 3833 0c0c FFF7FEFF 		bl	SPI_WriteData
1407:Module/lcd_cfg.c **** SPI_WriteData(0x00);
 3834              		.loc 1 1407 1
 3835 0c10 0020     		movs	r0, #0
 3836 0c12 FFF7FEFF 		bl	SPI_WriteData
1408:Module/lcd_cfg.c **** SPI_WriteData(0x20);
 3837              		.loc 1 1408 1
 3838 0c16 2020     		movs	r0, #32
 3839 0c18 FFF7FEFF 		bl	SPI_WriteData
ARM GAS  C:\Users\ADMINI~1\AppData\Local\Temp\ccavp8eo.s 			page 93


1409:Module/lcd_cfg.c **** 
1410:Module/lcd_cfg.c **** SSD2828_WritePackageSize(17);
 3840              		.loc 1 1410 1
 3841 0c1c 1120     		movs	r0, #17
 3842 0c1e FFF7FEFF 		bl	SSD2828_WritePackageSize
1411:Module/lcd_cfg.c **** SPI_WriteData(0x90);
 3843              		.loc 1 1411 1
 3844 0c22 9020     		movs	r0, #144
 3845 0c24 FFF7FEFF 		bl	SPI_WriteData
1412:Module/lcd_cfg.c **** SPI_WriteData(0x00);
 3846              		.loc 1 1412 1
 3847 0c28 0020     		movs	r0, #0
 3848 0c2a FFF7FEFF 		bl	SPI_WriteData
1413:Module/lcd_cfg.c **** SPI_WriteData(0x00);
 3849              		.loc 1 1413 1
 3850 0c2e 0020     		movs	r0, #0
 3851 0c30 FFF7FEFF 		bl	SPI_WriteData
1414:Module/lcd_cfg.c **** SPI_WriteData(0x00);
 3852              		.loc 1 1414 1
 3853 0c34 0020     		movs	r0, #0
 3854 0c36 FFF7FEFF 		bl	SPI_WriteData
1415:Module/lcd_cfg.c **** SPI_WriteData(0x00);
 3855              		.loc 1 1415 1
 3856 0c3a 0020     		movs	r0, #0
 3857 0c3c FFF7FEFF 		bl	SPI_WriteData
1416:Module/lcd_cfg.c **** SPI_WriteData(0x00);
 3858              		.loc 1 1416 1
 3859 0c40 0020     		movs	r0, #0
 3860 0c42 FFF7FEFF 		bl	SPI_WriteData
1417:Module/lcd_cfg.c **** SPI_WriteData(0x00);
 3861              		.loc 1 1417 1
 3862 0c46 0020     		movs	r0, #0
 3863 0c48 FFF7FEFF 		bl	SPI_WriteData
1418:Module/lcd_cfg.c **** SPI_WriteData(0x00);
 3864              		.loc 1 1418 1
 3865 0c4c 0020     		movs	r0, #0
 3866 0c4e FFF7FEFF 		bl	SPI_WriteData
1419:Module/lcd_cfg.c **** SPI_WriteData(0x00);
 3867              		.loc 1 1419 1
 3868 0c52 0020     		movs	r0, #0
 3869 0c54 FFF7FEFF 		bl	SPI_WriteData
1420:Module/lcd_cfg.c **** SPI_WriteData(0x00);
 3870              		.loc 1 1420 1
 3871 0c58 0020     		movs	r0, #0
 3872 0c5a FFF7FEFF 		bl	SPI_WriteData
1421:Module/lcd_cfg.c **** SPI_WriteData(0x10);
 3873              		.loc 1 1421 1
 3874 0c5e 1020     		movs	r0, #16
 3875 0c60 FFF7FEFF 		bl	SPI_WriteData
1422:Module/lcd_cfg.c **** SPI_WriteData(0x00);
 3876              		.loc 1 1422 1
 3877 0c64 0020     		movs	r0, #0
 3878 0c66 FFF7FEFF 		bl	SPI_WriteData
1423:Module/lcd_cfg.c **** SPI_WriteData(0x00);
 3879              		.loc 1 1423 1
 3880 0c6a 0020     		movs	r0, #0
 3881 0c6c FFF7FEFF 		bl	SPI_WriteData
ARM GAS  C:\Users\ADMINI~1\AppData\Local\Temp\ccavp8eo.s 			page 94


1424:Module/lcd_cfg.c **** SPI_WriteData(0x00);
 3882              		.loc 1 1424 1
 3883 0c70 0020     		movs	r0, #0
 3884 0c72 FFF7FEFF 		bl	SPI_WriteData
1425:Module/lcd_cfg.c **** SPI_WriteData(0x00);
 3885              		.loc 1 1425 1
 3886 0c76 0020     		movs	r0, #0
 3887 0c78 FFF7FEFF 		bl	SPI_WriteData
1426:Module/lcd_cfg.c **** SPI_WriteData(0x00);
 3888              		.loc 1 1426 1
 3889 0c7c 0020     		movs	r0, #0
 3890 0c7e FFF7FEFF 		bl	SPI_WriteData
1427:Module/lcd_cfg.c **** SPI_WriteData(0x00);
 3891              		.loc 1 1427 1
 3892 0c82 0020     		movs	r0, #0
 3893 0c84 FFF7FEFF 		bl	SPI_WriteData
1428:Module/lcd_cfg.c **** 
1429:Module/lcd_cfg.c **** SSD2828_WritePackageSize(17);
 3894              		.loc 1 1429 1
 3895 0c88 1120     		movs	r0, #17
 3896 0c8a FFF7FEFF 		bl	SSD2828_WritePackageSize
1430:Module/lcd_cfg.c **** SPI_WriteData(0xA0);
 3897              		.loc 1 1430 1
 3898 0c8e A020     		movs	r0, #160
 3899 0c90 FFF7FEFF 		bl	SPI_WriteData
1431:Module/lcd_cfg.c **** SPI_WriteData(0x00);
 3900              		.loc 1 1431 1
 3901 0c94 0020     		movs	r0, #0
 3902 0c96 FFF7FEFF 		bl	SPI_WriteData
1432:Module/lcd_cfg.c **** SPI_WriteData(0x00);
 3903              		.loc 1 1432 1
 3904 0c9a 0020     		movs	r0, #0
 3905 0c9c FFF7FEFF 		bl	SPI_WriteData
1433:Module/lcd_cfg.c **** SPI_WriteData(0x00);
 3906              		.loc 1 1433 1
 3907 0ca0 0020     		movs	r0, #0
 3908 0ca2 FFF7FEFF 		bl	SPI_WriteData
1434:Module/lcd_cfg.c **** SPI_WriteData(0x00);
 3909              		.loc 1 1434 1
 3910 0ca6 0020     		movs	r0, #0
 3911 0ca8 FFF7FEFF 		bl	SPI_WriteData
1435:Module/lcd_cfg.c **** SPI_WriteData(0x00);
 3912              		.loc 1 1435 1
 3913 0cac 0020     		movs	r0, #0
 3914 0cae FFF7FEFF 		bl	SPI_WriteData
1436:Module/lcd_cfg.c **** SPI_WriteData(0x00);
 3915              		.loc 1 1436 1
 3916 0cb2 0020     		movs	r0, #0
 3917 0cb4 FFF7FEFF 		bl	SPI_WriteData
1437:Module/lcd_cfg.c **** SPI_WriteData(0x00);
 3918              		.loc 1 1437 1
 3919 0cb8 0020     		movs	r0, #0
 3920 0cba FFF7FEFF 		bl	SPI_WriteData
1438:Module/lcd_cfg.c **** SPI_WriteData(0x10);
 3921              		.loc 1 1438 1
 3922 0cbe 1020     		movs	r0, #16
 3923 0cc0 FFF7FEFF 		bl	SPI_WriteData
ARM GAS  C:\Users\ADMINI~1\AppData\Local\Temp\ccavp8eo.s 			page 95


1439:Module/lcd_cfg.c **** SPI_WriteData(0x00);
 3924              		.loc 1 1439 1
 3925 0cc4 0020     		movs	r0, #0
 3926 0cc6 FFF7FEFF 		bl	SPI_WriteData
1440:Module/lcd_cfg.c **** SPI_WriteData(0x00);
 3927              		.loc 1 1440 1
 3928 0cca 0020     		movs	r0, #0
 3929 0ccc FFF7FEFF 		bl	SPI_WriteData
1441:Module/lcd_cfg.c **** SPI_WriteData(0x00);
 3930              		.loc 1 1441 1
 3931 0cd0 0020     		movs	r0, #0
 3932 0cd2 FFF7FEFF 		bl	SPI_WriteData
1442:Module/lcd_cfg.c **** SPI_WriteData(0x00);
 3933              		.loc 1 1442 1
 3934 0cd6 0020     		movs	r0, #0
 3935 0cd8 FFF7FEFF 		bl	SPI_WriteData
1443:Module/lcd_cfg.c **** SPI_WriteData(0x00);
 3936              		.loc 1 1443 1
 3937 0cdc 0020     		movs	r0, #0
 3938 0cde FFF7FEFF 		bl	SPI_WriteData
1444:Module/lcd_cfg.c **** SPI_WriteData(0x00);
 3939              		.loc 1 1444 1
 3940 0ce2 0020     		movs	r0, #0
 3941 0ce4 FFF7FEFF 		bl	SPI_WriteData
1445:Module/lcd_cfg.c **** SPI_WriteData(0x00);
 3942              		.loc 1 1445 1
 3943 0ce8 0020     		movs	r0, #0
 3944 0cea FFF7FEFF 		bl	SPI_WriteData
1446:Module/lcd_cfg.c **** SPI_WriteData(0x00);
 3945              		.loc 1 1446 1
 3946 0cee 0020     		movs	r0, #0
 3947 0cf0 FFF7FEFF 		bl	SPI_WriteData
1447:Module/lcd_cfg.c **** 
1448:Module/lcd_cfg.c **** SSD2828_WritePackageSize(17);
 3948              		.loc 1 1448 1
 3949 0cf4 1120     		movs	r0, #17
 3950 0cf6 FFF7FEFF 		bl	SSD2828_WritePackageSize
1449:Module/lcd_cfg.c **** SPI_WriteData(0xB0);
 3951              		.loc 1 1449 1
 3952 0cfa B020     		movs	r0, #176
 3953 0cfc FFF7FEFF 		bl	SPI_WriteData
1450:Module/lcd_cfg.c **** SPI_WriteData(0x40);
 3954              		.loc 1 1450 1
 3955 0d00 4020     		movs	r0, #64
 3956 0d02 FFF7FEFF 		bl	SPI_WriteData
1451:Module/lcd_cfg.c **** SPI_WriteData(0x00);
 3957              		.loc 1 1451 1
 3958 0d06 0020     		movs	r0, #0
 3959 0d08 FFF7FEFF 		bl	SPI_WriteData
1452:Module/lcd_cfg.c **** SPI_WriteData(0x00);
 3960              		.loc 1 1452 1
 3961 0d0c 0020     		movs	r0, #0
 3962 0d0e FFF7FEFF 		bl	SPI_WriteData
1453:Module/lcd_cfg.c **** SPI_WriteData(0x00);
 3963              		.loc 1 1453 1
 3964 0d12 0020     		movs	r0, #0
 3965 0d14 FFF7FEFF 		bl	SPI_WriteData
ARM GAS  C:\Users\ADMINI~1\AppData\Local\Temp\ccavp8eo.s 			page 96


1454:Module/lcd_cfg.c **** SPI_WriteData(0x00);
 3966              		.loc 1 1454 1
 3967 0d18 0020     		movs	r0, #0
 3968 0d1a FFF7FEFF 		bl	SPI_WriteData
1455:Module/lcd_cfg.c **** SPI_WriteData(0x00);
 3969              		.loc 1 1455 1
 3970 0d1e 0020     		movs	r0, #0
 3971 0d20 FFF7FEFF 		bl	SPI_WriteData
1456:Module/lcd_cfg.c **** SPI_WriteData(0x00);
 3972              		.loc 1 1456 1
 3973 0d24 0020     		movs	r0, #0
 3974 0d26 FFF7FEFF 		bl	SPI_WriteData
1457:Module/lcd_cfg.c **** SPI_WriteData(0x00);
 3975              		.loc 1 1457 1
 3976 0d2a 0020     		movs	r0, #0
 3977 0d2c FFF7FEFF 		bl	SPI_WriteData
1458:Module/lcd_cfg.c **** SPI_WriteData(0x00);
 3978              		.loc 1 1458 1
 3979 0d30 0020     		movs	r0, #0
 3980 0d32 FFF7FEFF 		bl	SPI_WriteData
1459:Module/lcd_cfg.c **** SPI_WriteData(0x00);
 3981              		.loc 1 1459 1
 3982 0d36 0020     		movs	r0, #0
 3983 0d38 FFF7FEFF 		bl	SPI_WriteData
1460:Module/lcd_cfg.c **** SPI_WriteData(0x01);
 3984              		.loc 1 1460 1
 3985 0d3c 0120     		movs	r0, #1
 3986 0d3e FFF7FEFF 		bl	SPI_WriteData
1461:Module/lcd_cfg.c **** SPI_WriteData(0x00);
 3987              		.loc 1 1461 1
 3988 0d42 0020     		movs	r0, #0
 3989 0d44 FFF7FEFF 		bl	SPI_WriteData
1462:Module/lcd_cfg.c **** SPI_WriteData(0x00);
 3990              		.loc 1 1462 1
 3991 0d48 0020     		movs	r0, #0
 3992 0d4a FFF7FEFF 		bl	SPI_WriteData
1463:Module/lcd_cfg.c **** SPI_WriteData(0x00);
 3993              		.loc 1 1463 1
 3994 0d4e 0020     		movs	r0, #0
 3995 0d50 FFF7FEFF 		bl	SPI_WriteData
1464:Module/lcd_cfg.c **** SPI_WriteData(0x00);
 3996              		.loc 1 1464 1
 3997 0d54 0020     		movs	r0, #0
 3998 0d56 FFF7FEFF 		bl	SPI_WriteData
1465:Module/lcd_cfg.c **** SPI_WriteData(0x00);
 3999              		.loc 1 1465 1
 4000 0d5a 0020     		movs	r0, #0
 4001 0d5c FFF7FEFF 		bl	SPI_WriteData
1466:Module/lcd_cfg.c **** 
1467:Module/lcd_cfg.c **** SSD2828_WritePackageSize(17);
 4002              		.loc 1 1467 1
 4003 0d60 1120     		movs	r0, #17
 4004 0d62 FFF7FEFF 		bl	SSD2828_WritePackageSize
1468:Module/lcd_cfg.c **** SPI_WriteData(0xC0);
 4005              		.loc 1 1468 1
 4006 0d66 C020     		movs	r0, #192
 4007 0d68 FFF7FEFF 		bl	SPI_WriteData
ARM GAS  C:\Users\ADMINI~1\AppData\Local\Temp\ccavp8eo.s 			page 97


1469:Module/lcd_cfg.c **** SPI_WriteData(0x00);
 4008              		.loc 1 1469 1
 4009 0d6c 0020     		movs	r0, #0
 4010 0d6e FFF7FEFF 		bl	SPI_WriteData
1470:Module/lcd_cfg.c **** SPI_WriteData(0x00);
 4011              		.loc 1 1470 1
 4012 0d72 0020     		movs	r0, #0
 4013 0d74 FFF7FEFF 		bl	SPI_WriteData
1471:Module/lcd_cfg.c **** SPI_WriteData(0x00);
 4014              		.loc 1 1471 1
 4015 0d78 0020     		movs	r0, #0
 4016 0d7a FFF7FEFF 		bl	SPI_WriteData
1472:Module/lcd_cfg.c **** SPI_WriteData(0x00);
 4017              		.loc 1 1472 1
 4018 0d7e 0020     		movs	r0, #0
 4019 0d80 FFF7FEFF 		bl	SPI_WriteData
1473:Module/lcd_cfg.c **** SPI_WriteData(0x10);
 4020              		.loc 1 1473 1
 4021 0d84 1020     		movs	r0, #16
 4022 0d86 FFF7FEFF 		bl	SPI_WriteData
1474:Module/lcd_cfg.c **** SPI_WriteData(0x00);
 4023              		.loc 1 1474 1
 4024 0d8a 0020     		movs	r0, #0
 4025 0d8c FFF7FEFF 		bl	SPI_WriteData
1475:Module/lcd_cfg.c **** SPI_WriteData(0x00);
 4026              		.loc 1 1475 1
 4027 0d90 0020     		movs	r0, #0
 4028 0d92 FFF7FEFF 		bl	SPI_WriteData
1476:Module/lcd_cfg.c **** SPI_WriteData(0x00);
 4029              		.loc 1 1476 1
 4030 0d96 0020     		movs	r0, #0
 4031 0d98 FFF7FEFF 		bl	SPI_WriteData
1477:Module/lcd_cfg.c **** SPI_WriteData(0x00);
 4032              		.loc 1 1477 1
 4033 0d9c 0020     		movs	r0, #0
 4034 0d9e FFF7FEFF 		bl	SPI_WriteData
1478:Module/lcd_cfg.c **** SPI_WriteData(0x00);
 4035              		.loc 1 1478 1
 4036 0da2 0020     		movs	r0, #0
 4037 0da4 FFF7FEFF 		bl	SPI_WriteData
1479:Module/lcd_cfg.c **** SPI_WriteData(0x00);
 4038              		.loc 1 1479 1
 4039 0da8 0020     		movs	r0, #0
 4040 0daa FFF7FEFF 		bl	SPI_WriteData
1480:Module/lcd_cfg.c **** SPI_WriteData(0x00);
 4041              		.loc 1 1480 1
 4042 0dae 0020     		movs	r0, #0
 4043 0db0 FFF7FEFF 		bl	SPI_WriteData
1481:Module/lcd_cfg.c **** SPI_WriteData(0x00);
 4044              		.loc 1 1481 1
 4045 0db4 0020     		movs	r0, #0
 4046 0db6 FFF7FEFF 		bl	SPI_WriteData
1482:Module/lcd_cfg.c **** SPI_WriteData(0x00);
 4047              		.loc 1 1482 1
 4048 0dba 0020     		movs	r0, #0
 4049 0dbc FFF7FEFF 		bl	SPI_WriteData
1483:Module/lcd_cfg.c **** SPI_WriteData(0x00);
ARM GAS  C:\Users\ADMINI~1\AppData\Local\Temp\ccavp8eo.s 			page 98


 4050              		.loc 1 1483 1
 4051 0dc0 0020     		movs	r0, #0
 4052 0dc2 FFF7FEFF 		bl	SPI_WriteData
1484:Module/lcd_cfg.c **** SPI_WriteData(0x00);
 4053              		.loc 1 1484 1
 4054 0dc6 0020     		movs	r0, #0
 4055 0dc8 FFF7FEFF 		bl	SPI_WriteData
1485:Module/lcd_cfg.c **** 
1486:Module/lcd_cfg.c **** SSD2828_WritePackageSize(7);
 4056              		.loc 1 1486 1
 4057 0dcc 0720     		movs	r0, #7
 4058 0dce FFF7FEFF 		bl	SSD2828_WritePackageSize
1487:Module/lcd_cfg.c **** SPI_WriteData(0xD0);
 4059              		.loc 1 1487 1
 4060 0dd2 D020     		movs	r0, #208
 4061 0dd4 FFF7FEFF 		bl	SPI_WriteData
1488:Module/lcd_cfg.c **** SPI_WriteData(0x00);
 4062              		.loc 1 1488 1
 4063 0dd8 0020     		movs	r0, #0
 4064 0dda FFF7FEFF 		bl	SPI_WriteData
1489:Module/lcd_cfg.c **** SPI_WriteData(0x01);
 4065              		.loc 1 1489 1
 4066 0dde 0120     		movs	r0, #1
 4067 0de0 FFF7FEFF 		bl	SPI_WriteData
1490:Module/lcd_cfg.c **** SPI_WriteData(0x00);
 4068              		.loc 1 1490 1
 4069 0de4 0020     		movs	r0, #0
 4070 0de6 FFF7FEFF 		bl	SPI_WriteData
1491:Module/lcd_cfg.c **** SPI_WriteData(0x00);
 4071              		.loc 1 1491 1
 4072 0dea 0020     		movs	r0, #0
 4073 0dec FFF7FEFF 		bl	SPI_WriteData
1492:Module/lcd_cfg.c **** SPI_WriteData(0x00);
 4074              		.loc 1 1492 1
 4075 0df0 0020     		movs	r0, #0
 4076 0df2 FFF7FEFF 		bl	SPI_WriteData
1493:Module/lcd_cfg.c **** SPI_WriteData(0x00);
 4077              		.loc 1 1493 1
 4078 0df6 0020     		movs	r0, #0
 4079 0df8 FFF7FEFF 		bl	SPI_WriteData
1494:Module/lcd_cfg.c **** 
1495:Module/lcd_cfg.c **** //Blank24
1496:Module/lcd_cfg.c **** SSD2828_WritePackageSize(3);
 4080              		.loc 1 1496 1
 4081 0dfc 0320     		movs	r0, #3
 4082 0dfe FFF7FEFF 		bl	SSD2828_WritePackageSize
1497:Module/lcd_cfg.c **** SPI_WriteData(0x41);
 4083              		.loc 1 1497 1
 4084 0e02 4120     		movs	r0, #65
 4085 0e04 FFF7FEFF 		bl	SPI_WriteData
1498:Module/lcd_cfg.c **** SPI_WriteData(0x5A);
 4086              		.loc 1 1498 1
 4087 0e08 5A20     		movs	r0, #90
 4088 0e0a FFF7FEFF 		bl	SPI_WriteData
1499:Module/lcd_cfg.c **** SPI_WriteData(0x18);
 4089              		.loc 1 1499 1
 4090 0e0e 1820     		movs	r0, #24
ARM GAS  C:\Users\ADMINI~1\AppData\Local\Temp\ccavp8eo.s 			page 99


 4091 0e10 FFF7FEFF 		bl	SPI_WriteData
1500:Module/lcd_cfg.c **** }
 4092              		.loc 1 1500 1
 4093 0e14 00BF     		nop
 4094 0e16 80BD     		pop	{r7, pc}
 4095              		.cfi_endproc
 4096              	.LFE120:
 4098              		.section	.text.fun3,"ax",%progbits
 4099              		.align	1
 4100              		.global	fun3
 4101              		.syntax unified
 4102              		.thumb
 4103              		.thumb_func
 4105              	fun3:
 4106              	.LFB121:
1501:Module/lcd_cfg.c **** 
1502:Module/lcd_cfg.c **** void fun3(void)
1503:Module/lcd_cfg.c **** {
 4107              		.loc 1 1503 1
 4108              		.cfi_startproc
 4109              		@ args = 0, pretend = 0, frame = 0
 4110              		@ frame_needed = 1, uses_anonymous_args = 0
 4111 0000 80B5     		push	{r7, lr}
 4112              	.LCFI4:
 4113              		.cfi_def_cfa_offset 8
 4114              		.cfi_offset 7, -8
 4115              		.cfi_offset 14, -4
 4116 0002 00AF     		add	r7, sp, #0
 4117              	.LCFI5:
 4118              		.cfi_def_cfa_register 7
1504:Module/lcd_cfg.c **** SSD2828_WritePackageSize(17);
 4119              		.loc 1 1504 1
 4120 0004 1120     		movs	r0, #17
 4121 0006 FFF7FEFF 		bl	SSD2828_WritePackageSize
1505:Module/lcd_cfg.c **** SPI_WriteData(0x80);
 4122              		.loc 1 1505 1
 4123 000a 8020     		movs	r0, #128
 4124 000c FFF7FEFF 		bl	SPI_WriteData
1506:Module/lcd_cfg.c **** SPI_WriteData(0x7F);
 4125              		.loc 1 1506 1
 4126 0010 7F20     		movs	r0, #127
 4127 0012 FFF7FEFF 		bl	SPI_WriteData
1507:Module/lcd_cfg.c **** SPI_WriteData(0x7F);
 4128              		.loc 1 1507 1
 4129 0016 7F20     		movs	r0, #127
 4130 0018 FFF7FEFF 		bl	SPI_WriteData
1508:Module/lcd_cfg.c **** SPI_WriteData(0xFE);
 4131              		.loc 1 1508 1
 4132 001c FE20     		movs	r0, #254
 4133 001e FFF7FEFF 		bl	SPI_WriteData
1509:Module/lcd_cfg.c **** SPI_WriteData(0xFE);
 4134              		.loc 1 1509 1
 4135 0022 FE20     		movs	r0, #254
 4136 0024 FFF7FEFF 		bl	SPI_WriteData
1510:Module/lcd_cfg.c **** SPI_WriteData(0xFE);
 4137              		.loc 1 1510 1
 4138 0028 FE20     		movs	r0, #254
ARM GAS  C:\Users\ADMINI~1\AppData\Local\Temp\ccavp8eo.s 			page 100


 4139 002a FFF7FEFF 		bl	SPI_WriteData
1511:Module/lcd_cfg.c **** SPI_WriteData(0xFE);
 4140              		.loc 1 1511 1
 4141 002e FE20     		movs	r0, #254
 4142 0030 FFF7FEFF 		bl	SPI_WriteData
1512:Module/lcd_cfg.c **** SPI_WriteData(0xFE);
 4143              		.loc 1 1512 1
 4144 0034 FE20     		movs	r0, #254
 4145 0036 FFF7FEFF 		bl	SPI_WriteData
1513:Module/lcd_cfg.c **** SPI_WriteData(0xFE);
 4146              		.loc 1 1513 1
 4147 003a FE20     		movs	r0, #254
 4148 003c FFF7FEFF 		bl	SPI_WriteData
1514:Module/lcd_cfg.c **** SPI_WriteData(0xFE);
 4149              		.loc 1 1514 1
 4150 0040 FE20     		movs	r0, #254
 4151 0042 FFF7FEFF 		bl	SPI_WriteData
1515:Module/lcd_cfg.c **** SPI_WriteData(0xFE);
 4152              		.loc 1 1515 1
 4153 0046 FE20     		movs	r0, #254
 4154 0048 FFF7FEFF 		bl	SPI_WriteData
1516:Module/lcd_cfg.c **** SPI_WriteData(0xFE);
 4155              		.loc 1 1516 1
 4156 004c FE20     		movs	r0, #254
 4157 004e FFF7FEFF 		bl	SPI_WriteData
1517:Module/lcd_cfg.c **** SPI_WriteData(0xFE);
 4158              		.loc 1 1517 1
 4159 0052 FE20     		movs	r0, #254
 4160 0054 FFF7FEFF 		bl	SPI_WriteData
1518:Module/lcd_cfg.c **** SPI_WriteData(0xD4);
 4161              		.loc 1 1518 1
 4162 0058 D420     		movs	r0, #212
 4163 005a FFF7FEFF 		bl	SPI_WriteData
1519:Module/lcd_cfg.c **** SPI_WriteData(0x7F);
 4164              		.loc 1 1519 1
 4165 005e 7F20     		movs	r0, #127
 4166 0060 FFF7FEFF 		bl	SPI_WriteData
1520:Module/lcd_cfg.c **** SPI_WriteData(0xD4);
 4167              		.loc 1 1520 1
 4168 0064 D420     		movs	r0, #212
 4169 0066 FFF7FEFF 		bl	SPI_WriteData
1521:Module/lcd_cfg.c **** SPI_WriteData(0xD4);
 4170              		.loc 1 1521 1
 4171 006a D420     		movs	r0, #212
 4172 006c FFF7FEFF 		bl	SPI_WriteData
1522:Module/lcd_cfg.c **** 
1523:Module/lcd_cfg.c **** SSD2828_WritePackageSize(17);
 4173              		.loc 1 1523 1
 4174 0070 1120     		movs	r0, #17
 4175 0072 FFF7FEFF 		bl	SSD2828_WritePackageSize
1524:Module/lcd_cfg.c **** SPI_WriteData(0x90);
 4176              		.loc 1 1524 1
 4177 0076 9020     		movs	r0, #144
 4178 0078 FFF7FEFF 		bl	SPI_WriteData
1525:Module/lcd_cfg.c **** SPI_WriteData(0xD4);
 4179              		.loc 1 1525 1
 4180 007c D420     		movs	r0, #212
ARM GAS  C:\Users\ADMINI~1\AppData\Local\Temp\ccavp8eo.s 			page 101


 4181 007e FFF7FEFF 		bl	SPI_WriteData
1526:Module/lcd_cfg.c **** SPI_WriteData(0xD4);
 4182              		.loc 1 1526 1
 4183 0082 D420     		movs	r0, #212
 4184 0084 FFF7FEFF 		bl	SPI_WriteData
1527:Module/lcd_cfg.c **** SPI_WriteData(0xD4);
 4185              		.loc 1 1527 1
 4186 0088 D420     		movs	r0, #212
 4187 008a FFF7FEFF 		bl	SPI_WriteData
1528:Module/lcd_cfg.c **** SPI_WriteData(0xD4);
 4188              		.loc 1 1528 1
 4189 008e D420     		movs	r0, #212
 4190 0090 FFF7FEFF 		bl	SPI_WriteData
1529:Module/lcd_cfg.c **** SPI_WriteData(0xD4);
 4191              		.loc 1 1529 1
 4192 0094 D420     		movs	r0, #212
 4193 0096 FFF7FEFF 		bl	SPI_WriteData
1530:Module/lcd_cfg.c **** SPI_WriteData(0xD4);
 4194              		.loc 1 1530 1
 4195 009a D420     		movs	r0, #212
 4196 009c FFF7FEFF 		bl	SPI_WriteData
1531:Module/lcd_cfg.c **** SPI_WriteData(0xD4);
 4197              		.loc 1 1531 1
 4198 00a0 D420     		movs	r0, #212
 4199 00a2 FFF7FEFF 		bl	SPI_WriteData
1532:Module/lcd_cfg.c **** SPI_WriteData(0xD4);
 4200              		.loc 1 1532 1
 4201 00a6 D420     		movs	r0, #212
 4202 00a8 FFF7FEFF 		bl	SPI_WriteData
1533:Module/lcd_cfg.c **** SPI_WriteData(0xAA);
 4203              		.loc 1 1533 1
 4204 00ac AA20     		movs	r0, #170
 4205 00ae FFF7FEFF 		bl	SPI_WriteData
1534:Module/lcd_cfg.c **** SPI_WriteData(0xAA);
 4206              		.loc 1 1534 1
 4207 00b2 AA20     		movs	r0, #170
 4208 00b4 FFF7FEFF 		bl	SPI_WriteData
1535:Module/lcd_cfg.c **** SPI_WriteData(0xAA);
 4209              		.loc 1 1535 1
 4210 00b8 AA20     		movs	r0, #170
 4211 00ba FFF7FEFF 		bl	SPI_WriteData
1536:Module/lcd_cfg.c **** SPI_WriteData(0xAA);
 4212              		.loc 1 1536 1
 4213 00be AA20     		movs	r0, #170
 4214 00c0 FFF7FEFF 		bl	SPI_WriteData
1537:Module/lcd_cfg.c **** SPI_WriteData(0xAA);
 4215              		.loc 1 1537 1
 4216 00c4 AA20     		movs	r0, #170
 4217 00c6 FFF7FEFF 		bl	SPI_WriteData
1538:Module/lcd_cfg.c **** SPI_WriteData(0xAA);
 4218              		.loc 1 1538 1
 4219 00ca AA20     		movs	r0, #170
 4220 00cc FFF7FEFF 		bl	SPI_WriteData
1539:Module/lcd_cfg.c **** SPI_WriteData(0xAA);
 4221              		.loc 1 1539 1
 4222 00d0 AA20     		movs	r0, #170
 4223 00d2 FFF7FEFF 		bl	SPI_WriteData
ARM GAS  C:\Users\ADMINI~1\AppData\Local\Temp\ccavp8eo.s 			page 102


1540:Module/lcd_cfg.c **** SPI_WriteData(0xAA);
 4224              		.loc 1 1540 1
 4225 00d6 AA20     		movs	r0, #170
 4226 00d8 FFF7FEFF 		bl	SPI_WriteData
1541:Module/lcd_cfg.c **** 
1542:Module/lcd_cfg.c **** SSD2828_WritePackageSize(17);
 4227              		.loc 1 1542 1
 4228 00dc 1120     		movs	r0, #17
 4229 00de FFF7FEFF 		bl	SSD2828_WritePackageSize
1543:Module/lcd_cfg.c **** SPI_WriteData(0xA0);
 4230              		.loc 1 1543 1
 4231 00e2 A020     		movs	r0, #160
 4232 00e4 FFF7FEFF 		bl	SPI_WriteData
1544:Module/lcd_cfg.c **** SPI_WriteData(0xAA);
 4233              		.loc 1 1544 1
 4234 00e8 AA20     		movs	r0, #170
 4235 00ea FFF7FEFF 		bl	SPI_WriteData
1545:Module/lcd_cfg.c **** SPI_WriteData(0xAA);
 4236              		.loc 1 1545 1
 4237 00ee AA20     		movs	r0, #170
 4238 00f0 FFF7FEFF 		bl	SPI_WriteData
1546:Module/lcd_cfg.c **** SPI_WriteData(0xAA);
 4239              		.loc 1 1546 1
 4240 00f4 AA20     		movs	r0, #170
 4241 00f6 FFF7FEFF 		bl	SPI_WriteData
1547:Module/lcd_cfg.c **** SPI_WriteData(0xAA);
 4242              		.loc 1 1547 1
 4243 00fa AA20     		movs	r0, #170
 4244 00fc FFF7FEFF 		bl	SPI_WriteData
1548:Module/lcd_cfg.c **** SPI_WriteData(0x7F);
 4245              		.loc 1 1548 1
 4246 0100 7F20     		movs	r0, #127
 4247 0102 FFF7FEFF 		bl	SPI_WriteData
1549:Module/lcd_cfg.c **** SPI_WriteData(0x7F);
 4248              		.loc 1 1549 1
 4249 0106 7F20     		movs	r0, #127
 4250 0108 FFF7FEFF 		bl	SPI_WriteData
1550:Module/lcd_cfg.c **** SPI_WriteData(0x7F);
 4251              		.loc 1 1550 1
 4252 010c 7F20     		movs	r0, #127
 4253 010e FFF7FEFF 		bl	SPI_WriteData
1551:Module/lcd_cfg.c **** SPI_WriteData(0x7F);
 4254              		.loc 1 1551 1
 4255 0112 7F20     		movs	r0, #127
 4256 0114 FFF7FEFF 		bl	SPI_WriteData
1552:Module/lcd_cfg.c **** SPI_WriteData(0x7F);
 4257              		.loc 1 1552 1
 4258 0118 7F20     		movs	r0, #127
 4259 011a FFF7FEFF 		bl	SPI_WriteData
1553:Module/lcd_cfg.c **** SPI_WriteData(0x7F);
 4260              		.loc 1 1553 1
 4261 011e 7F20     		movs	r0, #127
 4262 0120 FFF7FEFF 		bl	SPI_WriteData
1554:Module/lcd_cfg.c **** SPI_WriteData(0x7F);
 4263              		.loc 1 1554 1
 4264 0124 7F20     		movs	r0, #127
 4265 0126 FFF7FEFF 		bl	SPI_WriteData
ARM GAS  C:\Users\ADMINI~1\AppData\Local\Temp\ccavp8eo.s 			page 103


1555:Module/lcd_cfg.c **** SPI_WriteData(0x7F);
 4266              		.loc 1 1555 1
 4267 012a 7F20     		movs	r0, #127
 4268 012c FFF7FEFF 		bl	SPI_WriteData
1556:Module/lcd_cfg.c **** SPI_WriteData(0x7F);
 4269              		.loc 1 1556 1
 4270 0130 7F20     		movs	r0, #127
 4271 0132 FFF7FEFF 		bl	SPI_WriteData
1557:Module/lcd_cfg.c **** SPI_WriteData(0x7F);
 4272              		.loc 1 1557 1
 4273 0136 7F20     		movs	r0, #127
 4274 0138 FFF7FEFF 		bl	SPI_WriteData
1558:Module/lcd_cfg.c **** SPI_WriteData(0x7F);
 4275              		.loc 1 1558 1
 4276 013c 7F20     		movs	r0, #127
 4277 013e FFF7FEFF 		bl	SPI_WriteData
1559:Module/lcd_cfg.c **** SPI_WriteData(0x7F);
 4278              		.loc 1 1559 1
 4279 0142 7F20     		movs	r0, #127
 4280 0144 FFF7FEFF 		bl	SPI_WriteData
1560:Module/lcd_cfg.c **** 
1561:Module/lcd_cfg.c **** SSD2828_WritePackageSize(17);
 4281              		.loc 1 1561 1
 4282 0148 1120     		movs	r0, #17
 4283 014a FFF7FEFF 		bl	SSD2828_WritePackageSize
1562:Module/lcd_cfg.c **** SPI_WriteData(0xB0);
 4284              		.loc 1 1562 1
 4285 014e B020     		movs	r0, #176
 4286 0150 FFF7FEFF 		bl	SPI_WriteData
1563:Module/lcd_cfg.c **** SPI_WriteData(0x7C);
 4287              		.loc 1 1563 1
 4288 0154 7C20     		movs	r0, #124
 4289 0156 FFF7FEFF 		bl	SPI_WriteData
1564:Module/lcd_cfg.c **** SPI_WriteData(0x83);
 4290              		.loc 1 1564 1
 4291 015a 8320     		movs	r0, #131
 4292 015c FFF7FEFF 		bl	SPI_WriteData
1565:Module/lcd_cfg.c **** SPI_WriteData(0x79);
 4293              		.loc 1 1565 1
 4294 0160 7920     		movs	r0, #121
 4295 0162 FFF7FEFF 		bl	SPI_WriteData
1566:Module/lcd_cfg.c **** SPI_WriteData(0x86);
 4296              		.loc 1 1566 1
 4297 0166 8620     		movs	r0, #134
 4298 0168 FFF7FEFF 		bl	SPI_WriteData
1567:Module/lcd_cfg.c **** SPI_WriteData(0x79);
 4299              		.loc 1 1567 1
 4300 016c 7920     		movs	r0, #121
 4301 016e FFF7FEFF 		bl	SPI_WriteData
1568:Module/lcd_cfg.c **** SPI_WriteData(0x86);
 4302              		.loc 1 1568 1
 4303 0172 8620     		movs	r0, #134
 4304 0174 FFF7FEFF 		bl	SPI_WriteData
1569:Module/lcd_cfg.c **** SPI_WriteData(0x79);
 4305              		.loc 1 1569 1
 4306 0178 7920     		movs	r0, #121
 4307 017a FFF7FEFF 		bl	SPI_WriteData
ARM GAS  C:\Users\ADMINI~1\AppData\Local\Temp\ccavp8eo.s 			page 104


1570:Module/lcd_cfg.c **** SPI_WriteData(0x86);
 4308              		.loc 1 1570 1
 4309 017e 8620     		movs	r0, #134
 4310 0180 FFF7FEFF 		bl	SPI_WriteData
1571:Module/lcd_cfg.c **** SPI_WriteData(0x79);
 4311              		.loc 1 1571 1
 4312 0184 7920     		movs	r0, #121
 4313 0186 FFF7FEFF 		bl	SPI_WriteData
1572:Module/lcd_cfg.c **** SPI_WriteData(0x86);
 4314              		.loc 1 1572 1
 4315 018a 8620     		movs	r0, #134
 4316 018c FFF7FEFF 		bl	SPI_WriteData
1573:Module/lcd_cfg.c **** SPI_WriteData(0x79);
 4317              		.loc 1 1573 1
 4318 0190 7920     		movs	r0, #121
 4319 0192 FFF7FEFF 		bl	SPI_WriteData
1574:Module/lcd_cfg.c **** SPI_WriteData(0x86);
 4320              		.loc 1 1574 1
 4321 0196 8620     		movs	r0, #134
 4322 0198 FFF7FEFF 		bl	SPI_WriteData
1575:Module/lcd_cfg.c **** SPI_WriteData(0x7A);
 4323              		.loc 1 1575 1
 4324 019c 7A20     		movs	r0, #122
 4325 019e FFF7FEFF 		bl	SPI_WriteData
1576:Module/lcd_cfg.c **** SPI_WriteData(0x83);
 4326              		.loc 1 1576 1
 4327 01a2 8320     		movs	r0, #131
 4328 01a4 FFF7FEFF 		bl	SPI_WriteData
1577:Module/lcd_cfg.c **** SPI_WriteData(0x7A);
 4329              		.loc 1 1577 1
 4330 01a8 7A20     		movs	r0, #122
 4331 01aa FFF7FEFF 		bl	SPI_WriteData
1578:Module/lcd_cfg.c **** SPI_WriteData(0x85);
 4332              		.loc 1 1578 1
 4333 01ae 8520     		movs	r0, #133
 4334 01b0 FFF7FEFF 		bl	SPI_WriteData
1579:Module/lcd_cfg.c **** 
1580:Module/lcd_cfg.c **** SSD2828_WritePackageSize(17);
 4335              		.loc 1 1580 1
 4336 01b4 1120     		movs	r0, #17
 4337 01b6 FFF7FEFF 		bl	SSD2828_WritePackageSize
1581:Module/lcd_cfg.c **** SPI_WriteData(0xC0);
 4338              		.loc 1 1581 1
 4339 01ba C020     		movs	r0, #192
 4340 01bc FFF7FEFF 		bl	SPI_WriteData
1582:Module/lcd_cfg.c **** SPI_WriteData(0x7A);
 4341              		.loc 1 1582 1
 4342 01c0 7A20     		movs	r0, #122
 4343 01c2 FFF7FEFF 		bl	SPI_WriteData
1583:Module/lcd_cfg.c **** SPI_WriteData(0x85);
 4344              		.loc 1 1583 1
 4345 01c6 8520     		movs	r0, #133
 4346 01c8 FFF7FEFF 		bl	SPI_WriteData
1584:Module/lcd_cfg.c **** SPI_WriteData(0x7A);
 4347              		.loc 1 1584 1
 4348 01cc 7A20     		movs	r0, #122
 4349 01ce FFF7FEFF 		bl	SPI_WriteData
ARM GAS  C:\Users\ADMINI~1\AppData\Local\Temp\ccavp8eo.s 			page 105


1585:Module/lcd_cfg.c **** SPI_WriteData(0x85);
 4350              		.loc 1 1585 1
 4351 01d2 8520     		movs	r0, #133
 4352 01d4 FFF7FEFF 		bl	SPI_WriteData
1586:Module/lcd_cfg.c **** SPI_WriteData(0x7A);
 4353              		.loc 1 1586 1
 4354 01d8 7A20     		movs	r0, #122
 4355 01da FFF7FEFF 		bl	SPI_WriteData
1587:Module/lcd_cfg.c **** SPI_WriteData(0x85);
 4356              		.loc 1 1587 1
 4357 01de 8520     		movs	r0, #133
 4358 01e0 FFF7FEFF 		bl	SPI_WriteData
1588:Module/lcd_cfg.c **** SPI_WriteData(0x7A);
 4359              		.loc 1 1588 1
 4360 01e4 7A20     		movs	r0, #122
 4361 01e6 FFF7FEFF 		bl	SPI_WriteData
1589:Module/lcd_cfg.c **** SPI_WriteData(0x85);
 4362              		.loc 1 1589 1
 4363 01ea 8520     		movs	r0, #133
 4364 01ec FFF7FEFF 		bl	SPI_WriteData
1590:Module/lcd_cfg.c **** SPI_WriteData(0x7B);
 4365              		.loc 1 1590 1
 4366 01f0 7B20     		movs	r0, #123
 4367 01f2 FFF7FEFF 		bl	SPI_WriteData
1591:Module/lcd_cfg.c **** SPI_WriteData(0x84);
 4368              		.loc 1 1591 1
 4369 01f6 8420     		movs	r0, #132
 4370 01f8 FFF7FEFF 		bl	SPI_WriteData
1592:Module/lcd_cfg.c **** SPI_WriteData(0x7B);
 4371              		.loc 1 1592 1
 4372 01fc 7B20     		movs	r0, #123
 4373 01fe FFF7FEFF 		bl	SPI_WriteData
1593:Module/lcd_cfg.c **** SPI_WriteData(0x84);
 4374              		.loc 1 1593 1
 4375 0202 8420     		movs	r0, #132
 4376 0204 FFF7FEFF 		bl	SPI_WriteData
1594:Module/lcd_cfg.c **** SPI_WriteData(0x7B);
 4377              		.loc 1 1594 1
 4378 0208 7B20     		movs	r0, #123
 4379 020a FFF7FEFF 		bl	SPI_WriteData
1595:Module/lcd_cfg.c **** SPI_WriteData(0x84);
 4380              		.loc 1 1595 1
 4381 020e 8420     		movs	r0, #132
 4382 0210 FFF7FEFF 		bl	SPI_WriteData
1596:Module/lcd_cfg.c **** SPI_WriteData(0x7B);
 4383              		.loc 1 1596 1
 4384 0214 7B20     		movs	r0, #123
 4385 0216 FFF7FEFF 		bl	SPI_WriteData
1597:Module/lcd_cfg.c **** SPI_WriteData(0x84);
 4386              		.loc 1 1597 1
 4387 021a 8420     		movs	r0, #132
 4388 021c FFF7FEFF 		bl	SPI_WriteData
1598:Module/lcd_cfg.c **** 
1599:Module/lcd_cfg.c **** SSD2828_WritePackageSize(17);
 4389              		.loc 1 1599 1
 4390 0220 1120     		movs	r0, #17
 4391 0222 FFF7FEFF 		bl	SSD2828_WritePackageSize
ARM GAS  C:\Users\ADMINI~1\AppData\Local\Temp\ccavp8eo.s 			page 106


1600:Module/lcd_cfg.c **** SPI_WriteData(0xD0);
 4392              		.loc 1 1600 1
 4393 0226 D020     		movs	r0, #208
 4394 0228 FFF7FEFF 		bl	SPI_WriteData
1601:Module/lcd_cfg.c **** SPI_WriteData(0x7B);
 4395              		.loc 1 1601 1
 4396 022c 7B20     		movs	r0, #123
 4397 022e FFF7FEFF 		bl	SPI_WriteData
1602:Module/lcd_cfg.c **** SPI_WriteData(0x84);
 4398              		.loc 1 1602 1
 4399 0232 8420     		movs	r0, #132
 4400 0234 FFF7FEFF 		bl	SPI_WriteData
1603:Module/lcd_cfg.c **** SPI_WriteData(0x7B);
 4401              		.loc 1 1603 1
 4402 0238 7B20     		movs	r0, #123
 4403 023a FFF7FEFF 		bl	SPI_WriteData
1604:Module/lcd_cfg.c **** SPI_WriteData(0x84);
 4404              		.loc 1 1604 1
 4405 023e 8420     		movs	r0, #132
 4406 0240 FFF7FEFF 		bl	SPI_WriteData
1605:Module/lcd_cfg.c **** SPI_WriteData(0x7C);
 4407              		.loc 1 1605 1
 4408 0244 7C20     		movs	r0, #124
 4409 0246 FFF7FEFF 		bl	SPI_WriteData
1606:Module/lcd_cfg.c **** SPI_WriteData(0x83);
 4410              		.loc 1 1606 1
 4411 024a 8320     		movs	r0, #131
 4412 024c FFF7FEFF 		bl	SPI_WriteData
1607:Module/lcd_cfg.c **** SPI_WriteData(0x7C);
 4413              		.loc 1 1607 1
 4414 0250 7C20     		movs	r0, #124
 4415 0252 FFF7FEFF 		bl	SPI_WriteData
1608:Module/lcd_cfg.c **** SPI_WriteData(0x83);
 4416              		.loc 1 1608 1
 4417 0256 8320     		movs	r0, #131
 4418 0258 FFF7FEFF 		bl	SPI_WriteData
1609:Module/lcd_cfg.c **** SPI_WriteData(0x7C);
 4419              		.loc 1 1609 1
 4420 025c 7C20     		movs	r0, #124
 4421 025e FFF7FEFF 		bl	SPI_WriteData
1610:Module/lcd_cfg.c **** SPI_WriteData(0x83);
 4422              		.loc 1 1610 1
 4423 0262 8320     		movs	r0, #131
 4424 0264 FFF7FEFF 		bl	SPI_WriteData
1611:Module/lcd_cfg.c **** SPI_WriteData(0x7C);
 4425              		.loc 1 1611 1
 4426 0268 7C20     		movs	r0, #124
 4427 026a FFF7FEFF 		bl	SPI_WriteData
1612:Module/lcd_cfg.c **** SPI_WriteData(0x83);
 4428              		.loc 1 1612 1
 4429 026e 8320     		movs	r0, #131
 4430 0270 FFF7FEFF 		bl	SPI_WriteData
1613:Module/lcd_cfg.c **** SPI_WriteData(0x7C);
 4431              		.loc 1 1613 1
 4432 0274 7C20     		movs	r0, #124
 4433 0276 FFF7FEFF 		bl	SPI_WriteData
1614:Module/lcd_cfg.c **** SPI_WriteData(0x83);
ARM GAS  C:\Users\ADMINI~1\AppData\Local\Temp\ccavp8eo.s 			page 107


 4434              		.loc 1 1614 1
 4435 027a 8320     		movs	r0, #131
 4436 027c FFF7FEFF 		bl	SPI_WriteData
1615:Module/lcd_cfg.c **** SPI_WriteData(0x7C);
 4437              		.loc 1 1615 1
 4438 0280 7C20     		movs	r0, #124
 4439 0282 FFF7FEFF 		bl	SPI_WriteData
1616:Module/lcd_cfg.c **** SPI_WriteData(0x83);
 4440              		.loc 1 1616 1
 4441 0286 8320     		movs	r0, #131
 4442 0288 FFF7FEFF 		bl	SPI_WriteData
1617:Module/lcd_cfg.c **** 
1618:Module/lcd_cfg.c **** SSD2828_WritePackageSize(17);
 4443              		.loc 1 1618 1
 4444 028c 1120     		movs	r0, #17
 4445 028e FFF7FEFF 		bl	SSD2828_WritePackageSize
1619:Module/lcd_cfg.c **** SPI_WriteData(0xE0);
 4446              		.loc 1 1619 1
 4447 0292 E020     		movs	r0, #224
 4448 0294 FFF7FEFF 		bl	SPI_WriteData
1620:Module/lcd_cfg.c **** SPI_WriteData(0xFE);
 4449              		.loc 1 1620 1
 4450 0298 FE20     		movs	r0, #254
 4451 029a FFF7FEFF 		bl	SPI_WriteData
1621:Module/lcd_cfg.c **** SPI_WriteData(0x7F);
 4452              		.loc 1 1621 1
 4453 029e 7F20     		movs	r0, #127
 4454 02a0 FFF7FEFF 		bl	SPI_WriteData
1622:Module/lcd_cfg.c **** SPI_WriteData(0x7F);
 4455              		.loc 1 1622 1
 4456 02a4 7F20     		movs	r0, #127
 4457 02a6 FFF7FEFF 		bl	SPI_WriteData
1623:Module/lcd_cfg.c **** SPI_WriteData(0xFE);
 4458              		.loc 1 1623 1
 4459 02aa FE20     		movs	r0, #254
 4460 02ac FFF7FEFF 		bl	SPI_WriteData
1624:Module/lcd_cfg.c **** SPI_WriteData(0xFE);
 4461              		.loc 1 1624 1
 4462 02b0 FE20     		movs	r0, #254
 4463 02b2 FFF7FEFF 		bl	SPI_WriteData
1625:Module/lcd_cfg.c **** SPI_WriteData(0xFE);
 4464              		.loc 1 1625 1
 4465 02b6 FE20     		movs	r0, #254
 4466 02b8 FFF7FEFF 		bl	SPI_WriteData
1626:Module/lcd_cfg.c **** SPI_WriteData(0xFE);
 4467              		.loc 1 1626 1
 4468 02bc FE20     		movs	r0, #254
 4469 02be FFF7FEFF 		bl	SPI_WriteData
1627:Module/lcd_cfg.c **** SPI_WriteData(0xFE);
 4470              		.loc 1 1627 1
 4471 02c2 FE20     		movs	r0, #254
 4472 02c4 FFF7FEFF 		bl	SPI_WriteData
1628:Module/lcd_cfg.c **** SPI_WriteData(0xFE);
 4473              		.loc 1 1628 1
 4474 02c8 FE20     		movs	r0, #254
 4475 02ca FFF7FEFF 		bl	SPI_WriteData
1629:Module/lcd_cfg.c **** SPI_WriteData(0xFE);
ARM GAS  C:\Users\ADMINI~1\AppData\Local\Temp\ccavp8eo.s 			page 108


 4476              		.loc 1 1629 1
 4477 02ce FE20     		movs	r0, #254
 4478 02d0 FFF7FEFF 		bl	SPI_WriteData
1630:Module/lcd_cfg.c **** SPI_WriteData(0xFE);
 4479              		.loc 1 1630 1
 4480 02d4 FE20     		movs	r0, #254
 4481 02d6 FFF7FEFF 		bl	SPI_WriteData
1631:Module/lcd_cfg.c **** SPI_WriteData(0xFE);
 4482              		.loc 1 1631 1
 4483 02da FE20     		movs	r0, #254
 4484 02dc FFF7FEFF 		bl	SPI_WriteData
1632:Module/lcd_cfg.c **** SPI_WriteData(0xFE);
 4485              		.loc 1 1632 1
 4486 02e0 FE20     		movs	r0, #254
 4487 02e2 FFF7FEFF 		bl	SPI_WriteData
1633:Module/lcd_cfg.c **** SPI_WriteData(0xD4);
 4488              		.loc 1 1633 1
 4489 02e6 D420     		movs	r0, #212
 4490 02e8 FFF7FEFF 		bl	SPI_WriteData
1634:Module/lcd_cfg.c **** SPI_WriteData(0x7F);
 4491              		.loc 1 1634 1
 4492 02ec 7F20     		movs	r0, #127
 4493 02ee FFF7FEFF 		bl	SPI_WriteData
1635:Module/lcd_cfg.c **** SPI_WriteData(0xD4);
 4494              		.loc 1 1635 1
 4495 02f2 D420     		movs	r0, #212
 4496 02f4 FFF7FEFF 		bl	SPI_WriteData
1636:Module/lcd_cfg.c **** 
1637:Module/lcd_cfg.c **** SSD2828_WritePackageSize(17);
 4497              		.loc 1 1637 1
 4498 02f8 1120     		movs	r0, #17
 4499 02fa FFF7FEFF 		bl	SSD2828_WritePackageSize
1638:Module/lcd_cfg.c **** SPI_WriteData(0xF0);
 4500              		.loc 1 1638 1
 4501 02fe F020     		movs	r0, #240
 4502 0300 FFF7FEFF 		bl	SPI_WriteData
1639:Module/lcd_cfg.c **** SPI_WriteData(0xD4);
 4503              		.loc 1 1639 1
 4504 0304 D420     		movs	r0, #212
 4505 0306 FFF7FEFF 		bl	SPI_WriteData
1640:Module/lcd_cfg.c **** SPI_WriteData(0xD4);
 4506              		.loc 1 1640 1
 4507 030a D420     		movs	r0, #212
 4508 030c FFF7FEFF 		bl	SPI_WriteData
1641:Module/lcd_cfg.c **** SPI_WriteData(0xD4);
 4509              		.loc 1 1641 1
 4510 0310 D420     		movs	r0, #212
 4511 0312 FFF7FEFF 		bl	SPI_WriteData
1642:Module/lcd_cfg.c **** SPI_WriteData(0xD4);
 4512              		.loc 1 1642 1
 4513 0316 D420     		movs	r0, #212
 4514 0318 FFF7FEFF 		bl	SPI_WriteData
1643:Module/lcd_cfg.c **** SPI_WriteData(0xD4);
 4515              		.loc 1 1643 1
 4516 031c D420     		movs	r0, #212
 4517 031e FFF7FEFF 		bl	SPI_WriteData
1644:Module/lcd_cfg.c **** SPI_WriteData(0xD4);
ARM GAS  C:\Users\ADMINI~1\AppData\Local\Temp\ccavp8eo.s 			page 109


 4518              		.loc 1 1644 1
 4519 0322 D420     		movs	r0, #212
 4520 0324 FFF7FEFF 		bl	SPI_WriteData
1645:Module/lcd_cfg.c **** SPI_WriteData(0xD4);
 4521              		.loc 1 1645 1
 4522 0328 D420     		movs	r0, #212
 4523 032a FFF7FEFF 		bl	SPI_WriteData
1646:Module/lcd_cfg.c **** SPI_WriteData(0xD4);
 4524              		.loc 1 1646 1
 4525 032e D420     		movs	r0, #212
 4526 0330 FFF7FEFF 		bl	SPI_WriteData
1647:Module/lcd_cfg.c **** SPI_WriteData(0xD4);
 4527              		.loc 1 1647 1
 4528 0334 D420     		movs	r0, #212
 4529 0336 FFF7FEFF 		bl	SPI_WriteData
1648:Module/lcd_cfg.c **** SPI_WriteData(0xAA);
 4530              		.loc 1 1648 1
 4531 033a AA20     		movs	r0, #170
 4532 033c FFF7FEFF 		bl	SPI_WriteData
1649:Module/lcd_cfg.c **** SPI_WriteData(0xAA);
 4533              		.loc 1 1649 1
 4534 0340 AA20     		movs	r0, #170
 4535 0342 FFF7FEFF 		bl	SPI_WriteData
1650:Module/lcd_cfg.c **** SPI_WriteData(0xAA);
 4536              		.loc 1 1650 1
 4537 0346 AA20     		movs	r0, #170
 4538 0348 FFF7FEFF 		bl	SPI_WriteData
1651:Module/lcd_cfg.c **** SPI_WriteData(0xAA);
 4539              		.loc 1 1651 1
 4540 034c AA20     		movs	r0, #170
 4541 034e FFF7FEFF 		bl	SPI_WriteData
1652:Module/lcd_cfg.c **** SPI_WriteData(0xAA);
 4542              		.loc 1 1652 1
 4543 0352 AA20     		movs	r0, #170
 4544 0354 FFF7FEFF 		bl	SPI_WriteData
1653:Module/lcd_cfg.c **** SPI_WriteData(0xAA);
 4545              		.loc 1 1653 1
 4546 0358 AA20     		movs	r0, #170
 4547 035a FFF7FEFF 		bl	SPI_WriteData
1654:Module/lcd_cfg.c **** SPI_WriteData(0xAA);
 4548              		.loc 1 1654 1
 4549 035e AA20     		movs	r0, #170
 4550 0360 FFF7FEFF 		bl	SPI_WriteData
1655:Module/lcd_cfg.c **** }
 4551              		.loc 1 1655 1
 4552 0364 00BF     		nop
 4553 0366 80BD     		pop	{r7, pc}
 4554              		.cfi_endproc
 4555              	.LFE121:
 4557              		.section	.text.fun4,"ax",%progbits
 4558              		.align	1
 4559              		.global	fun4
 4560              		.syntax unified
 4561              		.thumb
 4562              		.thumb_func
 4564              	fun4:
 4565              	.LFB122:
ARM GAS  C:\Users\ADMINI~1\AppData\Local\Temp\ccavp8eo.s 			page 110


1656:Module/lcd_cfg.c **** 
1657:Module/lcd_cfg.c **** 
1658:Module/lcd_cfg.c **** void fun4(void)
1659:Module/lcd_cfg.c **** {
 4566              		.loc 1 1659 1
 4567              		.cfi_startproc
 4568              		@ args = 0, pretend = 0, frame = 0
 4569              		@ frame_needed = 1, uses_anonymous_args = 0
 4570 0000 80B5     		push	{r7, lr}
 4571              	.LCFI6:
 4572              		.cfi_def_cfa_offset 8
 4573              		.cfi_offset 7, -8
 4574              		.cfi_offset 14, -4
 4575 0002 00AF     		add	r7, sp, #0
 4576              	.LCFI7:
 4577              		.cfi_def_cfa_register 7
1660:Module/lcd_cfg.c **** 
1661:Module/lcd_cfg.c **** //Blank25
1662:Module/lcd_cfg.c **** SSD2828_WritePackageSize(3);
 4578              		.loc 1 1662 1
 4579 0004 0320     		movs	r0, #3
 4580 0006 FFF7FEFF 		bl	SSD2828_WritePackageSize
1663:Module/lcd_cfg.c **** SPI_WriteData(0x41);
 4581              		.loc 1 1663 1
 4582 000a 4120     		movs	r0, #65
 4583 000c FFF7FEFF 		bl	SPI_WriteData
1664:Module/lcd_cfg.c **** SPI_WriteData(0x5A);
 4584              		.loc 1 1664 1
 4585 0010 5A20     		movs	r0, #90
 4586 0012 FFF7FEFF 		bl	SPI_WriteData
1665:Module/lcd_cfg.c **** SPI_WriteData(0x19);
 4587              		.loc 1 1665 1
 4588 0016 1920     		movs	r0, #25
 4589 0018 FFF7FEFF 		bl	SPI_WriteData
1666:Module/lcd_cfg.c **** 
1667:Module/lcd_cfg.c **** SSD2828_WritePackageSize(17);
 4590              		.loc 1 1667 1
 4591 001c 1120     		movs	r0, #17
 4592 001e FFF7FEFF 		bl	SSD2828_WritePackageSize
1668:Module/lcd_cfg.c **** SPI_WriteData(0x80);
 4593              		.loc 1 1668 1
 4594 0022 8020     		movs	r0, #128
 4595 0024 FFF7FEFF 		bl	SPI_WriteData
1669:Module/lcd_cfg.c **** SPI_WriteData(0xAA);
 4596              		.loc 1 1669 1
 4597 0028 AA20     		movs	r0, #170
 4598 002a FFF7FEFF 		bl	SPI_WriteData
1670:Module/lcd_cfg.c **** SPI_WriteData(0xAA);
 4599              		.loc 1 1670 1
 4600 002e AA20     		movs	r0, #170
 4601 0030 FFF7FEFF 		bl	SPI_WriteData
1671:Module/lcd_cfg.c **** SPI_WriteData(0xAA);
 4602              		.loc 1 1671 1
 4603 0034 AA20     		movs	r0, #170
 4604 0036 FFF7FEFF 		bl	SPI_WriteData
1672:Module/lcd_cfg.c **** SPI_WriteData(0xAA);
 4605              		.loc 1 1672 1
ARM GAS  C:\Users\ADMINI~1\AppData\Local\Temp\ccavp8eo.s 			page 111


 4606 003a AA20     		movs	r0, #170
 4607 003c FFF7FEFF 		bl	SPI_WriteData
1673:Module/lcd_cfg.c **** SPI_WriteData(0xAA);
 4608              		.loc 1 1673 1
 4609 0040 AA20     		movs	r0, #170
 4610 0042 FFF7FEFF 		bl	SPI_WriteData
1674:Module/lcd_cfg.c **** SPI_WriteData(0x7F);
 4611              		.loc 1 1674 1
 4612 0046 7F20     		movs	r0, #127
 4613 0048 FFF7FEFF 		bl	SPI_WriteData
1675:Module/lcd_cfg.c **** SPI_WriteData(0x7F);
 4614              		.loc 1 1675 1
 4615 004c 7F20     		movs	r0, #127
 4616 004e FFF7FEFF 		bl	SPI_WriteData
1676:Module/lcd_cfg.c **** SPI_WriteData(0x7F);
 4617              		.loc 1 1676 1
 4618 0052 7F20     		movs	r0, #127
 4619 0054 FFF7FEFF 		bl	SPI_WriteData
1677:Module/lcd_cfg.c **** SPI_WriteData(0x7F);
 4620              		.loc 1 1677 1
 4621 0058 7F20     		movs	r0, #127
 4622 005a FFF7FEFF 		bl	SPI_WriteData
1678:Module/lcd_cfg.c **** SPI_WriteData(0x7F);
 4623              		.loc 1 1678 1
 4624 005e 7F20     		movs	r0, #127
 4625 0060 FFF7FEFF 		bl	SPI_WriteData
1679:Module/lcd_cfg.c **** SPI_WriteData(0x7F);
 4626              		.loc 1 1679 1
 4627 0064 7F20     		movs	r0, #127
 4628 0066 FFF7FEFF 		bl	SPI_WriteData
1680:Module/lcd_cfg.c **** SPI_WriteData(0x7F);
 4629              		.loc 1 1680 1
 4630 006a 7F20     		movs	r0, #127
 4631 006c FFF7FEFF 		bl	SPI_WriteData
1681:Module/lcd_cfg.c **** SPI_WriteData(0x7F);
 4632              		.loc 1 1681 1
 4633 0070 7F20     		movs	r0, #127
 4634 0072 FFF7FEFF 		bl	SPI_WriteData
1682:Module/lcd_cfg.c **** SPI_WriteData(0x7F);
 4635              		.loc 1 1682 1
 4636 0076 7F20     		movs	r0, #127
 4637 0078 FFF7FEFF 		bl	SPI_WriteData
1683:Module/lcd_cfg.c **** SPI_WriteData(0x7F);
 4638              		.loc 1 1683 1
 4639 007c 7F20     		movs	r0, #127
 4640 007e FFF7FEFF 		bl	SPI_WriteData
1684:Module/lcd_cfg.c **** SPI_WriteData(0x7F);
 4641              		.loc 1 1684 1
 4642 0082 7F20     		movs	r0, #127
 4643 0084 FFF7FEFF 		bl	SPI_WriteData
1685:Module/lcd_cfg.c **** 
1686:Module/lcd_cfg.c **** SSD2828_WritePackageSize(17);
 4644              		.loc 1 1686 1
 4645 0088 1120     		movs	r0, #17
 4646 008a FFF7FEFF 		bl	SSD2828_WritePackageSize
1687:Module/lcd_cfg.c **** SPI_WriteData(0x90);
 4647              		.loc 1 1687 1
ARM GAS  C:\Users\ADMINI~1\AppData\Local\Temp\ccavp8eo.s 			page 112


 4648 008e 9020     		movs	r0, #144
 4649 0090 FFF7FEFF 		bl	SPI_WriteData
1688:Module/lcd_cfg.c **** SPI_WriteData(0x7F);
 4650              		.loc 1 1688 1
 4651 0094 7F20     		movs	r0, #127
 4652 0096 FFF7FEFF 		bl	SPI_WriteData
1689:Module/lcd_cfg.c **** SPI_WriteData(0x7C);
 4653              		.loc 1 1689 1
 4654 009a 7C20     		movs	r0, #124
 4655 009c FFF7FEFF 		bl	SPI_WriteData
1690:Module/lcd_cfg.c **** SPI_WriteData(0x83);
 4656              		.loc 1 1690 1
 4657 00a0 8320     		movs	r0, #131
 4658 00a2 FFF7FEFF 		bl	SPI_WriteData
1691:Module/lcd_cfg.c **** SPI_WriteData(0x79);
 4659              		.loc 1 1691 1
 4660 00a6 7920     		movs	r0, #121
 4661 00a8 FFF7FEFF 		bl	SPI_WriteData
1692:Module/lcd_cfg.c **** SPI_WriteData(0x86);
 4662              		.loc 1 1692 1
 4663 00ac 8620     		movs	r0, #134
 4664 00ae FFF7FEFF 		bl	SPI_WriteData
1693:Module/lcd_cfg.c **** SPI_WriteData(0x79);
 4665              		.loc 1 1693 1
 4666 00b2 7920     		movs	r0, #121
 4667 00b4 FFF7FEFF 		bl	SPI_WriteData
1694:Module/lcd_cfg.c **** SPI_WriteData(0x86);
 4668              		.loc 1 1694 1
 4669 00b8 8620     		movs	r0, #134
 4670 00ba FFF7FEFF 		bl	SPI_WriteData
1695:Module/lcd_cfg.c **** SPI_WriteData(0x79);
 4671              		.loc 1 1695 1
 4672 00be 7920     		movs	r0, #121
 4673 00c0 FFF7FEFF 		bl	SPI_WriteData
1696:Module/lcd_cfg.c **** SPI_WriteData(0x86);
 4674              		.loc 1 1696 1
 4675 00c4 8620     		movs	r0, #134
 4676 00c6 FFF7FEFF 		bl	SPI_WriteData
1697:Module/lcd_cfg.c **** SPI_WriteData(0x79);
 4677              		.loc 1 1697 1
 4678 00ca 7920     		movs	r0, #121
 4679 00cc FFF7FEFF 		bl	SPI_WriteData
1698:Module/lcd_cfg.c **** SPI_WriteData(0x86);
 4680              		.loc 1 1698 1
 4681 00d0 8620     		movs	r0, #134
 4682 00d2 FFF7FEFF 		bl	SPI_WriteData
1699:Module/lcd_cfg.c **** SPI_WriteData(0x79);
 4683              		.loc 1 1699 1
 4684 00d6 7920     		movs	r0, #121
 4685 00d8 FFF7FEFF 		bl	SPI_WriteData
1700:Module/lcd_cfg.c **** SPI_WriteData(0x86);
 4686              		.loc 1 1700 1
 4687 00dc 8620     		movs	r0, #134
 4688 00de FFF7FEFF 		bl	SPI_WriteData
1701:Module/lcd_cfg.c **** SPI_WriteData(0x7A);
 4689              		.loc 1 1701 1
 4690 00e2 7A20     		movs	r0, #122
ARM GAS  C:\Users\ADMINI~1\AppData\Local\Temp\ccavp8eo.s 			page 113


 4691 00e4 FFF7FEFF 		bl	SPI_WriteData
1702:Module/lcd_cfg.c **** SPI_WriteData(0x83);
 4692              		.loc 1 1702 1
 4693 00e8 8320     		movs	r0, #131
 4694 00ea FFF7FEFF 		bl	SPI_WriteData
1703:Module/lcd_cfg.c **** SPI_WriteData(0x7A);
 4695              		.loc 1 1703 1
 4696 00ee 7A20     		movs	r0, #122
 4697 00f0 FFF7FEFF 		bl	SPI_WriteData
1704:Module/lcd_cfg.c **** 
1705:Module/lcd_cfg.c **** SSD2828_WritePackageSize(17);
 4698              		.loc 1 1705 1
 4699 00f4 1120     		movs	r0, #17
 4700 00f6 FFF7FEFF 		bl	SSD2828_WritePackageSize
1706:Module/lcd_cfg.c **** SPI_WriteData(0xA0);
 4701              		.loc 1 1706 1
 4702 00fa A020     		movs	r0, #160
 4703 00fc FFF7FEFF 		bl	SPI_WriteData
1707:Module/lcd_cfg.c **** SPI_WriteData(0x85);
 4704              		.loc 1 1707 1
 4705 0100 8520     		movs	r0, #133
 4706 0102 FFF7FEFF 		bl	SPI_WriteData
1708:Module/lcd_cfg.c **** SPI_WriteData(0x7A);
 4707              		.loc 1 1708 1
 4708 0106 7A20     		movs	r0, #122
 4709 0108 FFF7FEFF 		bl	SPI_WriteData
1709:Module/lcd_cfg.c **** SPI_WriteData(0x85);
 4710              		.loc 1 1709 1
 4711 010c 8520     		movs	r0, #133
 4712 010e FFF7FEFF 		bl	SPI_WriteData
1710:Module/lcd_cfg.c **** SPI_WriteData(0x7A);
 4713              		.loc 1 1710 1
 4714 0112 7A20     		movs	r0, #122
 4715 0114 FFF7FEFF 		bl	SPI_WriteData
1711:Module/lcd_cfg.c **** SPI_WriteData(0x85);
 4716              		.loc 1 1711 1
 4717 0118 8520     		movs	r0, #133
 4718 011a FFF7FEFF 		bl	SPI_WriteData
1712:Module/lcd_cfg.c **** SPI_WriteData(0x7A);
 4719              		.loc 1 1712 1
 4720 011e 7A20     		movs	r0, #122
 4721 0120 FFF7FEFF 		bl	SPI_WriteData
1713:Module/lcd_cfg.c **** SPI_WriteData(0x85);
 4722              		.loc 1 1713 1
 4723 0124 8520     		movs	r0, #133
 4724 0126 FFF7FEFF 		bl	SPI_WriteData
1714:Module/lcd_cfg.c **** SPI_WriteData(0x7A);
 4725              		.loc 1 1714 1
 4726 012a 7A20     		movs	r0, #122
 4727 012c FFF7FEFF 		bl	SPI_WriteData
1715:Module/lcd_cfg.c **** SPI_WriteData(0x85);
 4728              		.loc 1 1715 1
 4729 0130 8520     		movs	r0, #133
 4730 0132 FFF7FEFF 		bl	SPI_WriteData
1716:Module/lcd_cfg.c **** SPI_WriteData(0x7B);
 4731              		.loc 1 1716 1
 4732 0136 7B20     		movs	r0, #123
ARM GAS  C:\Users\ADMINI~1\AppData\Local\Temp\ccavp8eo.s 			page 114


 4733 0138 FFF7FEFF 		bl	SPI_WriteData
1717:Module/lcd_cfg.c **** SPI_WriteData(0x84);
 4734              		.loc 1 1717 1
 4735 013c 8420     		movs	r0, #132
 4736 013e FFF7FEFF 		bl	SPI_WriteData
1718:Module/lcd_cfg.c **** SPI_WriteData(0x7B);
 4737              		.loc 1 1718 1
 4738 0142 7B20     		movs	r0, #123
 4739 0144 FFF7FEFF 		bl	SPI_WriteData
1719:Module/lcd_cfg.c **** SPI_WriteData(0x84);
 4740              		.loc 1 1719 1
 4741 0148 8420     		movs	r0, #132
 4742 014a FFF7FEFF 		bl	SPI_WriteData
1720:Module/lcd_cfg.c **** SPI_WriteData(0x7B);
 4743              		.loc 1 1720 1
 4744 014e 7B20     		movs	r0, #123
 4745 0150 FFF7FEFF 		bl	SPI_WriteData
1721:Module/lcd_cfg.c **** SPI_WriteData(0x84);
 4746              		.loc 1 1721 1
 4747 0154 8420     		movs	r0, #132
 4748 0156 FFF7FEFF 		bl	SPI_WriteData
1722:Module/lcd_cfg.c **** SPI_WriteData(0x7B);
 4749              		.loc 1 1722 1
 4750 015a 7B20     		movs	r0, #123
 4751 015c FFF7FEFF 		bl	SPI_WriteData
1723:Module/lcd_cfg.c **** 
1724:Module/lcd_cfg.c **** SSD2828_WritePackageSize(17);
 4752              		.loc 1 1724 1
 4753 0160 1120     		movs	r0, #17
 4754 0162 FFF7FEFF 		bl	SSD2828_WritePackageSize
1725:Module/lcd_cfg.c **** SPI_WriteData(0xB0);
 4755              		.loc 1 1725 1
 4756 0166 B020     		movs	r0, #176
 4757 0168 FFF7FEFF 		bl	SPI_WriteData
1726:Module/lcd_cfg.c **** SPI_WriteData(0x84);
 4758              		.loc 1 1726 1
 4759 016c 8420     		movs	r0, #132
 4760 016e FFF7FEFF 		bl	SPI_WriteData
1727:Module/lcd_cfg.c **** SPI_WriteData(0x7B);
 4761              		.loc 1 1727 1
 4762 0172 7B20     		movs	r0, #123
 4763 0174 FFF7FEFF 		bl	SPI_WriteData
1728:Module/lcd_cfg.c **** SPI_WriteData(0x84);
 4764              		.loc 1 1728 1
 4765 0178 8420     		movs	r0, #132
 4766 017a FFF7FEFF 		bl	SPI_WriteData
1729:Module/lcd_cfg.c **** SPI_WriteData(0x7B);
 4767              		.loc 1 1729 1
 4768 017e 7B20     		movs	r0, #123
 4769 0180 FFF7FEFF 		bl	SPI_WriteData
1730:Module/lcd_cfg.c **** SPI_WriteData(0x84);
 4770              		.loc 1 1730 1
 4771 0184 8420     		movs	r0, #132
 4772 0186 FFF7FEFF 		bl	SPI_WriteData
1731:Module/lcd_cfg.c **** SPI_WriteData(0x7C);
 4773              		.loc 1 1731 1
 4774 018a 7C20     		movs	r0, #124
ARM GAS  C:\Users\ADMINI~1\AppData\Local\Temp\ccavp8eo.s 			page 115


 4775 018c FFF7FEFF 		bl	SPI_WriteData
1732:Module/lcd_cfg.c **** SPI_WriteData(0x83);
 4776              		.loc 1 1732 1
 4777 0190 8320     		movs	r0, #131
 4778 0192 FFF7FEFF 		bl	SPI_WriteData
1733:Module/lcd_cfg.c **** SPI_WriteData(0x7C);
 4779              		.loc 1 1733 1
 4780 0196 7C20     		movs	r0, #124
 4781 0198 FFF7FEFF 		bl	SPI_WriteData
1734:Module/lcd_cfg.c **** SPI_WriteData(0x83);
 4782              		.loc 1 1734 1
 4783 019c 8320     		movs	r0, #131
 4784 019e FFF7FEFF 		bl	SPI_WriteData
1735:Module/lcd_cfg.c **** SPI_WriteData(0x7C);
 4785              		.loc 1 1735 1
 4786 01a2 7C20     		movs	r0, #124
 4787 01a4 FFF7FEFF 		bl	SPI_WriteData
1736:Module/lcd_cfg.c **** SPI_WriteData(0x83);
 4788              		.loc 1 1736 1
 4789 01a8 8320     		movs	r0, #131
 4790 01aa FFF7FEFF 		bl	SPI_WriteData
1737:Module/lcd_cfg.c **** SPI_WriteData(0x7C);
 4791              		.loc 1 1737 1
 4792 01ae 7C20     		movs	r0, #124
 4793 01b0 FFF7FEFF 		bl	SPI_WriteData
1738:Module/lcd_cfg.c **** SPI_WriteData(0x83);
 4794              		.loc 1 1738 1
 4795 01b4 8320     		movs	r0, #131
 4796 01b6 FFF7FEFF 		bl	SPI_WriteData
1739:Module/lcd_cfg.c **** SPI_WriteData(0x7C);
 4797              		.loc 1 1739 1
 4798 01ba 7C20     		movs	r0, #124
 4799 01bc FFF7FEFF 		bl	SPI_WriteData
1740:Module/lcd_cfg.c **** SPI_WriteData(0x83);
 4800              		.loc 1 1740 1
 4801 01c0 8320     		movs	r0, #131
 4802 01c2 FFF7FEFF 		bl	SPI_WriteData
1741:Module/lcd_cfg.c **** SPI_WriteData(0x7C);
 4803              		.loc 1 1741 1
 4804 01c6 7C20     		movs	r0, #124
 4805 01c8 FFF7FEFF 		bl	SPI_WriteData
1742:Module/lcd_cfg.c **** 
1743:Module/lcd_cfg.c **** SSD2828_WritePackageSize(17);
 4806              		.loc 1 1743 1
 4807 01cc 1120     		movs	r0, #17
 4808 01ce FFF7FEFF 		bl	SSD2828_WritePackageSize
1744:Module/lcd_cfg.c **** SPI_WriteData(0xC0);
 4809              		.loc 1 1744 1
 4810 01d2 C020     		movs	r0, #192
 4811 01d4 FFF7FEFF 		bl	SPI_WriteData
1745:Module/lcd_cfg.c **** SPI_WriteData(0x83);
 4812              		.loc 1 1745 1
 4813 01d8 8320     		movs	r0, #131
 4814 01da FFF7FEFF 		bl	SPI_WriteData
1746:Module/lcd_cfg.c **** SPI_WriteData(0x7F);
 4815              		.loc 1 1746 1
 4816 01de 7F20     		movs	r0, #127
ARM GAS  C:\Users\ADMINI~1\AppData\Local\Temp\ccavp8eo.s 			page 116


 4817 01e0 FFF7FEFF 		bl	SPI_WriteData
1747:Module/lcd_cfg.c **** SPI_WriteData(0x04);
 4818              		.loc 1 1747 1
 4819 01e4 0420     		movs	r0, #4
 4820 01e6 FFF7FEFF 		bl	SPI_WriteData
1748:Module/lcd_cfg.c **** SPI_WriteData(0xFF);
 4821              		.loc 1 1748 1
 4822 01ea FF20     		movs	r0, #255
 4823 01ec FFF7FEFF 		bl	SPI_WriteData
1749:Module/lcd_cfg.c **** SPI_WriteData(0x1E);
 4824              		.loc 1 1749 1
 4825 01f0 1E20     		movs	r0, #30
 4826 01f2 FFF7FEFF 		bl	SPI_WriteData
1750:Module/lcd_cfg.c **** SPI_WriteData(0x00);
 4827              		.loc 1 1750 1
 4828 01f6 0020     		movs	r0, #0
 4829 01f8 FFF7FEFF 		bl	SPI_WriteData
1751:Module/lcd_cfg.c **** SPI_WriteData(0x08);
 4830              		.loc 1 1751 1
 4831 01fc 0820     		movs	r0, #8
 4832 01fe FFF7FEFF 		bl	SPI_WriteData
1752:Module/lcd_cfg.c **** SPI_WriteData(0x10);
 4833              		.loc 1 1752 1
 4834 0202 1020     		movs	r0, #16
 4835 0204 FFF7FEFF 		bl	SPI_WriteData
1753:Module/lcd_cfg.c **** SPI_WriteData(0x18);
 4836              		.loc 1 1753 1
 4837 0208 1820     		movs	r0, #24
 4838 020a FFF7FEFF 		bl	SPI_WriteData
1754:Module/lcd_cfg.c **** SPI_WriteData(0x20);
 4839              		.loc 1 1754 1
 4840 020e 2020     		movs	r0, #32
 4841 0210 FFF7FEFF 		bl	SPI_WriteData
1755:Module/lcd_cfg.c **** SPI_WriteData(0x28);
 4842              		.loc 1 1755 1
 4843 0214 2820     		movs	r0, #40
 4844 0216 FFF7FEFF 		bl	SPI_WriteData
1756:Module/lcd_cfg.c **** SPI_WriteData(0x30);
 4845              		.loc 1 1756 1
 4846 021a 3020     		movs	r0, #48
 4847 021c FFF7FEFF 		bl	SPI_WriteData
1757:Module/lcd_cfg.c **** SPI_WriteData(0x38);
 4848              		.loc 1 1757 1
 4849 0220 3820     		movs	r0, #56
 4850 0222 FFF7FEFF 		bl	SPI_WriteData
1758:Module/lcd_cfg.c **** SPI_WriteData(0xFC);
 4851              		.loc 1 1758 1
 4852 0226 FC20     		movs	r0, #252
 4853 0228 FFF7FEFF 		bl	SPI_WriteData
1759:Module/lcd_cfg.c **** SPI_WriteData(0x00);
 4854              		.loc 1 1759 1
 4855 022c 0020     		movs	r0, #0
 4856 022e FFF7FEFF 		bl	SPI_WriteData
1760:Module/lcd_cfg.c **** SPI_WriteData(0x04);
 4857              		.loc 1 1760 1
 4858 0232 0420     		movs	r0, #4
 4859 0234 FFF7FEFF 		bl	SPI_WriteData
ARM GAS  C:\Users\ADMINI~1\AppData\Local\Temp\ccavp8eo.s 			page 117


1761:Module/lcd_cfg.c **** 
1762:Module/lcd_cfg.c **** SSD2828_WritePackageSize(12);
 4860              		.loc 1 1762 1
 4861 0238 0C20     		movs	r0, #12
 4862 023a FFF7FEFF 		bl	SSD2828_WritePackageSize
1763:Module/lcd_cfg.c **** SPI_WriteData(0xD0);
 4863              		.loc 1 1763 1
 4864 023e D020     		movs	r0, #208
 4865 0240 FFF7FEFF 		bl	SPI_WriteData
1764:Module/lcd_cfg.c **** SPI_WriteData(0x20);
 4866              		.loc 1 1764 1
 4867 0244 2020     		movs	r0, #32
 4868 0246 FFF7FEFF 		bl	SPI_WriteData
1765:Module/lcd_cfg.c **** SPI_WriteData(0x00);
 4869              		.loc 1 1765 1
 4870 024a 0020     		movs	r0, #0
 4871 024c FFF7FEFF 		bl	SPI_WriteData
1766:Module/lcd_cfg.c **** SPI_WriteData(0x01);
 4872              		.loc 1 1766 1
 4873 0250 0120     		movs	r0, #1
 4874 0252 FFF7FEFF 		bl	SPI_WriteData
1767:Module/lcd_cfg.c **** SPI_WriteData(0x08);
 4875              		.loc 1 1767 1
 4876 0256 0820     		movs	r0, #8
 4877 0258 FFF7FEFF 		bl	SPI_WriteData
1768:Module/lcd_cfg.c **** SPI_WriteData(0x40);
 4878              		.loc 1 1768 1
 4879 025c 4020     		movs	r0, #64
 4880 025e FFF7FEFF 		bl	SPI_WriteData
1769:Module/lcd_cfg.c **** SPI_WriteData(0x00);
 4881              		.loc 1 1769 1
 4882 0262 0020     		movs	r0, #0
 4883 0264 FFF7FEFF 		bl	SPI_WriteData
1770:Module/lcd_cfg.c **** SPI_WriteData(0x02);
 4884              		.loc 1 1770 1
 4885 0268 0220     		movs	r0, #2
 4886 026a FFF7FEFF 		bl	SPI_WriteData
1771:Module/lcd_cfg.c **** SPI_WriteData(0x10);
 4887              		.loc 1 1771 1
 4888 026e 1020     		movs	r0, #16
 4889 0270 FFF7FEFF 		bl	SPI_WriteData
1772:Module/lcd_cfg.c **** SPI_WriteData(0x80);
 4890              		.loc 1 1772 1
 4891 0274 8020     		movs	r0, #128
 4892 0276 FFF7FEFF 		bl	SPI_WriteData
1773:Module/lcd_cfg.c **** SPI_WriteData(0x00);
 4893              		.loc 1 1773 1
 4894 027a 0020     		movs	r0, #0
 4895 027c FFF7FEFF 		bl	SPI_WriteData
1774:Module/lcd_cfg.c **** SPI_WriteData(0xFC);
 4896              		.loc 1 1774 1
 4897 0280 FC20     		movs	r0, #252
 4898 0282 FFF7FEFF 		bl	SPI_WriteData
1775:Module/lcd_cfg.c **** 
1776:Module/lcd_cfg.c **** //Blank26
1777:Module/lcd_cfg.c **** SSD2828_WritePackageSize(3);
 4899              		.loc 1 1777 1
ARM GAS  C:\Users\ADMINI~1\AppData\Local\Temp\ccavp8eo.s 			page 118


 4900 0286 0320     		movs	r0, #3
 4901 0288 FFF7FEFF 		bl	SSD2828_WritePackageSize
1778:Module/lcd_cfg.c **** SPI_WriteData(0x41);
 4902              		.loc 1 1778 1
 4903 028c 4120     		movs	r0, #65
 4904 028e FFF7FEFF 		bl	SPI_WriteData
1779:Module/lcd_cfg.c **** SPI_WriteData(0x5A);
 4905              		.loc 1 1779 1
 4906 0292 5A20     		movs	r0, #90
 4907 0294 FFF7FEFF 		bl	SPI_WriteData
1780:Module/lcd_cfg.c **** SPI_WriteData(0x1A);
 4908              		.loc 1 1780 1
 4909 0298 1A20     		movs	r0, #26
 4910 029a FFF7FEFF 		bl	SPI_WriteData
1781:Module/lcd_cfg.c **** 
1782:Module/lcd_cfg.c **** SSD2828_WritePackageSize(17);
 4911              		.loc 1 1782 1
 4912 029e 1120     		movs	r0, #17
 4913 02a0 FFF7FEFF 		bl	SSD2828_WritePackageSize
1783:Module/lcd_cfg.c **** SPI_WriteData(0x80);
 4914              		.loc 1 1783 1
 4915 02a4 8020     		movs	r0, #128
 4916 02a6 FFF7FEFF 		bl	SPI_WriteData
1784:Module/lcd_cfg.c **** SPI_WriteData(0xF0);
 4917              		.loc 1 1784 1
 4918 02aa F020     		movs	r0, #240
 4919 02ac FFF7FEFF 		bl	SPI_WriteData
1785:Module/lcd_cfg.c **** SPI_WriteData(0xD9);
 4920              		.loc 1 1785 1
 4921 02b0 D920     		movs	r0, #217
 4922 02b2 FFF7FEFF 		bl	SPI_WriteData
1786:Module/lcd_cfg.c **** SPI_WriteData(0xC8);
 4923              		.loc 1 1786 1
 4924 02b6 C820     		movs	r0, #200
 4925 02b8 FFF7FEFF 		bl	SPI_WriteData
1787:Module/lcd_cfg.c **** SPI_WriteData(0xBA);
 4926              		.loc 1 1787 1
 4927 02bc BA20     		movs	r0, #186
 4928 02be FFF7FEFF 		bl	SPI_WriteData
1788:Module/lcd_cfg.c **** SPI_WriteData(0xAF);
 4929              		.loc 1 1788 1
 4930 02c2 AF20     		movs	r0, #175
 4931 02c4 FFF7FEFF 		bl	SPI_WriteData
1789:Module/lcd_cfg.c **** SPI_WriteData(0xA6);
 4932              		.loc 1 1789 1
 4933 02c8 A620     		movs	r0, #166
 4934 02ca FFF7FEFF 		bl	SPI_WriteData
1790:Module/lcd_cfg.c **** SPI_WriteData(0x9E);
 4935              		.loc 1 1790 1
 4936 02ce 9E20     		movs	r0, #158
 4937 02d0 FFF7FEFF 		bl	SPI_WriteData
1791:Module/lcd_cfg.c **** SPI_WriteData(0x98);
 4938              		.loc 1 1791 1
 4939 02d4 9820     		movs	r0, #152
 4940 02d6 FFF7FEFF 		bl	SPI_WriteData
1792:Module/lcd_cfg.c **** SPI_WriteData(0x92);
 4941              		.loc 1 1792 1
ARM GAS  C:\Users\ADMINI~1\AppData\Local\Temp\ccavp8eo.s 			page 119


 4942 02da 9220     		movs	r0, #146
 4943 02dc FFF7FEFF 		bl	SPI_WriteData
1793:Module/lcd_cfg.c **** SPI_WriteData(0x8D);
 4944              		.loc 1 1793 1
 4945 02e0 8D20     		movs	r0, #141
 4946 02e2 FFF7FEFF 		bl	SPI_WriteData
1794:Module/lcd_cfg.c **** SPI_WriteData(0x88);
 4947              		.loc 1 1794 1
 4948 02e6 8820     		movs	r0, #136
 4949 02e8 FFF7FEFF 		bl	SPI_WriteData
1795:Module/lcd_cfg.c **** SPI_WriteData(0x84);
 4950              		.loc 1 1795 1
 4951 02ec 8420     		movs	r0, #132
 4952 02ee FFF7FEFF 		bl	SPI_WriteData
1796:Module/lcd_cfg.c **** SPI_WriteData(0x00);
 4953              		.loc 1 1796 1
 4954 02f2 0020     		movs	r0, #0
 4955 02f4 FFF7FEFF 		bl	SPI_WriteData
1797:Module/lcd_cfg.c **** SPI_WriteData(0x60);
 4956              		.loc 1 1797 1
 4957 02f8 6020     		movs	r0, #96
 4958 02fa FFF7FEFF 		bl	SPI_WriteData
1798:Module/lcd_cfg.c **** SPI_WriteData(0xF6);
 4959              		.loc 1 1798 1
 4960 02fe F620     		movs	r0, #246
 4961 0300 FFF7FEFF 		bl	SPI_WriteData
1799:Module/lcd_cfg.c **** SPI_WriteData(0xCF);
 4962              		.loc 1 1799 1
 4963 0304 CF20     		movs	r0, #207
 4964 0306 FFF7FEFF 		bl	SPI_WriteData
1800:Module/lcd_cfg.c **** 
1801:Module/lcd_cfg.c **** SSD2828_WritePackageSize(17);
 4965              		.loc 1 1801 1
 4966 030a 1120     		movs	r0, #17
 4967 030c FFF7FEFF 		bl	SSD2828_WritePackageSize
1802:Module/lcd_cfg.c **** SPI_WriteData(0x90);
 4968              		.loc 1 1802 1
 4969 0310 9020     		movs	r0, #144
 4970 0312 FFF7FEFF 		bl	SPI_WriteData
1803:Module/lcd_cfg.c **** SPI_WriteData(0xFC);
 4971              		.loc 1 1803 1
 4972 0316 FC20     		movs	r0, #252
 4973 0318 FFF7FEFF 		bl	SPI_WriteData
1804:Module/lcd_cfg.c **** SPI_WriteData(0x6F);
 4974              		.loc 1 1804 1
 4975 031c 6F20     		movs	r0, #111
 4976 031e FFF7FEFF 		bl	SPI_WriteData
1805:Module/lcd_cfg.c **** SPI_WriteData(0xF6);
 4977              		.loc 1 1805 1
 4978 0322 F620     		movs	r0, #246
 4979 0324 FFF7FEFF 		bl	SPI_WriteData
1806:Module/lcd_cfg.c **** SPI_WriteData(0xEF);
 4980              		.loc 1 1806 1
 4981 0328 EF20     		movs	r0, #239
 4982 032a FFF7FEFF 		bl	SPI_WriteData
1807:Module/lcd_cfg.c **** SPI_WriteData(0xCF);
 4983              		.loc 1 1807 1
ARM GAS  C:\Users\ADMINI~1\AppData\Local\Temp\ccavp8eo.s 			page 120


 4984 032e CF20     		movs	r0, #207
 4985 0330 FFF7FEFF 		bl	SPI_WriteData
1808:Module/lcd_cfg.c **** SPI_WriteData(0xAF);
 4986              		.loc 1 1808 1
 4987 0334 AF20     		movs	r0, #175
 4988 0336 FFF7FEFF 		bl	SPI_WriteData
1809:Module/lcd_cfg.c **** SPI_WriteData(0x5F);
 4989              		.loc 1 1809 1
 4990 033a 5F20     		movs	r0, #95
 4991 033c FFF7FEFF 		bl	SPI_WriteData
1810:Module/lcd_cfg.c **** SPI_WriteData(0x55);
 4992              		.loc 1 1810 1
 4993 0340 5520     		movs	r0, #85
 4994 0342 FFF7FEFF 		bl	SPI_WriteData
1811:Module/lcd_cfg.c **** SPI_WriteData(0x00);
 4995              		.loc 1 1811 1
 4996 0346 0020     		movs	r0, #0
 4997 0348 FFF7FEFF 		bl	SPI_WriteData
1812:Module/lcd_cfg.c **** SPI_WriteData(0xF8);
 4998              		.loc 1 1812 1
 4999 034c F820     		movs	r0, #248
 5000 034e FFF7FEFF 		bl	SPI_WriteData
1813:Module/lcd_cfg.c **** SPI_WriteData(0x00);
 5001              		.loc 1 1813 1
 5002 0352 0020     		movs	r0, #0
 5003 0354 FFF7FEFF 		bl	SPI_WriteData
1814:Module/lcd_cfg.c **** SPI_WriteData(0xF8);
 5004              		.loc 1 1814 1
 5005 0358 F820     		movs	r0, #248
 5006 035a FFF7FEFF 		bl	SPI_WriteData
1815:Module/lcd_cfg.c **** SPI_WriteData(0x00);
 5007              		.loc 1 1815 1
 5008 035e 0020     		movs	r0, #0
 5009 0360 FFF7FEFF 		bl	SPI_WriteData
1816:Module/lcd_cfg.c **** SPI_WriteData(0xF8);
 5010              		.loc 1 1816 1
 5011 0364 F820     		movs	r0, #248
 5012 0366 FFF7FEFF 		bl	SPI_WriteData
1817:Module/lcd_cfg.c **** SPI_WriteData(0xAD);
 5013              		.loc 1 1817 1
 5014 036a AD20     		movs	r0, #173
 5015 036c FFF7FEFF 		bl	SPI_WriteData
1818:Module/lcd_cfg.c **** SPI_WriteData(0x8D);
 5016              		.loc 1 1818 1
 5017 0370 8D20     		movs	r0, #141
 5018 0372 FFF7FEFF 		bl	SPI_WriteData
1819:Module/lcd_cfg.c **** 
1820:Module/lcd_cfg.c **** SSD2828_WritePackageSize(17);
 5019              		.loc 1 1820 1
 5020 0376 1120     		movs	r0, #17
 5021 0378 FFF7FEFF 		bl	SSD2828_WritePackageSize
1821:Module/lcd_cfg.c **** SPI_WriteData(0xA0);
 5022              		.loc 1 1821 1
 5023 037c A020     		movs	r0, #160
 5024 037e FFF7FEFF 		bl	SPI_WriteData
1822:Module/lcd_cfg.c **** SPI_WriteData(0x73);
 5025              		.loc 1 1822 1
ARM GAS  C:\Users\ADMINI~1\AppData\Local\Temp\ccavp8eo.s 			page 121


 5026 0382 7320     		movs	r0, #115
 5027 0384 FFF7FEFF 		bl	SPI_WriteData
1823:Module/lcd_cfg.c **** SPI_WriteData(0x60);
 5028              		.loc 1 1823 1
 5029 0388 6020     		movs	r0, #96
 5030 038a FFF7FEFF 		bl	SPI_WriteData
1824:Module/lcd_cfg.c **** SPI_WriteData(0x53);
 5031              		.loc 1 1824 1
 5032 038e 5320     		movs	r0, #83
 5033 0390 FFF7FEFF 		bl	SPI_WriteData
1825:Module/lcd_cfg.c **** SPI_WriteData(0x4A);
 5034              		.loc 1 1825 1
 5035 0394 4A20     		movs	r0, #74
 5036 0396 FFF7FEFF 		bl	SPI_WriteData
1826:Module/lcd_cfg.c **** SPI_WriteData(0x43);
 5037              		.loc 1 1826 1
 5038 039a 4320     		movs	r0, #67
 5039 039c FFF7FEFF 		bl	SPI_WriteData
1827:Module/lcd_cfg.c **** SPI_WriteData(0x7F);
 5040              		.loc 1 1827 1
 5041 03a0 7F20     		movs	r0, #127
 5042 03a2 FFF7FEFF 		bl	SPI_WriteData
1828:Module/lcd_cfg.c **** SPI_WriteData(0x78);
 5043              		.loc 1 1828 1
 5044 03a6 7820     		movs	r0, #120
 5045 03a8 FFF7FEFF 		bl	SPI_WriteData
1829:Module/lcd_cfg.c **** SPI_WriteData(0x10);
 5046              		.loc 1 1829 1
 5047 03ac 1020     		movs	r0, #16
 5048 03ae FFF7FEFF 		bl	SPI_WriteData
1830:Module/lcd_cfg.c **** SPI_WriteData(0xA0);
 5049              		.loc 1 1830 1
 5050 03b2 A020     		movs	r0, #160
 5051 03b4 FFF7FEFF 		bl	SPI_WriteData
1831:Module/lcd_cfg.c **** SPI_WriteData(0x3F);
 5052              		.loc 1 1831 1
 5053 03b8 3F20     		movs	r0, #63
 5054 03ba FFF7FEFF 		bl	SPI_WriteData
1832:Module/lcd_cfg.c **** SPI_WriteData(0x00);
 5055              		.loc 1 1832 1
 5056 03be 0020     		movs	r0, #0
 5057 03c0 FFF7FEFF 		bl	SPI_WriteData
1833:Module/lcd_cfg.c **** SPI_WriteData(0x00);
 5058              		.loc 1 1833 1
 5059 03c4 0020     		movs	r0, #0
 5060 03c6 FFF7FEFF 		bl	SPI_WriteData
1834:Module/lcd_cfg.c **** SPI_WriteData(0x00);
 5061              		.loc 1 1834 1
 5062 03ca 0020     		movs	r0, #0
 5063 03cc FFF7FEFF 		bl	SPI_WriteData
1835:Module/lcd_cfg.c **** SPI_WriteData(0x00);
 5064              		.loc 1 1835 1
 5065 03d0 0020     		movs	r0, #0
 5066 03d2 FFF7FEFF 		bl	SPI_WriteData
1836:Module/lcd_cfg.c **** SPI_WriteData(0x00);
 5067              		.loc 1 1836 1
 5068 03d6 0020     		movs	r0, #0
ARM GAS  C:\Users\ADMINI~1\AppData\Local\Temp\ccavp8eo.s 			page 122


 5069 03d8 FFF7FEFF 		bl	SPI_WriteData
1837:Module/lcd_cfg.c **** SPI_WriteData(0x00);
 5070              		.loc 1 1837 1
 5071 03dc 0020     		movs	r0, #0
 5072 03de FFF7FEFF 		bl	SPI_WriteData
1838:Module/lcd_cfg.c **** 
1839:Module/lcd_cfg.c **** SSD2828_WritePackageSize(17);
 5073              		.loc 1 1839 1
 5074 03e2 1120     		movs	r0, #17
 5075 03e4 FFF7FEFF 		bl	SSD2828_WritePackageSize
1840:Module/lcd_cfg.c **** SPI_WriteData(0xB0);
 5076              		.loc 1 1840 1
 5077 03e8 B020     		movs	r0, #176
 5078 03ea FFF7FEFF 		bl	SPI_WriteData
1841:Module/lcd_cfg.c **** SPI_WriteData(0x00);
 5079              		.loc 1 1841 1
 5080 03ee 0020     		movs	r0, #0
 5081 03f0 FFF7FEFF 		bl	SPI_WriteData
1842:Module/lcd_cfg.c **** SPI_WriteData(0x00);
 5082              		.loc 1 1842 1
 5083 03f4 0020     		movs	r0, #0
 5084 03f6 FFF7FEFF 		bl	SPI_WriteData
1843:Module/lcd_cfg.c **** SPI_WriteData(0x00);
 5085              		.loc 1 1843 1
 5086 03fa 0020     		movs	r0, #0
 5087 03fc FFF7FEFF 		bl	SPI_WriteData
1844:Module/lcd_cfg.c **** SPI_WriteData(0x00);
 5088              		.loc 1 1844 1
 5089 0400 0020     		movs	r0, #0
 5090 0402 FFF7FEFF 		bl	SPI_WriteData
1845:Module/lcd_cfg.c **** SPI_WriteData(0x00);
 5091              		.loc 1 1845 1
 5092 0406 0020     		movs	r0, #0
 5093 0408 FFF7FEFF 		bl	SPI_WriteData
1846:Module/lcd_cfg.c **** SPI_WriteData(0x00);
 5094              		.loc 1 1846 1
 5095 040c 0020     		movs	r0, #0
 5096 040e FFF7FEFF 		bl	SPI_WriteData
1847:Module/lcd_cfg.c **** SPI_WriteData(0x00);
 5097              		.loc 1 1847 1
 5098 0412 0020     		movs	r0, #0
 5099 0414 FFF7FEFF 		bl	SPI_WriteData
1848:Module/lcd_cfg.c **** SPI_WriteData(0x00);
 5100              		.loc 1 1848 1
 5101 0418 0020     		movs	r0, #0
 5102 041a FFF7FEFF 		bl	SPI_WriteData
1849:Module/lcd_cfg.c **** SPI_WriteData(0x00);
 5103              		.loc 1 1849 1
 5104 041e 0020     		movs	r0, #0
 5105 0420 FFF7FEFF 		bl	SPI_WriteData
1850:Module/lcd_cfg.c **** SPI_WriteData(0x00);
 5106              		.loc 1 1850 1
 5107 0424 0020     		movs	r0, #0
 5108 0426 FFF7FEFF 		bl	SPI_WriteData
1851:Module/lcd_cfg.c **** SPI_WriteData(0x00);
 5109              		.loc 1 1851 1
 5110 042a 0020     		movs	r0, #0
ARM GAS  C:\Users\ADMINI~1\AppData\Local\Temp\ccavp8eo.s 			page 123


 5111 042c FFF7FEFF 		bl	SPI_WriteData
1852:Module/lcd_cfg.c **** SPI_WriteData(0x00);
 5112              		.loc 1 1852 1
 5113 0430 0020     		movs	r0, #0
 5114 0432 FFF7FEFF 		bl	SPI_WriteData
1853:Module/lcd_cfg.c **** SPI_WriteData(0x00);
 5115              		.loc 1 1853 1
 5116 0436 0020     		movs	r0, #0
 5117 0438 FFF7FEFF 		bl	SPI_WriteData
1854:Module/lcd_cfg.c **** SPI_WriteData(0x00);
 5118              		.loc 1 1854 1
 5119 043c 0020     		movs	r0, #0
 5120 043e FFF7FEFF 		bl	SPI_WriteData
1855:Module/lcd_cfg.c **** SPI_WriteData(0x00);
 5121              		.loc 1 1855 1
 5122 0442 0020     		movs	r0, #0
 5123 0444 FFF7FEFF 		bl	SPI_WriteData
1856:Module/lcd_cfg.c **** SPI_WriteData(0x00);
 5124              		.loc 1 1856 1
 5125 0448 0020     		movs	r0, #0
 5126 044a FFF7FEFF 		bl	SPI_WriteData
1857:Module/lcd_cfg.c **** 
1858:Module/lcd_cfg.c **** SSD2828_WritePackageSize(9);
 5127              		.loc 1 1858 1
 5128 044e 0920     		movs	r0, #9
 5129 0450 FFF7FEFF 		bl	SSD2828_WritePackageSize
1859:Module/lcd_cfg.c **** SPI_WriteData(0xC0);
 5130              		.loc 1 1859 1
 5131 0454 C020     		movs	r0, #192
 5132 0456 FFF7FEFF 		bl	SPI_WriteData
1860:Module/lcd_cfg.c **** SPI_WriteData(0x00);
 5133              		.loc 1 1860 1
 5134 045a 0020     		movs	r0, #0
 5135 045c FFF7FEFF 		bl	SPI_WriteData
1861:Module/lcd_cfg.c **** SPI_WriteData(0x00);
 5136              		.loc 1 1861 1
 5137 0460 0020     		movs	r0, #0
 5138 0462 FFF7FEFF 		bl	SPI_WriteData
1862:Module/lcd_cfg.c **** SPI_WriteData(0x00);
 5139              		.loc 1 1862 1
 5140 0466 0020     		movs	r0, #0
 5141 0468 FFF7FEFF 		bl	SPI_WriteData
1863:Module/lcd_cfg.c **** SPI_WriteData(0x00);
 5142              		.loc 1 1863 1
 5143 046c 0020     		movs	r0, #0
 5144 046e FFF7FEFF 		bl	SPI_WriteData
1864:Module/lcd_cfg.c **** SPI_WriteData(0x00);
 5145              		.loc 1 1864 1
 5146 0472 0020     		movs	r0, #0
 5147 0474 FFF7FEFF 		bl	SPI_WriteData
1865:Module/lcd_cfg.c **** SPI_WriteData(0x00);
 5148              		.loc 1 1865 1
 5149 0478 0020     		movs	r0, #0
 5150 047a FFF7FEFF 		bl	SPI_WriteData
1866:Module/lcd_cfg.c **** SPI_WriteData(0x00);
 5151              		.loc 1 1866 1
 5152 047e 0020     		movs	r0, #0
ARM GAS  C:\Users\ADMINI~1\AppData\Local\Temp\ccavp8eo.s 			page 124


 5153 0480 FFF7FEFF 		bl	SPI_WriteData
1867:Module/lcd_cfg.c **** SPI_WriteData(0x00);
 5154              		.loc 1 1867 1
 5155 0484 0020     		movs	r0, #0
 5156 0486 FFF7FEFF 		bl	SPI_WriteData
1868:Module/lcd_cfg.c **** 
1869:Module/lcd_cfg.c **** //Blank28
1870:Module/lcd_cfg.c **** SSD2828_WritePackageSize(3);
 5157              		.loc 1 1870 1
 5158 048a 0320     		movs	r0, #3
 5159 048c FFF7FEFF 		bl	SSD2828_WritePackageSize
1871:Module/lcd_cfg.c **** SPI_WriteData(0x41);
 5160              		.loc 1 1871 1
 5161 0490 4120     		movs	r0, #65
 5162 0492 FFF7FEFF 		bl	SPI_WriteData
1872:Module/lcd_cfg.c **** SPI_WriteData(0x5A);
 5163              		.loc 1 1872 1
 5164 0496 5A20     		movs	r0, #90
 5165 0498 FFF7FEFF 		bl	SPI_WriteData
1873:Module/lcd_cfg.c **** SPI_WriteData(0x1C);
 5166              		.loc 1 1873 1
 5167 049c 1C20     		movs	r0, #28
 5168 049e FFF7FEFF 		bl	SPI_WriteData
1874:Module/lcd_cfg.c **** 
1875:Module/lcd_cfg.c **** SSD2828_WritePackageSize(17);
 5169              		.loc 1 1875 1
 5170 04a2 1120     		movs	r0, #17
 5171 04a4 FFF7FEFF 		bl	SSD2828_WritePackageSize
1876:Module/lcd_cfg.c **** SPI_WriteData(0x80);
 5172              		.loc 1 1876 1
 5173 04a8 8020     		movs	r0, #128
 5174 04aa FFF7FEFF 		bl	SPI_WriteData
1877:Module/lcd_cfg.c **** SPI_WriteData(0x00);
 5175              		.loc 1 1877 1
 5176 04ae 0020     		movs	r0, #0
 5177 04b0 FFF7FEFF 		bl	SPI_WriteData
1878:Module/lcd_cfg.c **** SPI_WriteData(0x04);
 5178              		.loc 1 1878 1
 5179 04b4 0420     		movs	r0, #4
 5180 04b6 FFF7FEFF 		bl	SPI_WriteData
1879:Module/lcd_cfg.c **** SPI_WriteData(0x08);
 5181              		.loc 1 1879 1
 5182 04ba 0820     		movs	r0, #8
 5183 04bc FFF7FEFF 		bl	SPI_WriteData
1880:Module/lcd_cfg.c **** SPI_WriteData(0x0C);
 5184              		.loc 1 1880 1
 5185 04c0 0C20     		movs	r0, #12
 5186 04c2 FFF7FEFF 		bl	SPI_WriteData
1881:Module/lcd_cfg.c **** SPI_WriteData(0x00);
 5187              		.loc 1 1881 1
 5188 04c6 0020     		movs	r0, #0
 5189 04c8 FFF7FEFF 		bl	SPI_WriteData
1882:Module/lcd_cfg.c **** SPI_WriteData(0x10);
 5190              		.loc 1 1882 1
 5191 04cc 1020     		movs	r0, #16
 5192 04ce FFF7FEFF 		bl	SPI_WriteData
1883:Module/lcd_cfg.c **** SPI_WriteData(0x14);
ARM GAS  C:\Users\ADMINI~1\AppData\Local\Temp\ccavp8eo.s 			page 125


 5193              		.loc 1 1883 1
 5194 04d2 1420     		movs	r0, #20
 5195 04d4 FFF7FEFF 		bl	SPI_WriteData
1884:Module/lcd_cfg.c **** SPI_WriteData(0x18);
 5196              		.loc 1 1884 1
 5197 04d8 1820     		movs	r0, #24
 5198 04da FFF7FEFF 		bl	SPI_WriteData
1885:Module/lcd_cfg.c **** SPI_WriteData(0x1C);
 5199              		.loc 1 1885 1
 5200 04de 1C20     		movs	r0, #28
 5201 04e0 FFF7FEFF 		bl	SPI_WriteData
1886:Module/lcd_cfg.c **** SPI_WriteData(0x00);
 5202              		.loc 1 1886 1
 5203 04e4 0020     		movs	r0, #0
 5204 04e6 FFF7FEFF 		bl	SPI_WriteData
1887:Module/lcd_cfg.c **** SPI_WriteData(0x20);
 5205              		.loc 1 1887 1
 5206 04ea 2020     		movs	r0, #32
 5207 04ec FFF7FEFF 		bl	SPI_WriteData
1888:Module/lcd_cfg.c **** SPI_WriteData(0x28);
 5208              		.loc 1 1888 1
 5209 04f0 2820     		movs	r0, #40
 5210 04f2 FFF7FEFF 		bl	SPI_WriteData
1889:Module/lcd_cfg.c **** SPI_WriteData(0x30);
 5211              		.loc 1 1889 1
 5212 04f6 3020     		movs	r0, #48
 5213 04f8 FFF7FEFF 		bl	SPI_WriteData
1890:Module/lcd_cfg.c **** SPI_WriteData(0x38);
 5214              		.loc 1 1890 1
 5215 04fc 3820     		movs	r0, #56
 5216 04fe FFF7FEFF 		bl	SPI_WriteData
1891:Module/lcd_cfg.c **** SPI_WriteData(0x00);
 5217              		.loc 1 1891 1
 5218 0502 0020     		movs	r0, #0
 5219 0504 FFF7FEFF 		bl	SPI_WriteData
1892:Module/lcd_cfg.c **** SPI_WriteData(0x40);
 5220              		.loc 1 1892 1
 5221 0508 4020     		movs	r0, #64
 5222 050a FFF7FEFF 		bl	SPI_WriteData
1893:Module/lcd_cfg.c **** 
1894:Module/lcd_cfg.c **** SSD2828_WritePackageSize(17);
 5223              		.loc 1 1894 1
 5224 050e 1120     		movs	r0, #17
 5225 0510 FFF7FEFF 		bl	SSD2828_WritePackageSize
1895:Module/lcd_cfg.c **** SPI_WriteData(0x90);
 5226              		.loc 1 1895 1
 5227 0514 9020     		movs	r0, #144
 5228 0516 FFF7FEFF 		bl	SPI_WriteData
1896:Module/lcd_cfg.c **** SPI_WriteData(0x48);
 5229              		.loc 1 1896 1
 5230 051a 4820     		movs	r0, #72
 5231 051c FFF7FEFF 		bl	SPI_WriteData
1897:Module/lcd_cfg.c **** SPI_WriteData(0x50);
 5232              		.loc 1 1897 1
 5233 0520 5020     		movs	r0, #80
 5234 0522 FFF7FEFF 		bl	SPI_WriteData
1898:Module/lcd_cfg.c **** SPI_WriteData(0x58);
ARM GAS  C:\Users\ADMINI~1\AppData\Local\Temp\ccavp8eo.s 			page 126


 5235              		.loc 1 1898 1
 5236 0526 5820     		movs	r0, #88
 5237 0528 FFF7FEFF 		bl	SPI_WriteData
1899:Module/lcd_cfg.c **** SPI_WriteData(0x00);
 5238              		.loc 1 1899 1
 5239 052c 0020     		movs	r0, #0
 5240 052e FFF7FEFF 		bl	SPI_WriteData
1900:Module/lcd_cfg.c **** SPI_WriteData(0x60);
 5241              		.loc 1 1900 1
 5242 0532 6020     		movs	r0, #96
 5243 0534 FFF7FEFF 		bl	SPI_WriteData
1901:Module/lcd_cfg.c **** SPI_WriteData(0x68);
 5244              		.loc 1 1901 1
 5245 0538 6820     		movs	r0, #104
 5246 053a FFF7FEFF 		bl	SPI_WriteData
1902:Module/lcd_cfg.c **** SPI_WriteData(0x70);
 5247              		.loc 1 1902 1
 5248 053e 7020     		movs	r0, #112
 5249 0540 FFF7FEFF 		bl	SPI_WriteData
1903:Module/lcd_cfg.c **** SPI_WriteData(0x78);
 5250              		.loc 1 1903 1
 5251 0544 7820     		movs	r0, #120
 5252 0546 FFF7FEFF 		bl	SPI_WriteData
1904:Module/lcd_cfg.c **** SPI_WriteData(0x00);
 5253              		.loc 1 1904 1
 5254 054a 0020     		movs	r0, #0
 5255 054c FFF7FEFF 		bl	SPI_WriteData
1905:Module/lcd_cfg.c **** SPI_WriteData(0x80);
 5256              		.loc 1 1905 1
 5257 0550 8020     		movs	r0, #128
 5258 0552 FFF7FEFF 		bl	SPI_WriteData
1906:Module/lcd_cfg.c **** SPI_WriteData(0x88);
 5259              		.loc 1 1906 1
 5260 0556 8820     		movs	r0, #136
 5261 0558 FFF7FEFF 		bl	SPI_WriteData
1907:Module/lcd_cfg.c **** SPI_WriteData(0x90);
 5262              		.loc 1 1907 1
 5263 055c 9020     		movs	r0, #144
 5264 055e FFF7FEFF 		bl	SPI_WriteData
1908:Module/lcd_cfg.c **** SPI_WriteData(0x98);
 5265              		.loc 1 1908 1
 5266 0562 9820     		movs	r0, #152
 5267 0564 FFF7FEFF 		bl	SPI_WriteData
1909:Module/lcd_cfg.c **** SPI_WriteData(0x00);
 5268              		.loc 1 1909 1
 5269 0568 0020     		movs	r0, #0
 5270 056a FFF7FEFF 		bl	SPI_WriteData
1910:Module/lcd_cfg.c **** SPI_WriteData(0xA0);
 5271              		.loc 1 1910 1
 5272 056e A020     		movs	r0, #160
 5273 0570 FFF7FEFF 		bl	SPI_WriteData
1911:Module/lcd_cfg.c **** SPI_WriteData(0xA8);
 5274              		.loc 1 1911 1
 5275 0574 A820     		movs	r0, #168
 5276 0576 FFF7FEFF 		bl	SPI_WriteData
1912:Module/lcd_cfg.c **** 
1913:Module/lcd_cfg.c **** SSD2828_WritePackageSize(17);
ARM GAS  C:\Users\ADMINI~1\AppData\Local\Temp\ccavp8eo.s 			page 127


 5277              		.loc 1 1913 1
 5278 057a 1120     		movs	r0, #17
 5279 057c FFF7FEFF 		bl	SSD2828_WritePackageSize
1914:Module/lcd_cfg.c **** SPI_WriteData(0xA0);
 5280              		.loc 1 1914 1
 5281 0580 A020     		movs	r0, #160
 5282 0582 FFF7FEFF 		bl	SPI_WriteData
1915:Module/lcd_cfg.c **** SPI_WriteData(0xB0);
 5283              		.loc 1 1915 1
 5284 0586 B020     		movs	r0, #176
 5285 0588 FFF7FEFF 		bl	SPI_WriteData
1916:Module/lcd_cfg.c **** SPI_WriteData(0xB8);
 5286              		.loc 1 1916 1
 5287 058c B820     		movs	r0, #184
 5288 058e FFF7FEFF 		bl	SPI_WriteData
1917:Module/lcd_cfg.c **** SPI_WriteData(0x00);
 5289              		.loc 1 1917 1
 5290 0592 0020     		movs	r0, #0
 5291 0594 FFF7FEFF 		bl	SPI_WriteData
1918:Module/lcd_cfg.c **** SPI_WriteData(0xC0);
 5292              		.loc 1 1918 1
 5293 0598 C020     		movs	r0, #192
 5294 059a FFF7FEFF 		bl	SPI_WriteData
1919:Module/lcd_cfg.c **** SPI_WriteData(0xC8);
 5295              		.loc 1 1919 1
 5296 059e C820     		movs	r0, #200
 5297 05a0 FFF7FEFF 		bl	SPI_WriteData
1920:Module/lcd_cfg.c **** SPI_WriteData(0xD0);
 5298              		.loc 1 1920 1
 5299 05a4 D020     		movs	r0, #208
 5300 05a6 FFF7FEFF 		bl	SPI_WriteData
1921:Module/lcd_cfg.c **** SPI_WriteData(0xD8);
 5301              		.loc 1 1921 1
 5302 05aa D820     		movs	r0, #216
 5303 05ac FFF7FEFF 		bl	SPI_WriteData
1922:Module/lcd_cfg.c **** SPI_WriteData(0x00);
 5304              		.loc 1 1922 1
 5305 05b0 0020     		movs	r0, #0
 5306 05b2 FFF7FEFF 		bl	SPI_WriteData
1923:Module/lcd_cfg.c **** SPI_WriteData(0xE0);
 5307              		.loc 1 1923 1
 5308 05b6 E020     		movs	r0, #224
 5309 05b8 FFF7FEFF 		bl	SPI_WriteData
1924:Module/lcd_cfg.c **** SPI_WriteData(0xE8);
 5310              		.loc 1 1924 1
 5311 05bc E820     		movs	r0, #232
 5312 05be FFF7FEFF 		bl	SPI_WriteData
1925:Module/lcd_cfg.c **** SPI_WriteData(0xF0);
 5313              		.loc 1 1925 1
 5314 05c2 F020     		movs	r0, #240
 5315 05c4 FFF7FEFF 		bl	SPI_WriteData
1926:Module/lcd_cfg.c **** SPI_WriteData(0xF8);
 5316              		.loc 1 1926 1
 5317 05c8 F820     		movs	r0, #248
 5318 05ca FFF7FEFF 		bl	SPI_WriteData
1927:Module/lcd_cfg.c **** SPI_WriteData(0x00);
 5319              		.loc 1 1927 1
ARM GAS  C:\Users\ADMINI~1\AppData\Local\Temp\ccavp8eo.s 			page 128


 5320 05ce 0020     		movs	r0, #0
 5321 05d0 FFF7FEFF 		bl	SPI_WriteData
1928:Module/lcd_cfg.c **** SPI_WriteData(0xFC);
 5322              		.loc 1 1928 1
 5323 05d4 FC20     		movs	r0, #252
 5324 05d6 FFF7FEFF 		bl	SPI_WriteData
1929:Module/lcd_cfg.c **** SPI_WriteData(0xFE);
 5325              		.loc 1 1929 1
 5326 05da FE20     		movs	r0, #254
 5327 05dc FFF7FEFF 		bl	SPI_WriteData
1930:Module/lcd_cfg.c **** SPI_WriteData(0xFF);
 5328              		.loc 1 1930 1
 5329 05e0 FF20     		movs	r0, #255
 5330 05e2 FFF7FEFF 		bl	SPI_WriteData
1931:Module/lcd_cfg.c **** 
1932:Module/lcd_cfg.c **** SSD2828_WritePackageSize(17);
 5331              		.loc 1 1932 1
 5332 05e6 1120     		movs	r0, #17
 5333 05e8 FFF7FEFF 		bl	SSD2828_WritePackageSize
1933:Module/lcd_cfg.c **** SPI_WriteData(0xB0);
 5334              		.loc 1 1933 1
 5335 05ec B020     		movs	r0, #176
 5336 05ee FFF7FEFF 		bl	SPI_WriteData
1934:Module/lcd_cfg.c **** SPI_WriteData(0x00);
 5337              		.loc 1 1934 1
 5338 05f2 0020     		movs	r0, #0
 5339 05f4 FFF7FEFF 		bl	SPI_WriteData
1935:Module/lcd_cfg.c **** SPI_WriteData(0x00);
 5340              		.loc 1 1935 1
 5341 05f8 0020     		movs	r0, #0
 5342 05fa FFF7FEFF 		bl	SPI_WriteData
1936:Module/lcd_cfg.c **** SPI_WriteData(0x04);
 5343              		.loc 1 1936 1
 5344 05fe 0420     		movs	r0, #4
 5345 0600 FFF7FEFF 		bl	SPI_WriteData
1937:Module/lcd_cfg.c **** SPI_WriteData(0x08);
 5346              		.loc 1 1937 1
 5347 0604 0820     		movs	r0, #8
 5348 0606 FFF7FEFF 		bl	SPI_WriteData
1938:Module/lcd_cfg.c **** SPI_WriteData(0x0C);
 5349              		.loc 1 1938 1
 5350 060a 0C20     		movs	r0, #12
 5351 060c FFF7FEFF 		bl	SPI_WriteData
1939:Module/lcd_cfg.c **** SPI_WriteData(0x00);
 5352              		.loc 1 1939 1
 5353 0610 0020     		movs	r0, #0
 5354 0612 FFF7FEFF 		bl	SPI_WriteData
1940:Module/lcd_cfg.c **** SPI_WriteData(0x10);
 5355              		.loc 1 1940 1
 5356 0616 1020     		movs	r0, #16
 5357 0618 FFF7FEFF 		bl	SPI_WriteData
1941:Module/lcd_cfg.c **** SPI_WriteData(0x14);
 5358              		.loc 1 1941 1
 5359 061c 1420     		movs	r0, #20
 5360 061e FFF7FEFF 		bl	SPI_WriteData
1942:Module/lcd_cfg.c **** SPI_WriteData(0x18);
 5361              		.loc 1 1942 1
ARM GAS  C:\Users\ADMINI~1\AppData\Local\Temp\ccavp8eo.s 			page 129


 5362 0622 1820     		movs	r0, #24
 5363 0624 FFF7FEFF 		bl	SPI_WriteData
1943:Module/lcd_cfg.c **** SPI_WriteData(0x1C);
 5364              		.loc 1 1943 1
 5365 0628 1C20     		movs	r0, #28
 5366 062a FFF7FEFF 		bl	SPI_WriteData
1944:Module/lcd_cfg.c **** SPI_WriteData(0x00);
 5367              		.loc 1 1944 1
 5368 062e 0020     		movs	r0, #0
 5369 0630 FFF7FEFF 		bl	SPI_WriteData
1945:Module/lcd_cfg.c **** SPI_WriteData(0x20);
 5370              		.loc 1 1945 1
 5371 0634 2020     		movs	r0, #32
 5372 0636 FFF7FEFF 		bl	SPI_WriteData
1946:Module/lcd_cfg.c **** SPI_WriteData(0x28);
 5373              		.loc 1 1946 1
 5374 063a 2820     		movs	r0, #40
 5375 063c FFF7FEFF 		bl	SPI_WriteData
1947:Module/lcd_cfg.c **** SPI_WriteData(0x30);
 5376              		.loc 1 1947 1
 5377 0640 3020     		movs	r0, #48
 5378 0642 FFF7FEFF 		bl	SPI_WriteData
1948:Module/lcd_cfg.c **** SPI_WriteData(0x38);
 5379              		.loc 1 1948 1
 5380 0646 3820     		movs	r0, #56
 5381 0648 FFF7FEFF 		bl	SPI_WriteData
1949:Module/lcd_cfg.c **** SPI_WriteData(0x00);
 5382              		.loc 1 1949 1
 5383 064c 0020     		movs	r0, #0
 5384 064e FFF7FEFF 		bl	SPI_WriteData
1950:Module/lcd_cfg.c **** 
1951:Module/lcd_cfg.c **** SSD2828_WritePackageSize(17);
 5385              		.loc 1 1951 1
 5386 0652 1120     		movs	r0, #17
 5387 0654 FFF7FEFF 		bl	SSD2828_WritePackageSize
1952:Module/lcd_cfg.c **** SPI_WriteData(0xC0);
 5388              		.loc 1 1952 1
 5389 0658 C020     		movs	r0, #192
 5390 065a FFF7FEFF 		bl	SPI_WriteData
1953:Module/lcd_cfg.c **** SPI_WriteData(0x40);
 5391              		.loc 1 1953 1
 5392 065e 4020     		movs	r0, #64
 5393 0660 FFF7FEFF 		bl	SPI_WriteData
1954:Module/lcd_cfg.c **** SPI_WriteData(0x48);
 5394              		.loc 1 1954 1
 5395 0664 4820     		movs	r0, #72
 5396 0666 FFF7FEFF 		bl	SPI_WriteData
1955:Module/lcd_cfg.c **** SPI_WriteData(0x50);
 5397              		.loc 1 1955 1
 5398 066a 5020     		movs	r0, #80
 5399 066c FFF7FEFF 		bl	SPI_WriteData
1956:Module/lcd_cfg.c **** SPI_WriteData(0x58);
 5400              		.loc 1 1956 1
 5401 0670 5820     		movs	r0, #88
 5402 0672 FFF7FEFF 		bl	SPI_WriteData
1957:Module/lcd_cfg.c **** SPI_WriteData(0x00);
 5403              		.loc 1 1957 1
ARM GAS  C:\Users\ADMINI~1\AppData\Local\Temp\ccavp8eo.s 			page 130


 5404 0676 0020     		movs	r0, #0
 5405 0678 FFF7FEFF 		bl	SPI_WriteData
1958:Module/lcd_cfg.c **** SPI_WriteData(0x60);
 5406              		.loc 1 1958 1
 5407 067c 6020     		movs	r0, #96
 5408 067e FFF7FEFF 		bl	SPI_WriteData
1959:Module/lcd_cfg.c **** SPI_WriteData(0x68);
 5409              		.loc 1 1959 1
 5410 0682 6820     		movs	r0, #104
 5411 0684 FFF7FEFF 		bl	SPI_WriteData
1960:Module/lcd_cfg.c **** SPI_WriteData(0x70);
 5412              		.loc 1 1960 1
 5413 0688 7020     		movs	r0, #112
 5414 068a FFF7FEFF 		bl	SPI_WriteData
1961:Module/lcd_cfg.c **** SPI_WriteData(0x78);
 5415              		.loc 1 1961 1
 5416 068e 7820     		movs	r0, #120
 5417 0690 FFF7FEFF 		bl	SPI_WriteData
1962:Module/lcd_cfg.c **** SPI_WriteData(0x00);
 5418              		.loc 1 1962 1
 5419 0694 0020     		movs	r0, #0
 5420 0696 FFF7FEFF 		bl	SPI_WriteData
1963:Module/lcd_cfg.c **** SPI_WriteData(0x80);
 5421              		.loc 1 1963 1
 5422 069a 8020     		movs	r0, #128
 5423 069c FFF7FEFF 		bl	SPI_WriteData
1964:Module/lcd_cfg.c **** SPI_WriteData(0x88);
 5424              		.loc 1 1964 1
 5425 06a0 8820     		movs	r0, #136
 5426 06a2 FFF7FEFF 		bl	SPI_WriteData
1965:Module/lcd_cfg.c **** SPI_WriteData(0x90);
 5427              		.loc 1 1965 1
 5428 06a6 9020     		movs	r0, #144
 5429 06a8 FFF7FEFF 		bl	SPI_WriteData
1966:Module/lcd_cfg.c **** SPI_WriteData(0x98);
 5430              		.loc 1 1966 1
 5431 06ac 9820     		movs	r0, #152
 5432 06ae FFF7FEFF 		bl	SPI_WriteData
1967:Module/lcd_cfg.c **** SPI_WriteData(0x00);
 5433              		.loc 1 1967 1
 5434 06b2 0020     		movs	r0, #0
 5435 06b4 FFF7FEFF 		bl	SPI_WriteData
1968:Module/lcd_cfg.c **** SPI_WriteData(0xA0);
 5436              		.loc 1 1968 1
 5437 06b8 A020     		movs	r0, #160
 5438 06ba FFF7FEFF 		bl	SPI_WriteData
1969:Module/lcd_cfg.c **** 
1970:Module/lcd_cfg.c **** SSD2828_WritePackageSize(17);
 5439              		.loc 1 1970 1
 5440 06be 1120     		movs	r0, #17
 5441 06c0 FFF7FEFF 		bl	SSD2828_WritePackageSize
1971:Module/lcd_cfg.c **** SPI_WriteData(0xD0);
 5442              		.loc 1 1971 1
 5443 06c4 D020     		movs	r0, #208
 5444 06c6 FFF7FEFF 		bl	SPI_WriteData
1972:Module/lcd_cfg.c **** SPI_WriteData(0xA8);
 5445              		.loc 1 1972 1
ARM GAS  C:\Users\ADMINI~1\AppData\Local\Temp\ccavp8eo.s 			page 131


 5446 06ca A820     		movs	r0, #168
 5447 06cc FFF7FEFF 		bl	SPI_WriteData
1973:Module/lcd_cfg.c **** SPI_WriteData(0xB0);
 5448              		.loc 1 1973 1
 5449 06d0 B020     		movs	r0, #176
 5450 06d2 FFF7FEFF 		bl	SPI_WriteData
1974:Module/lcd_cfg.c **** SPI_WriteData(0xB8);
 5451              		.loc 1 1974 1
 5452 06d6 B820     		movs	r0, #184
 5453 06d8 FFF7FEFF 		bl	SPI_WriteData
1975:Module/lcd_cfg.c **** SPI_WriteData(0x00);
 5454              		.loc 1 1975 1
 5455 06dc 0020     		movs	r0, #0
 5456 06de FFF7FEFF 		bl	SPI_WriteData
1976:Module/lcd_cfg.c **** SPI_WriteData(0xC0);
 5457              		.loc 1 1976 1
 5458 06e2 C020     		movs	r0, #192
 5459 06e4 FFF7FEFF 		bl	SPI_WriteData
1977:Module/lcd_cfg.c **** SPI_WriteData(0xC8);
 5460              		.loc 1 1977 1
 5461 06e8 C820     		movs	r0, #200
 5462 06ea FFF7FEFF 		bl	SPI_WriteData
1978:Module/lcd_cfg.c **** SPI_WriteData(0xD0);
 5463              		.loc 1 1978 1
 5464 06ee D020     		movs	r0, #208
 5465 06f0 FFF7FEFF 		bl	SPI_WriteData
1979:Module/lcd_cfg.c **** SPI_WriteData(0xD8);
 5466              		.loc 1 1979 1
 5467 06f4 D820     		movs	r0, #216
 5468 06f6 FFF7FEFF 		bl	SPI_WriteData
1980:Module/lcd_cfg.c **** SPI_WriteData(0x00);
 5469              		.loc 1 1980 1
 5470 06fa 0020     		movs	r0, #0
 5471 06fc FFF7FEFF 		bl	SPI_WriteData
1981:Module/lcd_cfg.c **** SPI_WriteData(0xE0);
 5472              		.loc 1 1981 1
 5473 0700 E020     		movs	r0, #224
 5474 0702 FFF7FEFF 		bl	SPI_WriteData
1982:Module/lcd_cfg.c **** SPI_WriteData(0xE8);
 5475              		.loc 1 1982 1
 5476 0706 E820     		movs	r0, #232
 5477 0708 FFF7FEFF 		bl	SPI_WriteData
1983:Module/lcd_cfg.c **** SPI_WriteData(0xF0);
 5478              		.loc 1 1983 1
 5479 070c F020     		movs	r0, #240
 5480 070e FFF7FEFF 		bl	SPI_WriteData
1984:Module/lcd_cfg.c **** SPI_WriteData(0xF8);
 5481              		.loc 1 1984 1
 5482 0712 F820     		movs	r0, #248
 5483 0714 FFF7FEFF 		bl	SPI_WriteData
1985:Module/lcd_cfg.c **** SPI_WriteData(0x00);
 5484              		.loc 1 1985 1
 5485 0718 0020     		movs	r0, #0
 5486 071a FFF7FEFF 		bl	SPI_WriteData
1986:Module/lcd_cfg.c **** SPI_WriteData(0xFC);
 5487              		.loc 1 1986 1
 5488 071e FC20     		movs	r0, #252
ARM GAS  C:\Users\ADMINI~1\AppData\Local\Temp\ccavp8eo.s 			page 132


 5489 0720 FFF7FEFF 		bl	SPI_WriteData
1987:Module/lcd_cfg.c **** SPI_WriteData(0xFE);
 5490              		.loc 1 1987 1
 5491 0724 FE20     		movs	r0, #254
 5492 0726 FFF7FEFF 		bl	SPI_WriteData
1988:Module/lcd_cfg.c **** 
1989:Module/lcd_cfg.c **** SSD2828_WritePackageSize(17);
 5493              		.loc 1 1989 1
 5494 072a 1120     		movs	r0, #17
 5495 072c FFF7FEFF 		bl	SSD2828_WritePackageSize
1990:Module/lcd_cfg.c **** SPI_WriteData(0xE0);
 5496              		.loc 1 1990 1
 5497 0730 E020     		movs	r0, #224
 5498 0732 FFF7FEFF 		bl	SPI_WriteData
1991:Module/lcd_cfg.c **** SPI_WriteData(0xFF);
 5499              		.loc 1 1991 1
 5500 0736 FF20     		movs	r0, #255
 5501 0738 FFF7FEFF 		bl	SPI_WriteData
1992:Module/lcd_cfg.c **** SPI_WriteData(0x00);
 5502              		.loc 1 1992 1
 5503 073c 0020     		movs	r0, #0
 5504 073e FFF7FEFF 		bl	SPI_WriteData
1993:Module/lcd_cfg.c **** SPI_WriteData(0x00);
 5505              		.loc 1 1993 1
 5506 0742 0020     		movs	r0, #0
 5507 0744 FFF7FEFF 		bl	SPI_WriteData
1994:Module/lcd_cfg.c **** SPI_WriteData(0x04);
 5508              		.loc 1 1994 1
 5509 0748 0420     		movs	r0, #4
 5510 074a FFF7FEFF 		bl	SPI_WriteData
1995:Module/lcd_cfg.c **** SPI_WriteData(0x08);
 5511              		.loc 1 1995 1
 5512 074e 0820     		movs	r0, #8
 5513 0750 FFF7FEFF 		bl	SPI_WriteData
1996:Module/lcd_cfg.c **** SPI_WriteData(0x0C);
 5514              		.loc 1 1996 1
 5515 0754 0C20     		movs	r0, #12
 5516 0756 FFF7FEFF 		bl	SPI_WriteData
1997:Module/lcd_cfg.c **** SPI_WriteData(0x00);
 5517              		.loc 1 1997 1
 5518 075a 0020     		movs	r0, #0
 5519 075c FFF7FEFF 		bl	SPI_WriteData
1998:Module/lcd_cfg.c **** SPI_WriteData(0x10);
 5520              		.loc 1 1998 1
 5521 0760 1020     		movs	r0, #16
 5522 0762 FFF7FEFF 		bl	SPI_WriteData
1999:Module/lcd_cfg.c **** SPI_WriteData(0x14);
 5523              		.loc 1 1999 1
 5524 0766 1420     		movs	r0, #20
 5525 0768 FFF7FEFF 		bl	SPI_WriteData
2000:Module/lcd_cfg.c **** SPI_WriteData(0x18);
 5526              		.loc 1 2000 1
 5527 076c 1820     		movs	r0, #24
 5528 076e FFF7FEFF 		bl	SPI_WriteData
2001:Module/lcd_cfg.c **** SPI_WriteData(0x1C);
 5529              		.loc 1 2001 1
 5530 0772 1C20     		movs	r0, #28
ARM GAS  C:\Users\ADMINI~1\AppData\Local\Temp\ccavp8eo.s 			page 133


 5531 0774 FFF7FEFF 		bl	SPI_WriteData
2002:Module/lcd_cfg.c **** SPI_WriteData(0x00);
 5532              		.loc 1 2002 1
 5533 0778 0020     		movs	r0, #0
 5534 077a FFF7FEFF 		bl	SPI_WriteData
2003:Module/lcd_cfg.c **** SPI_WriteData(0x20);
 5535              		.loc 1 2003 1
 5536 077e 2020     		movs	r0, #32
 5537 0780 FFF7FEFF 		bl	SPI_WriteData
2004:Module/lcd_cfg.c **** SPI_WriteData(0x28);
 5538              		.loc 1 2004 1
 5539 0784 2820     		movs	r0, #40
 5540 0786 FFF7FEFF 		bl	SPI_WriteData
2005:Module/lcd_cfg.c **** SPI_WriteData(0x30);
 5541              		.loc 1 2005 1
 5542 078a 3020     		movs	r0, #48
 5543 078c FFF7FEFF 		bl	SPI_WriteData
2006:Module/lcd_cfg.c **** SPI_WriteData(0x38);
 5544              		.loc 1 2006 1
 5545 0790 3820     		movs	r0, #56
 5546 0792 FFF7FEFF 		bl	SPI_WriteData
2007:Module/lcd_cfg.c **** 
2008:Module/lcd_cfg.c **** SSD2828_WritePackageSize(17);
 5547              		.loc 1 2008 1
 5548 0796 1120     		movs	r0, #17
 5549 0798 FFF7FEFF 		bl	SSD2828_WritePackageSize
2009:Module/lcd_cfg.c **** SPI_WriteData(0xF0);
 5550              		.loc 1 2009 1
 5551 079c F020     		movs	r0, #240
 5552 079e FFF7FEFF 		bl	SPI_WriteData
2010:Module/lcd_cfg.c **** SPI_WriteData(0x00);
 5553              		.loc 1 2010 1
 5554 07a2 0020     		movs	r0, #0
 5555 07a4 FFF7FEFF 		bl	SPI_WriteData
2011:Module/lcd_cfg.c **** SPI_WriteData(0x40);
 5556              		.loc 1 2011 1
 5557 07a8 4020     		movs	r0, #64
 5558 07aa FFF7FEFF 		bl	SPI_WriteData
2012:Module/lcd_cfg.c **** SPI_WriteData(0x48);
 5559              		.loc 1 2012 1
 5560 07ae 4820     		movs	r0, #72
 5561 07b0 FFF7FEFF 		bl	SPI_WriteData
2013:Module/lcd_cfg.c **** SPI_WriteData(0x50);
 5562              		.loc 1 2013 1
 5563 07b4 5020     		movs	r0, #80
 5564 07b6 FFF7FEFF 		bl	SPI_WriteData
2014:Module/lcd_cfg.c **** SPI_WriteData(0x58);
 5565              		.loc 1 2014 1
 5566 07ba 5820     		movs	r0, #88
 5567 07bc FFF7FEFF 		bl	SPI_WriteData
2015:Module/lcd_cfg.c **** SPI_WriteData(0x00);
 5568              		.loc 1 2015 1
 5569 07c0 0020     		movs	r0, #0
 5570 07c2 FFF7FEFF 		bl	SPI_WriteData
2016:Module/lcd_cfg.c **** SPI_WriteData(0x60);
 5571              		.loc 1 2016 1
 5572 07c6 6020     		movs	r0, #96
ARM GAS  C:\Users\ADMINI~1\AppData\Local\Temp\ccavp8eo.s 			page 134


 5573 07c8 FFF7FEFF 		bl	SPI_WriteData
2017:Module/lcd_cfg.c **** SPI_WriteData(0x68);
 5574              		.loc 1 2017 1
 5575 07cc 6820     		movs	r0, #104
 5576 07ce FFF7FEFF 		bl	SPI_WriteData
2018:Module/lcd_cfg.c **** SPI_WriteData(0x70);
 5577              		.loc 1 2018 1
 5578 07d2 7020     		movs	r0, #112
 5579 07d4 FFF7FEFF 		bl	SPI_WriteData
2019:Module/lcd_cfg.c **** SPI_WriteData(0x78);
 5580              		.loc 1 2019 1
 5581 07d8 7820     		movs	r0, #120
 5582 07da FFF7FEFF 		bl	SPI_WriteData
2020:Module/lcd_cfg.c **** SPI_WriteData(0x00);
 5583              		.loc 1 2020 1
 5584 07de 0020     		movs	r0, #0
 5585 07e0 FFF7FEFF 		bl	SPI_WriteData
2021:Module/lcd_cfg.c **** SPI_WriteData(0x80);
 5586              		.loc 1 2021 1
 5587 07e4 8020     		movs	r0, #128
 5588 07e6 FFF7FEFF 		bl	SPI_WriteData
2022:Module/lcd_cfg.c **** SPI_WriteData(0x88);
 5589              		.loc 1 2022 1
 5590 07ea 8820     		movs	r0, #136
 5591 07ec FFF7FEFF 		bl	SPI_WriteData
2023:Module/lcd_cfg.c **** SPI_WriteData(0x90);
 5592              		.loc 1 2023 1
 5593 07f0 9020     		movs	r0, #144
 5594 07f2 FFF7FEFF 		bl	SPI_WriteData
2024:Module/lcd_cfg.c **** SPI_WriteData(0x98);
 5595              		.loc 1 2024 1
 5596 07f6 9820     		movs	r0, #152
 5597 07f8 FFF7FEFF 		bl	SPI_WriteData
2025:Module/lcd_cfg.c **** SPI_WriteData(0x00);
 5598              		.loc 1 2025 1
 5599 07fc 0020     		movs	r0, #0
 5600 07fe FFF7FEFF 		bl	SPI_WriteData
2026:Module/lcd_cfg.c **** 
2027:Module/lcd_cfg.c **** //Blank29
2028:Module/lcd_cfg.c **** SSD2828_WritePackageSize(3);
 5601              		.loc 1 2028 1
 5602 0802 0320     		movs	r0, #3
 5603 0804 FFF7FEFF 		bl	SSD2828_WritePackageSize
2029:Module/lcd_cfg.c **** SPI_WriteData(0x41);
 5604              		.loc 1 2029 1
 5605 0808 4120     		movs	r0, #65
 5606 080a FFF7FEFF 		bl	SPI_WriteData
2030:Module/lcd_cfg.c **** SPI_WriteData(0x5A);
 5607              		.loc 1 2030 1
 5608 080e 5A20     		movs	r0, #90
 5609 0810 FFF7FEFF 		bl	SPI_WriteData
2031:Module/lcd_cfg.c **** SPI_WriteData(0x1D);
 5610              		.loc 1 2031 1
 5611 0814 1D20     		movs	r0, #29
 5612 0816 FFF7FEFF 		bl	SPI_WriteData
2032:Module/lcd_cfg.c **** 
2033:Module/lcd_cfg.c **** SSD2828_WritePackageSize(17);
ARM GAS  C:\Users\ADMINI~1\AppData\Local\Temp\ccavp8eo.s 			page 135


 5613              		.loc 1 2033 1
 5614 081a 1120     		movs	r0, #17
 5615 081c FFF7FEFF 		bl	SSD2828_WritePackageSize
2034:Module/lcd_cfg.c **** SPI_WriteData(0x80);
 5616              		.loc 1 2034 1
 5617 0820 8020     		movs	r0, #128
 5618 0822 FFF7FEFF 		bl	SPI_WriteData
2035:Module/lcd_cfg.c **** SPI_WriteData(0xA0);
 5619              		.loc 1 2035 1
 5620 0826 A020     		movs	r0, #160
 5621 0828 FFF7FEFF 		bl	SPI_WriteData
2036:Module/lcd_cfg.c **** SPI_WriteData(0xA8);
 5622              		.loc 1 2036 1
 5623 082c A820     		movs	r0, #168
 5624 082e FFF7FEFF 		bl	SPI_WriteData
2037:Module/lcd_cfg.c **** SPI_WriteData(0xB0);
 5625              		.loc 1 2037 1
 5626 0832 B020     		movs	r0, #176
 5627 0834 FFF7FEFF 		bl	SPI_WriteData
2038:Module/lcd_cfg.c **** SPI_WriteData(0xB8);
 5628              		.loc 1 2038 1
 5629 0838 B820     		movs	r0, #184
 5630 083a FFF7FEFF 		bl	SPI_WriteData
2039:Module/lcd_cfg.c **** SPI_WriteData(0x00);
 5631              		.loc 1 2039 1
 5632 083e 0020     		movs	r0, #0
 5633 0840 FFF7FEFF 		bl	SPI_WriteData
2040:Module/lcd_cfg.c **** SPI_WriteData(0xC0);
 5634              		.loc 1 2040 1
 5635 0844 C020     		movs	r0, #192
 5636 0846 FFF7FEFF 		bl	SPI_WriteData
2041:Module/lcd_cfg.c **** SPI_WriteData(0xC8);
 5637              		.loc 1 2041 1
 5638 084a C820     		movs	r0, #200
 5639 084c FFF7FEFF 		bl	SPI_WriteData
2042:Module/lcd_cfg.c **** SPI_WriteData(0xD0);
 5640              		.loc 1 2042 1
 5641 0850 D020     		movs	r0, #208
 5642 0852 FFF7FEFF 		bl	SPI_WriteData
2043:Module/lcd_cfg.c **** SPI_WriteData(0xD8);
 5643              		.loc 1 2043 1
 5644 0856 D820     		movs	r0, #216
 5645 0858 FFF7FEFF 		bl	SPI_WriteData
2044:Module/lcd_cfg.c **** SPI_WriteData(0x00);
 5646              		.loc 1 2044 1
 5647 085c 0020     		movs	r0, #0
 5648 085e FFF7FEFF 		bl	SPI_WriteData
2045:Module/lcd_cfg.c **** SPI_WriteData(0xE0);
 5649              		.loc 1 2045 1
 5650 0862 E020     		movs	r0, #224
 5651 0864 FFF7FEFF 		bl	SPI_WriteData
2046:Module/lcd_cfg.c **** SPI_WriteData(0xE8);
 5652              		.loc 1 2046 1
 5653 0868 E820     		movs	r0, #232
 5654 086a FFF7FEFF 		bl	SPI_WriteData
2047:Module/lcd_cfg.c **** SPI_WriteData(0xF0);
 5655              		.loc 1 2047 1
ARM GAS  C:\Users\ADMINI~1\AppData\Local\Temp\ccavp8eo.s 			page 136


 5656 086e F020     		movs	r0, #240
 5657 0870 FFF7FEFF 		bl	SPI_WriteData
2048:Module/lcd_cfg.c **** SPI_WriteData(0xF8);
 5658              		.loc 1 2048 1
 5659 0874 F820     		movs	r0, #248
 5660 0876 FFF7FEFF 		bl	SPI_WriteData
2049:Module/lcd_cfg.c **** SPI_WriteData(0x00);
 5661              		.loc 1 2049 1
 5662 087a 0020     		movs	r0, #0
 5663 087c FFF7FEFF 		bl	SPI_WriteData
2050:Module/lcd_cfg.c **** SPI_WriteData(0xFC);
 5664              		.loc 1 2050 1
 5665 0880 FC20     		movs	r0, #252
 5666 0882 FFF7FEFF 		bl	SPI_WriteData
2051:Module/lcd_cfg.c **** 
2052:Module/lcd_cfg.c **** SSD2828_WritePackageSize(5);
 5667              		.loc 1 2052 1
 5668 0886 0520     		movs	r0, #5
 5669 0888 FFF7FEFF 		bl	SSD2828_WritePackageSize
2053:Module/lcd_cfg.c **** SPI_WriteData(0x90);
 5670              		.loc 1 2053 1
 5671 088c 9020     		movs	r0, #144
 5672 088e FFF7FEFF 		bl	SPI_WriteData
2054:Module/lcd_cfg.c **** SPI_WriteData(0xFE);
 5673              		.loc 1 2054 1
 5674 0892 FE20     		movs	r0, #254
 5675 0894 FFF7FEFF 		bl	SPI_WriteData
2055:Module/lcd_cfg.c **** SPI_WriteData(0xFF);
 5676              		.loc 1 2055 1
 5677 0898 FF20     		movs	r0, #255
 5678 089a FFF7FEFF 		bl	SPI_WriteData
2056:Module/lcd_cfg.c **** SPI_WriteData(0x00);
 5679              		.loc 1 2056 1
 5680 089e 0020     		movs	r0, #0
 5681 08a0 FFF7FEFF 		bl	SPI_WriteData
2057:Module/lcd_cfg.c **** SPI_WriteData(0x00);
 5682              		.loc 1 2057 1
 5683 08a4 0020     		movs	r0, #0
 5684 08a6 FFF7FEFF 		bl	SPI_WriteData
2058:Module/lcd_cfg.c **** 
2059:Module/lcd_cfg.c **** //Blank31
2060:Module/lcd_cfg.c **** SSD2828_WritePackageSize(3);
 5685              		.loc 1 2060 1
 5686 08aa 0320     		movs	r0, #3
 5687 08ac FFF7FEFF 		bl	SSD2828_WritePackageSize
2061:Module/lcd_cfg.c **** SPI_WriteData(0x41);
 5688              		.loc 1 2061 1
 5689 08b0 4120     		movs	r0, #65
 5690 08b2 FFF7FEFF 		bl	SPI_WriteData
2062:Module/lcd_cfg.c **** SPI_WriteData(0x5A);
 5691              		.loc 1 2062 1
 5692 08b6 5A20     		movs	r0, #90
 5693 08b8 FFF7FEFF 		bl	SPI_WriteData
2063:Module/lcd_cfg.c **** SPI_WriteData(0x1F);
 5694              		.loc 1 2063 1
 5695 08bc 1F20     		movs	r0, #31
 5696 08be FFF7FEFF 		bl	SPI_WriteData
ARM GAS  C:\Users\ADMINI~1\AppData\Local\Temp\ccavp8eo.s 			page 137


2064:Module/lcd_cfg.c **** 
2065:Module/lcd_cfg.c **** SSD2828_WritePackageSize(17);
 5697              		.loc 1 2065 1
 5698 08c2 1120     		movs	r0, #17
 5699 08c4 FFF7FEFF 		bl	SSD2828_WritePackageSize
2066:Module/lcd_cfg.c **** SPI_WriteData(0x80);
 5700              		.loc 1 2066 1
 5701 08c8 8020     		movs	r0, #128
 5702 08ca FFF7FEFF 		bl	SPI_WriteData
2067:Module/lcd_cfg.c **** SPI_WriteData(0x5A);
 5703              		.loc 1 2067 1
 5704 08ce 5A20     		movs	r0, #90
 5705 08d0 FFF7FEFF 		bl	SPI_WriteData
2068:Module/lcd_cfg.c **** SPI_WriteData(0x0F);
 5706              		.loc 1 2068 1
 5707 08d4 0F20     		movs	r0, #15
 5708 08d6 FFF7FEFF 		bl	SPI_WriteData
2069:Module/lcd_cfg.c **** SPI_WriteData(0x70);
 5709              		.loc 1 2069 1
 5710 08da 7020     		movs	r0, #112
 5711 08dc FFF7FEFF 		bl	SPI_WriteData
2070:Module/lcd_cfg.c **** SPI_WriteData(0x09);
 5712              		.loc 1 2070 1
 5713 08e0 0920     		movs	r0, #9
 5714 08e2 FFF7FEFF 		bl	SPI_WriteData
2071:Module/lcd_cfg.c **** SPI_WriteData(0x28);
 5715              		.loc 1 2071 1
 5716 08e6 2820     		movs	r0, #40
 5717 08e8 FFF7FEFF 		bl	SPI_WriteData
2072:Module/lcd_cfg.c **** SPI_WriteData(0x30);
 5718              		.loc 1 2072 1
 5719 08ec 3020     		movs	r0, #48
 5720 08ee FFF7FEFF 		bl	SPI_WriteData
2073:Module/lcd_cfg.c **** SPI_WriteData(0x38);
 5721              		.loc 1 2073 1
 5722 08f2 3820     		movs	r0, #56
 5723 08f4 FFF7FEFF 		bl	SPI_WriteData
2074:Module/lcd_cfg.c **** SPI_WriteData(0x40);
 5724              		.loc 1 2074 1
 5725 08f8 4020     		movs	r0, #64
 5726 08fa FFF7FEFF 		bl	SPI_WriteData
2075:Module/lcd_cfg.c **** SPI_WriteData(0x48);
 5727              		.loc 1 2075 1
 5728 08fe 4820     		movs	r0, #72
 5729 0900 FFF7FEFF 		bl	SPI_WriteData
2076:Module/lcd_cfg.c **** SPI_WriteData(0x50);
 5730              		.loc 1 2076 1
 5731 0904 5020     		movs	r0, #80
 5732 0906 FFF7FEFF 		bl	SPI_WriteData
2077:Module/lcd_cfg.c **** SPI_WriteData(0x58);
 5733              		.loc 1 2077 1
 5734 090a 5820     		movs	r0, #88
 5735 090c FFF7FEFF 		bl	SPI_WriteData
2078:Module/lcd_cfg.c **** SPI_WriteData(0x60);
 5736              		.loc 1 2078 1
 5737 0910 6020     		movs	r0, #96
 5738 0912 FFF7FEFF 		bl	SPI_WriteData
ARM GAS  C:\Users\ADMINI~1\AppData\Local\Temp\ccavp8eo.s 			page 138


2079:Module/lcd_cfg.c **** SPI_WriteData(0x20);
 5739              		.loc 1 2079 1
 5740 0916 2020     		movs	r0, #32
 5741 0918 FFF7FEFF 		bl	SPI_WriteData
2080:Module/lcd_cfg.c **** SPI_WriteData(0x30);
 5742              		.loc 1 2080 1
 5743 091c 3020     		movs	r0, #48
 5744 091e FFF7FEFF 		bl	SPI_WriteData
2081:Module/lcd_cfg.c **** SPI_WriteData(0x38);
 5745              		.loc 1 2081 1
 5746 0922 3820     		movs	r0, #56
 5747 0924 FFF7FEFF 		bl	SPI_WriteData
2082:Module/lcd_cfg.c **** SPI_WriteData(0x40);
 5748              		.loc 1 2082 1
 5749 0928 4020     		movs	r0, #64
 5750 092a FFF7FEFF 		bl	SPI_WriteData
2083:Module/lcd_cfg.c **** 
2084:Module/lcd_cfg.c **** SSD2828_WritePackageSize(17);
 5751              		.loc 1 2084 1
 5752 092e 1120     		movs	r0, #17
 5753 0930 FFF7FEFF 		bl	SSD2828_WritePackageSize
2085:Module/lcd_cfg.c **** SPI_WriteData(0x90);
 5754              		.loc 1 2085 1
 5755 0934 9020     		movs	r0, #144
 5756 0936 FFF7FEFF 		bl	SPI_WriteData
2086:Module/lcd_cfg.c **** SPI_WriteData(0x48);
 5757              		.loc 1 2086 1
 5758 093a 4820     		movs	r0, #72
 5759 093c FFF7FEFF 		bl	SPI_WriteData
2087:Module/lcd_cfg.c **** SPI_WriteData(0x50);
 5760              		.loc 1 2087 1
 5761 0940 5020     		movs	r0, #80
 5762 0942 FFF7FEFF 		bl	SPI_WriteData
2088:Module/lcd_cfg.c **** SPI_WriteData(0x58);
 5763              		.loc 1 2088 1
 5764 0946 5820     		movs	r0, #88
 5765 0948 FFF7FEFF 		bl	SPI_WriteData
2089:Module/lcd_cfg.c **** SPI_WriteData(0x60);
 5766              		.loc 1 2089 1
 5767 094c 6020     		movs	r0, #96
 5768 094e FFF7FEFF 		bl	SPI_WriteData
2090:Module/lcd_cfg.c **** SPI_WriteData(0x20);
 5769              		.loc 1 2090 1
 5770 0952 2020     		movs	r0, #32
 5771 0954 FFF7FEFF 		bl	SPI_WriteData
2091:Module/lcd_cfg.c **** SPI_WriteData(0x28);
 5772              		.loc 1 2091 1
 5773 0958 2820     		movs	r0, #40
 5774 095a FFF7FEFF 		bl	SPI_WriteData
2092:Module/lcd_cfg.c **** SPI_WriteData(0x38);
 5775              		.loc 1 2092 1
 5776 095e 3820     		movs	r0, #56
 5777 0960 FFF7FEFF 		bl	SPI_WriteData
2093:Module/lcd_cfg.c **** SPI_WriteData(0x40);
 5778              		.loc 1 2093 1
 5779 0964 4020     		movs	r0, #64
 5780 0966 FFF7FEFF 		bl	SPI_WriteData
ARM GAS  C:\Users\ADMINI~1\AppData\Local\Temp\ccavp8eo.s 			page 139


2094:Module/lcd_cfg.c **** SPI_WriteData(0x48);
 5781              		.loc 1 2094 1
 5782 096a 4820     		movs	r0, #72
 5783 096c FFF7FEFF 		bl	SPI_WriteData
2095:Module/lcd_cfg.c **** SPI_WriteData(0x50);
 5784              		.loc 1 2095 1
 5785 0970 5020     		movs	r0, #80
 5786 0972 FFF7FEFF 		bl	SPI_WriteData
2096:Module/lcd_cfg.c **** SPI_WriteData(0x58);
 5787              		.loc 1 2096 1
 5788 0976 5820     		movs	r0, #88
 5789 0978 FFF7FEFF 		bl	SPI_WriteData
2097:Module/lcd_cfg.c **** SPI_WriteData(0x60);
 5790              		.loc 1 2097 1
 5791 097c 6020     		movs	r0, #96
 5792 097e FFF7FEFF 		bl	SPI_WriteData
2098:Module/lcd_cfg.c **** SPI_WriteData(0x20);
 5793              		.loc 1 2098 1
 5794 0982 2020     		movs	r0, #32
 5795 0984 FFF7FEFF 		bl	SPI_WriteData
2099:Module/lcd_cfg.c **** SPI_WriteData(0x28);
 5796              		.loc 1 2099 1
 5797 0988 2820     		movs	r0, #40
 5798 098a FFF7FEFF 		bl	SPI_WriteData
2100:Module/lcd_cfg.c **** SPI_WriteData(0x30);
 5799              		.loc 1 2100 1
 5800 098e 3020     		movs	r0, #48
 5801 0990 FFF7FEFF 		bl	SPI_WriteData
2101:Module/lcd_cfg.c **** SPI_WriteData(0x40);
 5802              		.loc 1 2101 1
 5803 0994 4020     		movs	r0, #64
 5804 0996 FFF7FEFF 		bl	SPI_WriteData
2102:Module/lcd_cfg.c **** 
2103:Module/lcd_cfg.c **** SSD2828_WritePackageSize(17);
 5805              		.loc 1 2103 1
 5806 099a 1120     		movs	r0, #17
 5807 099c FFF7FEFF 		bl	SSD2828_WritePackageSize
2104:Module/lcd_cfg.c **** SPI_WriteData(0xA0);
 5808              		.loc 1 2104 1
 5809 09a0 A020     		movs	r0, #160
 5810 09a2 FFF7FEFF 		bl	SPI_WriteData
2105:Module/lcd_cfg.c **** SPI_WriteData(0x48);
 5811              		.loc 1 2105 1
 5812 09a6 4820     		movs	r0, #72
 5813 09a8 FFF7FEFF 		bl	SPI_WriteData
2106:Module/lcd_cfg.c **** SPI_WriteData(0x50);
 5814              		.loc 1 2106 1
 5815 09ac 5020     		movs	r0, #80
 5816 09ae FFF7FEFF 		bl	SPI_WriteData
2107:Module/lcd_cfg.c **** SPI_WriteData(0x58);
 5817              		.loc 1 2107 1
 5818 09b2 5820     		movs	r0, #88
 5819 09b4 FFF7FEFF 		bl	SPI_WriteData
2108:Module/lcd_cfg.c **** SPI_WriteData(0x60);
 5820              		.loc 1 2108 1
 5821 09b8 6020     		movs	r0, #96
 5822 09ba FFF7FEFF 		bl	SPI_WriteData
ARM GAS  C:\Users\ADMINI~1\AppData\Local\Temp\ccavp8eo.s 			page 140


2109:Module/lcd_cfg.c **** SPI_WriteData(0x20);
 5823              		.loc 1 2109 1
 5824 09be 2020     		movs	r0, #32
 5825 09c0 FFF7FEFF 		bl	SPI_WriteData
2110:Module/lcd_cfg.c **** SPI_WriteData(0x28);
 5826              		.loc 1 2110 1
 5827 09c4 2820     		movs	r0, #40
 5828 09c6 FFF7FEFF 		bl	SPI_WriteData
2111:Module/lcd_cfg.c **** SPI_WriteData(0x30);
 5829              		.loc 1 2111 1
 5830 09ca 3020     		movs	r0, #48
 5831 09cc FFF7FEFF 		bl	SPI_WriteData
2112:Module/lcd_cfg.c **** SPI_WriteData(0x38);
 5832              		.loc 1 2112 1
 5833 09d0 3820     		movs	r0, #56
 5834 09d2 FFF7FEFF 		bl	SPI_WriteData
2113:Module/lcd_cfg.c **** SPI_WriteData(0x48);
 5835              		.loc 1 2113 1
 5836 09d6 4820     		movs	r0, #72
 5837 09d8 FFF7FEFF 		bl	SPI_WriteData
2114:Module/lcd_cfg.c **** SPI_WriteData(0x50);
 5838              		.loc 1 2114 1
 5839 09dc 5020     		movs	r0, #80
 5840 09de FFF7FEFF 		bl	SPI_WriteData
2115:Module/lcd_cfg.c **** SPI_WriteData(0x58);
 5841              		.loc 1 2115 1
 5842 09e2 5820     		movs	r0, #88
 5843 09e4 FFF7FEFF 		bl	SPI_WriteData
2116:Module/lcd_cfg.c **** SPI_WriteData(0x60);
 5844              		.loc 1 2116 1
 5845 09e8 6020     		movs	r0, #96
 5846 09ea FFF7FEFF 		bl	SPI_WriteData
2117:Module/lcd_cfg.c **** SPI_WriteData(0x20);
 5847              		.loc 1 2117 1
 5848 09ee 2020     		movs	r0, #32
 5849 09f0 FFF7FEFF 		bl	SPI_WriteData
2118:Module/lcd_cfg.c **** SPI_WriteData(0x28);
 5850              		.loc 1 2118 1
 5851 09f4 2820     		movs	r0, #40
 5852 09f6 FFF7FEFF 		bl	SPI_WriteData
2119:Module/lcd_cfg.c **** SPI_WriteData(0x30);
 5853              		.loc 1 2119 1
 5854 09fa 3020     		movs	r0, #48
 5855 09fc FFF7FEFF 		bl	SPI_WriteData
2120:Module/lcd_cfg.c **** SPI_WriteData(0x38);
 5856              		.loc 1 2120 1
 5857 0a00 3820     		movs	r0, #56
 5858 0a02 FFF7FEFF 		bl	SPI_WriteData
2121:Module/lcd_cfg.c **** 
2122:Module/lcd_cfg.c **** SSD2828_WritePackageSize(17);
 5859              		.loc 1 2122 1
 5860 0a06 1120     		movs	r0, #17
 5861 0a08 FFF7FEFF 		bl	SSD2828_WritePackageSize
2123:Module/lcd_cfg.c **** SPI_WriteData(0xB0);
 5862              		.loc 1 2123 1
 5863 0a0c B020     		movs	r0, #176
 5864 0a0e FFF7FEFF 		bl	SPI_WriteData
ARM GAS  C:\Users\ADMINI~1\AppData\Local\Temp\ccavp8eo.s 			page 141


2124:Module/lcd_cfg.c **** SPI_WriteData(0x40);
 5865              		.loc 1 2124 1
 5866 0a12 4020     		movs	r0, #64
 5867 0a14 FFF7FEFF 		bl	SPI_WriteData
2125:Module/lcd_cfg.c **** SPI_WriteData(0x50);
 5868              		.loc 1 2125 1
 5869 0a18 5020     		movs	r0, #80
 5870 0a1a FFF7FEFF 		bl	SPI_WriteData
2126:Module/lcd_cfg.c **** SPI_WriteData(0x58);
 5871              		.loc 1 2126 1
 5872 0a1e 5820     		movs	r0, #88
 5873 0a20 FFF7FEFF 		bl	SPI_WriteData
2127:Module/lcd_cfg.c **** SPI_WriteData(0x60);
 5874              		.loc 1 2127 1
 5875 0a24 6020     		movs	r0, #96
 5876 0a26 FFF7FEFF 		bl	SPI_WriteData
2128:Module/lcd_cfg.c **** SPI_WriteData(0x20);
 5877              		.loc 1 2128 1
 5878 0a2a 2020     		movs	r0, #32
 5879 0a2c FFF7FEFF 		bl	SPI_WriteData
2129:Module/lcd_cfg.c **** SPI_WriteData(0x28);
 5880              		.loc 1 2129 1
 5881 0a30 2820     		movs	r0, #40
 5882 0a32 FFF7FEFF 		bl	SPI_WriteData
2130:Module/lcd_cfg.c **** SPI_WriteData(0x30);
 5883              		.loc 1 2130 1
 5884 0a36 3020     		movs	r0, #48
 5885 0a38 FFF7FEFF 		bl	SPI_WriteData
2131:Module/lcd_cfg.c **** SPI_WriteData(0x38);
 5886              		.loc 1 2131 1
 5887 0a3c 3820     		movs	r0, #56
 5888 0a3e FFF7FEFF 		bl	SPI_WriteData
2132:Module/lcd_cfg.c **** SPI_WriteData(0x40);
 5889              		.loc 1 2132 1
 5890 0a42 4020     		movs	r0, #64
 5891 0a44 FFF7FEFF 		bl	SPI_WriteData
2133:Module/lcd_cfg.c **** SPI_WriteData(0x48);
 5892              		.loc 1 2133 1
 5893 0a48 4820     		movs	r0, #72
 5894 0a4a FFF7FEFF 		bl	SPI_WriteData
2134:Module/lcd_cfg.c **** SPI_WriteData(0x58);
 5895              		.loc 1 2134 1
 5896 0a4e 5820     		movs	r0, #88
 5897 0a50 FFF7FEFF 		bl	SPI_WriteData
2135:Module/lcd_cfg.c **** SPI_WriteData(0x60);
 5898              		.loc 1 2135 1
 5899 0a54 6020     		movs	r0, #96
 5900 0a56 FFF7FEFF 		bl	SPI_WriteData
2136:Module/lcd_cfg.c **** SPI_WriteData(0x20);
 5901              		.loc 1 2136 1
 5902 0a5a 2020     		movs	r0, #32
 5903 0a5c FFF7FEFF 		bl	SPI_WriteData
2137:Module/lcd_cfg.c **** SPI_WriteData(0x28);
 5904              		.loc 1 2137 1
 5905 0a60 2820     		movs	r0, #40
 5906 0a62 FFF7FEFF 		bl	SPI_WriteData
2138:Module/lcd_cfg.c **** SPI_WriteData(0x30);
ARM GAS  C:\Users\ADMINI~1\AppData\Local\Temp\ccavp8eo.s 			page 142


 5907              		.loc 1 2138 1
 5908 0a66 3020     		movs	r0, #48
 5909 0a68 FFF7FEFF 		bl	SPI_WriteData
2139:Module/lcd_cfg.c **** SPI_WriteData(0x38);
 5910              		.loc 1 2139 1
 5911 0a6c 3820     		movs	r0, #56
 5912 0a6e FFF7FEFF 		bl	SPI_WriteData
2140:Module/lcd_cfg.c **** 
2141:Module/lcd_cfg.c **** SSD2828_WritePackageSize(17);
 5913              		.loc 1 2141 1
 5914 0a72 1120     		movs	r0, #17
 5915 0a74 FFF7FEFF 		bl	SSD2828_WritePackageSize
2142:Module/lcd_cfg.c **** SPI_WriteData(0xC0);
 5916              		.loc 1 2142 1
 5917 0a78 C020     		movs	r0, #192
 5918 0a7a FFF7FEFF 		bl	SPI_WriteData
2143:Module/lcd_cfg.c **** SPI_WriteData(0x40);
 5919              		.loc 1 2143 1
 5920 0a7e 4020     		movs	r0, #64
 5921 0a80 FFF7FEFF 		bl	SPI_WriteData
2144:Module/lcd_cfg.c **** SPI_WriteData(0x48);
 5922              		.loc 1 2144 1
 5923 0a84 4820     		movs	r0, #72
 5924 0a86 FFF7FEFF 		bl	SPI_WriteData
2145:Module/lcd_cfg.c **** SPI_WriteData(0x50);
 5925              		.loc 1 2145 1
 5926 0a8a 5020     		movs	r0, #80
 5927 0a8c FFF7FEFF 		bl	SPI_WriteData
2146:Module/lcd_cfg.c **** SPI_WriteData(0x60);
 5928              		.loc 1 2146 1
 5929 0a90 6020     		movs	r0, #96
 5930 0a92 FFF7FEFF 		bl	SPI_WriteData
2147:Module/lcd_cfg.c **** SPI_WriteData(0x20);
 5931              		.loc 1 2147 1
 5932 0a96 2020     		movs	r0, #32
 5933 0a98 FFF7FEFF 		bl	SPI_WriteData
2148:Module/lcd_cfg.c **** SPI_WriteData(0x28);
 5934              		.loc 1 2148 1
 5935 0a9c 2820     		movs	r0, #40
 5936 0a9e FFF7FEFF 		bl	SPI_WriteData
2149:Module/lcd_cfg.c **** SPI_WriteData(0x30);
 5937              		.loc 1 2149 1
 5938 0aa2 3020     		movs	r0, #48
 5939 0aa4 FFF7FEFF 		bl	SPI_WriteData
2150:Module/lcd_cfg.c **** SPI_WriteData(0x38);
 5940              		.loc 1 2150 1
 5941 0aa8 3820     		movs	r0, #56
 5942 0aaa FFF7FEFF 		bl	SPI_WriteData
2151:Module/lcd_cfg.c **** SPI_WriteData(0x40);
 5943              		.loc 1 2151 1
 5944 0aae 4020     		movs	r0, #64
 5945 0ab0 FFF7FEFF 		bl	SPI_WriteData
2152:Module/lcd_cfg.c **** SPI_WriteData(0x48);
 5946              		.loc 1 2152 1
 5947 0ab4 4820     		movs	r0, #72
 5948 0ab6 FFF7FEFF 		bl	SPI_WriteData
2153:Module/lcd_cfg.c **** SPI_WriteData(0x50);
ARM GAS  C:\Users\ADMINI~1\AppData\Local\Temp\ccavp8eo.s 			page 143


 5949              		.loc 1 2153 1
 5950 0aba 5020     		movs	r0, #80
 5951 0abc FFF7FEFF 		bl	SPI_WriteData
2154:Module/lcd_cfg.c **** SPI_WriteData(0x58);
 5952              		.loc 1 2154 1
 5953 0ac0 5820     		movs	r0, #88
 5954 0ac2 FFF7FEFF 		bl	SPI_WriteData
2155:Module/lcd_cfg.c **** SPI_WriteData(0xFF);
 5955              		.loc 1 2155 1
 5956 0ac6 FF20     		movs	r0, #255
 5957 0ac8 FFF7FEFF 		bl	SPI_WriteData
2156:Module/lcd_cfg.c **** SPI_WriteData(0x5A);
 5958              		.loc 1 2156 1
 5959 0acc 5A20     		movs	r0, #90
 5960 0ace FFF7FEFF 		bl	SPI_WriteData
2157:Module/lcd_cfg.c **** SPI_WriteData(0x1E);
 5961              		.loc 1 2157 1
 5962 0ad2 1E20     		movs	r0, #30
 5963 0ad4 FFF7FEFF 		bl	SPI_WriteData
2158:Module/lcd_cfg.c **** SPI_WriteData(0x20);
 5964              		.loc 1 2158 1
 5965 0ad8 2020     		movs	r0, #32
 5966 0ada FFF7FEFF 		bl	SPI_WriteData
2159:Module/lcd_cfg.c **** 
2160:Module/lcd_cfg.c **** SSD2828_WritePackageSize(13);
 5967              		.loc 1 2160 1
 5968 0ade 0D20     		movs	r0, #13
 5969 0ae0 FFF7FEFF 		bl	SSD2828_WritePackageSize
2161:Module/lcd_cfg.c **** SPI_WriteData(0xD0);
 5970              		.loc 1 2161 1
 5971 0ae4 D020     		movs	r0, #208
 5972 0ae6 FFF7FEFF 		bl	SPI_WriteData
2162:Module/lcd_cfg.c **** SPI_WriteData(0x00);
 5973              		.loc 1 2162 1
 5974 0aea 0020     		movs	r0, #0
 5975 0aec FFF7FEFF 		bl	SPI_WriteData
2163:Module/lcd_cfg.c **** SPI_WriteData(0x02);
 5976              		.loc 1 2163 1
 5977 0af0 0220     		movs	r0, #2
 5978 0af2 FFF7FEFF 		bl	SPI_WriteData
2164:Module/lcd_cfg.c **** SPI_WriteData(0x20);
 5979              		.loc 1 2164 1
 5980 0af6 2020     		movs	r0, #32
 5981 0af8 FFF7FEFF 		bl	SPI_WriteData
2165:Module/lcd_cfg.c **** SPI_WriteData(0x00);
 5982              		.loc 1 2165 1
 5983 0afc 0020     		movs	r0, #0
 5984 0afe FFF7FEFF 		bl	SPI_WriteData
2166:Module/lcd_cfg.c **** SPI_WriteData(0x02);
 5985              		.loc 1 2166 1
 5986 0b02 0220     		movs	r0, #2
 5987 0b04 FFF7FEFF 		bl	SPI_WriteData
2167:Module/lcd_cfg.c **** SPI_WriteData(0x20);
 5988              		.loc 1 2167 1
 5989 0b08 2020     		movs	r0, #32
 5990 0b0a FFF7FEFF 		bl	SPI_WriteData
2168:Module/lcd_cfg.c **** SPI_WriteData(0x00);
ARM GAS  C:\Users\ADMINI~1\AppData\Local\Temp\ccavp8eo.s 			page 144


 5991              		.loc 1 2168 1
 5992 0b0e 0020     		movs	r0, #0
 5993 0b10 FFF7FEFF 		bl	SPI_WriteData
2169:Module/lcd_cfg.c **** SPI_WriteData(0x02);
 5994              		.loc 1 2169 1
 5995 0b14 0220     		movs	r0, #2
 5996 0b16 FFF7FEFF 		bl	SPI_WriteData
2170:Module/lcd_cfg.c **** SPI_WriteData(0x20);
 5997              		.loc 1 2170 1
 5998 0b1a 2020     		movs	r0, #32
 5999 0b1c FFF7FEFF 		bl	SPI_WriteData
2171:Module/lcd_cfg.c **** SPI_WriteData(0x00);
 6000              		.loc 1 2171 1
 6001 0b20 0020     		movs	r0, #0
 6002 0b22 FFF7FEFF 		bl	SPI_WriteData
2172:Module/lcd_cfg.c **** SPI_WriteData(0x02);
 6003              		.loc 1 2172 1
 6004 0b26 0220     		movs	r0, #2
 6005 0b28 FFF7FEFF 		bl	SPI_WriteData
2173:Module/lcd_cfg.c **** SPI_WriteData(0xFE);
 6006              		.loc 1 2173 1
 6007 0b2c FE20     		movs	r0, #254
 6008 0b2e FFF7FEFF 		bl	SPI_WriteData
2174:Module/lcd_cfg.c **** 
2175:Module/lcd_cfg.c **** //Blank32
2176:Module/lcd_cfg.c **** SSD2828_WritePackageSize(3);
 6009              		.loc 1 2176 1
 6010 0b32 0320     		movs	r0, #3
 6011 0b34 FFF7FEFF 		bl	SSD2828_WritePackageSize
2177:Module/lcd_cfg.c **** SPI_WriteData(0x41);
 6012              		.loc 1 2177 1
 6013 0b38 4120     		movs	r0, #65
 6014 0b3a FFF7FEFF 		bl	SPI_WriteData
2178:Module/lcd_cfg.c **** SPI_WriteData(0x5A);
 6015              		.loc 1 2178 1
 6016 0b3e 5A20     		movs	r0, #90
 6017 0b40 FFF7FEFF 		bl	SPI_WriteData
2179:Module/lcd_cfg.c **** SPI_WriteData(0x20);
 6018              		.loc 1 2179 1
 6019 0b44 2020     		movs	r0, #32
 6020 0b46 FFF7FEFF 		bl	SPI_WriteData
2180:Module/lcd_cfg.c **** 
2181:Module/lcd_cfg.c **** SSD2828_WritePackageSize(17);
 6021              		.loc 1 2181 1
 6022 0b4a 1120     		movs	r0, #17
 6023 0b4c FFF7FEFF 		bl	SSD2828_WritePackageSize
2182:Module/lcd_cfg.c **** SPI_WriteData(0x80);
 6024              		.loc 1 2182 1
 6025 0b50 8020     		movs	r0, #128
 6026 0b52 FFF7FEFF 		bl	SPI_WriteData
2183:Module/lcd_cfg.c **** SPI_WriteData(0x47);
 6027              		.loc 1 2183 1
 6028 0b56 4720     		movs	r0, #71
 6029 0b58 FFF7FEFF 		bl	SPI_WriteData
2184:Module/lcd_cfg.c **** SPI_WriteData(0x73);
 6030              		.loc 1 2184 1
 6031 0b5c 7320     		movs	r0, #115
ARM GAS  C:\Users\ADMINI~1\AppData\Local\Temp\ccavp8eo.s 			page 145


 6032 0b5e FFF7FEFF 		bl	SPI_WriteData
2185:Module/lcd_cfg.c **** SPI_WriteData(0x03);
 6033              		.loc 1 2185 1
 6034 0b62 0320     		movs	r0, #3
 6035 0b64 FFF7FEFF 		bl	SPI_WriteData
2186:Module/lcd_cfg.c **** SPI_WriteData(0x00);
 6036              		.loc 1 2186 1
 6037 0b68 0020     		movs	r0, #0
 6038 0b6a FFF7FEFF 		bl	SPI_WriteData
2187:Module/lcd_cfg.c **** SPI_WriteData(0x0A);
 6039              		.loc 1 2187 1
 6040 0b6e 0A20     		movs	r0, #10
 6041 0b70 FFF7FEFF 		bl	SPI_WriteData
2188:Module/lcd_cfg.c **** SPI_WriteData(0xF6);
 6042              		.loc 1 2188 1
 6043 0b74 F620     		movs	r0, #246
 6044 0b76 FFF7FEFF 		bl	SPI_WriteData
2189:Module/lcd_cfg.c **** SPI_WriteData(0xFF);
 6045              		.loc 1 2189 1
 6046 0b7a FF20     		movs	r0, #255
 6047 0b7c FFF7FEFF 		bl	SPI_WriteData
2190:Module/lcd_cfg.c **** SPI_WriteData(0xC3);
 6048              		.loc 1 2190 1
 6049 0b80 C320     		movs	r0, #195
 6050 0b82 FFF7FEFF 		bl	SPI_WriteData
2191:Module/lcd_cfg.c **** SPI_WriteData(0x10);
 6051              		.loc 1 2191 1
 6052 0b86 1020     		movs	r0, #16
 6053 0b88 FFF7FEFF 		bl	SPI_WriteData
2192:Module/lcd_cfg.c **** SPI_WriteData(0x08);
 6054              		.loc 1 2192 1
 6055 0b8c 0820     		movs	r0, #8
 6056 0b8e FFF7FEFF 		bl	SPI_WriteData
2193:Module/lcd_cfg.c **** SPI_WriteData(0x02);
 6057              		.loc 1 2193 1
 6058 0b92 0220     		movs	r0, #2
 6059 0b94 FFF7FEFF 		bl	SPI_WriteData
2194:Module/lcd_cfg.c **** SPI_WriteData(0x08);
 6060              		.loc 1 2194 1
 6061 0b98 0820     		movs	r0, #8
 6062 0b9a FFF7FEFF 		bl	SPI_WriteData
2195:Module/lcd_cfg.c **** SPI_WriteData(0x03);
 6063              		.loc 1 2195 1
 6064 0b9e 0320     		movs	r0, #3
 6065 0ba0 FFF7FEFF 		bl	SPI_WriteData
2196:Module/lcd_cfg.c **** SPI_WriteData(0x41);
 6066              		.loc 1 2196 1
 6067 0ba4 4120     		movs	r0, #65
 6068 0ba6 FFF7FEFF 		bl	SPI_WriteData
2197:Module/lcd_cfg.c **** SPI_WriteData(0x18);
 6069              		.loc 1 2197 1
 6070 0baa 1820     		movs	r0, #24
 6071 0bac FFF7FEFF 		bl	SPI_WriteData
2198:Module/lcd_cfg.c **** SPI_WriteData(0x30);
 6072              		.loc 1 2198 1
 6073 0bb0 3020     		movs	r0, #48
 6074 0bb2 FFF7FEFF 		bl	SPI_WriteData
ARM GAS  C:\Users\ADMINI~1\AppData\Local\Temp\ccavp8eo.s 			page 146


2199:Module/lcd_cfg.c **** 
2200:Module/lcd_cfg.c **** SSD2828_WritePackageSize(17);
 6075              		.loc 1 2200 1
 6076 0bb6 1120     		movs	r0, #17
 6077 0bb8 FFF7FEFF 		bl	SSD2828_WritePackageSize
2201:Module/lcd_cfg.c **** SPI_WriteData(0x90);
 6078              		.loc 1 2201 1
 6079 0bbc 9020     		movs	r0, #144
 6080 0bbe FFF7FEFF 		bl	SPI_WriteData
2202:Module/lcd_cfg.c **** SPI_WriteData(0x18);
 6081              		.loc 1 2202 1
 6082 0bc2 1820     		movs	r0, #24
 6083 0bc4 FFF7FEFF 		bl	SPI_WriteData
2203:Module/lcd_cfg.c **** SPI_WriteData(0x44);
 6084              		.loc 1 2203 1
 6085 0bc8 4420     		movs	r0, #68
 6086 0bca FFF7FEFF 		bl	SPI_WriteData
2204:Module/lcd_cfg.c **** SPI_WriteData(0xE1);
 6087              		.loc 1 2204 1
 6088 0bce E120     		movs	r0, #225
 6089 0bd0 FFF7FEFF 		bl	SPI_WriteData
2205:Module/lcd_cfg.c **** SPI_WriteData(0x40);
 6090              		.loc 1 2205 1
 6091 0bd4 4020     		movs	r0, #64
 6092 0bd6 FFF7FEFF 		bl	SPI_WriteData
2206:Module/lcd_cfg.c **** SPI_WriteData(0xE1);
 6093              		.loc 1 2206 1
 6094 0bda E120     		movs	r0, #225
 6095 0bdc FFF7FEFF 		bl	SPI_WriteData
2207:Module/lcd_cfg.c **** SPI_WriteData(0x20);
 6096              		.loc 1 2207 1
 6097 0be0 2020     		movs	r0, #32
 6098 0be2 FFF7FEFF 		bl	SPI_WriteData
2208:Module/lcd_cfg.c **** SPI_WriteData(0x30);
 6099              		.loc 1 2208 1
 6100 0be6 3020     		movs	r0, #48
 6101 0be8 FFF7FEFF 		bl	SPI_WriteData
2209:Module/lcd_cfg.c **** SPI_WriteData(0x18);
 6102              		.loc 1 2209 1
 6103 0bec 1820     		movs	r0, #24
 6104 0bee FFF7FEFF 		bl	SPI_WriteData
2210:Module/lcd_cfg.c **** SPI_WriteData(0xC8);
 6105              		.loc 1 2210 1
 6106 0bf2 C820     		movs	r0, #200
 6107 0bf4 FFF7FEFF 		bl	SPI_WriteData
2211:Module/lcd_cfg.c **** SPI_WriteData(0x21);
 6108              		.loc 1 2211 1
 6109 0bf8 2120     		movs	r0, #33
 6110 0bfa FFF7FEFF 		bl	SPI_WriteData
2212:Module/lcd_cfg.c **** SPI_WriteData(0x41);
 6111              		.loc 1 2212 1
 6112 0bfe 4120     		movs	r0, #65
 6113 0c00 FFF7FEFF 		bl	SPI_WriteData
2213:Module/lcd_cfg.c **** SPI_WriteData(0x01);
 6114              		.loc 1 2213 1
 6115 0c04 0120     		movs	r0, #1
 6116 0c06 FFF7FEFF 		bl	SPI_WriteData
ARM GAS  C:\Users\ADMINI~1\AppData\Local\Temp\ccavp8eo.s 			page 147


2214:Module/lcd_cfg.c **** SPI_WriteData(0x31);
 6117              		.loc 1 2214 1
 6118 0c0a 3120     		movs	r0, #49
 6119 0c0c FFF7FEFF 		bl	SPI_WriteData
2215:Module/lcd_cfg.c **** SPI_WriteData(0x13);
 6120              		.loc 1 2215 1
 6121 0c10 1320     		movs	r0, #19
 6122 0c12 FFF7FEFF 		bl	SPI_WriteData
2216:Module/lcd_cfg.c **** SPI_WriteData(0x44);
 6123              		.loc 1 2216 1
 6124 0c16 4420     		movs	r0, #68
 6125 0c18 FFF7FEFF 		bl	SPI_WriteData
2217:Module/lcd_cfg.c **** SPI_WriteData(0x42);
 6126              		.loc 1 2217 1
 6127 0c1c 4220     		movs	r0, #66
 6128 0c1e FFF7FEFF 		bl	SPI_WriteData
2218:Module/lcd_cfg.c **** 
2219:Module/lcd_cfg.c **** SSD2828_WritePackageSize(17);
 6129              		.loc 1 2219 1
 6130 0c22 1120     		movs	r0, #17
 6131 0c24 FFF7FEFF 		bl	SSD2828_WritePackageSize
2220:Module/lcd_cfg.c **** SPI_WriteData(0xA0);
 6132              		.loc 1 2220 1
 6133 0c28 A020     		movs	r0, #160
 6134 0c2a FFF7FEFF 		bl	SPI_WriteData
2221:Module/lcd_cfg.c **** SPI_WriteData(0x91);
 6135              		.loc 1 2221 1
 6136 0c2e 9120     		movs	r0, #145
 6137 0c30 FFF7FEFF 		bl	SPI_WriteData
2222:Module/lcd_cfg.c **** SPI_WriteData(0x50);
 6138              		.loc 1 2222 1
 6139 0c34 5020     		movs	r0, #80
 6140 0c36 FFF7FEFF 		bl	SPI_WriteData
2223:Module/lcd_cfg.c **** SPI_WriteData(0x28);
 6141              		.loc 1 2223 1
 6142 0c3a 2820     		movs	r0, #40
 6143 0c3c FFF7FEFF 		bl	SPI_WriteData
2224:Module/lcd_cfg.c **** SPI_WriteData(0x14);
 6144              		.loc 1 2224 1
 6145 0c40 1420     		movs	r0, #20
 6146 0c42 FFF7FEFF 		bl	SPI_WriteData
2225:Module/lcd_cfg.c **** SPI_WriteData(0x0A);
 6147              		.loc 1 2225 1
 6148 0c46 0A20     		movs	r0, #10
 6149 0c48 FFF7FEFF 		bl	SPI_WriteData
2226:Module/lcd_cfg.c **** SPI_WriteData(0x85);
 6150              		.loc 1 2226 1
 6151 0c4c 8520     		movs	r0, #133
 6152 0c4e FFF7FEFF 		bl	SPI_WriteData
2227:Module/lcd_cfg.c **** SPI_WriteData(0x83);
 6153              		.loc 1 2227 1
 6154 0c52 8320     		movs	r0, #131
 6155 0c54 FFF7FEFF 		bl	SPI_WriteData
2228:Module/lcd_cfg.c **** SPI_WriteData(0xD2);
 6156              		.loc 1 2228 1
 6157 0c58 D220     		movs	r0, #210
 6158 0c5a FFF7FEFF 		bl	SPI_WriteData
ARM GAS  C:\Users\ADMINI~1\AppData\Local\Temp\ccavp8eo.s 			page 148


2229:Module/lcd_cfg.c **** SPI_WriteData(0xC0);
 6159              		.loc 1 2229 1
 6160 0c5e C020     		movs	r0, #192
 6161 0c60 FFF7FEFF 		bl	SPI_WriteData
2230:Module/lcd_cfg.c **** SPI_WriteData(0x40);
 6162              		.loc 1 2230 1
 6163 0c64 4020     		movs	r0, #64
 6164 0c66 FFF7FEFF 		bl	SPI_WriteData
2231:Module/lcd_cfg.c **** SPI_WriteData(0x36);
 6165              		.loc 1 2231 1
 6166 0c6a 3620     		movs	r0, #54
 6167 0c6c FFF7FEFF 		bl	SPI_WriteData
2232:Module/lcd_cfg.c **** SPI_WriteData(0x7F);
 6168              		.loc 1 2232 1
 6169 0c70 7F20     		movs	r0, #127
 6170 0c72 FFF7FEFF 		bl	SPI_WriteData
2233:Module/lcd_cfg.c **** SPI_WriteData(0xD0);
 6171              		.loc 1 2233 1
 6172 0c76 D020     		movs	r0, #208
 6173 0c78 FFF7FEFF 		bl	SPI_WriteData
2234:Module/lcd_cfg.c **** SPI_WriteData(0x1F);
 6174              		.loc 1 2234 1
 6175 0c7c 1F20     		movs	r0, #31
 6176 0c7e FFF7FEFF 		bl	SPI_WriteData
2235:Module/lcd_cfg.c **** SPI_WriteData(0x12);
 6177              		.loc 1 2235 1
 6178 0c82 1220     		movs	r0, #18
 6179 0c84 FFF7FEFF 		bl	SPI_WriteData
2236:Module/lcd_cfg.c **** SPI_WriteData(0xE0);
 6180              		.loc 1 2236 1
 6181 0c88 E020     		movs	r0, #224
 6182 0c8a FFF7FEFF 		bl	SPI_WriteData
2237:Module/lcd_cfg.c **** 
2238:Module/lcd_cfg.c **** SSD2828_WritePackageSize(17);
 6183              		.loc 1 2238 1
 6184 0c8e 1120     		movs	r0, #17
 6185 0c90 FFF7FEFF 		bl	SSD2828_WritePackageSize
2239:Module/lcd_cfg.c **** SPI_WriteData(0xB0);
 6186              		.loc 1 2239 1
 6187 0c94 B020     		movs	r0, #176
 6188 0c96 FFF7FEFF 		bl	SPI_WriteData
2240:Module/lcd_cfg.c **** SPI_WriteData(0x18);
 6189              		.loc 1 2240 1
 6190 0c9a 1820     		movs	r0, #24
 6191 0c9c FFF7FEFF 		bl	SPI_WriteData
2241:Module/lcd_cfg.c **** SPI_WriteData(0x36);
 6192              		.loc 1 2241 1
 6193 0ca0 3620     		movs	r0, #54
 6194 0ca2 FFF7FEFF 		bl	SPI_WriteData
2242:Module/lcd_cfg.c **** SPI_WriteData(0x1B);
 6195              		.loc 1 2242 1
 6196 0ca6 1B20     		movs	r0, #27
 6197 0ca8 FFF7FEFF 		bl	SPI_WriteData
2243:Module/lcd_cfg.c **** SPI_WriteData(0x11);
 6198              		.loc 1 2243 1
 6199 0cac 1120     		movs	r0, #17
 6200 0cae FFF7FEFF 		bl	SPI_WriteData
ARM GAS  C:\Users\ADMINI~1\AppData\Local\Temp\ccavp8eo.s 			page 149


2244:Module/lcd_cfg.c **** SPI_WriteData(0x04);
 6201              		.loc 1 2244 1
 6202 0cb2 0420     		movs	r0, #4
 6203 0cb4 FFF7FEFF 		bl	SPI_WriteData
2245:Module/lcd_cfg.c **** SPI_WriteData(0x20);
 6204              		.loc 1 2245 1
 6205 0cb8 2020     		movs	r0, #32
 6206 0cba FFF7FEFF 		bl	SPI_WriteData
2246:Module/lcd_cfg.c **** SPI_WriteData(0x02);
 6207              		.loc 1 2246 1
 6208 0cbe 0220     		movs	r0, #2
 6209 0cc0 FFF7FEFF 		bl	SPI_WriteData
2247:Module/lcd_cfg.c **** SPI_WriteData(0xD0);
 6210              		.loc 1 2247 1
 6211 0cc4 D020     		movs	r0, #208
 6212 0cc6 FFF7FEFF 		bl	SPI_WriteData
2248:Module/lcd_cfg.c **** SPI_WriteData(0x80);
 6213              		.loc 1 2248 1
 6214 0cca 8020     		movs	r0, #128
 6215 0ccc FFF7FEFF 		bl	SPI_WriteData
2249:Module/lcd_cfg.c **** SPI_WriteData(0xB3);
 6216              		.loc 1 2249 1
 6217 0cd0 B320     		movs	r0, #179
 6218 0cd2 FFF7FEFF 		bl	SPI_WriteData
2250:Module/lcd_cfg.c **** SPI_WriteData(0x21);
 6219              		.loc 1 2250 1
 6220 0cd6 2120     		movs	r0, #33
 6221 0cd8 FFF7FEFF 		bl	SPI_WriteData
2251:Module/lcd_cfg.c **** SPI_WriteData(0x38);
 6222              		.loc 1 2251 1
 6223 0cdc 3820     		movs	r0, #56
 6224 0cde FFF7FEFF 		bl	SPI_WriteData
2252:Module/lcd_cfg.c **** SPI_WriteData(0x00);
 6225              		.loc 1 2252 1
 6226 0ce2 0020     		movs	r0, #0
 6227 0ce4 FFF7FEFF 		bl	SPI_WriteData
2253:Module/lcd_cfg.c **** SPI_WriteData(0x00);
 6228              		.loc 1 2253 1
 6229 0ce8 0020     		movs	r0, #0
 6230 0cea FFF7FEFF 		bl	SPI_WriteData
2254:Module/lcd_cfg.c **** SPI_WriteData(0x88);
 6231              		.loc 1 2254 1
 6232 0cee 8820     		movs	r0, #136
 6233 0cf0 FFF7FEFF 		bl	SPI_WriteData
2255:Module/lcd_cfg.c **** SPI_WriteData(0x83);
 6234              		.loc 1 2255 1
 6235 0cf4 8320     		movs	r0, #131
 6236 0cf6 FFF7FEFF 		bl	SPI_WriteData
2256:Module/lcd_cfg.c **** 
2257:Module/lcd_cfg.c **** SSD2828_WritePackageSize(17);
 6237              		.loc 1 2257 1
 6238 0cfa 1120     		movs	r0, #17
 6239 0cfc FFF7FEFF 		bl	SSD2828_WritePackageSize
2258:Module/lcd_cfg.c **** SPI_WriteData(0xC0);
 6240              		.loc 1 2258 1
 6241 0d00 C020     		movs	r0, #192
 6242 0d02 FFF7FEFF 		bl	SPI_WriteData
ARM GAS  C:\Users\ADMINI~1\AppData\Local\Temp\ccavp8eo.s 			page 150


2259:Module/lcd_cfg.c **** SPI_WriteData(0x82);
 6243              		.loc 1 2259 1
 6244 0d06 8220     		movs	r0, #130
 6245 0d08 FFF7FEFF 		bl	SPI_WriteData
2260:Module/lcd_cfg.c **** SPI_WriteData(0x81);
 6246              		.loc 1 2260 1
 6247 0d0c 8120     		movs	r0, #129
 6248 0d0e FFF7FEFF 		bl	SPI_WriteData
2261:Module/lcd_cfg.c **** SPI_WriteData(0x40);
 6249              		.loc 1 2261 1
 6250 0d12 4020     		movs	r0, #64
 6251 0d14 FFF7FEFF 		bl	SPI_WriteData
2262:Module/lcd_cfg.c **** SPI_WriteData(0x70);
 6252              		.loc 1 2262 1
 6253 0d18 7020     		movs	r0, #112
 6254 0d1a FFF7FEFF 		bl	SPI_WriteData
2263:Module/lcd_cfg.c **** SPI_WriteData(0x00);
 6255              		.loc 1 2263 1
 6256 0d1e 0020     		movs	r0, #0
 6257 0d20 FFF7FEFF 		bl	SPI_WriteData
2264:Module/lcd_cfg.c **** SPI_WriteData(0x00);
 6258              		.loc 1 2264 1
 6259 0d24 0020     		movs	r0, #0
 6260 0d26 FFF7FEFF 		bl	SPI_WriteData
2265:Module/lcd_cfg.c **** SPI_WriteData(0x8D);
 6261              		.loc 1 2265 1
 6262 0d2a 8D20     		movs	r0, #141
 6263 0d2c FFF7FEFF 		bl	SPI_WriteData
2266:Module/lcd_cfg.c **** SPI_WriteData(0x0D);
 6264              		.loc 1 2266 1
 6265 0d30 0D20     		movs	r0, #13
 6266 0d32 FFF7FEFF 		bl	SPI_WriteData
2267:Module/lcd_cfg.c **** SPI_WriteData(0xA4);
 6267              		.loc 1 2267 1
 6268 0d36 A420     		movs	r0, #164
 6269 0d38 FFF7FEFF 		bl	SPI_WriteData
2268:Module/lcd_cfg.c **** SPI_WriteData(0xA2);
 6270              		.loc 1 2268 1
 6271 0d3c A220     		movs	r0, #162
 6272 0d3e FFF7FEFF 		bl	SPI_WriteData
2269:Module/lcd_cfg.c **** SPI_WriteData(0x00);
 6273              		.loc 1 2269 1
 6274 0d42 0020     		movs	r0, #0
 6275 0d44 FFF7FEFF 		bl	SPI_WriteData
2270:Module/lcd_cfg.c **** SPI_WriteData(0x80);
 6276              		.loc 1 2270 1
 6277 0d48 8020     		movs	r0, #128
 6278 0d4a FFF7FEFF 		bl	SPI_WriteData
2271:Module/lcd_cfg.c **** SPI_WriteData(0x04);
 6279              		.loc 1 2271 1
 6280 0d4e 0420     		movs	r0, #4
 6281 0d50 FFF7FEFF 		bl	SPI_WriteData
2272:Module/lcd_cfg.c **** SPI_WriteData(0x38);
 6282              		.loc 1 2272 1
 6283 0d54 3820     		movs	r0, #56
 6284 0d56 FFF7FEFF 		bl	SPI_WriteData
2273:Module/lcd_cfg.c **** SPI_WriteData(0x00);
ARM GAS  C:\Users\ADMINI~1\AppData\Local\Temp\ccavp8eo.s 			page 151


 6285              		.loc 1 2273 1
 6286 0d5a 0020     		movs	r0, #0
 6287 0d5c FFF7FEFF 		bl	SPI_WriteData
2274:Module/lcd_cfg.c **** SPI_WriteData(0x50);
 6288              		.loc 1 2274 1
 6289 0d60 5020     		movs	r0, #80
 6290 0d62 FFF7FEFF 		bl	SPI_WriteData
2275:Module/lcd_cfg.c **** 
2276:Module/lcd_cfg.c **** SSD2828_WritePackageSize(17);
 6291              		.loc 1 2276 1
 6292 0d66 1120     		movs	r0, #17
 6293 0d68 FFF7FEFF 		bl	SSD2828_WritePackageSize
2277:Module/lcd_cfg.c **** SPI_WriteData(0xD0);
 6294              		.loc 1 2277 1
 6295 0d6c D020     		movs	r0, #208
 6296 0d6e FFF7FEFF 		bl	SPI_WriteData
2278:Module/lcd_cfg.c **** SPI_WriteData(0x80);
 6297              		.loc 1 2278 1
 6298 0d72 8020     		movs	r0, #128
 6299 0d74 FFF7FEFF 		bl	SPI_WriteData
2279:Module/lcd_cfg.c **** SPI_WriteData(0x13);
 6300              		.loc 1 2279 1
 6301 0d78 1320     		movs	r0, #19
 6302 0d7a FFF7FEFF 		bl	SPI_WriteData
2280:Module/lcd_cfg.c **** SPI_WriteData(0xE0);
 6303              		.loc 1 2280 1
 6304 0d7e E020     		movs	r0, #224
 6305 0d80 FFF7FEFF 		bl	SPI_WriteData
2281:Module/lcd_cfg.c **** SPI_WriteData(0x00);
 6306              		.loc 1 2281 1
 6307 0d84 0020     		movs	r0, #0
 6308 0d86 FFF7FEFF 		bl	SPI_WriteData
2282:Module/lcd_cfg.c **** SPI_WriteData(0x1C);
 6309              		.loc 1 2282 1
 6310 0d8a 1C20     		movs	r0, #28
 6311 0d8c FFF7FEFF 		bl	SPI_WriteData
2283:Module/lcd_cfg.c **** SPI_WriteData(0x80);
 6312              		.loc 1 2283 1
 6313 0d90 8020     		movs	r0, #128
 6314 0d92 FFF7FEFF 		bl	SPI_WriteData
2284:Module/lcd_cfg.c **** SPI_WriteData(0x50);
 6315              		.loc 1 2284 1
 6316 0d96 5020     		movs	r0, #80
 6317 0d98 FFF7FEFF 		bl	SPI_WriteData
2285:Module/lcd_cfg.c **** SPI_WriteData(0x30);
 6318              		.loc 1 2285 1
 6319 0d9c 3020     		movs	r0, #48
 6320 0d9e FFF7FEFF 		bl	SPI_WriteData
2286:Module/lcd_cfg.c **** SPI_WriteData(0x00);
 6321              		.loc 1 2286 1
 6322 0da2 0020     		movs	r0, #0
 6323 0da4 FFF7FEFF 		bl	SPI_WriteData
2287:Module/lcd_cfg.c **** SPI_WriteData(0xE0);
 6324              		.loc 1 2287 1
 6325 0da8 E020     		movs	r0, #224
 6326 0daa FFF7FEFF 		bl	SPI_WriteData
2288:Module/lcd_cfg.c **** SPI_WriteData(0x81);
ARM GAS  C:\Users\ADMINI~1\AppData\Local\Temp\ccavp8eo.s 			page 152


 6327              		.loc 1 2288 1
 6328 0dae 8120     		movs	r0, #129
 6329 0db0 FFF7FEFF 		bl	SPI_WriteData
2289:Module/lcd_cfg.c **** SPI_WriteData(0x00);
 6330              		.loc 1 2289 1
 6331 0db4 0020     		movs	r0, #0
 6332 0db6 FFF7FEFF 		bl	SPI_WriteData
2290:Module/lcd_cfg.c **** SPI_WriteData(0x00);
 6333              		.loc 1 2290 1
 6334 0dba 0020     		movs	r0, #0
 6335 0dbc FFF7FEFF 		bl	SPI_WriteData
2291:Module/lcd_cfg.c **** SPI_WriteData(0x28);
 6336              		.loc 1 2291 1
 6337 0dc0 2820     		movs	r0, #40
 6338 0dc2 FFF7FEFF 		bl	SPI_WriteData
2292:Module/lcd_cfg.c **** SPI_WriteData(0x0E);
 6339              		.loc 1 2292 1
 6340 0dc6 0E20     		movs	r0, #14
 6341 0dc8 FFF7FEFF 		bl	SPI_WriteData
2293:Module/lcd_cfg.c **** SPI_WriteData(0x06);
 6342              		.loc 1 2293 1
 6343 0dcc 0620     		movs	r0, #6
 6344 0dce FFF7FEFF 		bl	SPI_WriteData
2294:Module/lcd_cfg.c **** 
2295:Module/lcd_cfg.c **** SSD2828_WritePackageSize(17);
 6345              		.loc 1 2295 1
 6346 0dd2 1120     		movs	r0, #17
 6347 0dd4 FFF7FEFF 		bl	SSD2828_WritePackageSize
2296:Module/lcd_cfg.c **** SPI_WriteData(0xE0);
 6348              		.loc 1 2296 1
 6349 0dd8 E020     		movs	r0, #224
 6350 0dda FFF7FEFF 		bl	SPI_WriteData
2297:Module/lcd_cfg.c **** SPI_WriteData(0x83);
 6351              		.loc 1 2297 1
 6352 0dde 8320     		movs	r0, #131
 6353 0de0 FFF7FEFF 		bl	SPI_WriteData
2298:Module/lcd_cfg.c **** SPI_WriteData(0x99);
 6354              		.loc 1 2298 1
 6355 0de4 9920     		movs	r0, #153
 6356 0de6 FFF7FEFF 		bl	SPI_WriteData
2299:Module/lcd_cfg.c **** SPI_WriteData(0x99);
 6357              		.loc 1 2299 1
 6358 0dea 9920     		movs	r0, #153
 6359 0dec FFF7FEFF 		bl	SPI_WriteData
2300:Module/lcd_cfg.c **** SPI_WriteData(0x99);
 6360              		.loc 1 2300 1
 6361 0df0 9920     		movs	r0, #153
 6362 0df2 FFF7FEFF 		bl	SPI_WriteData
2301:Module/lcd_cfg.c **** SPI_WriteData(0x99);
 6363              		.loc 1 2301 1
 6364 0df6 9920     		movs	r0, #153
 6365 0df8 FFF7FEFF 		bl	SPI_WriteData
2302:Module/lcd_cfg.c **** SPI_WriteData(0x99);
 6366              		.loc 1 2302 1
 6367 0dfc 9920     		movs	r0, #153
 6368 0dfe FFF7FEFF 		bl	SPI_WriteData
2303:Module/lcd_cfg.c **** SPI_WriteData(0x99);
ARM GAS  C:\Users\ADMINI~1\AppData\Local\Temp\ccavp8eo.s 			page 153


 6369              		.loc 1 2303 1
 6370 0e02 9920     		movs	r0, #153
 6371 0e04 FFF7FEFF 		bl	SPI_WriteData
2304:Module/lcd_cfg.c **** SPI_WriteData(0x88);
 6372              		.loc 1 2304 1
 6373 0e08 8820     		movs	r0, #136
 6374 0e0a FFF7FEFF 		bl	SPI_WriteData
2305:Module/lcd_cfg.c **** SPI_WriteData(0x88);
 6375              		.loc 1 2305 1
 6376 0e0e 8820     		movs	r0, #136
 6377 0e10 FFF7FEFF 		bl	SPI_WriteData
2306:Module/lcd_cfg.c **** SPI_WriteData(0x88);
 6378              		.loc 1 2306 1
 6379 0e14 8820     		movs	r0, #136
 6380 0e16 FFF7FEFF 		bl	SPI_WriteData
2307:Module/lcd_cfg.c **** SPI_WriteData(0x88);
 6381              		.loc 1 2307 1
 6382 0e1a 8820     		movs	r0, #136
 6383 0e1c FFF7FEFF 		bl	SPI_WriteData
2308:Module/lcd_cfg.c **** SPI_WriteData(0x88);
 6384              		.loc 1 2308 1
 6385 0e20 8820     		movs	r0, #136
 6386 0e22 FFF7FEFF 		bl	SPI_WriteData
2309:Module/lcd_cfg.c **** SPI_WriteData(0x48);
 6387              		.loc 1 2309 1
 6388 0e26 4820     		movs	r0, #72
 6389 0e28 FFF7FEFF 		bl	SPI_WriteData
2310:Module/lcd_cfg.c **** SPI_WriteData(0x08);
 6390              		.loc 1 2310 1
 6391 0e2c 0820     		movs	r0, #8
 6392 0e2e FFF7FEFF 		bl	SPI_WriteData
2311:Module/lcd_cfg.c **** SPI_WriteData(0x82);
 6393              		.loc 1 2311 1
 6394 0e32 8220     		movs	r0, #130
 6395 0e34 FFF7FEFF 		bl	SPI_WriteData
2312:Module/lcd_cfg.c **** SPI_WriteData(0xC6);
 6396              		.loc 1 2312 1
 6397 0e38 C620     		movs	r0, #198
 6398 0e3a FFF7FEFF 		bl	SPI_WriteData
2313:Module/lcd_cfg.c **** 
2314:Module/lcd_cfg.c **** SSD2828_WritePackageSize(17);
 6399              		.loc 1 2314 1
 6400 0e3e 1120     		movs	r0, #17
 6401 0e40 FFF7FEFF 		bl	SSD2828_WritePackageSize
2315:Module/lcd_cfg.c **** SPI_WriteData(0xF0);
 6402              		.loc 1 2315 1
 6403 0e44 F020     		movs	r0, #240
 6404 0e46 FFF7FEFF 		bl	SPI_WriteData
2316:Module/lcd_cfg.c **** SPI_WriteData(0xE0);
 6405              		.loc 1 2316 1
 6406 0e4a E020     		movs	r0, #224
 6407 0e4c FFF7FEFF 		bl	SPI_WriteData
2317:Module/lcd_cfg.c **** SPI_WriteData(0x13);
 6408              		.loc 1 2317 1
 6409 0e50 1320     		movs	r0, #19
 6410 0e52 FFF7FEFF 		bl	SPI_WriteData
2318:Module/lcd_cfg.c **** SPI_WriteData(0xFF);
ARM GAS  C:\Users\ADMINI~1\AppData\Local\Temp\ccavp8eo.s 			page 154


 6411              		.loc 1 2318 1
 6412 0e56 FF20     		movs	r0, #255
 6413 0e58 FFF7FEFF 		bl	SPI_WriteData
2319:Module/lcd_cfg.c **** SPI_WriteData(0xC4);
 6414              		.loc 1 2319 1
 6415 0e5c C420     		movs	r0, #196
 6416 0e5e FFF7FEFF 		bl	SPI_WriteData
2320:Module/lcd_cfg.c **** SPI_WriteData(0x7F);
 6417              		.loc 1 2320 1
 6418 0e62 7F20     		movs	r0, #127
 6419 0e64 FFF7FEFF 		bl	SPI_WriteData
2321:Module/lcd_cfg.c **** SPI_WriteData(0x31);
 6420              		.loc 1 2321 1
 6421 0e68 3120     		movs	r0, #49
 6422 0e6a FFF7FEFF 		bl	SPI_WriteData
2322:Module/lcd_cfg.c **** SPI_WriteData(0x43);
 6423              		.loc 1 2322 1
 6424 0e6e 4320     		movs	r0, #67
 6425 0e70 FFF7FEFF 		bl	SPI_WriteData
2323:Module/lcd_cfg.c **** SPI_WriteData(0x88);
 6426              		.loc 1 2323 1
 6427 0e74 8820     		movs	r0, #136
 6428 0e76 FFF7FEFF 		bl	SPI_WriteData
2324:Module/lcd_cfg.c **** SPI_WriteData(0x00);
 6429              		.loc 1 2324 1
 6430 0e7a 0020     		movs	r0, #0
 6431 0e7c FFF7FEFF 		bl	SPI_WriteData
2325:Module/lcd_cfg.c **** SPI_WriteData(0x00);
 6432              		.loc 1 2325 1
 6433 0e80 0020     		movs	r0, #0
 6434 0e82 FFF7FEFF 		bl	SPI_WriteData
2326:Module/lcd_cfg.c **** SPI_WriteData(0x00);
 6435              		.loc 1 2326 1
 6436 0e86 0020     		movs	r0, #0
 6437 0e88 FFF7FEFF 		bl	SPI_WriteData
2327:Module/lcd_cfg.c **** SPI_WriteData(0x00);
 6438              		.loc 1 2327 1
 6439 0e8c 0020     		movs	r0, #0
 6440 0e8e FFF7FEFF 		bl	SPI_WriteData
2328:Module/lcd_cfg.c **** SPI_WriteData(0x40);
 6441              		.loc 1 2328 1
 6442 0e92 4020     		movs	r0, #64
 6443 0e94 FFF7FEFF 		bl	SPI_WriteData
2329:Module/lcd_cfg.c **** SPI_WriteData(0x00);
 6444              		.loc 1 2329 1
 6445 0e98 0020     		movs	r0, #0
 6446 0e9a FFF7FEFF 		bl	SPI_WriteData
2330:Module/lcd_cfg.c **** SPI_WriteData(0x20);
 6447              		.loc 1 2330 1
 6448 0e9e 2020     		movs	r0, #32
 6449 0ea0 FFF7FEFF 		bl	SPI_WriteData
2331:Module/lcd_cfg.c **** SPI_WriteData(0x18);
 6450              		.loc 1 2331 1
 6451 0ea4 1820     		movs	r0, #24
 6452 0ea6 FFF7FEFF 		bl	SPI_WriteData
2332:Module/lcd_cfg.c **** 
2333:Module/lcd_cfg.c **** //Blank33
ARM GAS  C:\Users\ADMINI~1\AppData\Local\Temp\ccavp8eo.s 			page 155


2334:Module/lcd_cfg.c **** SSD2828_WritePackageSize(3);
 6453              		.loc 1 2334 1
 6454 0eaa 0320     		movs	r0, #3
 6455 0eac FFF7FEFF 		bl	SSD2828_WritePackageSize
2335:Module/lcd_cfg.c **** SPI_WriteData(0x41);
 6456              		.loc 1 2335 1
 6457 0eb0 4120     		movs	r0, #65
 6458 0eb2 FFF7FEFF 		bl	SPI_WriteData
2336:Module/lcd_cfg.c **** SPI_WriteData(0x5A);
 6459              		.loc 1 2336 1
 6460 0eb6 5A20     		movs	r0, #90
 6461 0eb8 FFF7FEFF 		bl	SPI_WriteData
2337:Module/lcd_cfg.c **** SPI_WriteData(0x21);
 6462              		.loc 1 2337 1
 6463 0ebc 2120     		movs	r0, #33
 6464 0ebe FFF7FEFF 		bl	SPI_WriteData
2338:Module/lcd_cfg.c **** 
2339:Module/lcd_cfg.c **** SSD2828_WritePackageSize(17);
 6465              		.loc 1 2339 1
 6466 0ec2 1120     		movs	r0, #17
 6467 0ec4 FFF7FEFF 		bl	SSD2828_WritePackageSize
2340:Module/lcd_cfg.c **** SPI_WriteData(0x80);
 6468              		.loc 1 2340 1
 6469 0ec8 8020     		movs	r0, #128
 6470 0eca FFF7FEFF 		bl	SPI_WriteData
2341:Module/lcd_cfg.c **** SPI_WriteData(0x04);
 6471              		.loc 1 2341 1
 6472 0ece 0420     		movs	r0, #4
 6473 0ed0 FFF7FEFF 		bl	SPI_WriteData
2342:Module/lcd_cfg.c **** SPI_WriteData(0x41);
 6474              		.loc 1 2342 1
 6475 0ed4 4120     		movs	r0, #65
 6476 0ed6 FFF7FEFF 		bl	SPI_WriteData
2343:Module/lcd_cfg.c **** SPI_WriteData(0xA6);
 6477              		.loc 1 2343 1
 6478 0eda A620     		movs	r0, #166
 6479 0edc FFF7FEFF 		bl	SPI_WriteData
2344:Module/lcd_cfg.c **** SPI_WriteData(0x6D);
 6480              		.loc 1 2344 1
 6481 0ee0 6D20     		movs	r0, #109
 6482 0ee2 FFF7FEFF 		bl	SPI_WriteData
2345:Module/lcd_cfg.c **** SPI_WriteData(0x92);
 6483              		.loc 1 2345 1
 6484 0ee6 9220     		movs	r0, #146
 6485 0ee8 FFF7FEFF 		bl	SPI_WriteData
2346:Module/lcd_cfg.c **** SPI_WriteData(0x04);
 6486              		.loc 1 2346 1
 6487 0eec 0420     		movs	r0, #4
 6488 0eee FFF7FEFF 		bl	SPI_WriteData
2347:Module/lcd_cfg.c **** SPI_WriteData(0x49);
 6489              		.loc 1 2347 1
 6490 0ef2 4920     		movs	r0, #73
 6491 0ef4 FFF7FEFF 		bl	SPI_WriteData
2348:Module/lcd_cfg.c **** SPI_WriteData(0x00);
 6492              		.loc 1 2348 1
 6493 0ef8 0020     		movs	r0, #0
 6494 0efa FFF7FEFF 		bl	SPI_WriteData
ARM GAS  C:\Users\ADMINI~1\AppData\Local\Temp\ccavp8eo.s 			page 156


2349:Module/lcd_cfg.c **** SPI_WriteData(0x20);
 6495              		.loc 1 2349 1
 6496 0efe 2020     		movs	r0, #32
 6497 0f00 FFF7FEFF 		bl	SPI_WriteData
2350:Module/lcd_cfg.c **** SPI_WriteData(0x49);
 6498              		.loc 1 2350 1
 6499 0f04 4920     		movs	r0, #73
 6500 0f06 FFF7FEFF 		bl	SPI_WriteData
2351:Module/lcd_cfg.c **** SPI_WriteData(0x00);
 6501              		.loc 1 2351 1
 6502 0f0a 0020     		movs	r0, #0
 6503 0f0c FFF7FEFF 		bl	SPI_WriteData
2352:Module/lcd_cfg.c **** SPI_WriteData(0x00);
 6504              		.loc 1 2352 1
 6505 0f10 0020     		movs	r0, #0
 6506 0f12 FFF7FEFF 		bl	SPI_WriteData
2353:Module/lcd_cfg.c **** SPI_WriteData(0x00);
 6507              		.loc 1 2353 1
 6508 0f16 0020     		movs	r0, #0
 6509 0f18 FFF7FEFF 		bl	SPI_WriteData
2354:Module/lcd_cfg.c **** SPI_WriteData(0x00);
 6510              		.loc 1 2354 1
 6511 0f1c 0020     		movs	r0, #0
 6512 0f1e FFF7FEFF 		bl	SPI_WriteData
2355:Module/lcd_cfg.c **** SPI_WriteData(0x20);
 6513              		.loc 1 2355 1
 6514 0f22 2020     		movs	r0, #32
 6515 0f24 FFF7FEFF 		bl	SPI_WriteData
2356:Module/lcd_cfg.c **** SPI_WriteData(0x49);
 6516              		.loc 1 2356 1
 6517 0f28 4920     		movs	r0, #73
 6518 0f2a FFF7FEFF 		bl	SPI_WriteData
2357:Module/lcd_cfg.c **** 
2358:Module/lcd_cfg.c **** SSD2828_WritePackageSize(17);
 6519              		.loc 1 2358 1
 6520 0f2e 1120     		movs	r0, #17
 6521 0f30 FFF7FEFF 		bl	SSD2828_WritePackageSize
2359:Module/lcd_cfg.c **** SPI_WriteData(0x90);
 6522              		.loc 1 2359 1
 6523 0f34 9020     		movs	r0, #144
 6524 0f36 FFF7FEFF 		bl	SPI_WriteData
2360:Module/lcd_cfg.c **** SPI_WriteData(0x92);
 6525              		.loc 1 2360 1
 6526 0f3a 9220     		movs	r0, #146
 6527 0f3c FFF7FEFF 		bl	SPI_WriteData
2361:Module/lcd_cfg.c **** SPI_WriteData(0x04);
 6528              		.loc 1 2361 1
 6529 0f40 0420     		movs	r0, #4
 6530 0f42 FFF7FEFF 		bl	SPI_WriteData
2362:Module/lcd_cfg.c **** SPI_WriteData(0x00);
 6531              		.loc 1 2362 1
 6532 0f46 0020     		movs	r0, #0
 6533 0f48 FFF7FEFF 		bl	SPI_WriteData
2363:Module/lcd_cfg.c **** SPI_WriteData(0x85);
 6534              		.loc 1 2363 1
 6535 0f4c 8520     		movs	r0, #133
 6536 0f4e FFF7FEFF 		bl	SPI_WriteData
ARM GAS  C:\Users\ADMINI~1\AppData\Local\Temp\ccavp8eo.s 			page 157


2364:Module/lcd_cfg.c **** SPI_WriteData(0x11);
 6537              		.loc 1 2364 1
 6538 0f52 1120     		movs	r0, #17
 6539 0f54 FFF7FEFF 		bl	SPI_WriteData
2365:Module/lcd_cfg.c **** SPI_WriteData(0x0C);
 6540              		.loc 1 2365 1
 6541 0f58 0C20     		movs	r0, #12
 6542 0f5a FFF7FEFF 		bl	SPI_WriteData
2366:Module/lcd_cfg.c **** SPI_WriteData(0x00);
 6543              		.loc 1 2366 1
 6544 0f5e 0020     		movs	r0, #0
 6545 0f60 FFF7FEFF 		bl	SPI_WriteData
2367:Module/lcd_cfg.c **** SPI_WriteData(0x00);
 6546              		.loc 1 2367 1
 6547 0f64 0020     		movs	r0, #0
 6548 0f66 FFF7FEFF 		bl	SPI_WriteData
2368:Module/lcd_cfg.c **** SPI_WriteData(0x40);
 6549              		.loc 1 2368 1
 6550 0f6a 4020     		movs	r0, #64
 6551 0f6c FFF7FEFF 		bl	SPI_WriteData
2369:Module/lcd_cfg.c **** SPI_WriteData(0x00);
 6552              		.loc 1 2369 1
 6553 0f70 0020     		movs	r0, #0
 6554 0f72 FFF7FEFF 		bl	SPI_WriteData
2370:Module/lcd_cfg.c **** SPI_WriteData(0x00);
 6555              		.loc 1 2370 1
 6556 0f76 0020     		movs	r0, #0
 6557 0f78 FFF7FEFF 		bl	SPI_WriteData
2371:Module/lcd_cfg.c **** SPI_WriteData(0x00);
 6558              		.loc 1 2371 1
 6559 0f7c 0020     		movs	r0, #0
 6560 0f7e FFF7FEFF 		bl	SPI_WriteData
2372:Module/lcd_cfg.c **** SPI_WriteData(0x00);
 6561              		.loc 1 2372 1
 6562 0f82 0020     		movs	r0, #0
 6563 0f84 FFF7FEFF 		bl	SPI_WriteData
2373:Module/lcd_cfg.c **** SPI_WriteData(0x16);
 6564              		.loc 1 2373 1
 6565 0f88 1620     		movs	r0, #22
 6566 0f8a FFF7FEFF 		bl	SPI_WriteData
2374:Module/lcd_cfg.c **** SPI_WriteData(0x00);
 6567              		.loc 1 2374 1
 6568 0f8e 0020     		movs	r0, #0
 6569 0f90 FFF7FEFF 		bl	SPI_WriteData
2375:Module/lcd_cfg.c **** SPI_WriteData(0xA5);
 6570              		.loc 1 2375 1
 6571 0f94 A520     		movs	r0, #165
 6572 0f96 FFF7FEFF 		bl	SPI_WriteData
2376:Module/lcd_cfg.c **** 
2377:Module/lcd_cfg.c **** SSD2828_WritePackageSize(17);
 6573              		.loc 1 2377 1
 6574 0f9a 1120     		movs	r0, #17
 6575 0f9c FFF7FEFF 		bl	SSD2828_WritePackageSize
2378:Module/lcd_cfg.c **** SPI_WriteData(0xA0);
 6576              		.loc 1 2378 1
 6577 0fa0 A020     		movs	r0, #160
 6578 0fa2 FFF7FEFF 		bl	SPI_WriteData
ARM GAS  C:\Users\ADMINI~1\AppData\Local\Temp\ccavp8eo.s 			page 158


2379:Module/lcd_cfg.c **** SPI_WriteData(0x00);
 6579              		.loc 1 2379 1
 6580 0fa6 0020     		movs	r0, #0
 6581 0fa8 FFF7FEFF 		bl	SPI_WriteData
2380:Module/lcd_cfg.c **** SPI_WriteData(0x08);
 6582              		.loc 1 2380 1
 6583 0fac 0820     		movs	r0, #8
 6584 0fae FFF7FEFF 		bl	SPI_WriteData
2381:Module/lcd_cfg.c **** SPI_WriteData(0x08);
 6585              		.loc 1 2381 1
 6586 0fb2 0820     		movs	r0, #8
 6587 0fb4 FFF7FEFF 		bl	SPI_WriteData
2382:Module/lcd_cfg.c **** SPI_WriteData(0x14);
 6588              		.loc 1 2382 1
 6589 0fb8 1420     		movs	r0, #20
 6590 0fba FFF7FEFF 		bl	SPI_WriteData
2383:Module/lcd_cfg.c **** SPI_WriteData(0x10);
 6591              		.loc 1 2383 1
 6592 0fbe 1020     		movs	r0, #16
 6593 0fc0 FFF7FEFF 		bl	SPI_WriteData
2384:Module/lcd_cfg.c **** SPI_WriteData(0x49);
 6594              		.loc 1 2384 1
 6595 0fc4 4920     		movs	r0, #73
 6596 0fc6 FFF7FEFF 		bl	SPI_WriteData
2385:Module/lcd_cfg.c **** SPI_WriteData(0x92);
 6597              		.loc 1 2385 1
 6598 0fca 9220     		movs	r0, #146
 6599 0fcc FFF7FEFF 		bl	SPI_WriteData
2386:Module/lcd_cfg.c **** SPI_WriteData(0x24);
 6600              		.loc 1 2386 1
 6601 0fd0 2420     		movs	r0, #36
 6602 0fd2 FFF7FEFF 		bl	SPI_WriteData
2387:Module/lcd_cfg.c **** SPI_WriteData(0x49);
 6603              		.loc 1 2387 1
 6604 0fd6 4920     		movs	r0, #73
 6605 0fd8 FFF7FEFF 		bl	SPI_WriteData
2388:Module/lcd_cfg.c **** SPI_WriteData(0x28);
 6606              		.loc 1 2388 1
 6607 0fdc 2820     		movs	r0, #40
 6608 0fde FFF7FEFF 		bl	SPI_WriteData
2389:Module/lcd_cfg.c **** SPI_WriteData(0x20);
 6609              		.loc 1 2389 1
 6610 0fe2 2020     		movs	r0, #32
 6611 0fe4 FFF7FEFF 		bl	SPI_WriteData
2390:Module/lcd_cfg.c **** SPI_WriteData(0x92);
 6612              		.loc 1 2390 1
 6613 0fe8 9220     		movs	r0, #146
 6614 0fea FFF7FEFF 		bl	SPI_WriteData
2391:Module/lcd_cfg.c **** SPI_WriteData(0x24);
 6615              		.loc 1 2391 1
 6616 0fee 2420     		movs	r0, #36
 6617 0ff0 FFF7FEFF 		bl	SPI_WriteData
2392:Module/lcd_cfg.c **** SPI_WriteData(0x49);
 6618              		.loc 1 2392 1
 6619 0ff4 4920     		movs	r0, #73
 6620 0ff6 FFF7FEFF 		bl	SPI_WriteData
2393:Module/lcd_cfg.c **** SPI_WriteData(0x92);
ARM GAS  C:\Users\ADMINI~1\AppData\Local\Temp\ccavp8eo.s 			page 159


 6621              		.loc 1 2393 1
 6622 0ffa 9220     		movs	r0, #146
 6623 0ffc FFF7FEFF 		bl	SPI_WriteData
2394:Module/lcd_cfg.c **** SPI_WriteData(0x50);
 6624              		.loc 1 2394 1
 6625 1000 5020     		movs	r0, #80
 6626 1002 FFF7FEFF 		bl	SPI_WriteData
2395:Module/lcd_cfg.c **** 
2396:Module/lcd_cfg.c **** SSD2828_WritePackageSize(17);
 6627              		.loc 1 2396 1
 6628 1006 1120     		movs	r0, #17
 6629 1008 FFF7FEFF 		bl	SSD2828_WritePackageSize
2397:Module/lcd_cfg.c **** SPI_WriteData(0xB0);
 6630              		.loc 1 2397 1
 6631 100c B020     		movs	r0, #176
 6632 100e FFF7FEFF 		bl	SPI_WriteData
2398:Module/lcd_cfg.c **** SPI_WriteData(0x40);
 6633              		.loc 1 2398 1
 6634 1012 4020     		movs	r0, #64
 6635 1014 FFF7FEFF 		bl	SPI_WriteData
2399:Module/lcd_cfg.c **** SPI_WriteData(0x24);
 6636              		.loc 1 2399 1
 6637 1018 2420     		movs	r0, #36
 6638 101a FFF7FEFF 		bl	SPI_WriteData
2400:Module/lcd_cfg.c **** SPI_WriteData(0x49);
 6639              		.loc 1 2400 1
 6640 101e 4920     		movs	r0, #73
 6641 1020 FFF7FEFF 		bl	SPI_WriteData
2401:Module/lcd_cfg.c **** SPI_WriteData(0x92);
 6642              		.loc 1 2401 1
 6643 1024 9220     		movs	r0, #146
 6644 1026 FFF7FEFF 		bl	SPI_WriteData
2402:Module/lcd_cfg.c **** SPI_WriteData(0x24);
 6645              		.loc 1 2402 1
 6646 102a 2420     		movs	r0, #36
 6647 102c FFF7FEFF 		bl	SPI_WriteData
2403:Module/lcd_cfg.c **** SPI_WriteData(0x49);
 6648              		.loc 1 2403 1
 6649 1030 4920     		movs	r0, #73
 6650 1032 FFF7FEFF 		bl	SPI_WriteData
2404:Module/lcd_cfg.c **** SPI_WriteData(0x92);
 6651              		.loc 1 2404 1
 6652 1036 9220     		movs	r0, #146
 6653 1038 FFF7FEFF 		bl	SPI_WriteData
2405:Module/lcd_cfg.c **** SPI_WriteData(0x24);
 6654              		.loc 1 2405 1
 6655 103c 2420     		movs	r0, #36
 6656 103e FFF7FEFF 		bl	SPI_WriteData
2406:Module/lcd_cfg.c **** SPI_WriteData(0x09);
 6657              		.loc 1 2406 1
 6658 1042 0920     		movs	r0, #9
 6659 1044 FFF7FEFF 		bl	SPI_WriteData
2407:Module/lcd_cfg.c **** SPI_WriteData(0x00);
 6660              		.loc 1 2407 1
 6661 1048 0020     		movs	r0, #0
 6662 104a FFF7FEFF 		bl	SPI_WriteData
2408:Module/lcd_cfg.c **** SPI_WriteData(0x04);
ARM GAS  C:\Users\ADMINI~1\AppData\Local\Temp\ccavp8eo.s 			page 160


 6663              		.loc 1 2408 1
 6664 104e 0420     		movs	r0, #4
 6665 1050 FFF7FEFF 		bl	SPI_WriteData
2409:Module/lcd_cfg.c **** SPI_WriteData(0x00);
 6666              		.loc 1 2409 1
 6667 1054 0020     		movs	r0, #0
 6668 1056 FFF7FEFF 		bl	SPI_WriteData
2410:Module/lcd_cfg.c **** SPI_WriteData(0x55);
 6669              		.loc 1 2410 1
 6670 105a 5520     		movs	r0, #85
 6671 105c FFF7FEFF 		bl	SPI_WriteData
2411:Module/lcd_cfg.c **** SPI_WriteData(0x10);
 6672              		.loc 1 2411 1
 6673 1060 1020     		movs	r0, #16
 6674 1062 FFF7FEFF 		bl	SPI_WriteData
2412:Module/lcd_cfg.c **** SPI_WriteData(0x01);
 6675              		.loc 1 2412 1
 6676 1066 0120     		movs	r0, #1
 6677 1068 FFF7FEFF 		bl	SPI_WriteData
2413:Module/lcd_cfg.c **** SPI_WriteData(0x08);
 6678              		.loc 1 2413 1
 6679 106c 0820     		movs	r0, #8
 6680 106e FFF7FEFF 		bl	SPI_WriteData
2414:Module/lcd_cfg.c **** 
2415:Module/lcd_cfg.c **** SSD2828_WritePackageSize(17);
 6681              		.loc 1 2415 1
 6682 1072 1120     		movs	r0, #17
 6683 1074 FFF7FEFF 		bl	SSD2828_WritePackageSize
2416:Module/lcd_cfg.c **** SPI_WriteData(0xC0);
 6684              		.loc 1 2416 1
 6685 1078 C020     		movs	r0, #192
 6686 107a FFF7FEFF 		bl	SPI_WriteData
2417:Module/lcd_cfg.c **** SPI_WriteData(0x01);
 6687              		.loc 1 2417 1
 6688 107e 0120     		movs	r0, #1
 6689 1080 FFF7FEFF 		bl	SPI_WriteData
2418:Module/lcd_cfg.c **** SPI_WriteData(0x42);
 6690              		.loc 1 2418 1
 6691 1084 4220     		movs	r0, #66
 6692 1086 FFF7FEFF 		bl	SPI_WriteData
2419:Module/lcd_cfg.c **** SPI_WriteData(0x01);
 6693              		.loc 1 2419 1
 6694 108a 0120     		movs	r0, #1
 6695 108c FFF7FEFF 		bl	SPI_WriteData
2420:Module/lcd_cfg.c **** SPI_WriteData(0x31);
 6696              		.loc 1 2420 1
 6697 1090 3120     		movs	r0, #49
 6698 1092 FFF7FEFF 		bl	SPI_WriteData
2421:Module/lcd_cfg.c **** SPI_WriteData(0x20);
 6699              		.loc 1 2421 1
 6700 1096 2020     		movs	r0, #32
 6701 1098 FFF7FEFF 		bl	SPI_WriteData
2422:Module/lcd_cfg.c **** SPI_WriteData(0x02);
 6702              		.loc 1 2422 1
 6703 109c 0220     		movs	r0, #2
 6704 109e FFF7FEFF 		bl	SPI_WriteData
2423:Module/lcd_cfg.c **** SPI_WriteData(0x10);
ARM GAS  C:\Users\ADMINI~1\AppData\Local\Temp\ccavp8eo.s 			page 161


 6705              		.loc 1 2423 1
 6706 10a2 1020     		movs	r0, #16
 6707 10a4 FFF7FEFF 		bl	SPI_WriteData
2424:Module/lcd_cfg.c **** SPI_WriteData(0x10);
 6708              		.loc 1 2424 1
 6709 10a8 1020     		movs	r0, #16
 6710 10aa FFF7FEFF 		bl	SPI_WriteData
2425:Module/lcd_cfg.c **** SPI_WriteData(0x01);
 6711              		.loc 1 2425 1
 6712 10ae 0120     		movs	r0, #1
 6713 10b0 FFF7FEFF 		bl	SPI_WriteData
2426:Module/lcd_cfg.c **** SPI_WriteData(0x08);
 6714              		.loc 1 2426 1
 6715 10b4 0820     		movs	r0, #8
 6716 10b6 FFF7FEFF 		bl	SPI_WriteData
2427:Module/lcd_cfg.c **** SPI_WriteData(0x88);
 6717              		.loc 1 2427 1
 6718 10ba 8820     		movs	r0, #136
 6719 10bc FFF7FEFF 		bl	SPI_WriteData
2428:Module/lcd_cfg.c **** SPI_WriteData(0x00);
 6720              		.loc 1 2428 1
 6721 10c0 0020     		movs	r0, #0
 6722 10c2 FFF7FEFF 		bl	SPI_WriteData
2429:Module/lcd_cfg.c **** SPI_WriteData(0x04);
 6723              		.loc 1 2429 1
 6724 10c6 0420     		movs	r0, #4
 6725 10c8 FFF7FEFF 		bl	SPI_WriteData
2430:Module/lcd_cfg.c **** SPI_WriteData(0x44);
 6726              		.loc 1 2430 1
 6727 10cc 4420     		movs	r0, #68
 6728 10ce FFF7FEFF 		bl	SPI_WriteData
2431:Module/lcd_cfg.c **** SPI_WriteData(0x00);
 6729              		.loc 1 2431 1
 6730 10d2 0020     		movs	r0, #0
 6731 10d4 FFF7FEFF 		bl	SPI_WriteData
2432:Module/lcd_cfg.c **** SPI_WriteData(0x02);
 6732              		.loc 1 2432 1
 6733 10d8 0220     		movs	r0, #2
 6734 10da FFF7FEFF 		bl	SPI_WriteData
2433:Module/lcd_cfg.c **** 
2434:Module/lcd_cfg.c **** SSD2828_WritePackageSize(17);
 6735              		.loc 1 2434 1
 6736 10de 1120     		movs	r0, #17
 6737 10e0 FFF7FEFF 		bl	SSD2828_WritePackageSize
2435:Module/lcd_cfg.c **** SPI_WriteData(0xD0);
 6738              		.loc 1 2435 1
 6739 10e4 D020     		movs	r0, #208
 6740 10e6 FFF7FEFF 		bl	SPI_WriteData
2436:Module/lcd_cfg.c **** SPI_WriteData(0x22);
 6741              		.loc 1 2436 1
 6742 10ea 2220     		movs	r0, #34
 6743 10ec FFF7FEFF 		bl	SPI_WriteData
2437:Module/lcd_cfg.c **** SPI_WriteData(0x00);
 6744              		.loc 1 2437 1
 6745 10f0 0020     		movs	r0, #0
 6746 10f2 FFF7FEFF 		bl	SPI_WriteData
2438:Module/lcd_cfg.c **** SPI_WriteData(0x01);
ARM GAS  C:\Users\ADMINI~1\AppData\Local\Temp\ccavp8eo.s 			page 162


 6747              		.loc 1 2438 1
 6748 10f6 0120     		movs	r0, #1
 6749 10f8 FFF7FEFF 		bl	SPI_WriteData
2439:Module/lcd_cfg.c **** SPI_WriteData(0xA2);
 6750              		.loc 1 2439 1
 6751 10fc A220     		movs	r0, #162
 6752 10fe FFF7FEFF 		bl	SPI_WriteData
2440:Module/lcd_cfg.c **** SPI_WriteData(0x80);
 6753              		.loc 1 2440 1
 6754 1102 8020     		movs	r0, #128
 6755 1104 FFF7FEFF 		bl	SPI_WriteData
2441:Module/lcd_cfg.c **** SPI_WriteData(0x80);
 6756              		.loc 1 2441 1
 6757 1108 8020     		movs	r0, #128
 6758 110a FFF7FEFF 		bl	SPI_WriteData
2442:Module/lcd_cfg.c **** SPI_WriteData(0x08);
 6759              		.loc 1 2442 1
 6760 110e 0820     		movs	r0, #8
 6761 1110 FFF7FEFF 		bl	SPI_WriteData
2443:Module/lcd_cfg.c **** SPI_WriteData(0x40);
 6762              		.loc 1 2443 1
 6763 1114 4020     		movs	r0, #64
 6764 1116 FFF7FEFF 		bl	SPI_WriteData
2444:Module/lcd_cfg.c **** SPI_WriteData(0x40);
 6765              		.loc 1 2444 1
 6766 111a 4020     		movs	r0, #64
 6767 111c FFF7FEFF 		bl	SPI_WriteData
2445:Module/lcd_cfg.c **** SPI_WriteData(0x04);
 6768              		.loc 1 2445 1
 6769 1120 0420     		movs	r0, #4
 6770 1122 FFF7FEFF 		bl	SPI_WriteData
2446:Module/lcd_cfg.c **** SPI_WriteData(0x00);
 6771              		.loc 1 2446 1
 6772 1126 0020     		movs	r0, #0
 6773 1128 FFF7FEFF 		bl	SPI_WriteData
2447:Module/lcd_cfg.c **** SPI_WriteData(0x00);
 6774              		.loc 1 2447 1
 6775 112c 0020     		movs	r0, #0
 6776 112e FFF7FEFF 		bl	SPI_WriteData
2448:Module/lcd_cfg.c **** SPI_WriteData(0x00);
 6777              		.loc 1 2448 1
 6778 1132 0020     		movs	r0, #0
 6779 1134 FFF7FEFF 		bl	SPI_WriteData
2449:Module/lcd_cfg.c **** SPI_WriteData(0x18);
 6780              		.loc 1 2449 1
 6781 1138 1820     		movs	r0, #24
 6782 113a FFF7FEFF 		bl	SPI_WriteData
2450:Module/lcd_cfg.c **** SPI_WriteData(0x00);
 6783              		.loc 1 2450 1
 6784 113e 0020     		movs	r0, #0
 6785 1140 FFF7FEFF 		bl	SPI_WriteData
2451:Module/lcd_cfg.c **** SPI_WriteData(0x16);
 6786              		.loc 1 2451 1
 6787 1144 1620     		movs	r0, #22
 6788 1146 FFF7FEFF 		bl	SPI_WriteData
2452:Module/lcd_cfg.c **** 
2453:Module/lcd_cfg.c **** SSD2828_WritePackageSize(3);
ARM GAS  C:\Users\ADMINI~1\AppData\Local\Temp\ccavp8eo.s 			page 163


 6789              		.loc 1 2453 1
 6790 114a 0320     		movs	r0, #3
 6791 114c FFF7FEFF 		bl	SSD2828_WritePackageSize
2454:Module/lcd_cfg.c **** SPI_WriteData(0xE0);
 6792              		.loc 1 2454 1
 6793 1150 E020     		movs	r0, #224
 6794 1152 FFF7FEFF 		bl	SPI_WriteData
2455:Module/lcd_cfg.c **** SPI_WriteData(0x10);
 6795              		.loc 1 2455 1
 6796 1156 1020     		movs	r0, #16
 6797 1158 FFF7FEFF 		bl	SPI_WriteData
2456:Module/lcd_cfg.c **** SPI_WriteData(0x00);
 6798              		.loc 1 2456 1
 6799 115c 0020     		movs	r0, #0
 6800 115e FFF7FEFF 		bl	SPI_WriteData
2457:Module/lcd_cfg.c **** 
2458:Module/lcd_cfg.c **** //Blank34
2459:Module/lcd_cfg.c **** SSD2828_WritePackageSize(3);
 6801              		.loc 1 2459 1
 6802 1162 0320     		movs	r0, #3
 6803 1164 FFF7FEFF 		bl	SSD2828_WritePackageSize
2460:Module/lcd_cfg.c **** SPI_WriteData(0x41);
 6804              		.loc 1 2460 1
 6805 1168 4120     		movs	r0, #65
 6806 116a FFF7FEFF 		bl	SPI_WriteData
2461:Module/lcd_cfg.c **** SPI_WriteData(0x5A);
 6807              		.loc 1 2461 1
 6808 116e 5A20     		movs	r0, #90
 6809 1170 FFF7FEFF 		bl	SPI_WriteData
2462:Module/lcd_cfg.c **** SPI_WriteData(0x22);
 6810              		.loc 1 2462 1
 6811 1174 2220     		movs	r0, #34
 6812 1176 FFF7FEFF 		bl	SPI_WriteData
2463:Module/lcd_cfg.c **** 
2464:Module/lcd_cfg.c **** SSD2828_WritePackageSize(17);
 6813              		.loc 1 2464 1
 6814 117a 1120     		movs	r0, #17
 6815 117c FFF7FEFF 		bl	SSD2828_WritePackageSize
2465:Module/lcd_cfg.c **** SPI_WriteData(0x80);
 6816              		.loc 1 2465 1
 6817 1180 8020     		movs	r0, #128
 6818 1182 FFF7FEFF 		bl	SPI_WriteData
2466:Module/lcd_cfg.c **** SPI_WriteData(0x29);
 6819              		.loc 1 2466 1
 6820 1186 2920     		movs	r0, #41
 6821 1188 FFF7FEFF 		bl	SPI_WriteData
2467:Module/lcd_cfg.c **** SPI_WriteData(0xD3);
 6822              		.loc 1 2467 1
 6823 118c D320     		movs	r0, #211
 6824 118e FFF7FEFF 		bl	SPI_WriteData
2468:Module/lcd_cfg.c **** SPI_WriteData(0x00);
 6825              		.loc 1 2468 1
 6826 1192 0020     		movs	r0, #0
 6827 1194 FFF7FEFF 		bl	SPI_WriteData
2469:Module/lcd_cfg.c **** SPI_WriteData(0x55);
 6828              		.loc 1 2469 1
 6829 1198 5520     		movs	r0, #85
ARM GAS  C:\Users\ADMINI~1\AppData\Local\Temp\ccavp8eo.s 			page 164


 6830 119a FFF7FEFF 		bl	SPI_WriteData
2470:Module/lcd_cfg.c **** SPI_WriteData(0x55);
 6831              		.loc 1 2470 1
 6832 119e 5520     		movs	r0, #85
 6833 11a0 FFF7FEFF 		bl	SPI_WriteData
2471:Module/lcd_cfg.c **** SPI_WriteData(0x55);
 6834              		.loc 1 2471 1
 6835 11a4 5520     		movs	r0, #85
 6836 11a6 FFF7FEFF 		bl	SPI_WriteData
2472:Module/lcd_cfg.c **** SPI_WriteData(0x55);
 6837              		.loc 1 2472 1
 6838 11aa 5520     		movs	r0, #85
 6839 11ac FFF7FEFF 		bl	SPI_WriteData
2473:Module/lcd_cfg.c **** SPI_WriteData(0x55);
 6840              		.loc 1 2473 1
 6841 11b0 5520     		movs	r0, #85
 6842 11b2 FFF7FEFF 		bl	SPI_WriteData
2474:Module/lcd_cfg.c **** SPI_WriteData(0x55);
 6843              		.loc 1 2474 1
 6844 11b6 5520     		movs	r0, #85
 6845 11b8 FFF7FEFF 		bl	SPI_WriteData
2475:Module/lcd_cfg.c **** SPI_WriteData(0x55);
 6846              		.loc 1 2475 1
 6847 11bc 5520     		movs	r0, #85
 6848 11be FFF7FEFF 		bl	SPI_WriteData
2476:Module/lcd_cfg.c **** SPI_WriteData(0x55);
 6849              		.loc 1 2476 1
 6850 11c2 5520     		movs	r0, #85
 6851 11c4 FFF7FEFF 		bl	SPI_WriteData
2477:Module/lcd_cfg.c **** SPI_WriteData(0x55);
 6852              		.loc 1 2477 1
 6853 11c8 5520     		movs	r0, #85
 6854 11ca FFF7FEFF 		bl	SPI_WriteData
2478:Module/lcd_cfg.c **** SPI_WriteData(0x55);
 6855              		.loc 1 2478 1
 6856 11ce 5520     		movs	r0, #85
 6857 11d0 FFF7FEFF 		bl	SPI_WriteData
2479:Module/lcd_cfg.c **** SPI_WriteData(0x55);
 6858              		.loc 1 2479 1
 6859 11d4 5520     		movs	r0, #85
 6860 11d6 FFF7FEFF 		bl	SPI_WriteData
2480:Module/lcd_cfg.c **** SPI_WriteData(0x1F);
 6861              		.loc 1 2480 1
 6862 11da 1F20     		movs	r0, #31
 6863 11dc FFF7FEFF 		bl	SPI_WriteData
2481:Module/lcd_cfg.c **** SPI_WriteData(0x70);
 6864              		.loc 1 2481 1
 6865 11e0 7020     		movs	r0, #112
 6866 11e2 FFF7FEFF 		bl	SPI_WriteData
2482:Module/lcd_cfg.c **** 
2483:Module/lcd_cfg.c **** SSD2828_WritePackageSize(4);
 6867              		.loc 1 2483 1
 6868 11e6 0420     		movs	r0, #4
 6869 11e8 FFF7FEFF 		bl	SSD2828_WritePackageSize
2484:Module/lcd_cfg.c **** SPI_WriteData(0x90);
 6870              		.loc 1 2484 1
 6871 11ec 9020     		movs	r0, #144
ARM GAS  C:\Users\ADMINI~1\AppData\Local\Temp\ccavp8eo.s 			page 165


 6872 11ee FFF7FEFF 		bl	SPI_WriteData
2485:Module/lcd_cfg.c **** SPI_WriteData(0xF0);
 6873              		.loc 1 2485 1
 6874 11f2 F020     		movs	r0, #240
 6875 11f4 FFF7FEFF 		bl	SPI_WriteData
2486:Module/lcd_cfg.c **** SPI_WriteData(0x00);
 6876              		.loc 1 2486 1
 6877 11f8 0020     		movs	r0, #0
 6878 11fa FFF7FEFF 		bl	SPI_WriteData
2487:Module/lcd_cfg.c **** SPI_WriteData(0x00);
 6879              		.loc 1 2487 1
 6880 11fe 0020     		movs	r0, #0
 6881 1200 FFF7FEFF 		bl	SPI_WriteData
2488:Module/lcd_cfg.c **** 
2489:Module/lcd_cfg.c **** //Blank35
2490:Module/lcd_cfg.c **** SSD2828_WritePackageSize(3);
 6882              		.loc 1 2490 1
 6883 1204 0320     		movs	r0, #3
 6884 1206 FFF7FEFF 		bl	SSD2828_WritePackageSize
2491:Module/lcd_cfg.c **** SPI_WriteData(0x41);
 6885              		.loc 1 2491 1
 6886 120a 4120     		movs	r0, #65
 6887 120c FFF7FEFF 		bl	SPI_WriteData
2492:Module/lcd_cfg.c **** SPI_WriteData(0x5A);
 6888              		.loc 1 2492 1
 6889 1210 5A20     		movs	r0, #90
 6890 1212 FFF7FEFF 		bl	SPI_WriteData
2493:Module/lcd_cfg.c **** SPI_WriteData(0x23);
 6891              		.loc 1 2493 1
 6892 1216 2320     		movs	r0, #35
 6893 1218 FFF7FEFF 		bl	SPI_WriteData
2494:Module/lcd_cfg.c **** 
2495:Module/lcd_cfg.c **** SSD2828_WritePackageSize(17);
 6894              		.loc 1 2495 1
 6895 121c 1120     		movs	r0, #17
 6896 121e FFF7FEFF 		bl	SSD2828_WritePackageSize
2496:Module/lcd_cfg.c **** SPI_WriteData(0x80);
 6897              		.loc 1 2496 1
 6898 1222 8020     		movs	r0, #128
 6899 1224 FFF7FEFF 		bl	SPI_WriteData
2497:Module/lcd_cfg.c **** SPI_WriteData(0x09);
 6900              		.loc 1 2497 1
 6901 1228 0920     		movs	r0, #9
 6902 122a FFF7FEFF 		bl	SPI_WriteData
2498:Module/lcd_cfg.c **** SPI_WriteData(0x01);
 6903              		.loc 1 2498 1
 6904 122e 0120     		movs	r0, #1
 6905 1230 FFF7FEFF 		bl	SPI_WriteData
2499:Module/lcd_cfg.c **** SPI_WriteData(0x02);
 6906              		.loc 1 2499 1
 6907 1234 0220     		movs	r0, #2
 6908 1236 FFF7FEFF 		bl	SPI_WriteData
2500:Module/lcd_cfg.c **** SPI_WriteData(0x05);
 6909              		.loc 1 2500 1
 6910 123a 0520     		movs	r0, #5
 6911 123c FFF7FEFF 		bl	SPI_WriteData
2501:Module/lcd_cfg.c **** SPI_WriteData(0x00);
ARM GAS  C:\Users\ADMINI~1\AppData\Local\Temp\ccavp8eo.s 			page 166


 6912              		.loc 1 2501 1
 6913 1240 0020     		movs	r0, #0
 6914 1242 FFF7FEFF 		bl	SPI_WriteData
2502:Module/lcd_cfg.c **** SPI_WriteData(0x05);
 6915              		.loc 1 2502 1
 6916 1246 0520     		movs	r0, #5
 6917 1248 FFF7FEFF 		bl	SPI_WriteData
2503:Module/lcd_cfg.c **** SPI_WriteData(0x04);
 6918              		.loc 1 2503 1
 6919 124c 0420     		movs	r0, #4
 6920 124e FFF7FEFF 		bl	SPI_WriteData
2504:Module/lcd_cfg.c **** SPI_WriteData(0x00);
 6921              		.loc 1 2504 1
 6922 1252 0020     		movs	r0, #0
 6923 1254 FFF7FEFF 		bl	SPI_WriteData
2505:Module/lcd_cfg.c **** SPI_WriteData(0x00);
 6924              		.loc 1 2505 1
 6925 1258 0020     		movs	r0, #0
 6926 125a FFF7FEFF 		bl	SPI_WriteData
2506:Module/lcd_cfg.c **** SPI_WriteData(0x00);
 6927              		.loc 1 2506 1
 6928 125e 0020     		movs	r0, #0
 6929 1260 FFF7FEFF 		bl	SPI_WriteData
2507:Module/lcd_cfg.c **** SPI_WriteData(0x00);
 6930              		.loc 1 2507 1
 6931 1264 0020     		movs	r0, #0
 6932 1266 FFF7FEFF 		bl	SPI_WriteData
2508:Module/lcd_cfg.c **** SPI_WriteData(0x00);
 6933              		.loc 1 2508 1
 6934 126a 0020     		movs	r0, #0
 6935 126c FFF7FEFF 		bl	SPI_WriteData
2509:Module/lcd_cfg.c **** SPI_WriteData(0x00);
 6936              		.loc 1 2509 1
 6937 1270 0020     		movs	r0, #0
 6938 1272 FFF7FEFF 		bl	SPI_WriteData
2510:Module/lcd_cfg.c **** SPI_WriteData(0x00);
 6939              		.loc 1 2510 1
 6940 1276 0020     		movs	r0, #0
 6941 1278 FFF7FEFF 		bl	SPI_WriteData
2511:Module/lcd_cfg.c **** SPI_WriteData(0x00);
 6942              		.loc 1 2511 1
 6943 127c 0020     		movs	r0, #0
 6944 127e FFF7FEFF 		bl	SPI_WriteData
2512:Module/lcd_cfg.c **** SPI_WriteData(0x00);
 6945              		.loc 1 2512 1
 6946 1282 0020     		movs	r0, #0
 6947 1284 FFF7FEFF 		bl	SPI_WriteData
2513:Module/lcd_cfg.c **** 
2514:Module/lcd_cfg.c **** SSD2828_WritePackageSize(10);
 6948              		.loc 1 2514 1
 6949 1288 0A20     		movs	r0, #10
 6950 128a FFF7FEFF 		bl	SSD2828_WritePackageSize
2515:Module/lcd_cfg.c **** SPI_WriteData(0x90);
 6951              		.loc 1 2515 1
 6952 128e 9020     		movs	r0, #144
 6953 1290 FFF7FEFF 		bl	SPI_WriteData
2516:Module/lcd_cfg.c **** SPI_WriteData(0x00);
ARM GAS  C:\Users\ADMINI~1\AppData\Local\Temp\ccavp8eo.s 			page 167


 6954              		.loc 1 2516 1
 6955 1294 0020     		movs	r0, #0
 6956 1296 FFF7FEFF 		bl	SPI_WriteData
2517:Module/lcd_cfg.c **** SPI_WriteData(0xFF);
 6957              		.loc 1 2517 1
 6958 129a FF20     		movs	r0, #255
 6959 129c FFF7FEFF 		bl	SPI_WriteData
2518:Module/lcd_cfg.c **** SPI_WriteData(0x1F);
 6960              		.loc 1 2518 1
 6961 12a0 1F20     		movs	r0, #31
 6962 12a2 FFF7FEFF 		bl	SPI_WriteData
2519:Module/lcd_cfg.c **** SPI_WriteData(0x20);
 6963              		.loc 1 2519 1
 6964 12a6 2020     		movs	r0, #32
 6965 12a8 FFF7FEFF 		bl	SPI_WriteData
2520:Module/lcd_cfg.c **** SPI_WriteData(0x00);
 6966              		.loc 1 2520 1
 6967 12ac 0020     		movs	r0, #0
 6968 12ae FFF7FEFF 		bl	SPI_WriteData
2521:Module/lcd_cfg.c **** SPI_WriteData(0x01);
 6969              		.loc 1 2521 1
 6970 12b2 0120     		movs	r0, #1
 6971 12b4 FFF7FEFF 		bl	SPI_WriteData
2522:Module/lcd_cfg.c **** SPI_WriteData(0x00);
 6972              		.loc 1 2522 1
 6973 12b8 0020     		movs	r0, #0
 6974 12ba FFF7FEFF 		bl	SPI_WriteData
2523:Module/lcd_cfg.c **** SPI_WriteData(0x00);
 6975              		.loc 1 2523 1
 6976 12be 0020     		movs	r0, #0
 6977 12c0 FFF7FEFF 		bl	SPI_WriteData
2524:Module/lcd_cfg.c **** SPI_WriteData(0xFE);
 6978              		.loc 1 2524 1
 6979 12c4 FE20     		movs	r0, #254
 6980 12c6 FFF7FEFF 		bl	SPI_WriteData
2525:Module/lcd_cfg.c **** 
2526:Module/lcd_cfg.c **** //Blank36
2527:Module/lcd_cfg.c **** SSD2828_WritePackageSize(3);
 6981              		.loc 1 2527 1
 6982 12ca 0320     		movs	r0, #3
 6983 12cc FFF7FEFF 		bl	SSD2828_WritePackageSize
2528:Module/lcd_cfg.c **** SPI_WriteData(0x41);
 6984              		.loc 1 2528 1
 6985 12d0 4120     		movs	r0, #65
 6986 12d2 FFF7FEFF 		bl	SPI_WriteData
2529:Module/lcd_cfg.c **** SPI_WriteData(0x5A);
 6987              		.loc 1 2529 1
 6988 12d6 5A20     		movs	r0, #90
 6989 12d8 FFF7FEFF 		bl	SPI_WriteData
2530:Module/lcd_cfg.c **** SPI_WriteData(0x24);
 6990              		.loc 1 2530 1
 6991 12dc 2420     		movs	r0, #36
 6992 12de FFF7FEFF 		bl	SPI_WriteData
2531:Module/lcd_cfg.c **** 
2532:Module/lcd_cfg.c **** SSD2828_WritePackageSize(17);
 6993              		.loc 1 2532 1
 6994 12e2 1120     		movs	r0, #17
ARM GAS  C:\Users\ADMINI~1\AppData\Local\Temp\ccavp8eo.s 			page 168


 6995 12e4 FFF7FEFF 		bl	SSD2828_WritePackageSize
2533:Module/lcd_cfg.c **** SPI_WriteData(0x80);
 6996              		.loc 1 2533 1
 6997 12e8 8020     		movs	r0, #128
 6998 12ea FFF7FEFF 		bl	SPI_WriteData
2534:Module/lcd_cfg.c **** SPI_WriteData(0x00);
 6999              		.loc 1 2534 1
 7000 12ee 0020     		movs	r0, #0
 7001 12f0 FFF7FEFF 		bl	SPI_WriteData
2535:Module/lcd_cfg.c **** SPI_WriteData(0x03);
 7002              		.loc 1 2535 1
 7003 12f4 0320     		movs	r0, #3
 7004 12f6 FFF7FEFF 		bl	SPI_WriteData
2536:Module/lcd_cfg.c **** SPI_WriteData(0x00);
 7005              		.loc 1 2536 1
 7006 12fa 0020     		movs	r0, #0
 7007 12fc FFF7FEFF 		bl	SPI_WriteData
2537:Module/lcd_cfg.c **** SPI_WriteData(0xFF);
 7008              		.loc 1 2537 1
 7009 1300 FF20     		movs	r0, #255
 7010 1302 FFF7FEFF 		bl	SPI_WriteData
2538:Module/lcd_cfg.c **** SPI_WriteData(0xFF);
 7011              		.loc 1 2538 1
 7012 1306 FF20     		movs	r0, #255
 7013 1308 FFF7FEFF 		bl	SPI_WriteData
2539:Module/lcd_cfg.c **** SPI_WriteData(0x66);
 7014              		.loc 1 2539 1
 7015 130c 6620     		movs	r0, #102
 7016 130e FFF7FEFF 		bl	SPI_WriteData
2540:Module/lcd_cfg.c **** SPI_WriteData(0x00);
 7017              		.loc 1 2540 1
 7018 1312 0020     		movs	r0, #0
 7019 1314 FFF7FEFF 		bl	SPI_WriteData
2541:Module/lcd_cfg.c **** SPI_WriteData(0x00);
 7020              		.loc 1 2541 1
 7021 1318 0020     		movs	r0, #0
 7022 131a FFF7FEFF 		bl	SPI_WriteData
2542:Module/lcd_cfg.c **** SPI_WriteData(0x00);
 7023              		.loc 1 2542 1
 7024 131e 0020     		movs	r0, #0
 7025 1320 FFF7FEFF 		bl	SPI_WriteData
2543:Module/lcd_cfg.c **** SPI_WriteData(0x00);
 7026              		.loc 1 2543 1
 7027 1324 0020     		movs	r0, #0
 7028 1326 FFF7FEFF 		bl	SPI_WriteData
2544:Module/lcd_cfg.c **** SPI_WriteData(0x00);
 7029              		.loc 1 2544 1
 7030 132a 0020     		movs	r0, #0
 7031 132c FFF7FEFF 		bl	SPI_WriteData
2545:Module/lcd_cfg.c **** SPI_WriteData(0x00);
 7032              		.loc 1 2545 1
 7033 1330 0020     		movs	r0, #0
 7034 1332 FFF7FEFF 		bl	SPI_WriteData
2546:Module/lcd_cfg.c **** SPI_WriteData(0x00);
 7035              		.loc 1 2546 1
 7036 1336 0020     		movs	r0, #0
 7037 1338 FFF7FEFF 		bl	SPI_WriteData
ARM GAS  C:\Users\ADMINI~1\AppData\Local\Temp\ccavp8eo.s 			page 169


2547:Module/lcd_cfg.c **** SPI_WriteData(0x00);
 7038              		.loc 1 2547 1
 7039 133c 0020     		movs	r0, #0
 7040 133e FFF7FEFF 		bl	SPI_WriteData
2548:Module/lcd_cfg.c **** SPI_WriteData(0x08);
 7041              		.loc 1 2548 1
 7042 1342 0820     		movs	r0, #8
 7043 1344 FFF7FEFF 		bl	SPI_WriteData
2549:Module/lcd_cfg.c **** SPI_WriteData(0x2A);
 7044              		.loc 1 2549 1
 7045 1348 2A20     		movs	r0, #42
 7046 134a FFF7FEFF 		bl	SPI_WriteData
2550:Module/lcd_cfg.c **** 
2551:Module/lcd_cfg.c **** SSD2828_WritePackageSize(15);
 7047              		.loc 1 2551 1
 7048 134e 0F20     		movs	r0, #15
 7049 1350 FFF7FEFF 		bl	SSD2828_WritePackageSize
2552:Module/lcd_cfg.c **** SPI_WriteData(0x90);
 7050              		.loc 1 2552 1
 7051 1354 9020     		movs	r0, #144
 7052 1356 FFF7FEFF 		bl	SPI_WriteData
2553:Module/lcd_cfg.c **** SPI_WriteData(0x5A);
 7053              		.loc 1 2553 1
 7054 135a 5A20     		movs	r0, #90
 7055 135c FFF7FEFF 		bl	SPI_WriteData
2554:Module/lcd_cfg.c **** SPI_WriteData(0xA5);
 7056              		.loc 1 2554 1
 7057 1360 A520     		movs	r0, #165
 7058 1362 FFF7FEFF 		bl	SPI_WriteData
2555:Module/lcd_cfg.c **** SPI_WriteData(0x5A);
 7059              		.loc 1 2555 1
 7060 1366 5A20     		movs	r0, #90
 7061 1368 FFF7FEFF 		bl	SPI_WriteData
2556:Module/lcd_cfg.c **** SPI_WriteData(0x00);
 7062              		.loc 1 2556 1
 7063 136c 0020     		movs	r0, #0
 7064 136e FFF7FEFF 		bl	SPI_WriteData
2557:Module/lcd_cfg.c **** SPI_WriteData(0x00);
 7065              		.loc 1 2557 1
 7066 1372 0020     		movs	r0, #0
 7067 1374 FFF7FEFF 		bl	SPI_WriteData
2558:Module/lcd_cfg.c **** SPI_WriteData(0x00);
 7068              		.loc 1 2558 1
 7069 1378 0020     		movs	r0, #0
 7070 137a FFF7FEFF 		bl	SPI_WriteData
2559:Module/lcd_cfg.c **** SPI_WriteData(0x00);
 7071              		.loc 1 2559 1
 7072 137e 0020     		movs	r0, #0
 7073 1380 FFF7FEFF 		bl	SPI_WriteData
2560:Module/lcd_cfg.c **** SPI_WriteData(0x22);
 7074              		.loc 1 2560 1
 7075 1384 2220     		movs	r0, #34
 7076 1386 FFF7FEFF 		bl	SPI_WriteData
2561:Module/lcd_cfg.c **** SPI_WriteData(0x22);
 7077              		.loc 1 2561 1
 7078 138a 2220     		movs	r0, #34
 7079 138c FFF7FEFF 		bl	SPI_WriteData
ARM GAS  C:\Users\ADMINI~1\AppData\Local\Temp\ccavp8eo.s 			page 170


2562:Module/lcd_cfg.c **** SPI_WriteData(0x3A);
 7080              		.loc 1 2562 1
 7081 1390 3A20     		movs	r0, #58
 7082 1392 FFF7FEFF 		bl	SPI_WriteData
2563:Module/lcd_cfg.c **** SPI_WriteData(0x22);
 7083              		.loc 1 2563 1
 7084 1396 2220     		movs	r0, #34
 7085 1398 FFF7FEFF 		bl	SPI_WriteData
2564:Module/lcd_cfg.c **** SPI_WriteData(0x00);
 7086              		.loc 1 2564 1
 7087 139c 0020     		movs	r0, #0
 7088 139e FFF7FEFF 		bl	SPI_WriteData
2565:Module/lcd_cfg.c **** SPI_WriteData(0x00);
 7089              		.loc 1 2565 1
 7090 13a2 0020     		movs	r0, #0
 7091 13a4 FFF7FEFF 		bl	SPI_WriteData
2566:Module/lcd_cfg.c **** SPI_WriteData(0x00);
 7092              		.loc 1 2566 1
 7093 13a8 0020     		movs	r0, #0
 7094 13aa FFF7FEFF 		bl	SPI_WriteData
2567:Module/lcd_cfg.c **** 
2568:Module/lcd_cfg.c **** 
2569:Module/lcd_cfg.c **** 
2570:Module/lcd_cfg.c **** //SPInotFINISH
2571:Module/lcd_cfg.c **** //SSD2828_WritePackageSize(1);
2572:Module/lcd_cfg.c **** //SPI_WriteData(0x90);
2573:Module/lcd_cfg.c **** //SPI_WriteData(0x5A);
2574:Module/lcd_cfg.c **** 
2575:Module/lcd_cfg.c **** //SPIFINISH
2576:Module/lcd_cfg.c **** 
2577:Module/lcd_cfg.c **** SSD2828_WritePackageSize(3);
 7095              		.loc 1 2577 1
 7096 13ae 0320     		movs	r0, #3
 7097 13b0 FFF7FEFF 		bl	SSD2828_WritePackageSize
2578:Module/lcd_cfg.c **** SPI_WriteData(0x41);
 7098              		.loc 1 2578 1
 7099 13b4 4120     		movs	r0, #65
 7100 13b6 FFF7FEFF 		bl	SPI_WriteData
2579:Module/lcd_cfg.c **** SPI_WriteData(0x5A);
 7101              		.loc 1 2579 1
 7102 13ba 5A20     		movs	r0, #90
 7103 13bc FFF7FEFF 		bl	SPI_WriteData
2580:Module/lcd_cfg.c **** SPI_WriteData(0x24);
 7104              		.loc 1 2580 1
 7105 13c0 2420     		movs	r0, #36
 7106 13c2 FFF7FEFF 		bl	SPI_WriteData
2581:Module/lcd_cfg.c **** 
2582:Module/lcd_cfg.c **** SSD2828_WritePackageSize(2);
 7107              		.loc 1 2582 1
 7108 13c6 0220     		movs	r0, #2
 7109 13c8 FFF7FEFF 		bl	SSD2828_WritePackageSize
2583:Module/lcd_cfg.c **** SPI_WriteData(0x90);
 7110              		.loc 1 2583 1
 7111 13cc 9020     		movs	r0, #144
 7112 13ce FFF7FEFF 		bl	SPI_WriteData
2584:Module/lcd_cfg.c **** SPI_WriteData(0xA5);
 7113              		.loc 1 2584 1
ARM GAS  C:\Users\ADMINI~1\AppData\Local\Temp\ccavp8eo.s 			page 171


 7114 13d2 A520     		movs	r0, #165
 7115 13d4 FFF7FEFF 		bl	SPI_WriteData
2585:Module/lcd_cfg.c **** 
2586:Module/lcd_cfg.c **** 
2587:Module/lcd_cfg.c **** //Blankselect2F
2588:Module/lcd_cfg.c **** SSD2828_WritePackageSize(3);
 7116              		.loc 1 2588 1
 7117 13d8 0320     		movs	r0, #3
 7118 13da FFF7FEFF 		bl	SSD2828_WritePackageSize
2589:Module/lcd_cfg.c **** SPI_WriteData(0x41);
 7119              		.loc 1 2589 1
 7120 13de 4120     		movs	r0, #65
 7121 13e0 FFF7FEFF 		bl	SPI_WriteData
2590:Module/lcd_cfg.c **** SPI_WriteData(0x5A);
 7122              		.loc 1 2590 1
 7123 13e4 5A20     		movs	r0, #90
 7124 13e6 FFF7FEFF 		bl	SPI_WriteData
2591:Module/lcd_cfg.c **** SPI_WriteData(0x2F);
 7125              		.loc 1 2591 1
 7126 13ea 2F20     		movs	r0, #47
 7127 13ec FFF7FEFF 		bl	SPI_WriteData
2592:Module/lcd_cfg.c **** 
2593:Module/lcd_cfg.c **** //INTCANCEL__TP_I2Cmode
2594:Module/lcd_cfg.c **** SSD2828_WritePackageSize(2);
 7128              		.loc 1 2594 1
 7129 13f0 0220     		movs	r0, #2
 7130 13f2 FFF7FEFF 		bl	SSD2828_WritePackageSize
2595:Module/lcd_cfg.c **** SPI_WriteData(0x4C);
 7131              		.loc 1 2595 1
 7132 13f6 4C20     		movs	r0, #76
 7133 13f8 FFF7FEFF 		bl	SPI_WriteData
2596:Module/lcd_cfg.c **** SPI_WriteData(0x03);
 7134              		.loc 1 2596 1
 7135 13fc 0320     		movs	r0, #3
 7136 13fe FFF7FEFF 		bl	SPI_WriteData
2597:Module/lcd_cfg.c **** 
2598:Module/lcd_cfg.c **** //BypassorFIFOmode
2599:Module/lcd_cfg.c **** SSD2828_WritePackageSize(2);
 7137              		.loc 1 2599 1
 7138 1402 0220     		movs	r0, #2
 7139 1404 FFF7FEFF 		bl	SSD2828_WritePackageSize
2600:Module/lcd_cfg.c **** SPI_WriteData(0x09);
 7140              		.loc 1 2600 1
 7141 1408 0920     		movs	r0, #9
 7142 140a FFF7FEFF 		bl	SPI_WriteData
2601:Module/lcd_cfg.c **** SPI_WriteData(0x01);
 7143              		.loc 1 2601 1
 7144 140e 0120     		movs	r0, #1
 7145 1410 FFF7FEFF 		bl	SPI_WriteData
2602:Module/lcd_cfg.c **** 
2603:Module/lcd_cfg.c **** //CMD1LEDPWMset
2604:Module/lcd_cfg.c **** SSD2828_WritePackageSize(3);
 7146              		.loc 1 2604 1
 7147 1414 0320     		movs	r0, #3
 7148 1416 FFF7FEFF 		bl	SSD2828_WritePackageSize
2605:Module/lcd_cfg.c **** SPI_WriteData(0x51);
 7149              		.loc 1 2605 1
ARM GAS  C:\Users\ADMINI~1\AppData\Local\Temp\ccavp8eo.s 			page 172


 7150 141a 5120     		movs	r0, #81
 7151 141c FFF7FEFF 		bl	SPI_WriteData
2606:Module/lcd_cfg.c **** SPI_WriteData(0xff);
 7152              		.loc 1 2606 1
 7153 1420 FF20     		movs	r0, #255
 7154 1422 FFF7FEFF 		bl	SPI_WriteData
2607:Module/lcd_cfg.c **** SPI_WriteData(0x0f);
 7155              		.loc 1 2607 1
 7156 1426 0F20     		movs	r0, #15
 7157 1428 FFF7FEFF 		bl	SPI_WriteData
2608:Module/lcd_cfg.c **** 
2609:Module/lcd_cfg.c **** SSD2828_WritePackageSize(2);
 7158              		.loc 1 2609 1
 7159 142c 0220     		movs	r0, #2
 7160 142e FFF7FEFF 		bl	SSD2828_WritePackageSize
2610:Module/lcd_cfg.c **** SPI_WriteData(0x53);
 7161              		.loc 1 2610 1
 7162 1432 5320     		movs	r0, #83
 7163 1434 FFF7FEFF 		bl	SPI_WriteData
2611:Module/lcd_cfg.c **** SPI_WriteData(0x24);
 7164              		.loc 1 2611 1
 7165 1438 2420     		movs	r0, #36
 7166 143a FFF7FEFF 		bl	SPI_WriteData
2612:Module/lcd_cfg.c **** 
2613:Module/lcd_cfg.c **** SSD2828_WritePackageSize(2);
 7167              		.loc 1 2613 1
 7168 143e 0220     		movs	r0, #2
 7169 1440 FFF7FEFF 		bl	SSD2828_WritePackageSize
2614:Module/lcd_cfg.c **** SPI_WriteData(0x55);
 7170              		.loc 1 2614 1
 7171 1444 5520     		movs	r0, #85
 7172 1446 FFF7FEFF 		bl	SPI_WriteData
2615:Module/lcd_cfg.c **** SPI_WriteData(0x00);
 7173              		.loc 1 2615 1
 7174 144a 0020     		movs	r0, #0
 7175 144c FFF7FEFF 		bl	SPI_WriteData
2616:Module/lcd_cfg.c **** }
 7176              		.loc 1 2616 1
 7177 1450 00BF     		nop
 7178 1452 80BD     		pop	{r7, pc}
 7179              		.cfi_endproc
 7180              	.LFE122:
 7182              		.section	.text.Initial_LCM_CODE,"ax",%progbits
 7183              		.align	1
 7184              		.global	Initial_LCM_CODE
 7185              		.syntax unified
 7186              		.thumb
 7187              		.thumb_func
 7189              	Initial_LCM_CODE:
 7190              	.LFB123:
2617:Module/lcd_cfg.c **** void Initial_LCM_CODE(void)
2618:Module/lcd_cfg.c **** {
 7191              		.loc 1 2618 1
 7192              		.cfi_startproc
 7193              		@ args = 0, pretend = 0, frame = 0
 7194              		@ frame_needed = 1, uses_anonymous_args = 0
 7195 0000 80B5     		push	{r7, lr}
ARM GAS  C:\Users\ADMINI~1\AppData\Local\Temp\ccavp8eo.s 			page 173


 7196              	.LCFI8:
 7197              		.cfi_def_cfa_offset 8
 7198              		.cfi_offset 7, -8
 7199              		.cfi_offset 14, -4
 7200 0002 00AF     		add	r7, sp, #0
 7201              	.LCFI9:
 7202              		.cfi_def_cfa_register 7
2619:Module/lcd_cfg.c **** 
2620:Module/lcd_cfg.c ****     SPI_WriteCmd(0xB7);
 7203              		.loc 1 2620 5
 7204 0004 B720     		movs	r0, #183
 7205 0006 FFF7FEFF 		bl	SPI_WriteCmd
2621:Module/lcd_cfg.c **** 	SPI_WriteData(0x50);//10=TX_CLK 30=PCLK
 7206              		.loc 1 2621 2
 7207 000a 5020     		movs	r0, #80
 7208 000c FFF7FEFF 		bl	SPI_WriteData
2622:Module/lcd_cfg.c **** 	SPI_WriteData(0x02);
 7209              		.loc 1 2622 2
 7210 0010 0220     		movs	r0, #2
 7211 0012 FFF7FEFF 		bl	SPI_WriteData
2623:Module/lcd_cfg.c **** 	SPI_WriteCmd(0xBD);
 7212              		.loc 1 2623 2
 7213 0016 BD20     		movs	r0, #189
 7214 0018 FFF7FEFF 		bl	SPI_WriteCmd
2624:Module/lcd_cfg.c **** 	SPI_WriteData(0x00);
 7215              		.loc 1 2624 2
 7216 001c 0020     		movs	r0, #0
 7217 001e FFF7FEFF 		bl	SPI_WriteData
2625:Module/lcd_cfg.c **** 	SPI_WriteData(0x00);
 7218              		.loc 1 2625 2
 7219 0022 0020     		movs	r0, #0
 7220 0024 FFF7FEFF 		bl	SPI_WriteData
2626:Module/lcd_cfg.c **** /*
2627:Module/lcd_cfg.c ****     fun1();
2628:Module/lcd_cfg.c ****     fun2();
2629:Module/lcd_cfg.c ****     fun3();
2630:Module/lcd_cfg.c ****     fun4();
2631:Module/lcd_cfg.c **** 
2632:Module/lcd_cfg.c **** 
2633:Module/lcd_cfg.c **** */
2634:Module/lcd_cfg.c **** 
2635:Module/lcd_cfg.c **** //SSD2828_WritePackageSize(2);
2636:Module/lcd_cfg.c **** //SPI_WriteData(0x02);
2637:Module/lcd_cfg.c **** //SPI_WriteData(0x5A);
2638:Module/lcd_cfg.c **** bsp_DelayMS(40);
 7221              		.loc 1 2638 1
 7222 0028 2820     		movs	r0, #40
 7223 002a FFF7FEFF 		bl	bsp_DelayMS
2639:Module/lcd_cfg.c **** SSD2828_WritePackageSize(1);
 7224              		.loc 1 2639 1
 7225 002e 0120     		movs	r0, #1
 7226 0030 FFF7FEFF 		bl	SSD2828_WritePackageSize
2640:Module/lcd_cfg.c **** SPI_WriteData(0x11);
 7227              		.loc 1 2640 1
 7228 0034 1120     		movs	r0, #17
 7229 0036 FFF7FEFF 		bl	SPI_WriteData
2641:Module/lcd_cfg.c **** bsp_DelayMS(140);
ARM GAS  C:\Users\ADMINI~1\AppData\Local\Temp\ccavp8eo.s 			page 174


 7230              		.loc 1 2641 1
 7231 003a 8C20     		movs	r0, #140
 7232 003c FFF7FEFF 		bl	bsp_DelayMS
2642:Module/lcd_cfg.c **** SSD2828_WritePackageSize(1);
 7233              		.loc 1 2642 1
 7234 0040 0120     		movs	r0, #1
 7235 0042 FFF7FEFF 		bl	SSD2828_WritePackageSize
2643:Module/lcd_cfg.c **** SPI_WriteData(0x29);
 7236              		.loc 1 2643 1
 7237 0046 2920     		movs	r0, #41
 7238 0048 FFF7FEFF 		bl	SPI_WriteData
2644:Module/lcd_cfg.c **** bsp_DelayMS(40);
 7239              		.loc 1 2644 1
 7240 004c 2820     		movs	r0, #40
 7241 004e FFF7FEFF 		bl	bsp_DelayMS
2645:Module/lcd_cfg.c **** 
2646:Module/lcd_cfg.c **** 
2647:Module/lcd_cfg.c **** 
2648:Module/lcd_cfg.c **** }
 7242              		.loc 1 2648 1
 7243 0052 00BF     		nop
 7244 0054 80BD     		pop	{r7, pc}
 7245              		.cfi_endproc
 7246              	.LFE123:
 7248              		.text
 7249              	.Letext0:
ARM GAS  C:\Users\ADMINI~1\AppData\Local\Temp\ccavp8eo.s 			page 175


DEFINED SYMBOLS
                            *ABS*:00000000 lcd_cfg.c
C:\Users\ADMINI~1\AppData\Local\Temp\ccavp8eo.s:18     .text.fun1:00000000 $t
C:\Users\ADMINI~1\AppData\Local\Temp\ccavp8eo.s:24     .text.fun1:00000000 fun1
C:\Users\ADMINI~1\AppData\Local\Temp\ccavp8eo.s:2272   .text.fun2:00000000 $t
C:\Users\ADMINI~1\AppData\Local\Temp\ccavp8eo.s:2278   .text.fun2:00000000 fun2
C:\Users\ADMINI~1\AppData\Local\Temp\ccavp8eo.s:4099   .text.fun3:00000000 $t
C:\Users\ADMINI~1\AppData\Local\Temp\ccavp8eo.s:4105   .text.fun3:00000000 fun3
C:\Users\ADMINI~1\AppData\Local\Temp\ccavp8eo.s:4558   .text.fun4:00000000 $t
C:\Users\ADMINI~1\AppData\Local\Temp\ccavp8eo.s:4564   .text.fun4:00000000 fun4
C:\Users\ADMINI~1\AppData\Local\Temp\ccavp8eo.s:7183   .text.Initial_LCM_CODE:00000000 $t
C:\Users\ADMINI~1\AppData\Local\Temp\ccavp8eo.s:7189   .text.Initial_LCM_CODE:00000000 Initial_LCM_CODE

UNDEFINED SYMBOLS
SSD2828_WritePackageSize
SPI_WriteData
bsp_DelayMS
SPI_WriteCmd
