ARM GAS  C:\Users\ADMINI~1\AppData\Local\Temp\ccdP81J7.s 			page 1


   1              		.cpu cortex-m4
   2              		.arch armv7e-m
   3              		.fpu softvfp
   4              		.eabi_attribute 20, 1
   5              		.eabi_attribute 21, 1
   6              		.eabi_attribute 23, 3
   7              		.eabi_attribute 24, 1
   8              		.eabi_attribute 25, 1
   9              		.eabi_attribute 26, 1
  10              		.eabi_attribute 30, 6
  11              		.eabi_attribute 34, 1
  12              		.eabi_attribute 18, 4
  13              		.file	"ssd_2832.c"
  14              		.text
  15              	.Ltext0:
  16              		.cfi_sections	.debug_frame
  17              		.section	.bss.bridge_write_buff,"aw",%nobits
  18              		.align	2
  21              	bridge_write_buff:
  22 0000 00000000 		.space	256
  22      00000000 
  22      00000000 
  22      00000000 
  22      00000000 
  23              		.section	.bss.bridge_mem_reg_b6,"aw",%nobits
  24              		.align	2
  27              	bridge_mem_reg_b6:
  28 0000 00000000 		.space	8
  28      00000000 
  29              		.section	.bss.bridge_mem_reg_b7,"aw",%nobits
  30              		.align	2
  33              	bridge_mem_reg_b7:
  34 0000 00000000 		.space	8
  34      00000000 
  35              		.section	.bss.bridge_mem_reg_bd,"aw",%nobits
  36              		.align	2
  39              	bridge_mem_reg_bd:
  40 0000 00000000 		.space	8
  40      00000000 
  41              		.section	.bss.bridge_mem_reg_de,"aw",%nobits
  42              		.align	2
  45              	bridge_mem_reg_de:
  46 0000 00000000 		.space	8
  46      00000000 
  47              		.global	vblank_changeFrom
  48              		.section	.bss.vblank_changeFrom,"aw",%nobits
  51              	vblank_changeFrom:
  52 0000 00       		.space	1
  53              		.section	.text.SSD2832_GPIO_Init,"ax",%progbits
  54              		.align	1
  55              		.global	SSD2832_GPIO_Init
  56              		.syntax unified
  57              		.thumb
  58              		.thumb_func
  60              	SSD2832_GPIO_Init:
  61              	.LFB119:
  62              		.file 1 "Module/ssd_2832.c"
ARM GAS  C:\Users\ADMINI~1\AppData\Local\Temp\ccdP81J7.s 			page 2


   1:Module/ssd_2832.c **** #include <math.h>
   2:Module/ssd_2832.c **** #include <stdint.h>
   3:Module/ssd_2832.c **** #include <stddef.h>
   4:Module/ssd_2832.c **** #include "ssd_2832.h"
   5:Module/ssd_2832.c **** #include "common.h"
   6:Module/ssd_2832.c **** #include "log.h"
   7:Module/ssd_2832.c **** #include "malloc.h"
   8:Module/ssd_2832.c **** #include "user_config.h"
   9:Module/ssd_2832.c **** 
  10:Module/ssd_2832.c **** #define  SSD2832_CS_PIN    GPIO_PIN_4
  11:Module/ssd_2832.c **** #define  SSD2832_CS_PORT   GPIOA
  12:Module/ssd_2832.c **** 
  13:Module/ssd_2832.c **** #define  SSD2832_SCK_PIN    GPIO_PIN_5
  14:Module/ssd_2832.c **** #define  SSD2832_SCK_PORT   GPIOA
  15:Module/ssd_2832.c **** 
  16:Module/ssd_2832.c **** #define  SSD2832_MOSI_PIN    GPIO_PIN_7
  17:Module/ssd_2832.c **** #define  SSD2832_MOSI_PORT   GPIOA
  18:Module/ssd_2832.c **** 
  19:Module/ssd_2832.c **** #define  SSD2832_MISO_PIN    GPIO_PIN_6
  20:Module/ssd_2832.c **** #define  SSD2832_MISO_PORT   GPIOA
  21:Module/ssd_2832.c **** 
  22:Module/ssd_2832.c **** #define  SSD2832_RST_PIN    GPIO_PIN_2
  23:Module/ssd_2832.c **** #define  SSD2832_RST_PORT   GPIOC
  24:Module/ssd_2832.c **** 
  25:Module/ssd_2832.c **** #define  SSD2832_CDPHYSEL_PIN    GPIO_PIN_1
  26:Module/ssd_2832.c **** #define  SSD2832_CDPHYSEL_PORT   GPIOB
  27:Module/ssd_2832.c **** 
  28:Module/ssd_2832.c **** #define  SSD2832_8B24B_PIN    GPIO_PIN_12
  29:Module/ssd_2832.c **** #define  SSD2832_8B24B_PORT   GPIOB
  30:Module/ssd_2832.c **** 
  31:Module/ssd_2832.c **** 
  32:Module/ssd_2832.c **** 
  33:Module/ssd_2832.c **** #define  SSD2832_CS_L()   	GPIO_BC(SSD2832_CS_PORT) = (uint32_t)SSD2832_CS_PIN;
  34:Module/ssd_2832.c **** #define  SSD2832_CS_H()    	GPIO_BOP(SSD2832_CS_PORT) = (uint32_t)SSD2832_CS_PIN;
  35:Module/ssd_2832.c **** 
  36:Module/ssd_2832.c **** #define  SSD2832_SCK_L()   	GPIO_BC(SSD2832_SCK_PORT) = (uint32_t)SSD2832_SCK_PIN;
  37:Module/ssd_2832.c **** #define  SSD2832_SCK_H()   	GPIO_BOP(SSD2832_SCK_PORT) = (uint32_t)SSD2832_SCK_PIN;
  38:Module/ssd_2832.c **** 
  39:Module/ssd_2832.c **** #define  SSD2832_MOSI_L()   	GPIO_BC(SSD2832_MOSI_PORT) = (uint32_t)SSD2832_MOSI_PIN;
  40:Module/ssd_2832.c **** #define  SSD2832_MOSI_H()   	GPIO_BOP(SSD2832_MOSI_PORT) = (uint32_t)SSD2832_MOSI_PIN;
  41:Module/ssd_2832.c **** 
  42:Module/ssd_2832.c **** #define  SSD2832_RST_L()   	GPIO_BC(SSD2832_RST_PORT) = (uint32_t)SSD2832_RST_PIN;
  43:Module/ssd_2832.c **** #define  SSD2832_RST_H()   	GPIO_BOP(SSD2832_RST_PORT) = (uint32_t)SSD2832_RST_PIN;
  44:Module/ssd_2832.c **** 
  45:Module/ssd_2832.c **** #define  SSD2832_CDPHYSEL_L()   	GPIO_BC(SSD2832_CDPHYSEL_PORT) = (uint32_t)SSD2832_CDPHYSEL_PIN;
  46:Module/ssd_2832.c **** #define  SSD2832_CDPHYSEL_H()   	GPIO_BOP(SSD2832_CDPHYSEL_PORT) = (uint32_t)SSD2832_CDPHYSEL_PIN;
  47:Module/ssd_2832.c **** 
  48:Module/ssd_2832.c **** #define  SSD2832_8B24B_L()   	GPIO_BC(SSD2832_8B24B_PORT) = (uint32_t)SSD2832_8B24B_PIN;
  49:Module/ssd_2832.c **** #define  SSD2832_8B24B_H()   	GPIO_BOP(SSD2832_8B24B_PORT) = (uint32_t)SSD2832_8B24B_PIN;
  50:Module/ssd_2832.c **** 
  51:Module/ssd_2832.c **** 
  52:Module/ssd_2832.c **** #define  SSD2832_MOSI_READ()   gpio_input_bit_get(SSD2832_MISO_PORT,SSD2832_MISO_PIN)
  53:Module/ssd_2832.c **** 
  54:Module/ssd_2832.c **** #define SDD2828_SPI_WR_DELAY  {bsp_DelayUS(8);}
  55:Module/ssd_2832.c **** 
  56:Module/ssd_2832.c **** int mipi_write_regs(struct mipi_port *port, uint8_t *frame,uint32_t len);
  57:Module/ssd_2832.c **** int mipi_read_regs(struct mipi_port *port, uint8_t *frame,uint32_t len);
ARM GAS  C:\Users\ADMINI~1\AppData\Local\Temp\ccdP81J7.s 			page 3


  58:Module/ssd_2832.c **** 
  59:Module/ssd_2832.c **** 
  60:Module/ssd_2832.c **** #define SSD_SPI_BUFF_LEN (256)
  61:Module/ssd_2832.c **** 
  62:Module/ssd_2832.c **** static unsigned char bridge_write_buff[SSD_SPI_BUFF_LEN] = {0};
  63:Module/ssd_2832.c **** static uint32_t bridge_mem_reg_b6[BRIDGE_PORT_COUNT] = {0,0};
  64:Module/ssd_2832.c **** static uint32_t bridge_mem_reg_b7[BRIDGE_PORT_COUNT] = {0,0};
  65:Module/ssd_2832.c **** static uint32_t bridge_mem_reg_bd[BRIDGE_PORT_COUNT] = {0,0};
  66:Module/ssd_2832.c **** static uint32_t bridge_mem_reg_de[BRIDGE_PORT_COUNT] = {0,0};
  67:Module/ssd_2832.c **** 
  68:Module/ssd_2832.c **** volatile uint8_t vblank_changeFrom = 0;
  69:Module/ssd_2832.c **** 
  70:Module/ssd_2832.c **** void SSD2832_GPIO_Init(void)
  71:Module/ssd_2832.c **** {
  63              		.loc 1 71 1
  64              		.cfi_startproc
  65              		@ args = 0, pretend = 0, frame = 0
  66              		@ frame_needed = 1, uses_anonymous_args = 0
  67 0000 80B5     		push	{r7, lr}
  68              	.LCFI0:
  69              		.cfi_def_cfa_offset 8
  70              		.cfi_offset 7, -8
  71              		.cfi_offset 14, -4
  72 0002 00AF     		add	r7, sp, #0
  73              	.LCFI1:
  74              		.cfi_def_cfa_register 7
  72:Module/ssd_2832.c **** 	rcu_periph_clock_enable(RCU_GPIOA);
  75              		.loc 1 72 2
  76 0004 40F20260 		movw	r0, #1538
  77 0008 FFF7FEFF 		bl	rcu_periph_clock_enable
  73:Module/ssd_2832.c ****   rcu_periph_clock_enable(RCU_GPIOB);
  78              		.loc 1 73 3
  79 000c 40F20360 		movw	r0, #1539
  80 0010 FFF7FEFF 		bl	rcu_periph_clock_enable
  74:Module/ssd_2832.c **** 	rcu_periph_clock_enable(RCU_GPIOC);
  81              		.loc 1 74 2
  82 0014 40F20460 		movw	r0, #1540
  83 0018 FFF7FEFF 		bl	rcu_periph_clock_enable
  75:Module/ssd_2832.c **** 	
  76:Module/ssd_2832.c **** 	gpio_init(SSD2832_CS_PORT, GPIO_MODE_OUT_PP, GPIO_OSPEED_50MHZ, SSD2832_CS_PIN);
  84              		.loc 1 76 2
  85 001c 1023     		movs	r3, #16
  86 001e 0322     		movs	r2, #3
  87 0020 1021     		movs	r1, #16
  88 0022 2148     		ldr	r0, .L2
  89 0024 FFF7FEFF 		bl	gpio_init
  77:Module/ssd_2832.c **** 	gpio_init(SSD2832_SCK_PORT, GPIO_MODE_OUT_PP, GPIO_OSPEED_50MHZ, SSD2832_SCK_PIN);
  90              		.loc 1 77 2
  91 0028 2023     		movs	r3, #32
  92 002a 0322     		movs	r2, #3
  93 002c 1021     		movs	r1, #16
  94 002e 1E48     		ldr	r0, .L2
  95 0030 FFF7FEFF 		bl	gpio_init
  78:Module/ssd_2832.c **** 	gpio_init(SSD2832_MOSI_PORT, GPIO_MODE_OUT_PP, GPIO_OSPEED_50MHZ, SSD2832_MOSI_PIN);
  96              		.loc 1 78 2
  97 0034 8023     		movs	r3, #128
  98 0036 0322     		movs	r2, #3
ARM GAS  C:\Users\ADMINI~1\AppData\Local\Temp\ccdP81J7.s 			page 4


  99 0038 1021     		movs	r1, #16
 100 003a 1B48     		ldr	r0, .L2
 101 003c FFF7FEFF 		bl	gpio_init
  79:Module/ssd_2832.c **** 	gpio_init(SSD2832_RST_PORT, GPIO_MODE_OUT_PP, GPIO_OSPEED_50MHZ, SSD2832_RST_PIN);
 102              		.loc 1 79 2
 103 0040 0423     		movs	r3, #4
 104 0042 0322     		movs	r2, #3
 105 0044 1021     		movs	r1, #16
 106 0046 1948     		ldr	r0, .L2+4
 107 0048 FFF7FEFF 		bl	gpio_init
  80:Module/ssd_2832.c **** 	gpio_init(SSD2832_CDPHYSEL_PORT, GPIO_MODE_OUT_PP, GPIO_OSPEED_50MHZ, SSD2832_CDPHYSEL_PIN);
 108              		.loc 1 80 2
 109 004c 0223     		movs	r3, #2
 110 004e 0322     		movs	r2, #3
 111 0050 1021     		movs	r1, #16
 112 0052 1748     		ldr	r0, .L2+8
 113 0054 FFF7FEFF 		bl	gpio_init
  81:Module/ssd_2832.c **** 	gpio_init(SSD2832_8B24B_PORT, GPIO_MODE_OUT_PP, GPIO_OSPEED_50MHZ, SSD2832_8B24B_PIN);
 114              		.loc 1 81 2
 115 0058 4FF48053 		mov	r3, #4096
 116 005c 0322     		movs	r2, #3
 117 005e 1021     		movs	r1, #16
 118 0060 1348     		ldr	r0, .L2+8
 119 0062 FFF7FEFF 		bl	gpio_init
  82:Module/ssd_2832.c **** 	gpio_init(SSD2832_MISO_PORT, GPIO_MODE_IN_FLOATING, GPIO_OSPEED_50MHZ, SSD2832_MISO_PIN);
 120              		.loc 1 82 2
 121 0066 4023     		movs	r3, #64
 122 0068 0322     		movs	r2, #3
 123 006a 0421     		movs	r1, #4
 124 006c 0E48     		ldr	r0, .L2
 125 006e FFF7FEFF 		bl	gpio_init
  83:Module/ssd_2832.c **** 	gpio_bit_set(SSD2832_RST_PORT, SSD2832_RST_PIN);
 126              		.loc 1 83 2
 127 0072 0421     		movs	r1, #4
 128 0074 0D48     		ldr	r0, .L2+4
 129 0076 FFF7FEFF 		bl	gpio_bit_set
  84:Module/ssd_2832.c **** 	gpio_bit_reset(SSD2832_8B24B_PORT, SSD2832_8B24B_PIN); // 0:SPI-24BIT  1:SPI-8BIT
 130              		.loc 1 84 2
 131 007a 4FF48051 		mov	r1, #4096
 132 007e 0C48     		ldr	r0, .L2+8
 133 0080 FFF7FEFF 		bl	gpio_bit_reset
  85:Module/ssd_2832.c **** 	
  86:Module/ssd_2832.c **** 	gpio_bit_reset(SSD2832_CDPHYSEL_PORT, SSD2832_CDPHYSEL_PIN);//0:C PHY  1:D PHY 
 134              		.loc 1 86 2
 135 0084 0221     		movs	r1, #2
 136 0086 0A48     		ldr	r0, .L2+8
 137 0088 FFF7FEFF 		bl	gpio_bit_reset
  87:Module/ssd_2832.c **** 	
  88:Module/ssd_2832.c **** 	gpio_bit_set(SSD2832_CS_PORT, SSD2832_CS_PIN);
 138              		.loc 1 88 2
 139 008c 1021     		movs	r1, #16
 140 008e 0648     		ldr	r0, .L2
 141 0090 FFF7FEFF 		bl	gpio_bit_set
  89:Module/ssd_2832.c **** 	gpio_bit_set(SSD2832_SCK_PORT, SSD2832_SCK_PIN);
 142              		.loc 1 89 2
 143 0094 2021     		movs	r1, #32
 144 0096 0448     		ldr	r0, .L2
ARM GAS  C:\Users\ADMINI~1\AppData\Local\Temp\ccdP81J7.s 			page 5


 145 0098 FFF7FEFF 		bl	gpio_bit_set
  90:Module/ssd_2832.c **** 	gpio_bit_set(SSD2832_MOSI_PORT, SSD2832_MOSI_PIN);	
 146              		.loc 1 90 2
 147 009c 8021     		movs	r1, #128
 148 009e 0248     		ldr	r0, .L2
 149 00a0 FFF7FEFF 		bl	gpio_bit_set
  91:Module/ssd_2832.c **** 
  92:Module/ssd_2832.c **** 	
  93:Module/ssd_2832.c **** }
 150              		.loc 1 93 1
 151 00a4 00BF     		nop
 152 00a6 80BD     		pop	{r7, pc}
 153              	.L3:
 154              		.align	2
 155              	.L2:
 156 00a8 00080140 		.word	1073809408
 157 00ac 00100140 		.word	1073811456
 158 00b0 000C0140 		.word	1073810432
 159              		.cfi_endproc
 160              	.LFE119:
 162              		.section	.text.malloc,"ax",%progbits
 163              		.align	1
 164              		.global	malloc
 165              		.syntax unified
 166              		.thumb
 167              		.thumb_func
 169              	malloc:
 170              	.LFB120:
  94:Module/ssd_2832.c **** 
  95:Module/ssd_2832.c **** 
  96:Module/ssd_2832.c **** 
  97:Module/ssd_2832.c **** 
  98:Module/ssd_2832.c **** void *malloc(uint32_t size)
  99:Module/ssd_2832.c **** {
 171              		.loc 1 99 1
 172              		.cfi_startproc
 173              		@ args = 0, pretend = 0, frame = 8
 174              		@ frame_needed = 1, uses_anonymous_args = 0
 175 0000 80B5     		push	{r7, lr}
 176              	.LCFI2:
 177              		.cfi_def_cfa_offset 8
 178              		.cfi_offset 7, -8
 179              		.cfi_offset 14, -4
 180 0002 82B0     		sub	sp, sp, #8
 181              	.LCFI3:
 182              		.cfi_def_cfa_offset 16
 183 0004 00AF     		add	r7, sp, #0
 184              	.LCFI4:
 185              		.cfi_def_cfa_register 7
 186 0006 7860     		str	r0, [r7, #4]
 100:Module/ssd_2832.c **** 	return	mymalloc(SRAMIN, size);	
 187              		.loc 1 100 9
 188 0008 7968     		ldr	r1, [r7, #4]
 189 000a 0020     		movs	r0, #0
 190 000c FFF7FEFF 		bl	mymalloc
 191 0010 0346     		mov	r3, r0
 101:Module/ssd_2832.c **** }
ARM GAS  C:\Users\ADMINI~1\AppData\Local\Temp\ccdP81J7.s 			page 6


 192              		.loc 1 101 1
 193 0012 1846     		mov	r0, r3
 194 0014 0837     		adds	r7, r7, #8
 195              	.LCFI5:
 196              		.cfi_def_cfa_offset 8
 197 0016 BD46     		mov	sp, r7
 198              	.LCFI6:
 199              		.cfi_def_cfa_register 13
 200              		@ sp needed
 201 0018 80BD     		pop	{r7, pc}
 202              		.cfi_endproc
 203              	.LFE120:
 205              		.section	.text.free,"ax",%progbits
 206              		.align	1
 207              		.global	free
 208              		.syntax unified
 209              		.thumb
 210              		.thumb_func
 212              	free:
 213              	.LFB121:
 102:Module/ssd_2832.c **** 
 103:Module/ssd_2832.c **** void free(void * buff)
 104:Module/ssd_2832.c **** {
 214              		.loc 1 104 1
 215              		.cfi_startproc
 216              		@ args = 0, pretend = 0, frame = 8
 217              		@ frame_needed = 1, uses_anonymous_args = 0
 218 0000 80B5     		push	{r7, lr}
 219              	.LCFI7:
 220              		.cfi_def_cfa_offset 8
 221              		.cfi_offset 7, -8
 222              		.cfi_offset 14, -4
 223 0002 82B0     		sub	sp, sp, #8
 224              	.LCFI8:
 225              		.cfi_def_cfa_offset 16
 226 0004 00AF     		add	r7, sp, #0
 227              	.LCFI9:
 228              		.cfi_def_cfa_register 7
 229 0006 7860     		str	r0, [r7, #4]
 105:Module/ssd_2832.c **** 	myfree(SRAMIN,buff);
 230              		.loc 1 105 2
 231 0008 7968     		ldr	r1, [r7, #4]
 232 000a 0020     		movs	r0, #0
 233 000c FFF7FEFF 		bl	myfree
 106:Module/ssd_2832.c **** }
 234              		.loc 1 106 1
 235 0010 00BF     		nop
 236 0012 0837     		adds	r7, r7, #8
 237              	.LCFI10:
 238              		.cfi_def_cfa_offset 8
 239 0014 BD46     		mov	sp, r7
 240              	.LCFI11:
 241              		.cfi_def_cfa_register 13
 242              		@ sp needed
 243 0016 80BD     		pop	{r7, pc}
 244              		.cfi_endproc
 245              	.LFE121:
ARM GAS  C:\Users\ADMINI~1\AppData\Local\Temp\ccdP81J7.s 			page 7


 247              		.section	.text.usleep,"ax",%progbits
 248              		.align	1
 249              		.global	usleep
 250              		.syntax unified
 251              		.thumb
 252              		.thumb_func
 254              	usleep:
 255              	.LFB122:
 107:Module/ssd_2832.c **** 
 108:Module/ssd_2832.c **** void usleep(uint32_t us)
 109:Module/ssd_2832.c **** {
 256              		.loc 1 109 1
 257              		.cfi_startproc
 258              		@ args = 0, pretend = 0, frame = 8
 259              		@ frame_needed = 1, uses_anonymous_args = 0
 260 0000 80B5     		push	{r7, lr}
 261              	.LCFI12:
 262              		.cfi_def_cfa_offset 8
 263              		.cfi_offset 7, -8
 264              		.cfi_offset 14, -4
 265 0002 82B0     		sub	sp, sp, #8
 266              	.LCFI13:
 267              		.cfi_def_cfa_offset 16
 268 0004 00AF     		add	r7, sp, #0
 269              	.LCFI14:
 270              		.cfi_def_cfa_register 7
 271 0006 7860     		str	r0, [r7, #4]
 110:Module/ssd_2832.c **** 	bsp_DelayUS(us);
 272              		.loc 1 110 2
 273 0008 7868     		ldr	r0, [r7, #4]
 274 000a FFF7FEFF 		bl	bsp_DelayUS
 111:Module/ssd_2832.c **** }
 275              		.loc 1 111 1
 276 000e 00BF     		nop
 277 0010 0837     		adds	r7, r7, #8
 278              	.LCFI15:
 279              		.cfi_def_cfa_offset 8
 280 0012 BD46     		mov	sp, r7
 281              	.LCFI16:
 282              		.cfi_def_cfa_register 13
 283              		@ sp needed
 284 0014 80BD     		pop	{r7, pc}
 285              		.cfi_endproc
 286              	.LFE122:
 288              		.section	.text.bridge_select_phy,"ax",%progbits
 289              		.align	1
 290              		.global	bridge_select_phy
 291              		.syntax unified
 292              		.thumb
 293              		.thumb_func
 295              	bridge_select_phy:
 296              	.LFB123:
 112:Module/ssd_2832.c **** 
 113:Module/ssd_2832.c **** void bridge_select_phy(uint8_t value)
 114:Module/ssd_2832.c **** {
 297              		.loc 1 114 1
 298              		.cfi_startproc
ARM GAS  C:\Users\ADMINI~1\AppData\Local\Temp\ccdP81J7.s 			page 8


 299              		@ args = 0, pretend = 0, frame = 8
 300              		@ frame_needed = 1, uses_anonymous_args = 0
 301              		@ link register save eliminated.
 302 0000 80B4     		push	{r7}
 303              	.LCFI17:
 304              		.cfi_def_cfa_offset 4
 305              		.cfi_offset 7, -4
 306 0002 83B0     		sub	sp, sp, #12
 307              	.LCFI18:
 308              		.cfi_def_cfa_offset 16
 309 0004 00AF     		add	r7, sp, #0
 310              	.LCFI19:
 311              		.cfi_def_cfa_register 7
 312 0006 0346     		mov	r3, r0
 313 0008 FB71     		strb	r3, [r7, #7]
 115:Module/ssd_2832.c **** if(value==0)
 314              		.loc 1 115 3
 315 000a FB79     		ldrb	r3, [r7, #7]	@ zero_extendqisi2
 316 000c 002B     		cmp	r3, #0
 317 000e 03D1     		bne	.L9
 116:Module/ssd_2832.c **** {
 117:Module/ssd_2832.c **** 	SSD2832_CDPHYSEL_L();
 318              		.loc 1 117 2
 319 0010 054B     		ldr	r3, .L12
 320 0012 0222     		movs	r2, #2
 321 0014 1A60     		str	r2, [r3]
 118:Module/ssd_2832.c **** }else 
 119:Module/ssd_2832.c **** {
 120:Module/ssd_2832.c **** 	SSD2832_CDPHYSEL_H();
 121:Module/ssd_2832.c **** }
 122:Module/ssd_2832.c **** }
 322              		.loc 1 122 1
 323 0016 02E0     		b	.L11
 324              	.L9:
 120:Module/ssd_2832.c **** }
 325              		.loc 1 120 2
 326 0018 044B     		ldr	r3, .L12+4
 327 001a 0222     		movs	r2, #2
 328 001c 1A60     		str	r2, [r3]
 329              	.L11:
 330              		.loc 1 122 1
 331 001e 00BF     		nop
 332 0020 0C37     		adds	r7, r7, #12
 333              	.LCFI20:
 334              		.cfi_def_cfa_offset 4
 335 0022 BD46     		mov	sp, r7
 336              	.LCFI21:
 337              		.cfi_def_cfa_register 13
 338              		@ sp needed
 339 0024 80BC     		pop	{r7}
 340              	.LCFI22:
 341              		.cfi_restore 7
 342              		.cfi_def_cfa_offset 0
 343 0026 7047     		bx	lr
 344              	.L13:
 345              		.align	2
 346              	.L12:
ARM GAS  C:\Users\ADMINI~1\AppData\Local\Temp\ccdP81J7.s 			page 9


 347 0028 140C0140 		.word	1073810452
 348 002c 100C0140 		.word	1073810448
 349              		.cfi_endproc
 350              	.LFE123:
 352              		.section	.text.SSD2832_Write_Command,"ax",%progbits
 353              		.align	1
 354              		.global	SSD2832_Write_Command
 355              		.syntax unified
 356              		.thumb
 357              		.thumb_func
 359              	SSD2832_Write_Command:
 360              	.LFB124:
 123:Module/ssd_2832.c **** 
 124:Module/ssd_2832.c **** 
 125:Module/ssd_2832.c **** void SSD2832_Write_Command(uint8_t cmd)
 126:Module/ssd_2832.c **** {
 361              		.loc 1 126 1
 362              		.cfi_startproc
 363              		@ args = 0, pretend = 0, frame = 16
 364              		@ frame_needed = 1, uses_anonymous_args = 0
 365 0000 80B5     		push	{r7, lr}
 366              	.LCFI23:
 367              		.cfi_def_cfa_offset 8
 368              		.cfi_offset 7, -8
 369              		.cfi_offset 14, -4
 370 0002 84B0     		sub	sp, sp, #16
 371              	.LCFI24:
 372              		.cfi_def_cfa_offset 24
 373 0004 00AF     		add	r7, sp, #0
 374              	.LCFI25:
 375              		.cfi_def_cfa_register 7
 376 0006 0346     		mov	r3, r0
 377 0008 FB71     		strb	r3, [r7, #7]
 127:Module/ssd_2832.c ****     uint8_t i;
 128:Module/ssd_2832.c **** //    SSD2832_CS_H();
 129:Module/ssd_2832.c **** //    SSD2832_MOSI_H();
 130:Module/ssd_2832.c **** //    SSD2832_SCK_H();
 131:Module/ssd_2832.c **** //    SDD2828_SPI_WR_DELAY;
 132:Module/ssd_2832.c **** 
 133:Module/ssd_2832.c **** //    SSD2832_CS_L();
 134:Module/ssd_2832.c **** //    SDD2828_SPI_WR_DELAY;
 135:Module/ssd_2832.c **** //    SSD2832_MOSI_L(); 
 136:Module/ssd_2832.c **** //    SDD2828_SPI_WR_DELAY;
 137:Module/ssd_2832.c **** //    SSD2832_SCK_L();
 138:Module/ssd_2832.c **** //    SDD2828_SPI_WR_DELAY;
 139:Module/ssd_2832.c **** //    SSD2832_SCK_H(); 
 140:Module/ssd_2832.c ****     for (i = 0; i < 8; i++)
 378              		.loc 1 140 12
 379 000a 0023     		movs	r3, #0
 380 000c FB73     		strb	r3, [r7, #15]
 381              		.loc 1 140 5
 382 000e 1CE0     		b	.L15
 383              	.L18:
 141:Module/ssd_2832.c ****     {
 142:Module/ssd_2832.c ****         if (cmd & 0x80)
 384              		.loc 1 142 13
 385 0010 97F90730 		ldrsb	r3, [r7, #7]
ARM GAS  C:\Users\ADMINI~1\AppData\Local\Temp\ccdP81J7.s 			page 10


 386              		.loc 1 142 12
 387 0014 002B     		cmp	r3, #0
 388 0016 03DA     		bge	.L16
 143:Module/ssd_2832.c ****         {
 144:Module/ssd_2832.c ****             SSD2832_MOSI_H();
 389              		.loc 1 144 13
 390 0018 124B     		ldr	r3, .L19
 391 001a 8022     		movs	r2, #128
 392 001c 1A60     		str	r2, [r3]
 393 001e 02E0     		b	.L17
 394              	.L16:
 145:Module/ssd_2832.c ****         }
 146:Module/ssd_2832.c ****         else
 147:Module/ssd_2832.c ****         {
 148:Module/ssd_2832.c ****             SSD2832_MOSI_L();
 395              		.loc 1 148 13
 396 0020 114B     		ldr	r3, .L19+4
 397 0022 8022     		movs	r2, #128
 398 0024 1A60     		str	r2, [r3]
 399              	.L17:
 149:Module/ssd_2832.c ****         }
 150:Module/ssd_2832.c ****         cmd <<= 1;
 400              		.loc 1 150 13 discriminator 2
 401 0026 FB79     		ldrb	r3, [r7, #7]
 402 0028 5B00     		lsls	r3, r3, #1
 403 002a FB71     		strb	r3, [r7, #7]
 151:Module/ssd_2832.c ****         SSD2832_SCK_L();
 404              		.loc 1 151 9 discriminator 2
 405 002c 0E4B     		ldr	r3, .L19+4
 406 002e 2022     		movs	r2, #32
 407 0030 1A60     		str	r2, [r3]
 152:Module/ssd_2832.c ****         SDD2828_SPI_WR_DELAY;
 408              		.loc 1 152 9 discriminator 2
 409 0032 0820     		movs	r0, #8
 410 0034 FFF7FEFF 		bl	bsp_DelayUS
 153:Module/ssd_2832.c ****         SSD2832_SCK_H();
 411              		.loc 1 153 9 discriminator 2
 412 0038 0A4B     		ldr	r3, .L19
 413 003a 2022     		movs	r2, #32
 414 003c 1A60     		str	r2, [r3]
 154:Module/ssd_2832.c ****         SDD2828_SPI_WR_DELAY;
 415              		.loc 1 154 9 discriminator 2
 416 003e 0820     		movs	r0, #8
 417 0040 FFF7FEFF 		bl	bsp_DelayUS
 140:Module/ssd_2832.c ****     {
 418              		.loc 1 140 25 discriminator 2
 419 0044 FB7B     		ldrb	r3, [r7, #15]	@ zero_extendqisi2
 420 0046 0133     		adds	r3, r3, #1
 421 0048 FB73     		strb	r3, [r7, #15]
 422              	.L15:
 140:Module/ssd_2832.c ****     {
 423              		.loc 1 140 5 discriminator 1
 424 004a FB7B     		ldrb	r3, [r7, #15]	@ zero_extendqisi2
 425 004c 072B     		cmp	r3, #7
 426 004e DFD9     		bls	.L18
 155:Module/ssd_2832.c ****     }
 156:Module/ssd_2832.c ****     SSD2832_MOSI_H();
ARM GAS  C:\Users\ADMINI~1\AppData\Local\Temp\ccdP81J7.s 			page 11


 427              		.loc 1 156 5
 428 0050 044B     		ldr	r3, .L19
 429 0052 8022     		movs	r2, #128
 430 0054 1A60     		str	r2, [r3]
 157:Module/ssd_2832.c ****     SDD2828_SPI_WR_DELAY;
 431              		.loc 1 157 5
 432 0056 0820     		movs	r0, #8
 433 0058 FFF7FEFF 		bl	bsp_DelayUS
 158:Module/ssd_2832.c **** //    SSD2832_CS_H();
 159:Module/ssd_2832.c **** }
 434              		.loc 1 159 1
 435 005c 00BF     		nop
 436 005e 1037     		adds	r7, r7, #16
 437              	.LCFI26:
 438              		.cfi_def_cfa_offset 8
 439 0060 BD46     		mov	sp, r7
 440              	.LCFI27:
 441              		.cfi_def_cfa_register 13
 442              		@ sp needed
 443 0062 80BD     		pop	{r7, pc}
 444              	.L20:
 445              		.align	2
 446              	.L19:
 447 0064 10080140 		.word	1073809424
 448 0068 14080140 		.word	1073809428
 449              		.cfi_endproc
 450              	.LFE124:
 452              		.section	.text.SSD2832_Write_Data,"ax",%progbits
 453              		.align	1
 454              		.global	SSD2832_Write_Data
 455              		.syntax unified
 456              		.thumb
 457              		.thumb_func
 459              	SSD2832_Write_Data:
 460              	.LFB125:
 160:Module/ssd_2832.c **** 
 161:Module/ssd_2832.c **** 
 162:Module/ssd_2832.c **** 
 163:Module/ssd_2832.c **** void SSD2832_Write_Data(uint8_t data)
 164:Module/ssd_2832.c **** {
 461              		.loc 1 164 1
 462              		.cfi_startproc
 463              		@ args = 0, pretend = 0, frame = 16
 464              		@ frame_needed = 1, uses_anonymous_args = 0
 465 0000 80B5     		push	{r7, lr}
 466              	.LCFI28:
 467              		.cfi_def_cfa_offset 8
 468              		.cfi_offset 7, -8
 469              		.cfi_offset 14, -4
 470 0002 84B0     		sub	sp, sp, #16
 471              	.LCFI29:
 472              		.cfi_def_cfa_offset 24
 473 0004 00AF     		add	r7, sp, #0
 474              	.LCFI30:
 475              		.cfi_def_cfa_register 7
 476 0006 0346     		mov	r3, r0
 477 0008 FB71     		strb	r3, [r7, #7]
ARM GAS  C:\Users\ADMINI~1\AppData\Local\Temp\ccdP81J7.s 			page 12


 165:Module/ssd_2832.c ****     uint8_t i;
 166:Module/ssd_2832.c **** //    SSD2832_CS_H();
 167:Module/ssd_2832.c **** //    SSD2832_MOSI_H();
 168:Module/ssd_2832.c **** //    SSD2832_SCK_H();
 169:Module/ssd_2832.c **** //    SDD2828_SPI_WR_DELAY;
 170:Module/ssd_2832.c **** 
 171:Module/ssd_2832.c **** //    SSD2832_CS_L();
 172:Module/ssd_2832.c **** //    SDD2828_SPI_WR_DELAY;
 173:Module/ssd_2832.c **** //    SSD2832_MOSI_H(); 
 174:Module/ssd_2832.c **** //    SDD2828_SPI_WR_DELAY;
 175:Module/ssd_2832.c **** //    SSD2832_SCK_L();
 176:Module/ssd_2832.c **** //    SDD2828_SPI_WR_DELAY;
 177:Module/ssd_2832.c **** //    SSD2832_SCK_H(); 
 178:Module/ssd_2832.c ****     for (i = 0; i < 8; i++)
 478              		.loc 1 178 12
 479 000a 0023     		movs	r3, #0
 480 000c FB73     		strb	r3, [r7, #15]
 481              		.loc 1 178 5
 482 000e 1CE0     		b	.L22
 483              	.L25:
 179:Module/ssd_2832.c ****     {
 180:Module/ssd_2832.c ****         if (data & 0x80)
 484              		.loc 1 180 13
 485 0010 97F90730 		ldrsb	r3, [r7, #7]
 486              		.loc 1 180 12
 487 0014 002B     		cmp	r3, #0
 488 0016 03DA     		bge	.L23
 181:Module/ssd_2832.c ****         {
 182:Module/ssd_2832.c ****             SSD2832_MOSI_H();
 489              		.loc 1 182 13
 490 0018 124B     		ldr	r3, .L26
 491 001a 8022     		movs	r2, #128
 492 001c 1A60     		str	r2, [r3]
 493 001e 02E0     		b	.L24
 494              	.L23:
 183:Module/ssd_2832.c ****         }
 184:Module/ssd_2832.c ****         else
 185:Module/ssd_2832.c ****         {
 186:Module/ssd_2832.c ****             SSD2832_MOSI_L();
 495              		.loc 1 186 13
 496 0020 114B     		ldr	r3, .L26+4
 497 0022 8022     		movs	r2, #128
 498 0024 1A60     		str	r2, [r3]
 499              	.L24:
 187:Module/ssd_2832.c ****         }
 188:Module/ssd_2832.c ****         data <<= 1;
 500              		.loc 1 188 14 discriminator 2
 501 0026 FB79     		ldrb	r3, [r7, #7]
 502 0028 5B00     		lsls	r3, r3, #1
 503 002a FB71     		strb	r3, [r7, #7]
 189:Module/ssd_2832.c ****         SSD2832_SCK_L();
 504              		.loc 1 189 9 discriminator 2
 505 002c 0E4B     		ldr	r3, .L26+4
 506 002e 2022     		movs	r2, #32
 507 0030 1A60     		str	r2, [r3]
 190:Module/ssd_2832.c ****         SDD2828_SPI_WR_DELAY;
 508              		.loc 1 190 9 discriminator 2
ARM GAS  C:\Users\ADMINI~1\AppData\Local\Temp\ccdP81J7.s 			page 13


 509 0032 0820     		movs	r0, #8
 510 0034 FFF7FEFF 		bl	bsp_DelayUS
 191:Module/ssd_2832.c ****         SSD2832_SCK_H();
 511              		.loc 1 191 9 discriminator 2
 512 0038 0A4B     		ldr	r3, .L26
 513 003a 2022     		movs	r2, #32
 514 003c 1A60     		str	r2, [r3]
 192:Module/ssd_2832.c ****         SDD2828_SPI_WR_DELAY;
 515              		.loc 1 192 9 discriminator 2
 516 003e 0820     		movs	r0, #8
 517 0040 FFF7FEFF 		bl	bsp_DelayUS
 178:Module/ssd_2832.c ****     {
 518              		.loc 1 178 25 discriminator 2
 519 0044 FB7B     		ldrb	r3, [r7, #15]	@ zero_extendqisi2
 520 0046 0133     		adds	r3, r3, #1
 521 0048 FB73     		strb	r3, [r7, #15]
 522              	.L22:
 178:Module/ssd_2832.c ****     {
 523              		.loc 1 178 5 discriminator 1
 524 004a FB7B     		ldrb	r3, [r7, #15]	@ zero_extendqisi2
 525 004c 072B     		cmp	r3, #7
 526 004e DFD9     		bls	.L25
 193:Module/ssd_2832.c ****     }
 194:Module/ssd_2832.c ****     SSD2832_MOSI_H();
 527              		.loc 1 194 5
 528 0050 044B     		ldr	r3, .L26
 529 0052 8022     		movs	r2, #128
 530 0054 1A60     		str	r2, [r3]
 195:Module/ssd_2832.c ****     SDD2828_SPI_WR_DELAY;
 531              		.loc 1 195 5
 532 0056 0820     		movs	r0, #8
 533 0058 FFF7FEFF 		bl	bsp_DelayUS
 196:Module/ssd_2832.c **** //    SSD2832_CS_H();
 197:Module/ssd_2832.c **** }
 534              		.loc 1 197 1
 535 005c 00BF     		nop
 536 005e 1037     		adds	r7, r7, #16
 537              	.LCFI31:
 538              		.cfi_def_cfa_offset 8
 539 0060 BD46     		mov	sp, r7
 540              	.LCFI32:
 541              		.cfi_def_cfa_register 13
 542              		@ sp needed
 543 0062 80BD     		pop	{r7, pc}
 544              	.L27:
 545              		.align	2
 546              	.L26:
 547 0064 10080140 		.word	1073809424
 548 0068 14080140 		.word	1073809428
 549              		.cfi_endproc
 550              	.LFE125:
 552              		.section	.text.SSD2832_Read,"ax",%progbits
 553              		.align	1
 554              		.global	SSD2832_Read
 555              		.syntax unified
 556              		.thumb
 557              		.thumb_func
ARM GAS  C:\Users\ADMINI~1\AppData\Local\Temp\ccdP81J7.s 			page 14


 559              	SSD2832_Read:
 560              	.LFB126:
 198:Module/ssd_2832.c **** 
 199:Module/ssd_2832.c **** uint8_t  SSD2832_Read(void)
 200:Module/ssd_2832.c **** {
 561              		.loc 1 200 1
 562              		.cfi_startproc
 563              		@ args = 0, pretend = 0, frame = 8
 564              		@ frame_needed = 1, uses_anonymous_args = 0
 565 0000 80B5     		push	{r7, lr}
 566              	.LCFI33:
 567              		.cfi_def_cfa_offset 8
 568              		.cfi_offset 7, -8
 569              		.cfi_offset 14, -4
 570 0002 82B0     		sub	sp, sp, #8
 571              	.LCFI34:
 572              		.cfi_def_cfa_offset 16
 573 0004 00AF     		add	r7, sp, #0
 574              	.LCFI35:
 575              		.cfi_def_cfa_register 7
 201:Module/ssd_2832.c **** 		uint8_t i;
 202:Module/ssd_2832.c ****     uint8_t tmp = 0;
 576              		.loc 1 202 13
 577 0006 0023     		movs	r3, #0
 578 0008 BB71     		strb	r3, [r7, #6]
 203:Module/ssd_2832.c ****     SSD2832_CS_L();
 579              		.loc 1 203 5
 580 000a 184B     		ldr	r3, .L33
 581 000c 1022     		movs	r2, #16
 582 000e 1A60     		str	r2, [r3]
 204:Module/ssd_2832.c ****     SDD2828_SPI_WR_DELAY;
 583              		.loc 1 204 5
 584 0010 0820     		movs	r0, #8
 585 0012 FFF7FEFF 		bl	bsp_DelayUS
 205:Module/ssd_2832.c ****     for (i = 0; i < 8; i++)
 586              		.loc 1 205 12
 587 0016 0023     		movs	r3, #0
 588 0018 FB71     		strb	r3, [r7, #7]
 589              		.loc 1 205 5
 590 001a 1CE0     		b	.L29
 591              	.L31:
 206:Module/ssd_2832.c ****     {
 207:Module/ssd_2832.c ****         SSD2832_SCK_L();
 592              		.loc 1 207 9
 593 001c 134B     		ldr	r3, .L33
 594 001e 2022     		movs	r2, #32
 595 0020 1A60     		str	r2, [r3]
 208:Module/ssd_2832.c ****         SDD2828_SPI_WR_DELAY;
 596              		.loc 1 208 9
 597 0022 0820     		movs	r0, #8
 598 0024 FFF7FEFF 		bl	bsp_DelayUS
 209:Module/ssd_2832.c ****         SSD2832_SCK_H();
 599              		.loc 1 209 9
 600 0028 114B     		ldr	r3, .L33+4
 601 002a 2022     		movs	r2, #32
 602 002c 1A60     		str	r2, [r3]
 210:Module/ssd_2832.c ****         SDD2828_SPI_WR_DELAY;
ARM GAS  C:\Users\ADMINI~1\AppData\Local\Temp\ccdP81J7.s 			page 15


 603              		.loc 1 210 9
 604 002e 0820     		movs	r0, #8
 605 0030 FFF7FEFF 		bl	bsp_DelayUS
 211:Module/ssd_2832.c ****         tmp <<= 1;
 606              		.loc 1 211 13
 607 0034 BB79     		ldrb	r3, [r7, #6]
 608 0036 5B00     		lsls	r3, r3, #1
 609 0038 BB71     		strb	r3, [r7, #6]
 212:Module/ssd_2832.c ****         if (SSD2832_MOSI_READ())
 610              		.loc 1 212 13
 611 003a 4021     		movs	r1, #64
 612 003c 0D48     		ldr	r0, .L33+8
 613 003e FFF7FEFF 		bl	gpio_input_bit_get
 614 0042 0346     		mov	r3, r0
 615              		.loc 1 212 12
 616 0044 002B     		cmp	r3, #0
 617 0046 03D0     		beq	.L30
 213:Module/ssd_2832.c ****         {
 214:Module/ssd_2832.c ****             tmp |= 0x01;
 618              		.loc 1 214 17
 619 0048 BB79     		ldrb	r3, [r7, #6]
 620 004a 43F00103 		orr	r3, r3, #1
 621 004e BB71     		strb	r3, [r7, #6]
 622              	.L30:
 205:Module/ssd_2832.c ****     {
 623              		.loc 1 205 25 discriminator 2
 624 0050 FB79     		ldrb	r3, [r7, #7]	@ zero_extendqisi2
 625 0052 0133     		adds	r3, r3, #1
 626 0054 FB71     		strb	r3, [r7, #7]
 627              	.L29:
 205:Module/ssd_2832.c ****     {
 628              		.loc 1 205 5 discriminator 1
 629 0056 FB79     		ldrb	r3, [r7, #7]	@ zero_extendqisi2
 630 0058 072B     		cmp	r3, #7
 631 005a DFD9     		bls	.L31
 215:Module/ssd_2832.c ****         } 
 216:Module/ssd_2832.c ****     }
 217:Module/ssd_2832.c ****     SSD2832_CS_H();
 632              		.loc 1 217 5
 633 005c 044B     		ldr	r3, .L33+4
 634 005e 1022     		movs	r2, #16
 635 0060 1A60     		str	r2, [r3]
 218:Module/ssd_2832.c ****     return tmp;
 636              		.loc 1 218 12
 637 0062 BB79     		ldrb	r3, [r7, #6]	@ zero_extendqisi2
 219:Module/ssd_2832.c **** }
 638              		.loc 1 219 1
 639 0064 1846     		mov	r0, r3
 640 0066 0837     		adds	r7, r7, #8
 641              	.LCFI36:
 642              		.cfi_def_cfa_offset 8
 643 0068 BD46     		mov	sp, r7
 644              	.LCFI37:
 645              		.cfi_def_cfa_register 13
 646              		@ sp needed
 647 006a 80BD     		pop	{r7, pc}
 648              	.L34:
ARM GAS  C:\Users\ADMINI~1\AppData\Local\Temp\ccdP81J7.s 			page 16


 649              		.align	2
 650              	.L33:
 651 006c 14080140 		.word	1073809428
 652 0070 10080140 		.word	1073809424
 653 0074 00080140 		.word	1073809408
 654              		.cfi_endproc
 655              	.LFE126:
 657              		.section	.text.bridge_a_spi_read,"ax",%progbits
 658              		.align	1
 659              		.global	bridge_a_spi_read
 660              		.syntax unified
 661              		.thumb
 662              		.thumb_func
 664              	bridge_a_spi_read:
 665              	.LFB127:
 220:Module/ssd_2832.c **** 
 221:Module/ssd_2832.c **** 
 222:Module/ssd_2832.c **** int bridge_a_spi_read(unsigned char *frame,int len)
 223:Module/ssd_2832.c **** {
 666              		.loc 1 223 1
 667              		.cfi_startproc
 668              		@ args = 0, pretend = 0, frame = 16
 669              		@ frame_needed = 1, uses_anonymous_args = 0
 670 0000 90B5     		push	{r4, r7, lr}
 671              	.LCFI38:
 672              		.cfi_def_cfa_offset 12
 673              		.cfi_offset 4, -12
 674              		.cfi_offset 7, -8
 675              		.cfi_offset 14, -4
 676 0002 85B0     		sub	sp, sp, #20
 677              	.LCFI39:
 678              		.cfi_def_cfa_offset 32
 679 0004 00AF     		add	r7, sp, #0
 680              	.LCFI40:
 681              		.cfi_def_cfa_register 7
 682 0006 7860     		str	r0, [r7, #4]
 683 0008 3960     		str	r1, [r7]
 224:Module/ssd_2832.c **** 	if((len>0)&&(frame!=NULL))
 684              		.loc 1 224 4
 685 000a 3B68     		ldr	r3, [r7]
 686 000c 002B     		cmp	r3, #0
 687 000e 15DD     		ble	.L36
 688              		.loc 1 224 12 discriminator 1
 689 0010 7B68     		ldr	r3, [r7, #4]
 690 0012 002B     		cmp	r3, #0
 691 0014 12D0     		beq	.L36
 692              	.LBB2:
 225:Module/ssd_2832.c **** 	{
 226:Module/ssd_2832.c ****   for(int i=0;i<len;i++)
 693              		.loc 1 226 11
 694 0016 0023     		movs	r3, #0
 695 0018 FB60     		str	r3, [r7, #12]
 696              		.loc 1 226 3
 697 001a 09E0     		b	.L37
 698              	.L38:
 227:Module/ssd_2832.c **** 	{
 228:Module/ssd_2832.c **** 	   frame[i]=SSD2832_Read();
ARM GAS  C:\Users\ADMINI~1\AppData\Local\Temp\ccdP81J7.s 			page 17


 699              		.loc 1 228 10 discriminator 3
 700 001c FB68     		ldr	r3, [r7, #12]
 701 001e 7A68     		ldr	r2, [r7, #4]
 702 0020 D418     		adds	r4, r2, r3
 703              		.loc 1 228 14 discriminator 3
 704 0022 FFF7FEFF 		bl	SSD2832_Read
 705 0026 0346     		mov	r3, r0
 706              		.loc 1 228 13 discriminator 3
 707 0028 2370     		strb	r3, [r4]
 226:Module/ssd_2832.c **** 	{
 708              		.loc 1 226 22 discriminator 3
 709 002a FB68     		ldr	r3, [r7, #12]
 710 002c 0133     		adds	r3, r3, #1
 711 002e FB60     		str	r3, [r7, #12]
 712              	.L37:
 226:Module/ssd_2832.c **** 	{
 713              		.loc 1 226 3 discriminator 1
 714 0030 FA68     		ldr	r2, [r7, #12]
 715 0032 3B68     		ldr	r3, [r7]
 716 0034 9A42     		cmp	r2, r3
 717 0036 F1DB     		blt	.L38
 718              	.LBE2:
 229:Module/ssd_2832.c **** 	}
 230:Module/ssd_2832.c **** 	 return 1;
 719              		.loc 1 230 10
 720 0038 0123     		movs	r3, #1
 721 003a 01E0     		b	.L39
 722              	.L36:
 231:Module/ssd_2832.c **** 	}
 232:Module/ssd_2832.c **** 	return -1;
 723              		.loc 1 232 9
 724 003c 4FF0FF33 		mov	r3, #-1
 725              	.L39:
 233:Module/ssd_2832.c **** }
 726              		.loc 1 233 1
 727 0040 1846     		mov	r0, r3
 728 0042 1437     		adds	r7, r7, #20
 729              	.LCFI41:
 730              		.cfi_def_cfa_offset 12
 731 0044 BD46     		mov	sp, r7
 732              	.LCFI42:
 733              		.cfi_def_cfa_register 13
 734              		@ sp needed
 735 0046 90BD     		pop	{r4, r7, pc}
 736              		.cfi_endproc
 737              	.LFE127:
 739              		.section	.text.bridge_a_spi_write,"ax",%progbits
 740              		.align	1
 741              		.global	bridge_a_spi_write
 742              		.syntax unified
 743              		.thumb
 744              		.thumb_func
 746              	bridge_a_spi_write:
 747              	.LFB128:
 234:Module/ssd_2832.c **** 
 235:Module/ssd_2832.c **** int bridge_a_spi_write(unsigned char *frame,int len)
 236:Module/ssd_2832.c **** {
ARM GAS  C:\Users\ADMINI~1\AppData\Local\Temp\ccdP81J7.s 			page 18


 748              		.loc 1 236 1
 749              		.cfi_startproc
 750              		@ args = 0, pretend = 0, frame = 16
 751              		@ frame_needed = 1, uses_anonymous_args = 0
 752 0000 80B5     		push	{r7, lr}
 753              	.LCFI43:
 754              		.cfi_def_cfa_offset 8
 755              		.cfi_offset 7, -8
 756              		.cfi_offset 14, -4
 757 0002 84B0     		sub	sp, sp, #16
 758              	.LCFI44:
 759              		.cfi_def_cfa_offset 24
 760 0004 00AF     		add	r7, sp, #0
 761              	.LCFI45:
 762              		.cfi_def_cfa_register 7
 763 0006 7860     		str	r0, [r7, #4]
 764 0008 3960     		str	r1, [r7]
 237:Module/ssd_2832.c **** 	if((len>0)&&(frame!=NULL))
 765              		.loc 1 237 4
 766 000a 3B68     		ldr	r3, [r7]
 767 000c 002B     		cmp	r3, #0
 768 000e 15DD     		ble	.L41
 769              		.loc 1 237 12 discriminator 1
 770 0010 7B68     		ldr	r3, [r7, #4]
 771 0012 002B     		cmp	r3, #0
 772 0014 12D0     		beq	.L41
 773              	.LBB3:
 238:Module/ssd_2832.c **** 	{
 239:Module/ssd_2832.c **** 		for(int i=0;i<len;i++)
 774              		.loc 1 239 11
 775 0016 0023     		movs	r3, #0
 776 0018 FB60     		str	r3, [r7, #12]
 777              		.loc 1 239 3
 778 001a 09E0     		b	.L42
 779              	.L43:
 240:Module/ssd_2832.c **** 		{
 241:Module/ssd_2832.c **** 			SSD2832_Write_Data(frame[i]);
 780              		.loc 1 241 28 discriminator 3
 781 001c FB68     		ldr	r3, [r7, #12]
 782 001e 7A68     		ldr	r2, [r7, #4]
 783 0020 1344     		add	r3, r3, r2
 784              		.loc 1 241 4 discriminator 3
 785 0022 1B78     		ldrb	r3, [r3]	@ zero_extendqisi2
 786 0024 1846     		mov	r0, r3
 787 0026 FFF7FEFF 		bl	SSD2832_Write_Data
 239:Module/ssd_2832.c **** 		{
 788              		.loc 1 239 22 discriminator 3
 789 002a FB68     		ldr	r3, [r7, #12]
 790 002c 0133     		adds	r3, r3, #1
 791 002e FB60     		str	r3, [r7, #12]
 792              	.L42:
 239:Module/ssd_2832.c **** 		{
 793              		.loc 1 239 3 discriminator 1
 794 0030 FA68     		ldr	r2, [r7, #12]
 795 0032 3B68     		ldr	r3, [r7]
 796 0034 9A42     		cmp	r2, r3
 797 0036 F1DB     		blt	.L43
ARM GAS  C:\Users\ADMINI~1\AppData\Local\Temp\ccdP81J7.s 			page 19


 798              	.LBE3:
 242:Module/ssd_2832.c **** 		}
 243:Module/ssd_2832.c **** 		return 1;
 799              		.loc 1 243 10
 800 0038 0123     		movs	r3, #1
 801 003a 01E0     		b	.L44
 802              	.L41:
 244:Module/ssd_2832.c **** 	}
 245:Module/ssd_2832.c **** 	return -1;  
 803              		.loc 1 245 9
 804 003c 4FF0FF33 		mov	r3, #-1
 805              	.L44:
 246:Module/ssd_2832.c **** }
 806              		.loc 1 246 1
 807 0040 1846     		mov	r0, r3
 808 0042 1037     		adds	r7, r7, #16
 809              	.LCFI46:
 810              		.cfi_def_cfa_offset 8
 811 0044 BD46     		mov	sp, r7
 812              	.LCFI47:
 813              		.cfi_def_cfa_register 13
 814              		@ sp needed
 815 0046 80BD     		pop	{r7, pc}
 816              		.cfi_endproc
 817              	.LFE128:
 819              		.section	.text.bridge_read_mem_reg,"ax",%progbits
 820              		.align	1
 821              		.global	bridge_read_mem_reg
 822              		.syntax unified
 823              		.thumb
 824              		.thumb_func
 826              	bridge_read_mem_reg:
 827              	.LFB129:
 247:Module/ssd_2832.c **** 
 248:Module/ssd_2832.c **** 
 249:Module/ssd_2832.c **** 
 250:Module/ssd_2832.c **** 
 251:Module/ssd_2832.c **** /******************************************************************************/
 252:Module/ssd_2832.c **** /// Description:return bridge reg buffer
 253:Module/ssd_2832.c **** /// @note:
 254:Module/ssd_2832.c **** /// @param reg address
 255:Module/ssd_2832.c **** /// @param output:reg buffer value
 256:Module/ssd_2832.c **** /// @return
 257:Module/ssd_2832.c **** /******************************************************************************/
 258:Module/ssd_2832.c **** uint32_t bridge_read_mem_reg(unsigned char reg)
 259:Module/ssd_2832.c **** {
 828              		.loc 1 259 1
 829              		.cfi_startproc
 830              		@ args = 0, pretend = 0, frame = 8
 831              		@ frame_needed = 1, uses_anonymous_args = 0
 832              		@ link register save eliminated.
 833 0000 80B4     		push	{r7}
 834              	.LCFI48:
 835              		.cfi_def_cfa_offset 4
 836              		.cfi_offset 7, -4
 837 0002 83B0     		sub	sp, sp, #12
 838              	.LCFI49:
ARM GAS  C:\Users\ADMINI~1\AppData\Local\Temp\ccdP81J7.s 			page 20


 839              		.cfi_def_cfa_offset 16
 840 0004 00AF     		add	r7, sp, #0
 841              	.LCFI50:
 842              		.cfi_def_cfa_register 7
 843 0006 0346     		mov	r3, r0
 844 0008 FB71     		strb	r3, [r7, #7]
 260:Module/ssd_2832.c ****     if(reg == 0xB6)
 845              		.loc 1 260 7
 846 000a FB79     		ldrb	r3, [r7, #7]	@ zero_extendqisi2
 847 000c B62B     		cmp	r3, #182
 848 000e 02D1     		bne	.L46
 261:Module/ssd_2832.c ****         return bridge_mem_reg_b6[0];
 849              		.loc 1 261 33
 850 0010 0D4B     		ldr	r3, .L51
 851 0012 1B68     		ldr	r3, [r3]
 852 0014 12E0     		b	.L47
 853              	.L46:
 262:Module/ssd_2832.c **** 	
 263:Module/ssd_2832.c ****     if(reg == 0xB7)
 854              		.loc 1 263 7
 855 0016 FB79     		ldrb	r3, [r7, #7]	@ zero_extendqisi2
 856 0018 B72B     		cmp	r3, #183
 857 001a 02D1     		bne	.L48
 264:Module/ssd_2832.c ****         return bridge_mem_reg_b7[0];
 858              		.loc 1 264 33
 859 001c 0B4B     		ldr	r3, .L51+4
 860 001e 1B68     		ldr	r3, [r3]
 861 0020 0CE0     		b	.L47
 862              	.L48:
 265:Module/ssd_2832.c **** 	
 266:Module/ssd_2832.c ****     if(reg == 0xBD)
 863              		.loc 1 266 7
 864 0022 FB79     		ldrb	r3, [r7, #7]	@ zero_extendqisi2
 865 0024 BD2B     		cmp	r3, #189
 866 0026 02D1     		bne	.L49
 267:Module/ssd_2832.c ****         return bridge_mem_reg_bd[0];
 867              		.loc 1 267 33
 868 0028 094B     		ldr	r3, .L51+8
 869 002a 1B68     		ldr	r3, [r3]
 870 002c 06E0     		b	.L47
 871              	.L49:
 268:Module/ssd_2832.c **** 	
 269:Module/ssd_2832.c ****     if(reg == 0xDE)
 872              		.loc 1 269 7
 873 002e FB79     		ldrb	r3, [r7, #7]	@ zero_extendqisi2
 874 0030 DE2B     		cmp	r3, #222
 875 0032 02D1     		bne	.L50
 270:Module/ssd_2832.c ****         return bridge_mem_reg_de[0];
 876              		.loc 1 270 33
 877 0034 074B     		ldr	r3, .L51+12
 878 0036 1B68     		ldr	r3, [r3]
 879 0038 00E0     		b	.L47
 880              	.L50:
 271:Module/ssd_2832.c **** 	
 272:Module/ssd_2832.c ****     return 0;
 881              		.loc 1 272 12
 882 003a 0023     		movs	r3, #0
ARM GAS  C:\Users\ADMINI~1\AppData\Local\Temp\ccdP81J7.s 			page 21


 883              	.L47:
 273:Module/ssd_2832.c **** }
 884              		.loc 1 273 1
 885 003c 1846     		mov	r0, r3
 886 003e 0C37     		adds	r7, r7, #12
 887              	.LCFI51:
 888              		.cfi_def_cfa_offset 4
 889 0040 BD46     		mov	sp, r7
 890              	.LCFI52:
 891              		.cfi_def_cfa_register 13
 892              		@ sp needed
 893 0042 80BC     		pop	{r7}
 894              	.LCFI53:
 895              		.cfi_restore 7
 896              		.cfi_def_cfa_offset 0
 897 0044 7047     		bx	lr
 898              	.L52:
 899 0046 00BF     		.align	2
 900              	.L51:
 901 0048 00000000 		.word	bridge_mem_reg_b6
 902 004c 00000000 		.word	bridge_mem_reg_b7
 903 0050 00000000 		.word	bridge_mem_reg_bd
 904 0054 00000000 		.word	bridge_mem_reg_de
 905              		.cfi_endproc
 906              	.LFE129:
 908              		.section	.rodata
 909              		.align	2
 910              	.LC0:
 911 0000 4D6F6475 		.ascii	"Module/ssd_2832.c\000"
 911      6C652F73 
 911      73645F32 
 911      3833322E 
 911      6300
 912 0012 0000     		.align	2
 913              	.LC1:
 914 0014 43583930 		.ascii	"CX900\000"
 914      3000
 915 001a 0000     		.align	2
 916              	.LC2:
 917 001c 25733A5B 		.ascii	"%s:[%s@%s,%d]fail\012\015\012\000"
 917      25734025 
 917      732C2564 
 917      5D666169 
 917      6C0A0D0A 
 918              		.section	.text.bridge_spi_read,"ax",%progbits
 919              		.align	1
 920              		.syntax unified
 921              		.thumb
 922              		.thumb_func
 924              	bridge_spi_read:
 925              	.LFB130:
 274:Module/ssd_2832.c **** 
 275:Module/ssd_2832.c **** 
 276:Module/ssd_2832.c **** 
 277:Module/ssd_2832.c **** /******************************************************************************/
 278:Module/ssd_2832.c **** /// Description:static spi read from ssd2829
 279:Module/ssd_2832.c **** /// @note:
ARM GAS  C:\Users\ADMINI~1\AppData\Local\Temp\ccdP81J7.s 			page 22


 280:Module/ssd_2832.c **** /// @param input:len,opt
 281:Module/ssd_2832.c **** /// @param output:data
 282:Module/ssd_2832.c **** /// @return
 283:Module/ssd_2832.c **** /******************************************************************************/
 284:Module/ssd_2832.c **** static int bridge_spi_read(unsigned char *frame,uint32_t len)
 285:Module/ssd_2832.c **** {
 926              		.loc 1 285 1
 927              		.cfi_startproc
 928              		@ args = 0, pretend = 0, frame = 16
 929              		@ frame_needed = 1, uses_anonymous_args = 0
 930 0000 80B5     		push	{r7, lr}
 931              	.LCFI54:
 932              		.cfi_def_cfa_offset 8
 933              		.cfi_offset 7, -8
 934              		.cfi_offset 14, -4
 935 0002 86B0     		sub	sp, sp, #24
 936              	.LCFI55:
 937              		.cfi_def_cfa_offset 32
 938 0004 02AF     		add	r7, sp, #8
 939              	.LCFI56:
 940              		.cfi_def_cfa 7, 24
 941 0006 7860     		str	r0, [r7, #4]
 942 0008 3960     		str	r1, [r7]
 286:Module/ssd_2832.c ****     int ret = 0;
 943              		.loc 1 286 9
 944 000a 0023     		movs	r3, #0
 945 000c FB60     		str	r3, [r7, #12]
 287:Module/ssd_2832.c **** 		ret = bridge_a_spi_read(frame,len);
 946              		.loc 1 287 9
 947 000e 3B68     		ldr	r3, [r7]
 948 0010 1946     		mov	r1, r3
 949 0012 7868     		ldr	r0, [r7, #4]
 950 0014 FFF7FEFF 		bl	bridge_a_spi_read
 951 0018 F860     		str	r0, [r7, #12]
 288:Module/ssd_2832.c ****     if(ret > 0)
 952              		.loc 1 288 7
 953 001a FB68     		ldr	r3, [r7, #12]
 954 001c 002B     		cmp	r3, #0
 955 001e 01DD     		ble	.L54
 289:Module/ssd_2832.c ****     {
 290:Module/ssd_2832.c ****         return 1;
 956              		.loc 1 290 16
 957 0020 0123     		movs	r3, #1
 958 0022 0AE0     		b	.L55
 959              	.L54:
 291:Module/ssd_2832.c ****     }
 292:Module/ssd_2832.c **** 
 293:Module/ssd_2832.c ****     log_err("fail\n");
 960              		.loc 1 293 5
 961 0024 40F22513 		movw	r3, #293
 962 0028 0093     		str	r3, [sp]
 963 002a 064B     		ldr	r3, .L56
 964 002c 064A     		ldr	r2, .L56+4
 965 002e 0749     		ldr	r1, .L56+8
 966 0030 0748     		ldr	r0, .L56+12
 967 0032 FFF7FEFF 		bl	printf
 294:Module/ssd_2832.c ****     return -1;
ARM GAS  C:\Users\ADMINI~1\AppData\Local\Temp\ccdP81J7.s 			page 23


 968              		.loc 1 294 12
 969 0036 4FF0FF33 		mov	r3, #-1
 970              	.L55:
 295:Module/ssd_2832.c **** }
 971              		.loc 1 295 1
 972 003a 1846     		mov	r0, r3
 973 003c 1037     		adds	r7, r7, #16
 974              	.LCFI57:
 975              		.cfi_def_cfa_offset 8
 976 003e BD46     		mov	sp, r7
 977              	.LCFI58:
 978              		.cfi_def_cfa_register 13
 979              		@ sp needed
 980 0040 80BD     		pop	{r7, pc}
 981              	.L57:
 982 0042 00BF     		.align	2
 983              	.L56:
 984 0044 00000000 		.word	.LC0
 985 0048 00000000 		.word	__FUNCTION__.4
 986 004c 14000000 		.word	.LC1
 987 0050 1C000000 		.word	.LC2
 988              		.cfi_endproc
 989              	.LFE130:
 991              		.section	.text.bridge_spi_write,"ax",%progbits
 992              		.align	1
 993              		.syntax unified
 994              		.thumb
 995              		.thumb_func
 997              	bridge_spi_write:
 998              	.LFB131:
 296:Module/ssd_2832.c **** /******************************************************************************/
 297:Module/ssd_2832.c **** /// Description:ssd2829 write start
 298:Module/ssd_2832.c **** /// @note:
 299:Module/ssd_2832.c **** /// @param input:data,len
 300:Module/ssd_2832.c **** /// @param output:null
 301:Module/ssd_2832.c **** /// @return
 302:Module/ssd_2832.c **** /******************************************************************************/
 303:Module/ssd_2832.c **** static int bridge_spi_write(unsigned char *frame,uint32_t len)
 304:Module/ssd_2832.c **** {
 999              		.loc 1 304 1
 1000              		.cfi_startproc
 1001              		@ args = 0, pretend = 0, frame = 16
 1002              		@ frame_needed = 1, uses_anonymous_args = 0
 1003 0000 80B5     		push	{r7, lr}
 1004              	.LCFI59:
 1005              		.cfi_def_cfa_offset 8
 1006              		.cfi_offset 7, -8
 1007              		.cfi_offset 14, -4
 1008 0002 86B0     		sub	sp, sp, #24
 1009              	.LCFI60:
 1010              		.cfi_def_cfa_offset 32
 1011 0004 02AF     		add	r7, sp, #8
 1012              	.LCFI61:
 1013              		.cfi_def_cfa 7, 24
 1014 0006 7860     		str	r0, [r7, #4]
 1015 0008 3960     		str	r1, [r7]
 305:Module/ssd_2832.c ****     int ret = 0;
ARM GAS  C:\Users\ADMINI~1\AppData\Local\Temp\ccdP81J7.s 			page 24


 1016              		.loc 1 305 9
 1017 000a 0023     		movs	r3, #0
 1018 000c FB60     		str	r3, [r7, #12]
 306:Module/ssd_2832.c **** 
 307:Module/ssd_2832.c **** 
 308:Module/ssd_2832.c **** 		SSD2832_CS_L();		
 1019              		.loc 1 308 3
 1020 000e 104B     		ldr	r3, .L61
 1021 0010 1022     		movs	r2, #16
 1022 0012 1A60     		str	r2, [r3]
 309:Module/ssd_2832.c **** 		ret = bridge_a_spi_write(frame,len);
 1023              		.loc 1 309 9
 1024 0014 3B68     		ldr	r3, [r7]
 1025 0016 1946     		mov	r1, r3
 1026 0018 7868     		ldr	r0, [r7, #4]
 1027 001a FFF7FEFF 		bl	bridge_a_spi_write
 1028 001e F860     		str	r0, [r7, #12]
 310:Module/ssd_2832.c **** 		SSD2832_CS_H();		
 1029              		.loc 1 310 3
 1030 0020 0C4B     		ldr	r3, .L61+4
 1031 0022 1022     		movs	r2, #16
 1032 0024 1A60     		str	r2, [r3]
 311:Module/ssd_2832.c ****     if(ret > 0)
 1033              		.loc 1 311 7
 1034 0026 FB68     		ldr	r3, [r7, #12]
 1035 0028 002B     		cmp	r3, #0
 1036 002a 01DD     		ble	.L59
 312:Module/ssd_2832.c ****     {
 313:Module/ssd_2832.c ****         return 1;
 1037              		.loc 1 313 16
 1038 002c 0123     		movs	r3, #1
 1039 002e 0AE0     		b	.L60
 1040              	.L59:
 314:Module/ssd_2832.c ****     }
 315:Module/ssd_2832.c **** 
 316:Module/ssd_2832.c ****     log_err("fail\n");
 1041              		.loc 1 316 5
 1042 0030 4FF49E73 		mov	r3, #316
 1043 0034 0093     		str	r3, [sp]
 1044 0036 084B     		ldr	r3, .L61+8
 1045 0038 084A     		ldr	r2, .L61+12
 1046 003a 0949     		ldr	r1, .L61+16
 1047 003c 0948     		ldr	r0, .L61+20
 1048 003e FFF7FEFF 		bl	printf
 317:Module/ssd_2832.c ****     return -1;
 1049              		.loc 1 317 12
 1050 0042 4FF0FF33 		mov	r3, #-1
 1051              	.L60:
 318:Module/ssd_2832.c **** }
 1052              		.loc 1 318 1
 1053 0046 1846     		mov	r0, r3
 1054 0048 1037     		adds	r7, r7, #16
 1055              	.LCFI62:
 1056              		.cfi_def_cfa_offset 8
 1057 004a BD46     		mov	sp, r7
 1058              	.LCFI63:
 1059              		.cfi_def_cfa_register 13
ARM GAS  C:\Users\ADMINI~1\AppData\Local\Temp\ccdP81J7.s 			page 25


 1060              		@ sp needed
 1061 004c 80BD     		pop	{r7, pc}
 1062              	.L62:
 1063 004e 00BF     		.align	2
 1064              	.L61:
 1065 0050 14080140 		.word	1073809428
 1066 0054 10080140 		.word	1073809424
 1067 0058 00000000 		.word	.LC0
 1068 005c 00000000 		.word	__FUNCTION__.3
 1069 0060 14000000 		.word	.LC1
 1070 0064 1C000000 		.word	.LC2
 1071              		.cfi_endproc
 1072              	.LFE131:
 1074              		.section	.text.bridge_spi_read_data,"ax",%progbits
 1075              		.align	1
 1076              		.syntax unified
 1077              		.thumb
 1078              		.thumb_func
 1080              	bridge_spi_read_data:
 1081              	.LFB132:
 319:Module/ssd_2832.c **** /******************************************************************************/
 320:Module/ssd_2832.c **** /// Description:ssd2829 read data
 321:Module/ssd_2832.c **** /// @note:ssd2829 read data
 322:Module/ssd_2832.c **** /// @param input:data,len
 323:Module/ssd_2832.c **** /// @param output:null
 324:Module/ssd_2832.c **** /// @return value
 325:Module/ssd_2832.c **** /******************************************************************************/
 326:Module/ssd_2832.c **** static int bridge_spi_read_data(unsigned char *frame,uint32_t len)
 327:Module/ssd_2832.c **** {
 1082              		.loc 1 327 1
 1083              		.cfi_startproc
 1084              		@ args = 0, pretend = 0, frame = 24
 1085              		@ frame_needed = 1, uses_anonymous_args = 0
 1086 0000 80B5     		push	{r7, lr}
 1087              	.LCFI64:
 1088              		.cfi_def_cfa_offset 8
 1089              		.cfi_offset 7, -8
 1090              		.cfi_offset 14, -4
 1091 0002 86B0     		sub	sp, sp, #24
 1092              	.LCFI65:
 1093              		.cfi_def_cfa_offset 32
 1094 0004 00AF     		add	r7, sp, #0
 1095              	.LCFI66:
 1096              		.cfi_def_cfa_register 7
 1097 0006 7860     		str	r0, [r7, #4]
 1098 0008 3960     		str	r1, [r7]
 328:Module/ssd_2832.c ****     int i = 0;
 1099              		.loc 1 328 9
 1100 000a 0023     		movs	r3, #0
 1101 000c 7B61     		str	r3, [r7, #20]
 329:Module/ssd_2832.c ****     int ret = 0;
 1102              		.loc 1 329 9
 1103 000e 0023     		movs	r3, #0
 1104 0010 3B61     		str	r3, [r7, #16]
 330:Module/ssd_2832.c ****     unsigned char* data_buffer =(unsigned char*)malloc(len + 1);
 1105              		.loc 1 330 49
 1106 0012 3B68     		ldr	r3, [r7]
ARM GAS  C:\Users\ADMINI~1\AppData\Local\Temp\ccdP81J7.s 			page 26


 1107 0014 0133     		adds	r3, r3, #1
 1108 0016 1846     		mov	r0, r3
 1109 0018 FFF7FEFF 		bl	malloc
 1110 001c 0346     		mov	r3, r0
 1111 001e FB60     		str	r3, [r7, #12]
 331:Module/ssd_2832.c **** 
 332:Module/ssd_2832.c ****     for(i = 0; i < len; i += 2)
 1112              		.loc 1 332 11
 1113 0020 0023     		movs	r3, #0
 1114 0022 7B61     		str	r3, [r7, #20]
 1115              		.loc 1 332 5
 1116 0024 12E0     		b	.L64
 1117              	.L65:
 333:Module/ssd_2832.c ****     {
 334:Module/ssd_2832.c ****         bridge_write_buff[0] = 0x73;
 1118              		.loc 1 334 30 discriminator 3
 1119 0026 0E4B     		ldr	r3, .L67
 1120 0028 7322     		movs	r2, #115
 1121 002a 1A70     		strb	r2, [r3]
 335:Module/ssd_2832.c ****         ret = bridge_spi_write(bridge_write_buff,1);		
 1122              		.loc 1 335 15 discriminator 3
 1123 002c 0121     		movs	r1, #1
 1124 002e 0C48     		ldr	r0, .L67
 1125 0030 FFF7FEFF 		bl	bridge_spi_write
 1126 0034 3861     		str	r0, [r7, #16]
 336:Module/ssd_2832.c ****         ret = bridge_spi_read(frame + i,2);
 1127              		.loc 1 336 15 discriminator 3
 1128 0036 7B69     		ldr	r3, [r7, #20]
 1129 0038 7A68     		ldr	r2, [r7, #4]
 1130 003a 1344     		add	r3, r3, r2
 1131 003c 0221     		movs	r1, #2
 1132 003e 1846     		mov	r0, r3
 1133 0040 FFF7FEFF 		bl	bridge_spi_read
 1134 0044 3861     		str	r0, [r7, #16]
 332:Module/ssd_2832.c ****     {
 1135              		.loc 1 332 27 discriminator 3
 1136 0046 7B69     		ldr	r3, [r7, #20]
 1137 0048 0233     		adds	r3, r3, #2
 1138 004a 7B61     		str	r3, [r7, #20]
 1139              	.L64:
 332:Module/ssd_2832.c ****     {
 1140              		.loc 1 332 18 discriminator 1
 1141 004c 7B69     		ldr	r3, [r7, #20]
 332:Module/ssd_2832.c ****     {
 1142              		.loc 1 332 5 discriminator 1
 1143 004e 3A68     		ldr	r2, [r7]
 1144 0050 9A42     		cmp	r2, r3
 1145 0052 E8D8     		bhi	.L65
 337:Module/ssd_2832.c ****     }
 338:Module/ssd_2832.c ****     return ret;
 1146              		.loc 1 338 12
 1147 0054 3B69     		ldr	r3, [r7, #16]
 339:Module/ssd_2832.c **** }
 1148              		.loc 1 339 1
 1149 0056 1846     		mov	r0, r3
 1150 0058 1837     		adds	r7, r7, #24
 1151              	.LCFI67:
ARM GAS  C:\Users\ADMINI~1\AppData\Local\Temp\ccdP81J7.s 			page 27


 1152              		.cfi_def_cfa_offset 8
 1153 005a BD46     		mov	sp, r7
 1154              	.LCFI68:
 1155              		.cfi_def_cfa_register 13
 1156              		@ sp needed
 1157 005c 80BD     		pop	{r7, pc}
 1158              	.L68:
 1159 005e 00BF     		.align	2
 1160              	.L67:
 1161 0060 00000000 		.word	bridge_write_buff
 1162              		.cfi_endproc
 1163              	.LFE132:
 1165              		.section	.text.bridge_write_cmd,"ax",%progbits
 1166              		.align	1
 1167              		.syntax unified
 1168              		.thumb
 1169              		.thumb_func
 1171              	bridge_write_cmd:
 1172              	.LFB133:
 340:Module/ssd_2832.c **** /******************************************************************************/
 341:Module/ssd_2832.c **** /// Description:ssd2829 write command
 342:Module/ssd_2832.c **** /// @note:ssd2829 write command,use 24Bit mode
 343:Module/ssd_2832.c **** /// @param input:addr
 344:Module/ssd_2832.c **** /// @param output:null
 345:Module/ssd_2832.c **** /// @return value
 346:Module/ssd_2832.c **** /******************************************************************************/
 347:Module/ssd_2832.c **** static int bridge_write_cmd(unsigned char addr)
 348:Module/ssd_2832.c **** {
 1173              		.loc 1 348 1
 1174              		.cfi_startproc
 1175              		@ args = 0, pretend = 0, frame = 16
 1176              		@ frame_needed = 1, uses_anonymous_args = 0
 1177 0000 80B5     		push	{r7, lr}
 1178              	.LCFI69:
 1179              		.cfi_def_cfa_offset 8
 1180              		.cfi_offset 7, -8
 1181              		.cfi_offset 14, -4
 1182 0002 84B0     		sub	sp, sp, #16
 1183              	.LCFI70:
 1184              		.cfi_def_cfa_offset 24
 1185 0004 00AF     		add	r7, sp, #0
 1186              	.LCFI71:
 1187              		.cfi_def_cfa_register 7
 1188 0006 0346     		mov	r3, r0
 1189 0008 FB71     		strb	r3, [r7, #7]
 349:Module/ssd_2832.c ****     int i = 0;
 1190              		.loc 1 349 9
 1191 000a 0023     		movs	r3, #0
 1192 000c FB60     		str	r3, [r7, #12]
 350:Module/ssd_2832.c **** 
 351:Module/ssd_2832.c ****     bridge_write_buff[i++] = 0x70;
 1193              		.loc 1 351 24
 1194 000e FB68     		ldr	r3, [r7, #12]
 1195 0010 5A1C     		adds	r2, r3, #1
 1196 0012 FA60     		str	r2, [r7, #12]
 1197              		.loc 1 351 28
 1198 0014 0C4A     		ldr	r2, .L71
ARM GAS  C:\Users\ADMINI~1\AppData\Local\Temp\ccdP81J7.s 			page 28


 1199 0016 7021     		movs	r1, #112
 1200 0018 D154     		strb	r1, [r2, r3]
 352:Module/ssd_2832.c ****     bridge_write_buff[i++] = 0x00;
 1201              		.loc 1 352 24
 1202 001a FB68     		ldr	r3, [r7, #12]
 1203 001c 5A1C     		adds	r2, r3, #1
 1204 001e FA60     		str	r2, [r7, #12]
 1205              		.loc 1 352 28
 1206 0020 094A     		ldr	r2, .L71
 1207 0022 0021     		movs	r1, #0
 1208 0024 D154     		strb	r1, [r2, r3]
 353:Module/ssd_2832.c ****     bridge_write_buff[i++] = addr;
 1209              		.loc 1 353 24
 1210 0026 FB68     		ldr	r3, [r7, #12]
 1211 0028 5A1C     		adds	r2, r3, #1
 1212 002a FA60     		str	r2, [r7, #12]
 1213              		.loc 1 353 28
 1214 002c 0649     		ldr	r1, .L71
 1215 002e FA79     		ldrb	r2, [r7, #7]
 1216 0030 CA54     		strb	r2, [r1, r3]
 354:Module/ssd_2832.c **** 
 355:Module/ssd_2832.c ****     return bridge_spi_write(bridge_write_buff,i);
 1217              		.loc 1 355 12
 1218 0032 FB68     		ldr	r3, [r7, #12]
 1219 0034 1946     		mov	r1, r3
 1220 0036 0448     		ldr	r0, .L71
 1221 0038 FFF7FEFF 		bl	bridge_spi_write
 1222 003c 0346     		mov	r3, r0
 356:Module/ssd_2832.c **** }
 1223              		.loc 1 356 1
 1224 003e 1846     		mov	r0, r3
 1225 0040 1037     		adds	r7, r7, #16
 1226              	.LCFI72:
 1227              		.cfi_def_cfa_offset 8
 1228 0042 BD46     		mov	sp, r7
 1229              	.LCFI73:
 1230              		.cfi_def_cfa_register 13
 1231              		@ sp needed
 1232 0044 80BD     		pop	{r7, pc}
 1233              	.L72:
 1234 0046 00BF     		.align	2
 1235              	.L71:
 1236 0048 00000000 		.word	bridge_write_buff
 1237              		.cfi_endproc
 1238              	.LFE133:
 1240              		.section	.text.bridge_write_data,"ax",%progbits
 1241              		.align	1
 1242              		.syntax unified
 1243              		.thumb
 1244              		.thumb_func
 1246              	bridge_write_data:
 1247              	.LFB134:
 357:Module/ssd_2832.c **** /******************************************************************************/
 358:Module/ssd_2832.c **** /// Description:ssd2829 write data
 359:Module/ssd_2832.c **** /// @note:ssd2829 write data,use 24Bit mode,MSB First
 360:Module/ssd_2832.c **** /// @param input:data,len
 361:Module/ssd_2832.c **** /// @param output:null
ARM GAS  C:\Users\ADMINI~1\AppData\Local\Temp\ccdP81J7.s 			page 29


 362:Module/ssd_2832.c **** /// @return value
 363:Module/ssd_2832.c **** /******************************************************************************/
 364:Module/ssd_2832.c **** static int bridge_write_data(unsigned char *frame,uint32_t len)
 365:Module/ssd_2832.c **** {
 1248              		.loc 1 365 1
 1249              		.cfi_startproc
 1250              		@ args = 0, pretend = 0, frame = 24
 1251              		@ frame_needed = 1, uses_anonymous_args = 0
 1252 0000 80B5     		push	{r7, lr}
 1253              	.LCFI74:
 1254              		.cfi_def_cfa_offset 8
 1255              		.cfi_offset 7, -8
 1256              		.cfi_offset 14, -4
 1257 0002 86B0     		sub	sp, sp, #24
 1258              	.LCFI75:
 1259              		.cfi_def_cfa_offset 32
 1260 0004 00AF     		add	r7, sp, #0
 1261              	.LCFI76:
 1262              		.cfi_def_cfa_register 7
 1263 0006 7860     		str	r0, [r7, #4]
 1264 0008 3960     		str	r1, [r7]
 366:Module/ssd_2832.c ****     int i = 0;
 1265              		.loc 1 366 9
 1266 000a 0023     		movs	r3, #0
 1267 000c 7B61     		str	r3, [r7, #20]
 367:Module/ssd_2832.c ****     int ret = 0;
 1268              		.loc 1 367 9
 1269 000e 0023     		movs	r3, #0
 1270 0010 3B61     		str	r3, [r7, #16]
 368:Module/ssd_2832.c ****     int count = 0;
 1271              		.loc 1 368 9
 1272 0012 0023     		movs	r3, #0
 1273 0014 FB60     		str	r3, [r7, #12]
 369:Module/ssd_2832.c **** 
 370:Module/ssd_2832.c ****     count = len % 2;   
 1274              		.loc 1 370 17
 1275 0016 3B68     		ldr	r3, [r7]
 1276              		.loc 1 370 11
 1277 0018 03F00103 		and	r3, r3, #1
 1278 001c FB60     		str	r3, [r7, #12]
 371:Module/ssd_2832.c ****     for(i = 0; i < len - count; i += 2)
 1279              		.loc 1 371 11
 1280 001e 0023     		movs	r3, #0
 1281 0020 7B61     		str	r3, [r7, #20]
 1282              		.loc 1 371 5
 1283 0022 16E0     		b	.L74
 1284              	.L75:
 372:Module/ssd_2832.c ****     {
 373:Module/ssd_2832.c ****         bridge_write_buff[0] = 0x72;
 1285              		.loc 1 373 30 discriminator 3
 1286 0024 194B     		ldr	r3, .L78
 1287 0026 7222     		movs	r2, #114
 1288 0028 1A70     		strb	r2, [r3]
 374:Module/ssd_2832.c ****     	bridge_write_buff[1] = *frame++;
 1289              		.loc 1 374 35 discriminator 3
 1290 002a 7B68     		ldr	r3, [r7, #4]
 1291 002c 5A1C     		adds	r2, r3, #1
ARM GAS  C:\Users\ADMINI~1\AppData\Local\Temp\ccdP81J7.s 			page 30


 1292 002e 7A60     		str	r2, [r7, #4]
 1293              		.loc 1 374 29 discriminator 3
 1294 0030 1A78     		ldrb	r2, [r3]	@ zero_extendqisi2
 1295              		.loc 1 374 27 discriminator 3
 1296 0032 164B     		ldr	r3, .L78
 1297 0034 5A70     		strb	r2, [r3, #1]
 375:Module/ssd_2832.c ****         bridge_write_buff[2] = *frame++;
 1298              		.loc 1 375 38 discriminator 3
 1299 0036 7B68     		ldr	r3, [r7, #4]
 1300 0038 5A1C     		adds	r2, r3, #1
 1301 003a 7A60     		str	r2, [r7, #4]
 1302              		.loc 1 375 32 discriminator 3
 1303 003c 1A78     		ldrb	r2, [r3]	@ zero_extendqisi2
 1304              		.loc 1 375 30 discriminator 3
 1305 003e 134B     		ldr	r3, .L78
 1306 0040 9A70     		strb	r2, [r3, #2]
 376:Module/ssd_2832.c **** 
 377:Module/ssd_2832.c ****         ret = bridge_spi_write(bridge_write_buff,3);
 1307              		.loc 1 377 15 discriminator 3
 1308 0042 0321     		movs	r1, #3
 1309 0044 1148     		ldr	r0, .L78
 1310 0046 FFF7FEFF 		bl	bridge_spi_write
 1311 004a 3861     		str	r0, [r7, #16]
 371:Module/ssd_2832.c ****     {
 1312              		.loc 1 371 35 discriminator 3
 1313 004c 7B69     		ldr	r3, [r7, #20]
 1314 004e 0233     		adds	r3, r3, #2
 1315 0050 7B61     		str	r3, [r7, #20]
 1316              	.L74:
 371:Module/ssd_2832.c ****     {
 1317              		.loc 1 371 24 discriminator 1
 1318 0052 FB68     		ldr	r3, [r7, #12]
 1319 0054 3A68     		ldr	r2, [r7]
 1320 0056 D21A     		subs	r2, r2, r3
 371:Module/ssd_2832.c ****     {
 1321              		.loc 1 371 18 discriminator 1
 1322 0058 7B69     		ldr	r3, [r7, #20]
 371:Module/ssd_2832.c ****     {
 1323              		.loc 1 371 5 discriminator 1
 1324 005a 9A42     		cmp	r2, r3
 1325 005c E2D8     		bhi	.L75
 378:Module/ssd_2832.c ****     }
 379:Module/ssd_2832.c **** 
 380:Module/ssd_2832.c **** 	if(count)
 1326              		.loc 1 380 4
 1327 005e FB68     		ldr	r3, [r7, #12]
 1328 0060 002B     		cmp	r3, #0
 1329 0062 0ED0     		beq	.L76
 381:Module/ssd_2832.c **** 	{
 382:Module/ssd_2832.c ****         bridge_write_buff[0] = 0x72;
 1330              		.loc 1 382 30
 1331 0064 094B     		ldr	r3, .L78
 1332 0066 7222     		movs	r2, #114
 1333 0068 1A70     		strb	r2, [r3]
 383:Module/ssd_2832.c ****     	bridge_write_buff[1] = 0x00;
 1334              		.loc 1 383 27
 1335 006a 084B     		ldr	r3, .L78
ARM GAS  C:\Users\ADMINI~1\AppData\Local\Temp\ccdP81J7.s 			page 31


 1336 006c 0022     		movs	r2, #0
 1337 006e 5A70     		strb	r2, [r3, #1]
 384:Module/ssd_2832.c ****         bridge_write_buff[2] = *frame;
 1338              		.loc 1 384 32
 1339 0070 7B68     		ldr	r3, [r7, #4]
 1340 0072 1A78     		ldrb	r2, [r3]	@ zero_extendqisi2
 1341              		.loc 1 384 30
 1342 0074 054B     		ldr	r3, .L78
 1343 0076 9A70     		strb	r2, [r3, #2]
 385:Module/ssd_2832.c **** 
 386:Module/ssd_2832.c ****         ret = bridge_spi_write(bridge_write_buff,3);
 1344              		.loc 1 386 15
 1345 0078 0321     		movs	r1, #3
 1346 007a 0448     		ldr	r0, .L78
 1347 007c FFF7FEFF 		bl	bridge_spi_write
 1348 0080 3861     		str	r0, [r7, #16]
 1349              	.L76:
 387:Module/ssd_2832.c **** 	}
 388:Module/ssd_2832.c ****     return ret;
 1350              		.loc 1 388 12
 1351 0082 3B69     		ldr	r3, [r7, #16]
 389:Module/ssd_2832.c **** }
 1352              		.loc 1 389 1
 1353 0084 1846     		mov	r0, r3
 1354 0086 1837     		adds	r7, r7, #24
 1355              	.LCFI77:
 1356              		.cfi_def_cfa_offset 8
 1357 0088 BD46     		mov	sp, r7
 1358              	.LCFI78:
 1359              		.cfi_def_cfa_register 13
 1360              		@ sp needed
 1361 008a 80BD     		pop	{r7, pc}
 1362              	.L79:
 1363              		.align	2
 1364              	.L78:
 1365 008c 00000000 		.word	bridge_write_buff
 1366              		.cfi_endproc
 1367              	.LFE134:
 1369              		.section	.rodata
 1370 0031 000000   		.align	2
 1371              	.LC3:
 1372 0034 25733A49 		.ascii	"%s:ID: 0x%x\015\012\000"
 1372      443A2030 
 1372      7825780D 
 1372      0A00
 1373              		.section	.text.Read_SSD2832_Id,"ax",%progbits
 1374              		.align	1
 1375              		.global	Read_SSD2832_Id
 1376              		.syntax unified
 1377              		.thumb
 1378              		.thumb_func
 1380              	Read_SSD2832_Id:
 1381              	.LFB135:
 390:Module/ssd_2832.c **** 
 391:Module/ssd_2832.c **** 
 392:Module/ssd_2832.c **** void Read_SSD2832_Id(void)
 393:Module/ssd_2832.c **** {
ARM GAS  C:\Users\ADMINI~1\AppData\Local\Temp\ccdP81J7.s 			page 32


 1382              		.loc 1 393 1
 1383              		.cfi_startproc
 1384              		@ args = 0, pretend = 0, frame = 8
 1385              		@ frame_needed = 1, uses_anonymous_args = 0
 1386 0000 80B5     		push	{r7, lr}
 1387              	.LCFI79:
 1388              		.cfi_def_cfa_offset 8
 1389              		.cfi_offset 7, -8
 1390              		.cfi_offset 14, -4
 1391 0002 82B0     		sub	sp, sp, #8
 1392              	.LCFI80:
 1393              		.cfi_def_cfa_offset 16
 1394 0004 00AF     		add	r7, sp, #0
 1395              	.LCFI81:
 1396              		.cfi_def_cfa_register 7
 394:Module/ssd_2832.c **** 	uint8_t temp_buf[4];
 395:Module/ssd_2832.c **** 	temp_buf[0]=0x00;
 1397              		.loc 1 395 13
 1398 0006 0023     		movs	r3, #0
 1399 0008 3B70     		strb	r3, [r7]
 396:Module/ssd_2832.c **** 	temp_buf[1]=0xfa;
 1400              		.loc 1 396 13
 1401 000a FA23     		movs	r3, #250
 1402 000c 7B70     		strb	r3, [r7, #1]
 397:Module/ssd_2832.c **** 	bridge_write_cmd(0xd4);
 1403              		.loc 1 397 2
 1404 000e D420     		movs	r0, #212
 1405 0010 FFF7FEFF 		bl	bridge_write_cmd
 398:Module/ssd_2832.c **** 	bridge_write_data(temp_buf,2);
 1406              		.loc 1 398 2
 1407 0014 3B46     		mov	r3, r7
 1408 0016 0221     		movs	r1, #2
 1409 0018 1846     		mov	r0, r3
 1410 001a FFF7FEFF 		bl	bridge_write_data
 399:Module/ssd_2832.c **** 	bridge_write_cmd(0xb0);
 1411              		.loc 1 399 2
 1412 001e B020     		movs	r0, #176
 1413 0020 FFF7FEFF 		bl	bridge_write_cmd
 400:Module/ssd_2832.c **** 	bridge_write_cmd(0xfa);
 1414              		.loc 1 400 2
 1415 0024 FA20     		movs	r0, #250
 1416 0026 FFF7FEFF 		bl	bridge_write_cmd
 401:Module/ssd_2832.c **** 	bridge_spi_read(temp_buf,4);
 1417              		.loc 1 401 2
 1418 002a 3B46     		mov	r3, r7
 1419 002c 0421     		movs	r1, #4
 1420 002e 1846     		mov	r0, r3
 1421 0030 FFF7FEFF 		bl	bridge_spi_read
 1422              	.LBB4:
 402:Module/ssd_2832.c **** 	for(int i=0;i<4;i++)
 1423              		.loc 1 402 10
 1424 0034 0023     		movs	r3, #0
 1425 0036 7B60     		str	r3, [r7, #4]
 1426              		.loc 1 402 2
 1427 0038 0BE0     		b	.L81
 1428              	.L82:
 403:Module/ssd_2832.c **** 	log_info("ID: 0x%x",temp_buf[i]);
ARM GAS  C:\Users\ADMINI~1\AppData\Local\Temp\ccdP81J7.s 			page 33


 1429              		.loc 1 403 2 discriminator 3
 1430 003a 3A46     		mov	r2, r7
 1431 003c 7B68     		ldr	r3, [r7, #4]
 1432 003e 1344     		add	r3, r3, r2
 1433 0040 1B78     		ldrb	r3, [r3]	@ zero_extendqisi2
 1434 0042 1A46     		mov	r2, r3
 1435 0044 0749     		ldr	r1, .L83
 1436 0046 0848     		ldr	r0, .L83+4
 1437 0048 FFF7FEFF 		bl	printf
 402:Module/ssd_2832.c **** 	for(int i=0;i<4;i++)
 1438              		.loc 1 402 19 discriminator 3
 1439 004c 7B68     		ldr	r3, [r7, #4]
 1440 004e 0133     		adds	r3, r3, #1
 1441 0050 7B60     		str	r3, [r7, #4]
 1442              	.L81:
 402:Module/ssd_2832.c **** 	for(int i=0;i<4;i++)
 1443              		.loc 1 402 2 discriminator 1
 1444 0052 7B68     		ldr	r3, [r7, #4]
 1445 0054 032B     		cmp	r3, #3
 1446 0056 F0DD     		ble	.L82
 1447              	.LBE4:
 404:Module/ssd_2832.c **** 	
 405:Module/ssd_2832.c **** }
 1448              		.loc 1 405 1
 1449 0058 00BF     		nop
 1450 005a 00BF     		nop
 1451 005c 0837     		adds	r7, r7, #8
 1452              	.LCFI82:
 1453              		.cfi_def_cfa_offset 8
 1454 005e BD46     		mov	sp, r7
 1455              	.LCFI83:
 1456              		.cfi_def_cfa_register 13
 1457              		@ sp needed
 1458 0060 80BD     		pop	{r7, pc}
 1459              	.L84:
 1460 0062 00BF     		.align	2
 1461              	.L83:
 1462 0064 14000000 		.word	.LC1
 1463 0068 34000000 		.word	.LC3
 1464              		.cfi_endproc
 1465              	.LFE135:
 1467              		.section	.text.bridge_write_lsb_data,"ax",%progbits
 1468              		.align	1
 1469              		.syntax unified
 1470              		.thumb
 1471              		.thumb_func
 1473              	bridge_write_lsb_data:
 1474              	.LFB136:
 406:Module/ssd_2832.c **** 
 407:Module/ssd_2832.c **** 
 408:Module/ssd_2832.c **** /******************************************************************************/
 409:Module/ssd_2832.c **** /// Description:ssd2829 write data
 410:Module/ssd_2832.c **** /// @note:ssd2829 write data,use 24Bit mode,LSB First
 411:Module/ssd_2832.c **** /// @param input:data,len
 412:Module/ssd_2832.c **** /// @param output:null
 413:Module/ssd_2832.c **** /// @return value
 414:Module/ssd_2832.c **** /******************************************************************************/
ARM GAS  C:\Users\ADMINI~1\AppData\Local\Temp\ccdP81J7.s 			page 34


 415:Module/ssd_2832.c **** static int bridge_write_lsb_data(unsigned char *frame,uint32_t len)
 416:Module/ssd_2832.c **** {
 1475              		.loc 1 416 1
 1476              		.cfi_startproc
 1477              		@ args = 0, pretend = 0, frame = 24
 1478              		@ frame_needed = 1, uses_anonymous_args = 0
 1479 0000 80B5     		push	{r7, lr}
 1480              	.LCFI84:
 1481              		.cfi_def_cfa_offset 8
 1482              		.cfi_offset 7, -8
 1483              		.cfi_offset 14, -4
 1484 0002 86B0     		sub	sp, sp, #24
 1485              	.LCFI85:
 1486              		.cfi_def_cfa_offset 32
 1487 0004 00AF     		add	r7, sp, #0
 1488              	.LCFI86:
 1489              		.cfi_def_cfa_register 7
 1490 0006 7860     		str	r0, [r7, #4]
 1491 0008 3960     		str	r1, [r7]
 417:Module/ssd_2832.c ****     int i = 0;
 1492              		.loc 1 417 9
 1493 000a 0023     		movs	r3, #0
 1494 000c 7B61     		str	r3, [r7, #20]
 418:Module/ssd_2832.c ****     int ret = 0;
 1495              		.loc 1 418 9
 1496 000e 0023     		movs	r3, #0
 1497 0010 3B61     		str	r3, [r7, #16]
 419:Module/ssd_2832.c ****     int count = 0;
 1498              		.loc 1 419 9
 1499 0012 0023     		movs	r3, #0
 1500 0014 FB60     		str	r3, [r7, #12]
 420:Module/ssd_2832.c **** 
 421:Module/ssd_2832.c ****     count = len % 2;
 1501              		.loc 1 421 17
 1502 0016 3B68     		ldr	r3, [r7]
 1503              		.loc 1 421 11
 1504 0018 03F00103 		and	r3, r3, #1
 1505 001c FB60     		str	r3, [r7, #12]
 422:Module/ssd_2832.c **** 
 423:Module/ssd_2832.c ****     for(i = 0; i < len - count; i += 2)
 1506              		.loc 1 423 11
 1507 001e 0023     		movs	r3, #0
 1508 0020 7B61     		str	r3, [r7, #20]
 1509              		.loc 1 423 5
 1510 0022 16E0     		b	.L86
 1511              	.L87:
 424:Module/ssd_2832.c ****     {
 425:Module/ssd_2832.c ****         bridge_write_buff[0] = 0x72;
 1512              		.loc 1 425 30 discriminator 3
 1513 0024 194B     		ldr	r3, .L90
 1514 0026 7222     		movs	r2, #114
 1515 0028 1A70     		strb	r2, [r3]
 426:Module/ssd_2832.c ****         bridge_write_buff[2] = *frame++;
 1516              		.loc 1 426 38 discriminator 3
 1517 002a 7B68     		ldr	r3, [r7, #4]
 1518 002c 5A1C     		adds	r2, r3, #1
 1519 002e 7A60     		str	r2, [r7, #4]
ARM GAS  C:\Users\ADMINI~1\AppData\Local\Temp\ccdP81J7.s 			page 35


 1520              		.loc 1 426 32 discriminator 3
 1521 0030 1A78     		ldrb	r2, [r3]	@ zero_extendqisi2
 1522              		.loc 1 426 30 discriminator 3
 1523 0032 164B     		ldr	r3, .L90
 1524 0034 9A70     		strb	r2, [r3, #2]
 427:Module/ssd_2832.c ****     	bridge_write_buff[1] = *frame++;
 1525              		.loc 1 427 35 discriminator 3
 1526 0036 7B68     		ldr	r3, [r7, #4]
 1527 0038 5A1C     		adds	r2, r3, #1
 1528 003a 7A60     		str	r2, [r7, #4]
 1529              		.loc 1 427 29 discriminator 3
 1530 003c 1A78     		ldrb	r2, [r3]	@ zero_extendqisi2
 1531              		.loc 1 427 27 discriminator 3
 1532 003e 134B     		ldr	r3, .L90
 1533 0040 5A70     		strb	r2, [r3, #1]
 428:Module/ssd_2832.c **** 
 429:Module/ssd_2832.c ****         ret = bridge_spi_write(bridge_write_buff,3);
 1534              		.loc 1 429 15 discriminator 3
 1535 0042 0321     		movs	r1, #3
 1536 0044 1148     		ldr	r0, .L90
 1537 0046 FFF7FEFF 		bl	bridge_spi_write
 1538 004a 3861     		str	r0, [r7, #16]
 423:Module/ssd_2832.c ****     {
 1539              		.loc 1 423 35 discriminator 3
 1540 004c 7B69     		ldr	r3, [r7, #20]
 1541 004e 0233     		adds	r3, r3, #2
 1542 0050 7B61     		str	r3, [r7, #20]
 1543              	.L86:
 423:Module/ssd_2832.c ****     {
 1544              		.loc 1 423 24 discriminator 1
 1545 0052 FB68     		ldr	r3, [r7, #12]
 1546 0054 3A68     		ldr	r2, [r7]
 1547 0056 D21A     		subs	r2, r2, r3
 423:Module/ssd_2832.c ****     {
 1548              		.loc 1 423 18 discriminator 1
 1549 0058 7B69     		ldr	r3, [r7, #20]
 423:Module/ssd_2832.c ****     {
 1550              		.loc 1 423 5 discriminator 1
 1551 005a 9A42     		cmp	r2, r3
 1552 005c E2D8     		bhi	.L87
 430:Module/ssd_2832.c ****     }
 431:Module/ssd_2832.c **** 
 432:Module/ssd_2832.c **** 	if(count)
 1553              		.loc 1 432 4
 1554 005e FB68     		ldr	r3, [r7, #12]
 1555 0060 002B     		cmp	r3, #0
 1556 0062 0ED0     		beq	.L88
 433:Module/ssd_2832.c **** 	{
 434:Module/ssd_2832.c ****         bridge_write_buff[0] = 0x72;
 1557              		.loc 1 434 30
 1558 0064 094B     		ldr	r3, .L90
 1559 0066 7222     		movs	r2, #114
 1560 0068 1A70     		strb	r2, [r3]
 435:Module/ssd_2832.c ****         bridge_write_buff[2] = *frame;
 1561              		.loc 1 435 32
 1562 006a 7B68     		ldr	r3, [r7, #4]
 1563 006c 1A78     		ldrb	r2, [r3]	@ zero_extendqisi2
ARM GAS  C:\Users\ADMINI~1\AppData\Local\Temp\ccdP81J7.s 			page 36


 1564              		.loc 1 435 30
 1565 006e 074B     		ldr	r3, .L90
 1566 0070 9A70     		strb	r2, [r3, #2]
 436:Module/ssd_2832.c ****     	bridge_write_buff[1] = 0x00;
 1567              		.loc 1 436 27
 1568 0072 064B     		ldr	r3, .L90
 1569 0074 0022     		movs	r2, #0
 1570 0076 5A70     		strb	r2, [r3, #1]
 437:Module/ssd_2832.c **** 
 438:Module/ssd_2832.c ****         ret = bridge_spi_write(bridge_write_buff,3);
 1571              		.loc 1 438 15
 1572 0078 0321     		movs	r1, #3
 1573 007a 0448     		ldr	r0, .L90
 1574 007c FFF7FEFF 		bl	bridge_spi_write
 1575 0080 3861     		str	r0, [r7, #16]
 1576              	.L88:
 439:Module/ssd_2832.c **** 	}
 440:Module/ssd_2832.c ****     return ret;
 1577              		.loc 1 440 12
 1578 0082 3B69     		ldr	r3, [r7, #16]
 441:Module/ssd_2832.c **** }
 1579              		.loc 1 441 1
 1580 0084 1846     		mov	r0, r3
 1581 0086 1837     		adds	r7, r7, #24
 1582              	.LCFI87:
 1583              		.cfi_def_cfa_offset 8
 1584 0088 BD46     		mov	sp, r7
 1585              	.LCFI88:
 1586              		.cfi_def_cfa_register 13
 1587              		@ sp needed
 1588 008a 80BD     		pop	{r7, pc}
 1589              	.L91:
 1590              		.align	2
 1591              	.L90:
 1592 008c 00000000 		.word	bridge_write_buff
 1593              		.cfi_endproc
 1594              	.LFE136:
 1596              		.section	.text.bridge_write_reg_32bit,"ax",%progbits
 1597              		.align	1
 1598              		.global	bridge_write_reg_32bit
 1599              		.syntax unified
 1600              		.thumb
 1601              		.thumb_func
 1603              	bridge_write_reg_32bit:
 1604              	.LFB137:
 442:Module/ssd_2832.c **** /******************************************************************************/
 443:Module/ssd_2832.c **** /// Description:ssd2829 write register
 444:Module/ssd_2832.c **** /// @note:ssd2829 write register(32BIT)
 445:Module/ssd_2832.c **** /// @param input:data,len
 446:Module/ssd_2832.c **** /// @param output:null
 447:Module/ssd_2832.c **** /// @return value
 448:Module/ssd_2832.c **** /******************************************************************************/
 449:Module/ssd_2832.c **** int bridge_write_reg_32bit(unsigned char addr,uint32_t tmp)
 450:Module/ssd_2832.c **** {
 1605              		.loc 1 450 1
 1606              		.cfi_startproc
 1607              		@ args = 0, pretend = 0, frame = 16
ARM GAS  C:\Users\ADMINI~1\AppData\Local\Temp\ccdP81J7.s 			page 37


 1608              		@ frame_needed = 1, uses_anonymous_args = 0
 1609 0000 80B5     		push	{r7, lr}
 1610              	.LCFI89:
 1611              		.cfi_def_cfa_offset 8
 1612              		.cfi_offset 7, -8
 1613              		.cfi_offset 14, -4
 1614 0002 84B0     		sub	sp, sp, #16
 1615              	.LCFI90:
 1616              		.cfi_def_cfa_offset 24
 1617 0004 00AF     		add	r7, sp, #0
 1618              	.LCFI91:
 1619              		.cfi_def_cfa_register 7
 1620 0006 0346     		mov	r3, r0
 1621 0008 3960     		str	r1, [r7]
 1622 000a FB71     		strb	r3, [r7, #7]
 451:Module/ssd_2832.c ****     int ret = 0;
 1623              		.loc 1 451 9
 1624 000c 0023     		movs	r3, #0
 1625 000e FB60     		str	r3, [r7, #12]
 452:Module/ssd_2832.c ****     unsigned char tmp_buff[4] = {0};
 1626              		.loc 1 452 19
 1627 0010 0023     		movs	r3, #0
 1628 0012 BB60     		str	r3, [r7, #8]
 453:Module/ssd_2832.c **** 
 454:Module/ssd_2832.c ****     if(addr == 0xB6)
 1629              		.loc 1 454 7
 1630 0014 FB79     		ldrb	r3, [r7, #7]	@ zero_extendqisi2
 1631 0016 B62B     		cmp	r3, #182
 1632 0018 02D1     		bne	.L93
 455:Module/ssd_2832.c ****         bridge_mem_reg_b6[0] = tmp;
 1633              		.loc 1 455 30
 1634 001a 174A     		ldr	r2, .L97
 1635 001c 3B68     		ldr	r3, [r7]
 1636 001e 1360     		str	r3, [r2]
 1637              	.L93:
 456:Module/ssd_2832.c **** 
 457:Module/ssd_2832.c ****     if(addr == 0xB7)
 1638              		.loc 1 457 7
 1639 0020 FB79     		ldrb	r3, [r7, #7]	@ zero_extendqisi2
 1640 0022 B72B     		cmp	r3, #183
 1641 0024 02D1     		bne	.L94
 458:Module/ssd_2832.c ****         bridge_mem_reg_b7[0] = tmp;
 1642              		.loc 1 458 30
 1643 0026 154A     		ldr	r2, .L97+4
 1644 0028 3B68     		ldr	r3, [r7]
 1645 002a 1360     		str	r3, [r2]
 1646              	.L94:
 459:Module/ssd_2832.c **** 
 460:Module/ssd_2832.c ****     if(addr == 0xDE)
 1647              		.loc 1 460 7
 1648 002c FB79     		ldrb	r3, [r7, #7]	@ zero_extendqisi2
 1649 002e DE2B     		cmp	r3, #222
 1650 0030 02D1     		bne	.L95
 461:Module/ssd_2832.c ****         bridge_mem_reg_de[0] = tmp;
 1651              		.loc 1 461 30
 1652 0032 134A     		ldr	r2, .L97+8
 1653 0034 3B68     		ldr	r3, [r7]
ARM GAS  C:\Users\ADMINI~1\AppData\Local\Temp\ccdP81J7.s 			page 38


 1654 0036 1360     		str	r3, [r2]
 1655              	.L95:
 462:Module/ssd_2832.c **** 
 463:Module/ssd_2832.c **** 	tmp_buff[2] = (tmp >> 24) & 0xFF;
 1656              		.loc 1 463 21
 1657 0038 3B68     		ldr	r3, [r7]
 1658 003a 1B0E     		lsrs	r3, r3, #24
 1659              		.loc 1 463 14
 1660 003c DBB2     		uxtb	r3, r3
 1661 003e BB72     		strb	r3, [r7, #10]
 464:Module/ssd_2832.c **** 	tmp_buff[3] = (tmp >> 16) & 0xFF;
 1662              		.loc 1 464 21
 1663 0040 3B68     		ldr	r3, [r7]
 1664 0042 1B0C     		lsrs	r3, r3, #16
 1665              		.loc 1 464 14
 1666 0044 DBB2     		uxtb	r3, r3
 1667 0046 FB72     		strb	r3, [r7, #11]
 465:Module/ssd_2832.c **** 	tmp_buff[0] = (tmp >> 8) & 0xFF;
 1668              		.loc 1 465 21
 1669 0048 3B68     		ldr	r3, [r7]
 1670 004a 1B0A     		lsrs	r3, r3, #8
 1671              		.loc 1 465 14
 1672 004c DBB2     		uxtb	r3, r3
 1673 004e 3B72     		strb	r3, [r7, #8]
 466:Module/ssd_2832.c **** 	tmp_buff[1] = (tmp >> 0) & 0xFF;
 1674              		.loc 1 466 14
 1675 0050 3B68     		ldr	r3, [r7]
 1676 0052 DBB2     		uxtb	r3, r3
 1677 0054 7B72     		strb	r3, [r7, #9]
 467:Module/ssd_2832.c **** 	
 468:Module/ssd_2832.c **** 	ret = bridge_write_cmd(addr);
 1678              		.loc 1 468 8
 1679 0056 FB79     		ldrb	r3, [r7, #7]	@ zero_extendqisi2
 1680 0058 1846     		mov	r0, r3
 1681 005a FFF7FEFF 		bl	bridge_write_cmd
 1682 005e F860     		str	r0, [r7, #12]
 469:Module/ssd_2832.c **** 	ret = bridge_write_data(tmp_buff,sizeof(tmp_buff));
 1683              		.loc 1 469 8
 1684 0060 07F10803 		add	r3, r7, #8
 1685 0064 0421     		movs	r1, #4
 1686 0066 1846     		mov	r0, r3
 1687 0068 FFF7FEFF 		bl	bridge_write_data
 1688 006c F860     		str	r0, [r7, #12]
 470:Module/ssd_2832.c **** 
 471:Module/ssd_2832.c ****     return ret;
 1689              		.loc 1 471 12
 1690 006e FB68     		ldr	r3, [r7, #12]
 472:Module/ssd_2832.c **** }
 1691              		.loc 1 472 1
 1692 0070 1846     		mov	r0, r3
 1693 0072 1037     		adds	r7, r7, #16
 1694              	.LCFI92:
 1695              		.cfi_def_cfa_offset 8
 1696 0074 BD46     		mov	sp, r7
 1697              	.LCFI93:
 1698              		.cfi_def_cfa_register 13
 1699              		@ sp needed
ARM GAS  C:\Users\ADMINI~1\AppData\Local\Temp\ccdP81J7.s 			page 39


 1700 0076 80BD     		pop	{r7, pc}
 1701              	.L98:
 1702              		.align	2
 1703              	.L97:
 1704 0078 00000000 		.word	bridge_mem_reg_b6
 1705 007c 00000000 		.word	bridge_mem_reg_b7
 1706 0080 00000000 		.word	bridge_mem_reg_de
 1707              		.cfi_endproc
 1708              	.LFE137:
 1710              		.section	.text.bridge_write_reg_16bit,"ax",%progbits
 1711              		.align	1
 1712              		.global	bridge_write_reg_16bit
 1713              		.syntax unified
 1714              		.thumb
 1715              		.thumb_func
 1717              	bridge_write_reg_16bit:
 1718              	.LFB138:
 473:Module/ssd_2832.c **** /******************************************************************************/
 474:Module/ssd_2832.c **** /// Description:ssd2829 write register
 475:Module/ssd_2832.c **** /// @note:ssd2829 write register(16BIT)
 476:Module/ssd_2832.c **** /// @param input:data,len
 477:Module/ssd_2832.c **** /// @param output:null
 478:Module/ssd_2832.c **** /// @return value
 479:Module/ssd_2832.c **** /******************************************************************************/
 480:Module/ssd_2832.c **** int bridge_write_reg_16bit(unsigned char addr,uint16_t tmp)
 481:Module/ssd_2832.c **** {
 1719              		.loc 1 481 1
 1720              		.cfi_startproc
 1721              		@ args = 0, pretend = 0, frame = 16
 1722              		@ frame_needed = 1, uses_anonymous_args = 0
 1723 0000 80B5     		push	{r7, lr}
 1724              	.LCFI94:
 1725              		.cfi_def_cfa_offset 8
 1726              		.cfi_offset 7, -8
 1727              		.cfi_offset 14, -4
 1728 0002 84B0     		sub	sp, sp, #16
 1729              	.LCFI95:
 1730              		.cfi_def_cfa_offset 24
 1731 0004 00AF     		add	r7, sp, #0
 1732              	.LCFI96:
 1733              		.cfi_def_cfa_register 7
 1734 0006 0346     		mov	r3, r0
 1735 0008 0A46     		mov	r2, r1
 1736 000a FB71     		strb	r3, [r7, #7]
 1737 000c 1346     		mov	r3, r2	@ movhi
 1738 000e BB80     		strh	r3, [r7, #4]	@ movhi
 482:Module/ssd_2832.c ****     int ret = 0;
 1739              		.loc 1 482 9
 1740 0010 0023     		movs	r3, #0
 1741 0012 FB60     		str	r3, [r7, #12]
 483:Module/ssd_2832.c ****     unsigned char tmp_buff[2] = {0};
 1742              		.loc 1 483 19
 1743 0014 0023     		movs	r3, #0
 1744 0016 3B81     		strh	r3, [r7, #8]	@ movhi
 484:Module/ssd_2832.c **** 
 485:Module/ssd_2832.c ****     if(addr == 0xB6)
 1745              		.loc 1 485 7
ARM GAS  C:\Users\ADMINI~1\AppData\Local\Temp\ccdP81J7.s 			page 40


 1746 0018 FB79     		ldrb	r3, [r7, #7]	@ zero_extendqisi2
 1747 001a B62B     		cmp	r3, #182
 1748 001c 0BD1     		bne	.L100
 486:Module/ssd_2832.c ****     {
 487:Module/ssd_2832.c ****         bridge_mem_reg_b6[0] &= ~0xFFFF;
 1749              		.loc 1 487 30
 1750 001e 294B     		ldr	r3, .L105
 1751 0020 1B68     		ldr	r3, [r3]
 1752 0022 1B0C     		lsrs	r3, r3, #16
 1753 0024 1B04     		lsls	r3, r3, #16
 1754 0026 274A     		ldr	r2, .L105
 1755 0028 1360     		str	r3, [r2]
 488:Module/ssd_2832.c ****         bridge_mem_reg_b6[0] |= tmp;
 1756              		.loc 1 488 30
 1757 002a 264B     		ldr	r3, .L105
 1758 002c 1A68     		ldr	r2, [r3]
 1759 002e BB88     		ldrh	r3, [r7, #4]
 1760 0030 1343     		orrs	r3, r3, r2
 1761 0032 244A     		ldr	r2, .L105
 1762 0034 1360     		str	r3, [r2]
 1763              	.L100:
 489:Module/ssd_2832.c ****     }
 490:Module/ssd_2832.c **** 
 491:Module/ssd_2832.c ****     if(addr == 0xB7)
 1764              		.loc 1 491 7
 1765 0036 FB79     		ldrb	r3, [r7, #7]	@ zero_extendqisi2
 1766 0038 B72B     		cmp	r3, #183
 1767 003a 0BD1     		bne	.L101
 492:Module/ssd_2832.c ****     {
 493:Module/ssd_2832.c ****         bridge_mem_reg_b7[0] &= ~0xFFFF;
 1768              		.loc 1 493 30
 1769 003c 224B     		ldr	r3, .L105+4
 1770 003e 1B68     		ldr	r3, [r3]
 1771 0040 1B0C     		lsrs	r3, r3, #16
 1772 0042 1B04     		lsls	r3, r3, #16
 1773 0044 204A     		ldr	r2, .L105+4
 1774 0046 1360     		str	r3, [r2]
 494:Module/ssd_2832.c ****         bridge_mem_reg_b7[0] |= tmp;
 1775              		.loc 1 494 30
 1776 0048 1F4B     		ldr	r3, .L105+4
 1777 004a 1A68     		ldr	r2, [r3]
 1778 004c BB88     		ldrh	r3, [r7, #4]
 1779 004e 1343     		orrs	r3, r3, r2
 1780 0050 1D4A     		ldr	r2, .L105+4
 1781 0052 1360     		str	r3, [r2]
 1782              	.L101:
 495:Module/ssd_2832.c ****     }
 496:Module/ssd_2832.c **** 
 497:Module/ssd_2832.c ****     if(addr == 0xBD)
 1783              		.loc 1 497 7
 1784 0054 FB79     		ldrb	r3, [r7, #7]	@ zero_extendqisi2
 1785 0056 BD2B     		cmp	r3, #189
 1786 0058 0BD1     		bne	.L102
 498:Module/ssd_2832.c ****     {
 499:Module/ssd_2832.c ****         bridge_mem_reg_bd[0] &= ~0xFFFF;
 1787              		.loc 1 499 30
 1788 005a 1C4B     		ldr	r3, .L105+8
ARM GAS  C:\Users\ADMINI~1\AppData\Local\Temp\ccdP81J7.s 			page 41


 1789 005c 1B68     		ldr	r3, [r3]
 1790 005e 1B0C     		lsrs	r3, r3, #16
 1791 0060 1B04     		lsls	r3, r3, #16
 1792 0062 1A4A     		ldr	r2, .L105+8
 1793 0064 1360     		str	r3, [r2]
 500:Module/ssd_2832.c ****         bridge_mem_reg_bd[0] |= tmp;
 1794              		.loc 1 500 30
 1795 0066 194B     		ldr	r3, .L105+8
 1796 0068 1A68     		ldr	r2, [r3]
 1797 006a BB88     		ldrh	r3, [r7, #4]
 1798 006c 1343     		orrs	r3, r3, r2
 1799 006e 174A     		ldr	r2, .L105+8
 1800 0070 1360     		str	r3, [r2]
 1801              	.L102:
 501:Module/ssd_2832.c ****     }
 502:Module/ssd_2832.c **** 
 503:Module/ssd_2832.c ****     if(addr == 0xDE)
 1802              		.loc 1 503 7
 1803 0072 FB79     		ldrb	r3, [r7, #7]	@ zero_extendqisi2
 1804 0074 DE2B     		cmp	r3, #222
 1805 0076 0BD1     		bne	.L103
 504:Module/ssd_2832.c ****     {
 505:Module/ssd_2832.c ****         bridge_mem_reg_de[0] &= ~0xFFFF;
 1806              		.loc 1 505 30
 1807 0078 154B     		ldr	r3, .L105+12
 1808 007a 1B68     		ldr	r3, [r3]
 1809 007c 1B0C     		lsrs	r3, r3, #16
 1810 007e 1B04     		lsls	r3, r3, #16
 1811 0080 134A     		ldr	r2, .L105+12
 1812 0082 1360     		str	r3, [r2]
 506:Module/ssd_2832.c ****         bridge_mem_reg_de[0] |= tmp;
 1813              		.loc 1 506 30
 1814 0084 124B     		ldr	r3, .L105+12
 1815 0086 1A68     		ldr	r2, [r3]
 1816 0088 BB88     		ldrh	r3, [r7, #4]
 1817 008a 1343     		orrs	r3, r3, r2
 1818 008c 104A     		ldr	r2, .L105+12
 1819 008e 1360     		str	r3, [r2]
 1820              	.L103:
 507:Module/ssd_2832.c ****     }
 508:Module/ssd_2832.c **** 
 509:Module/ssd_2832.c **** 	tmp_buff[0] = (tmp >> 8) & 0xFF;
 1821              		.loc 1 509 14
 1822 0090 BB88     		ldrh	r3, [r7, #4]
 1823 0092 1B0A     		lsrs	r3, r3, #8
 1824 0094 9BB2     		uxth	r3, r3
 1825 0096 DBB2     		uxtb	r3, r3
 1826 0098 3B72     		strb	r3, [r7, #8]
 510:Module/ssd_2832.c **** 	tmp_buff[1] = (tmp >> 0) & 0xFF;
 1827              		.loc 1 510 14
 1828 009a BB88     		ldrh	r3, [r7, #4]	@ movhi
 1829 009c DBB2     		uxtb	r3, r3
 1830 009e 7B72     		strb	r3, [r7, #9]
 511:Module/ssd_2832.c **** 	ret = bridge_write_cmd(addr);
 1831              		.loc 1 511 8
 1832 00a0 FB79     		ldrb	r3, [r7, #7]	@ zero_extendqisi2
 1833 00a2 1846     		mov	r0, r3
ARM GAS  C:\Users\ADMINI~1\AppData\Local\Temp\ccdP81J7.s 			page 42


 1834 00a4 FFF7FEFF 		bl	bridge_write_cmd
 1835 00a8 F860     		str	r0, [r7, #12]
 512:Module/ssd_2832.c **** 	ret = bridge_write_data(tmp_buff,sizeof(tmp_buff));
 1836              		.loc 1 512 8
 1837 00aa 07F10803 		add	r3, r7, #8
 1838 00ae 0221     		movs	r1, #2
 1839 00b0 1846     		mov	r0, r3
 1840 00b2 FFF7FEFF 		bl	bridge_write_data
 1841 00b6 F860     		str	r0, [r7, #12]
 513:Module/ssd_2832.c ****     
 514:Module/ssd_2832.c ****     return ret;
 1842              		.loc 1 514 12
 1843 00b8 FB68     		ldr	r3, [r7, #12]
 515:Module/ssd_2832.c **** }
 1844              		.loc 1 515 1
 1845 00ba 1846     		mov	r0, r3
 1846 00bc 1037     		adds	r7, r7, #16
 1847              	.LCFI97:
 1848              		.cfi_def_cfa_offset 8
 1849 00be BD46     		mov	sp, r7
 1850              	.LCFI98:
 1851              		.cfi_def_cfa_register 13
 1852              		@ sp needed
 1853 00c0 80BD     		pop	{r7, pc}
 1854              	.L106:
 1855 00c2 00BF     		.align	2
 1856              	.L105:
 1857 00c4 00000000 		.word	bridge_mem_reg_b6
 1858 00c8 00000000 		.word	bridge_mem_reg_b7
 1859 00cc 00000000 		.word	bridge_mem_reg_bd
 1860 00d0 00000000 		.word	bridge_mem_reg_de
 1861              		.cfi_endproc
 1862              	.LFE138:
 1864              		.section	.text.bridge_write_regs,"ax",%progbits
 1865              		.align	1
 1866              		.syntax unified
 1867              		.thumb
 1868              		.thumb_func
 1870              	bridge_write_regs:
 1871              	.LFB139:
 516:Module/ssd_2832.c **** /******************************************************************************/
 517:Module/ssd_2832.c **** /// Description:ssd2829 write frame register
 518:Module/ssd_2832.c **** /// @note:ssd2829 write register(fram)
 519:Module/ssd_2832.c **** /// @param input:addr,data,len
 520:Module/ssd_2832.c **** /// @param output:null
 521:Module/ssd_2832.c **** /// @return value
 522:Module/ssd_2832.c **** /******************************************************************************/
 523:Module/ssd_2832.c **** static int bridge_write_regs(unsigned char addr,unsigned char *frame, uint32_t len)
 524:Module/ssd_2832.c **** {
 1872              		.loc 1 524 1
 1873              		.cfi_startproc
 1874              		@ args = 0, pretend = 0, frame = 24
 1875              		@ frame_needed = 1, uses_anonymous_args = 0
 1876 0000 80B5     		push	{r7, lr}
 1877              	.LCFI99:
 1878              		.cfi_def_cfa_offset 8
 1879              		.cfi_offset 7, -8
ARM GAS  C:\Users\ADMINI~1\AppData\Local\Temp\ccdP81J7.s 			page 43


 1880              		.cfi_offset 14, -4
 1881 0002 86B0     		sub	sp, sp, #24
 1882              	.LCFI100:
 1883              		.cfi_def_cfa_offset 32
 1884 0004 00AF     		add	r7, sp, #0
 1885              	.LCFI101:
 1886              		.cfi_def_cfa_register 7
 1887 0006 0346     		mov	r3, r0
 1888 0008 B960     		str	r1, [r7, #8]
 1889 000a 7A60     		str	r2, [r7, #4]
 1890 000c FB73     		strb	r3, [r7, #15]
 525:Module/ssd_2832.c ****     int ret = 0;
 1891              		.loc 1 525 9
 1892 000e 0023     		movs	r3, #0
 1893 0010 7B61     		str	r3, [r7, #20]
 526:Module/ssd_2832.c **** 
 527:Module/ssd_2832.c **** 	ret = bridge_write_cmd(addr);
 1894              		.loc 1 527 8
 1895 0012 FB7B     		ldrb	r3, [r7, #15]	@ zero_extendqisi2
 1896 0014 1846     		mov	r0, r3
 1897 0016 FFF7FEFF 		bl	bridge_write_cmd
 1898 001a 7861     		str	r0, [r7, #20]
 528:Module/ssd_2832.c **** 	ret = bridge_write_lsb_data(frame, len);
 1899              		.loc 1 528 8
 1900 001c 7968     		ldr	r1, [r7, #4]
 1901 001e B868     		ldr	r0, [r7, #8]
 1902 0020 FFF7FEFF 		bl	bridge_write_lsb_data
 1903 0024 7861     		str	r0, [r7, #20]
 529:Module/ssd_2832.c **** 
 530:Module/ssd_2832.c ****     return ret;
 1904              		.loc 1 530 12
 1905 0026 7B69     		ldr	r3, [r7, #20]
 531:Module/ssd_2832.c **** }
 1906              		.loc 1 531 1
 1907 0028 1846     		mov	r0, r3
 1908 002a 1837     		adds	r7, r7, #24
 1909              	.LCFI102:
 1910              		.cfi_def_cfa_offset 8
 1911 002c BD46     		mov	sp, r7
 1912              	.LCFI103:
 1913              		.cfi_def_cfa_register 13
 1914              		@ sp needed
 1915 002e 80BD     		pop	{r7, pc}
 1916              		.cfi_endproc
 1917              	.LFE139:
 1919              		.section	.text.bridge_read_reg,"ax",%progbits
 1920              		.align	1
 1921              		.global	bridge_read_reg
 1922              		.syntax unified
 1923              		.thumb
 1924              		.thumb_func
 1926              	bridge_read_reg:
 1927              	.LFB140:
 532:Module/ssd_2832.c **** 
 533:Module/ssd_2832.c **** /******************************************************************************/
 534:Module/ssd_2832.c **** /// Description:ssd2829 read register
 535:Module/ssd_2832.c **** /// @note:ssd2829 read register data
ARM GAS  C:\Users\ADMINI~1\AppData\Local\Temp\ccdP81J7.s 			page 44


 536:Module/ssd_2832.c **** /// @param input:addr
 537:Module/ssd_2832.c **** /// @param output:data
 538:Module/ssd_2832.c **** /// @return value
 539:Module/ssd_2832.c **** /******************************************************************************/
 540:Module/ssd_2832.c **** int bridge_read_reg(unsigned char addr,uint32_t *temp)
 541:Module/ssd_2832.c **** {
 1928              		.loc 1 541 1
 1929              		.cfi_startproc
 1930              		@ args = 0, pretend = 0, frame = 16
 1931              		@ frame_needed = 1, uses_anonymous_args = 0
 1932 0000 80B5     		push	{r7, lr}
 1933              	.LCFI104:
 1934              		.cfi_def_cfa_offset 8
 1935              		.cfi_offset 7, -8
 1936              		.cfi_offset 14, -4
 1937 0002 84B0     		sub	sp, sp, #16
 1938              	.LCFI105:
 1939              		.cfi_def_cfa_offset 24
 1940 0004 00AF     		add	r7, sp, #0
 1941              	.LCFI106:
 1942              		.cfi_def_cfa_register 7
 1943 0006 0346     		mov	r3, r0
 1944 0008 3960     		str	r1, [r7]
 1945 000a FB71     		strb	r3, [r7, #7]
 542:Module/ssd_2832.c ****     int ret = 0;
 1946              		.loc 1 542 9
 1947 000c 0023     		movs	r3, #0
 1948 000e FB60     		str	r3, [r7, #12]
 543:Module/ssd_2832.c ****     unsigned char tmp_buff[4] = {0};
 1949              		.loc 1 543 19
 1950 0010 0023     		movs	r3, #0
 1951 0012 BB60     		str	r3, [r7, #8]
 544:Module/ssd_2832.c **** 
 545:Module/ssd_2832.c **** 	ret = bridge_write_cmd(addr);
 1952              		.loc 1 545 8
 1953 0014 FB79     		ldrb	r3, [r7, #7]	@ zero_extendqisi2
 1954 0016 1846     		mov	r0, r3
 1955 0018 FFF7FEFF 		bl	bridge_write_cmd
 1956 001c F860     		str	r0, [r7, #12]
 546:Module/ssd_2832.c **** 	ret = bridge_spi_read_data(tmp_buff,sizeof(tmp_buff));
 1957              		.loc 1 546 8
 1958 001e 07F10803 		add	r3, r7, #8
 1959 0022 0421     		movs	r1, #4
 1960 0024 1846     		mov	r0, r3
 1961 0026 FFF7FEFF 		bl	bridge_spi_read_data
 1962 002a F860     		str	r0, [r7, #12]
 547:Module/ssd_2832.c **** 
 548:Module/ssd_2832.c **** 	*temp = tmp_buff[2];
 1963              		.loc 1 548 18
 1964 002c BB7A     		ldrb	r3, [r7, #10]	@ zero_extendqisi2
 1965 002e 1A46     		mov	r2, r3
 1966              		.loc 1 548 8
 1967 0030 3B68     		ldr	r3, [r7]
 1968 0032 1A60     		str	r2, [r3]
 549:Module/ssd_2832.c **** 	*temp <<= 8;
 1969              		.loc 1 549 8
 1970 0034 3B68     		ldr	r3, [r7]
ARM GAS  C:\Users\ADMINI~1\AppData\Local\Temp\ccdP81J7.s 			page 45


 1971 0036 1B68     		ldr	r3, [r3]
 1972 0038 1A02     		lsls	r2, r3, #8
 1973 003a 3B68     		ldr	r3, [r7]
 1974 003c 1A60     		str	r2, [r3]
 550:Module/ssd_2832.c **** 	*temp |= tmp_buff[3];
 1975              		.loc 1 550 8
 1976 003e 3B68     		ldr	r3, [r7]
 1977 0040 1B68     		ldr	r3, [r3]
 1978              		.loc 1 550 19
 1979 0042 FA7A     		ldrb	r2, [r7, #11]	@ zero_extendqisi2
 1980              		.loc 1 550 8
 1981 0044 1A43     		orrs	r2, r2, r3
 1982 0046 3B68     		ldr	r3, [r7]
 1983 0048 1A60     		str	r2, [r3]
 551:Module/ssd_2832.c **** 	*temp <<= 8;
 1984              		.loc 1 551 8
 1985 004a 3B68     		ldr	r3, [r7]
 1986 004c 1B68     		ldr	r3, [r3]
 1987 004e 1A02     		lsls	r2, r3, #8
 1988 0050 3B68     		ldr	r3, [r7]
 1989 0052 1A60     		str	r2, [r3]
 552:Module/ssd_2832.c **** 	*temp |= tmp_buff[0];
 1990              		.loc 1 552 8
 1991 0054 3B68     		ldr	r3, [r7]
 1992 0056 1B68     		ldr	r3, [r3]
 1993              		.loc 1 552 19
 1994 0058 3A7A     		ldrb	r2, [r7, #8]	@ zero_extendqisi2
 1995              		.loc 1 552 8
 1996 005a 1A43     		orrs	r2, r2, r3
 1997 005c 3B68     		ldr	r3, [r7]
 1998 005e 1A60     		str	r2, [r3]
 553:Module/ssd_2832.c **** 	*temp <<= 8;
 1999              		.loc 1 553 8
 2000 0060 3B68     		ldr	r3, [r7]
 2001 0062 1B68     		ldr	r3, [r3]
 2002 0064 1A02     		lsls	r2, r3, #8
 2003 0066 3B68     		ldr	r3, [r7]
 2004 0068 1A60     		str	r2, [r3]
 554:Module/ssd_2832.c **** 	*temp |= tmp_buff[1];
 2005              		.loc 1 554 8
 2006 006a 3B68     		ldr	r3, [r7]
 2007 006c 1B68     		ldr	r3, [r3]
 2008              		.loc 1 554 19
 2009 006e 7A7A     		ldrb	r2, [r7, #9]	@ zero_extendqisi2
 2010              		.loc 1 554 8
 2011 0070 1A43     		orrs	r2, r2, r3
 2012 0072 3B68     		ldr	r3, [r7]
 2013 0074 1A60     		str	r2, [r3]
 555:Module/ssd_2832.c ****     
 556:Module/ssd_2832.c ****     if(ret > 0)
 2014              		.loc 1 556 7
 2015 0076 FB68     		ldr	r3, [r7, #12]
 2016 0078 002B     		cmp	r3, #0
 2017 007a 16DD     		ble	.L110
 557:Module/ssd_2832.c ****     {
 558:Module/ssd_2832.c ****         if(addr == 0xB6)
 2018              		.loc 1 558 11
ARM GAS  C:\Users\ADMINI~1\AppData\Local\Temp\ccdP81J7.s 			page 46


 2019 007c FB79     		ldrb	r3, [r7, #7]	@ zero_extendqisi2
 2020 007e B62B     		cmp	r3, #182
 2021 0080 03D1     		bne	.L111
 559:Module/ssd_2832.c ****             bridge_mem_reg_b6[0] = *temp;
 2022              		.loc 1 559 36
 2023 0082 3B68     		ldr	r3, [r7]
 2024 0084 1B68     		ldr	r3, [r3]
 2025              		.loc 1 559 34
 2026 0086 0C4A     		ldr	r2, .L116
 2027 0088 1360     		str	r3, [r2]
 2028              	.L111:
 560:Module/ssd_2832.c **** 
 561:Module/ssd_2832.c ****         if(addr == 0xB7)
 2029              		.loc 1 561 11
 2030 008a FB79     		ldrb	r3, [r7, #7]	@ zero_extendqisi2
 2031 008c B72B     		cmp	r3, #183
 2032 008e 03D1     		bne	.L112
 562:Module/ssd_2832.c ****             bridge_mem_reg_b7[0] = *temp;
 2033              		.loc 1 562 36
 2034 0090 3B68     		ldr	r3, [r7]
 2035 0092 1B68     		ldr	r3, [r3]
 2036              		.loc 1 562 34
 2037 0094 094A     		ldr	r2, .L116+4
 2038 0096 1360     		str	r3, [r2]
 2039              	.L112:
 563:Module/ssd_2832.c **** 		
 564:Module/ssd_2832.c ****         if(addr == 0xDE)
 2040              		.loc 1 564 11
 2041 0098 FB79     		ldrb	r3, [r7, #7]	@ zero_extendqisi2
 2042 009a DE2B     		cmp	r3, #222
 2043 009c 03D1     		bne	.L113
 565:Module/ssd_2832.c ****             bridge_mem_reg_de[0] = *temp;
 2044              		.loc 1 565 36
 2045 009e 3B68     		ldr	r3, [r7]
 2046 00a0 1B68     		ldr	r3, [r3]
 2047              		.loc 1 565 34
 2048 00a2 074A     		ldr	r2, .L116+8
 2049 00a4 1360     		str	r3, [r2]
 2050              	.L113:
 566:Module/ssd_2832.c **** 
 567:Module/ssd_2832.c ****         return 1;
 2051              		.loc 1 567 16
 2052 00a6 0123     		movs	r3, #1
 2053 00a8 01E0     		b	.L115
 2054              	.L110:
 568:Module/ssd_2832.c ****     }
 569:Module/ssd_2832.c **** 
 570:Module/ssd_2832.c ****     return -1;
 2055              		.loc 1 570 12
 2056 00aa 4FF0FF33 		mov	r3, #-1
 2057              	.L115:
 571:Module/ssd_2832.c **** }
 2058              		.loc 1 571 1 discriminator 1
 2059 00ae 1846     		mov	r0, r3
 2060 00b0 1037     		adds	r7, r7, #16
 2061              	.LCFI107:
 2062              		.cfi_def_cfa_offset 8
ARM GAS  C:\Users\ADMINI~1\AppData\Local\Temp\ccdP81J7.s 			page 47


 2063 00b2 BD46     		mov	sp, r7
 2064              	.LCFI108:
 2065              		.cfi_def_cfa_register 13
 2066              		@ sp needed
 2067 00b4 80BD     		pop	{r7, pc}
 2068              	.L117:
 2069 00b6 00BF     		.align	2
 2070              	.L116:
 2071 00b8 00000000 		.word	bridge_mem_reg_b6
 2072 00bc 00000000 		.word	bridge_mem_reg_b7
 2073 00c0 00000000 		.word	bridge_mem_reg_de
 2074              		.cfi_endproc
 2075              	.LFE140:
 2077              		.section	.text.bridge_read_regs,"ax",%progbits
 2078              		.align	1
 2079              		.global	bridge_read_regs
 2080              		.syntax unified
 2081              		.thumb
 2082              		.thumb_func
 2084              	bridge_read_regs:
 2085              	.LFB141:
 572:Module/ssd_2832.c **** /******************************************************************************/
 573:Module/ssd_2832.c **** /// Description:ssd2829 read register frame
 574:Module/ssd_2832.c **** /// @note:ssd2829 read register data
 575:Module/ssd_2832.c **** /// 24-bit,
 576:Module/ssd_2832.c **** /// 1st XX XX BYTE1 BYTE0
 577:Module/ssd_2832.c **** /// 2st XX XX BYTE3 BYTE2
 578:Module/ssd_2832.c **** /// @param input:addr
 579:Module/ssd_2832.c **** /// @param output:data
 580:Module/ssd_2832.c **** /// @return value
 581:Module/ssd_2832.c **** /******************************************************************************/
 582:Module/ssd_2832.c **** int bridge_read_regs(unsigned char addr,unsigned char *frame,uint32_t len)
 583:Module/ssd_2832.c **** {
 2086              		.loc 1 583 1
 2087              		.cfi_startproc
 2088              		@ args = 0, pretend = 0, frame = 32
 2089              		@ frame_needed = 1, uses_anonymous_args = 0
 2090 0000 80B5     		push	{r7, lr}
 2091              	.LCFI109:
 2092              		.cfi_def_cfa_offset 8
 2093              		.cfi_offset 7, -8
 2094              		.cfi_offset 14, -4
 2095 0002 88B0     		sub	sp, sp, #32
 2096              	.LCFI110:
 2097              		.cfi_def_cfa_offset 40
 2098 0004 00AF     		add	r7, sp, #0
 2099              	.LCFI111:
 2100              		.cfi_def_cfa_register 7
 2101 0006 0346     		mov	r3, r0
 2102 0008 B960     		str	r1, [r7, #8]
 2103 000a 7A60     		str	r2, [r7, #4]
 2104 000c FB73     		strb	r3, [r7, #15]
 584:Module/ssd_2832.c ****     int i = 0;
 2105              		.loc 1 584 9
 2106 000e 0023     		movs	r3, #0
 2107 0010 FB61     		str	r3, [r7, #28]
 585:Module/ssd_2832.c ****     int ret = 0;
ARM GAS  C:\Users\ADMINI~1\AppData\Local\Temp\ccdP81J7.s 			page 48


 2108              		.loc 1 585 9
 2109 0012 0023     		movs	r3, #0
 2110 0014 BB61     		str	r3, [r7, #24]
 586:Module/ssd_2832.c **** 
 587:Module/ssd_2832.c ****     unsigned char* data_buffer =(unsigned char*)malloc(len + 1);
 2111              		.loc 1 587 49
 2112 0016 7B68     		ldr	r3, [r7, #4]
 2113 0018 0133     		adds	r3, r3, #1
 2114 001a 1846     		mov	r0, r3
 2115 001c FFF7FEFF 		bl	malloc
 2116 0020 0346     		mov	r3, r0
 2117 0022 7B61     		str	r3, [r7, #20]
 588:Module/ssd_2832.c **** 
 589:Module/ssd_2832.c **** 	ret = bridge_write_cmd(addr);
 2118              		.loc 1 589 8
 2119 0024 FB7B     		ldrb	r3, [r7, #15]	@ zero_extendqisi2
 2120 0026 1846     		mov	r0, r3
 2121 0028 FFF7FEFF 		bl	bridge_write_cmd
 2122 002c B861     		str	r0, [r7, #24]
 590:Module/ssd_2832.c **** 	ret = bridge_spi_read_data(data_buffer,len);
 2123              		.loc 1 590 8
 2124 002e 7968     		ldr	r1, [r7, #4]
 2125 0030 7869     		ldr	r0, [r7, #20]
 2126 0032 FFF7FEFF 		bl	bridge_spi_read_data
 2127 0036 B861     		str	r0, [r7, #24]
 591:Module/ssd_2832.c **** 	if(ret > 0)
 2128              		.loc 1 591 4
 2129 0038 BB69     		ldr	r3, [r7, #24]
 2130 003a 002B     		cmp	r3, #0
 2131 003c 21DD     		ble	.L119
 592:Module/ssd_2832.c **** 	{
 593:Module/ssd_2832.c **** 		for(i = 0; i < len; i++)
 2132              		.loc 1 593 9
 2133 003e 0023     		movs	r3, #0
 2134 0040 FB61     		str	r3, [r7, #28]
 2135              		.loc 1 593 3
 2136 0042 1AE0     		b	.L120
 2137              	.L123:
 594:Module/ssd_2832.c **** 		{
 595:Module/ssd_2832.c **** 			if((i % 2) == 0)
 2138              		.loc 1 595 15
 2139 0044 FB69     		ldr	r3, [r7, #28]
 2140 0046 03F00103 		and	r3, r3, #1
 2141              		.loc 1 595 6
 2142 004a 002B     		cmp	r3, #0
 2143 004c 09D1     		bne	.L121
 596:Module/ssd_2832.c **** 				frame[i] = data_buffer[i + 1];
 2144              		.loc 1 596 27
 2145 004e FB69     		ldr	r3, [r7, #28]
 2146 0050 0133     		adds	r3, r3, #1
 2147 0052 7A69     		ldr	r2, [r7, #20]
 2148 0054 1A44     		add	r2, r2, r3
 2149              		.loc 1 596 10
 2150 0056 FB69     		ldr	r3, [r7, #28]
 2151 0058 B968     		ldr	r1, [r7, #8]
 2152 005a 0B44     		add	r3, r3, r1
 2153              		.loc 1 596 27
ARM GAS  C:\Users\ADMINI~1\AppData\Local\Temp\ccdP81J7.s 			page 49


 2154 005c 1278     		ldrb	r2, [r2]	@ zero_extendqisi2
 2155              		.loc 1 596 14
 2156 005e 1A70     		strb	r2, [r3]
 2157 0060 08E0     		b	.L122
 2158              	.L121:
 597:Module/ssd_2832.c **** 			else
 598:Module/ssd_2832.c **** 				frame[i] = data_buffer[i - 1];
 2159              		.loc 1 598 27
 2160 0062 FB69     		ldr	r3, [r7, #28]
 2161 0064 013B     		subs	r3, r3, #1
 2162 0066 7A69     		ldr	r2, [r7, #20]
 2163 0068 1A44     		add	r2, r2, r3
 2164              		.loc 1 598 10
 2165 006a FB69     		ldr	r3, [r7, #28]
 2166 006c B968     		ldr	r1, [r7, #8]
 2167 006e 0B44     		add	r3, r3, r1
 2168              		.loc 1 598 27
 2169 0070 1278     		ldrb	r2, [r2]	@ zero_extendqisi2
 2170              		.loc 1 598 14
 2171 0072 1A70     		strb	r2, [r3]
 2172              	.L122:
 593:Module/ssd_2832.c **** 		{
 2173              		.loc 1 593 24 discriminator 2
 2174 0074 FB69     		ldr	r3, [r7, #28]
 2175 0076 0133     		adds	r3, r3, #1
 2176 0078 FB61     		str	r3, [r7, #28]
 2177              	.L120:
 593:Module/ssd_2832.c **** 		{
 2178              		.loc 1 593 16 discriminator 1
 2179 007a FB69     		ldr	r3, [r7, #28]
 593:Module/ssd_2832.c **** 		{
 2180              		.loc 1 593 3 discriminator 1
 2181 007c 7A68     		ldr	r2, [r7, #4]
 2182 007e 9A42     		cmp	r2, r3
 2183 0080 E0D8     		bhi	.L123
 2184              	.L119:
 599:Module/ssd_2832.c **** 		}
 600:Module/ssd_2832.c **** 	}
 601:Module/ssd_2832.c **** 
 602:Module/ssd_2832.c ****    	free(data_buffer);
 2185              		.loc 1 602 5
 2186 0082 7869     		ldr	r0, [r7, #20]
 2187 0084 FFF7FEFF 		bl	free
 603:Module/ssd_2832.c **** 
 604:Module/ssd_2832.c **** 	if(ret > 0)
 2188              		.loc 1 604 4
 2189 0088 BB69     		ldr	r3, [r7, #24]
 2190 008a 002B     		cmp	r3, #0
 2191 008c 01DD     		ble	.L124
 605:Module/ssd_2832.c **** 		return 1;
 2192              		.loc 1 605 10
 2193 008e 0123     		movs	r3, #1
 2194 0090 01E0     		b	.L125
 2195              	.L124:
 606:Module/ssd_2832.c **** 
 607:Module/ssd_2832.c ****     return -1;
 2196              		.loc 1 607 12
ARM GAS  C:\Users\ADMINI~1\AppData\Local\Temp\ccdP81J7.s 			page 50


 2197 0092 4FF0FF33 		mov	r3, #-1
 2198              	.L125:
 608:Module/ssd_2832.c **** }
 2199              		.loc 1 608 1
 2200 0096 1846     		mov	r0, r3
 2201 0098 2037     		adds	r7, r7, #32
 2202              	.LCFI112:
 2203              		.cfi_def_cfa_offset 8
 2204 009a BD46     		mov	sp, r7
 2205              	.LCFI113:
 2206              		.cfi_def_cfa_register 13
 2207              		@ sp needed
 2208 009c 80BD     		pop	{r7, pc}
 2209              		.cfi_endproc
 2210              	.LFE141:
 2212              		.section	.text.bridge_read_apb_reg,"ax",%progbits
 2213              		.align	1
 2214              		.global	bridge_read_apb_reg
 2215              		.syntax unified
 2216              		.thumb
 2217              		.thumb_func
 2219              	bridge_read_apb_reg:
 2220              	.LFB142:
 609:Module/ssd_2832.c **** /******************************************************************************/
 610:Module/ssd_2832.c **** /// Description:ssd2829 read apb register
 611:Module/ssd_2832.c **** /// @note:ssd2829 read register data
 612:Module/ssd_2832.c **** /// ssd2829 read APB register,APB Register are accessed by 0xE0
 613:Module/ssd_2832.c **** ///	The content of 0xE0 are 2 bytes APB Register addr
 614:Module/ssd_2832.c **** ///	0xE1 storage APB Register data
 615:Module/ssd_2832.c **** ///	24-bit,
 616:Module/ssd_2832.c **** ///	1st XX XX BYTE1 BYTE0
 617:Module/ssd_2832.c **** ///	2st XX XX BYTE3 BYTE2
 618:Module/ssd_2832.c **** /// @param input:addr
 619:Module/ssd_2832.c **** /// @param output:data
 620:Module/ssd_2832.c **** /// @return value
 621:Module/ssd_2832.c **** /******************************************************************************/
 622:Module/ssd_2832.c **** int bridge_read_apb_reg(uint16_t addr,uint32_t *temp)
 623:Module/ssd_2832.c **** {
 2221              		.loc 1 623 1
 2222              		.cfi_startproc
 2223              		@ args = 0, pretend = 0, frame = 16
 2224              		@ frame_needed = 1, uses_anonymous_args = 0
 2225 0000 80B5     		push	{r7, lr}
 2226              	.LCFI114:
 2227              		.cfi_def_cfa_offset 8
 2228              		.cfi_offset 7, -8
 2229              		.cfi_offset 14, -4
 2230 0002 86B0     		sub	sp, sp, #24
 2231              	.LCFI115:
 2232              		.cfi_def_cfa_offset 32
 2233 0004 02AF     		add	r7, sp, #8
 2234              	.LCFI116:
 2235              		.cfi_def_cfa 7, 24
 2236 0006 0346     		mov	r3, r0
 2237 0008 3960     		str	r1, [r7]
 2238 000a FB80     		strh	r3, [r7, #6]	@ movhi
 624:Module/ssd_2832.c ****     int ret = 0;
ARM GAS  C:\Users\ADMINI~1\AppData\Local\Temp\ccdP81J7.s 			page 51


 2239              		.loc 1 624 9
 2240 000c 0023     		movs	r3, #0
 2241 000e FB60     		str	r3, [r7, #12]
 625:Module/ssd_2832.c ****     unsigned char tmp_buff[4] = {0};
 2242              		.loc 1 625 19
 2243 0010 0023     		movs	r3, #0
 2244 0012 BB60     		str	r3, [r7, #8]
 626:Module/ssd_2832.c **** 
 627:Module/ssd_2832.c **** 	ret = bridge_write_cmd(0xE0);
 2245              		.loc 1 627 8
 2246 0014 E020     		movs	r0, #224
 2247 0016 FFF7FEFF 		bl	bridge_write_cmd
 2248 001a F860     		str	r0, [r7, #12]
 628:Module/ssd_2832.c **** 	ret = bridge_write_reg_16bit(0xE1,addr);
 2249              		.loc 1 628 8
 2250 001c FB88     		ldrh	r3, [r7, #6]
 2251 001e 1946     		mov	r1, r3
 2252 0020 E120     		movs	r0, #225
 2253 0022 FFF7FEFF 		bl	bridge_write_reg_16bit
 2254 0026 F860     		str	r0, [r7, #12]
 629:Module/ssd_2832.c **** 	ret = bridge_spi_read_data(tmp_buff,sizeof(tmp_buff));
 2255              		.loc 1 629 8
 2256 0028 07F10803 		add	r3, r7, #8
 2257 002c 0421     		movs	r1, #4
 2258 002e 1846     		mov	r0, r3
 2259 0030 FFF7FEFF 		bl	bridge_spi_read_data
 2260 0034 F860     		str	r0, [r7, #12]
 630:Module/ssd_2832.c **** 	*temp = tmp_buff[2];
 2261              		.loc 1 630 18
 2262 0036 BB7A     		ldrb	r3, [r7, #10]	@ zero_extendqisi2
 2263 0038 1A46     		mov	r2, r3
 2264              		.loc 1 630 8
 2265 003a 3B68     		ldr	r3, [r7]
 2266 003c 1A60     		str	r2, [r3]
 631:Module/ssd_2832.c **** 	*temp <<= 8;
 2267              		.loc 1 631 8
 2268 003e 3B68     		ldr	r3, [r7]
 2269 0040 1B68     		ldr	r3, [r3]
 2270 0042 1A02     		lsls	r2, r3, #8
 2271 0044 3B68     		ldr	r3, [r7]
 2272 0046 1A60     		str	r2, [r3]
 632:Module/ssd_2832.c **** 	*temp |= tmp_buff[3];
 2273              		.loc 1 632 8
 2274 0048 3B68     		ldr	r3, [r7]
 2275 004a 1B68     		ldr	r3, [r3]
 2276              		.loc 1 632 19
 2277 004c FA7A     		ldrb	r2, [r7, #11]	@ zero_extendqisi2
 2278              		.loc 1 632 8
 2279 004e 1A43     		orrs	r2, r2, r3
 2280 0050 3B68     		ldr	r3, [r7]
 2281 0052 1A60     		str	r2, [r3]
 633:Module/ssd_2832.c **** 	*temp <<= 8;
 2282              		.loc 1 633 8
 2283 0054 3B68     		ldr	r3, [r7]
 2284 0056 1B68     		ldr	r3, [r3]
 2285 0058 1A02     		lsls	r2, r3, #8
 2286 005a 3B68     		ldr	r3, [r7]
ARM GAS  C:\Users\ADMINI~1\AppData\Local\Temp\ccdP81J7.s 			page 52


 2287 005c 1A60     		str	r2, [r3]
 634:Module/ssd_2832.c **** 	*temp |= tmp_buff[0];
 2288              		.loc 1 634 8
 2289 005e 3B68     		ldr	r3, [r7]
 2290 0060 1B68     		ldr	r3, [r3]
 2291              		.loc 1 634 19
 2292 0062 3A7A     		ldrb	r2, [r7, #8]	@ zero_extendqisi2
 2293              		.loc 1 634 8
 2294 0064 1A43     		orrs	r2, r2, r3
 2295 0066 3B68     		ldr	r3, [r7]
 2296 0068 1A60     		str	r2, [r3]
 635:Module/ssd_2832.c **** 	*temp <<= 8;
 2297              		.loc 1 635 8
 2298 006a 3B68     		ldr	r3, [r7]
 2299 006c 1B68     		ldr	r3, [r3]
 2300 006e 1A02     		lsls	r2, r3, #8
 2301 0070 3B68     		ldr	r3, [r7]
 2302 0072 1A60     		str	r2, [r3]
 636:Module/ssd_2832.c **** 	*temp |= tmp_buff[1];
 2303              		.loc 1 636 8
 2304 0074 3B68     		ldr	r3, [r7]
 2305 0076 1B68     		ldr	r3, [r3]
 2306              		.loc 1 636 19
 2307 0078 7A7A     		ldrb	r2, [r7, #9]	@ zero_extendqisi2
 2308              		.loc 1 636 8
 2309 007a 1A43     		orrs	r2, r2, r3
 2310 007c 3B68     		ldr	r3, [r7]
 2311 007e 1A60     		str	r2, [r3]
 637:Module/ssd_2832.c **** 
 638:Module/ssd_2832.c ****     if(ret > 0)
 2312              		.loc 1 638 7
 2313 0080 FB68     		ldr	r3, [r7, #12]
 2314 0082 002B     		cmp	r3, #0
 2315 0084 01DD     		ble	.L127
 639:Module/ssd_2832.c ****     {
 640:Module/ssd_2832.c ****         return 1;
 2316              		.loc 1 640 16
 2317 0086 0123     		movs	r3, #1
 2318 0088 0AE0     		b	.L129
 2319              	.L127:
 641:Module/ssd_2832.c ****     }
 642:Module/ssd_2832.c **** 
 643:Module/ssd_2832.c ****     log_err("fail\n");
 2320              		.loc 1 643 5
 2321 008a 40F28323 		movw	r3, #643
 2322 008e 0093     		str	r3, [sp]
 2323 0090 054B     		ldr	r3, .L130
 2324 0092 064A     		ldr	r2, .L130+4
 2325 0094 0649     		ldr	r1, .L130+8
 2326 0096 0748     		ldr	r0, .L130+12
 2327 0098 FFF7FEFF 		bl	printf
 644:Module/ssd_2832.c ****     return -1;
 2328              		.loc 1 644 12
 2329 009c 4FF0FF33 		mov	r3, #-1
 2330              	.L129:
 645:Module/ssd_2832.c **** }
 2331              		.loc 1 645 1 discriminator 1
ARM GAS  C:\Users\ADMINI~1\AppData\Local\Temp\ccdP81J7.s 			page 53


 2332 00a0 1846     		mov	r0, r3
 2333 00a2 1037     		adds	r7, r7, #16
 2334              	.LCFI117:
 2335              		.cfi_def_cfa_offset 8
 2336 00a4 BD46     		mov	sp, r7
 2337              	.LCFI118:
 2338              		.cfi_def_cfa_register 13
 2339              		@ sp needed
 2340 00a6 80BD     		pop	{r7, pc}
 2341              	.L131:
 2342              		.align	2
 2343              	.L130:
 2344 00a8 00000000 		.word	.LC0
 2345 00ac 00000000 		.word	__FUNCTION__.2
 2346 00b0 14000000 		.word	.LC1
 2347 00b4 1C000000 		.word	.LC2
 2348              		.cfi_endproc
 2349              	.LFE142:
 2351              		.section	.text.bridge_write_apb_reg,"ax",%progbits
 2352              		.align	1
 2353              		.global	bridge_write_apb_reg
 2354              		.syntax unified
 2355              		.thumb
 2356              		.thumb_func
 2358              	bridge_write_apb_reg:
 2359              	.LFB143:
 646:Module/ssd_2832.c **** 
 647:Module/ssd_2832.c **** /*!*********************************************************************************************
 648:Module/ssd_2832.c ****     Function           :int bridge_write_apb_reg(uint16_t addr,uint32_t data)
 649:Module/ssd_2832.c ****     Description        :ssd 2829 apb  write register
 650:Module/ssd_2832.c ****                         data 31-24
 651:Module/ssd_2832.c ****                         data 23-16
 652:Module/ssd_2832.c ****                         data 15-8
 653:Module/ssd_2832.c ****                         data 7-0
 654:Module/ssd_2832.c ****                         addr 15-8
 655:Module/ssd_2832.c ****                         addr 7-0
 656:Module/ssd_2832.c ****     Input Parameter    :
 657:Module/ssd_2832.c ****     Output Parameter   :
 658:Module/ssd_2832.c ****     Who Make it ?      :
 659:Module/ssd_2832.c ****     History            :                            Date/Time:12-03-2013
 660:Module/ssd_2832.c **** **********************************************************************************************/
 661:Module/ssd_2832.c **** int bridge_write_apb_reg(uint16_t addr,uint32_t data)
 662:Module/ssd_2832.c **** {
 2360              		.loc 1 662 1
 2361              		.cfi_startproc
 2362              		@ args = 0, pretend = 0, frame = 24
 2363              		@ frame_needed = 1, uses_anonymous_args = 0
 2364 0000 80B5     		push	{r7, lr}
 2365              	.LCFI119:
 2366              		.cfi_def_cfa_offset 8
 2367              		.cfi_offset 7, -8
 2368              		.cfi_offset 14, -4
 2369 0002 86B0     		sub	sp, sp, #24
 2370              	.LCFI120:
 2371              		.cfi_def_cfa_offset 32
 2372 0004 00AF     		add	r7, sp, #0
 2373              	.LCFI121:
ARM GAS  C:\Users\ADMINI~1\AppData\Local\Temp\ccdP81J7.s 			page 54


 2374              		.cfi_def_cfa_register 7
 2375 0006 0346     		mov	r3, r0
 2376 0008 3960     		str	r1, [r7]
 2377 000a FB80     		strh	r3, [r7, #6]	@ movhi
 663:Module/ssd_2832.c ****     int ret = 0;
 2378              		.loc 1 663 9
 2379 000c 0023     		movs	r3, #0
 2380 000e 7B61     		str	r3, [r7, #20]
 664:Module/ssd_2832.c ****     unsigned char tmp_buff[6] = {0};
 2381              		.loc 1 664 19
 2382 0010 0023     		movs	r3, #0
 2383 0012 FB60     		str	r3, [r7, #12]
 2384 0014 0023     		movs	r3, #0
 2385 0016 3B82     		strh	r3, [r7, #16]	@ movhi
 665:Module/ssd_2832.c **** 
 666:Module/ssd_2832.c **** 	ret = bridge_write_cmd(0xE0);
 2386              		.loc 1 666 8
 2387 0018 E020     		movs	r0, #224
 2388 001a FFF7FEFF 		bl	bridge_write_cmd
 2389 001e 7861     		str	r0, [r7, #20]
 667:Module/ssd_2832.c **** 
 668:Module/ssd_2832.c **** 	tmp_buff[4] = (data >> 24) & 0xFF;
 2390              		.loc 1 668 22
 2391 0020 3B68     		ldr	r3, [r7]
 2392 0022 1B0E     		lsrs	r3, r3, #24
 2393              		.loc 1 668 14
 2394 0024 DBB2     		uxtb	r3, r3
 2395 0026 3B74     		strb	r3, [r7, #16]
 669:Module/ssd_2832.c **** 	tmp_buff[5] = (data >> 16) & 0xFF;
 2396              		.loc 1 669 22
 2397 0028 3B68     		ldr	r3, [r7]
 2398 002a 1B0C     		lsrs	r3, r3, #16
 2399              		.loc 1 669 14
 2400 002c DBB2     		uxtb	r3, r3
 2401 002e 7B74     		strb	r3, [r7, #17]
 670:Module/ssd_2832.c **** 	tmp_buff[2] = (data >> 8) & 0xFF;
 2402              		.loc 1 670 22
 2403 0030 3B68     		ldr	r3, [r7]
 2404 0032 1B0A     		lsrs	r3, r3, #8
 2405              		.loc 1 670 14
 2406 0034 DBB2     		uxtb	r3, r3
 2407 0036 BB73     		strb	r3, [r7, #14]
 671:Module/ssd_2832.c **** 	tmp_buff[3] = (data >> 0) & 0xFF;
 2408              		.loc 1 671 14
 2409 0038 3B68     		ldr	r3, [r7]
 2410 003a DBB2     		uxtb	r3, r3
 2411 003c FB73     		strb	r3, [r7, #15]
 672:Module/ssd_2832.c **** 	tmp_buff[0] = (addr >> 8) & 0xFF;
 2412              		.loc 1 672 14
 2413 003e FB88     		ldrh	r3, [r7, #6]
 2414 0040 1B0A     		lsrs	r3, r3, #8
 2415 0042 9BB2     		uxth	r3, r3
 2416 0044 DBB2     		uxtb	r3, r3
 2417 0046 3B73     		strb	r3, [r7, #12]
 673:Module/ssd_2832.c **** 	tmp_buff[1] = (addr >> 0) & 0xFF;
 2418              		.loc 1 673 14
 2419 0048 FB88     		ldrh	r3, [r7, #6]	@ movhi
ARM GAS  C:\Users\ADMINI~1\AppData\Local\Temp\ccdP81J7.s 			page 55


 2420 004a DBB2     		uxtb	r3, r3
 2421 004c 7B73     		strb	r3, [r7, #13]
 674:Module/ssd_2832.c **** 
 675:Module/ssd_2832.c **** 	ret = bridge_write_data(tmp_buff, sizeof(tmp_buff));
 2422              		.loc 1 675 8
 2423 004e 07F10C03 		add	r3, r7, #12
 2424 0052 0621     		movs	r1, #6
 2425 0054 1846     		mov	r0, r3
 2426 0056 FFF7FEFF 		bl	bridge_write_data
 2427 005a 7861     		str	r0, [r7, #20]
 676:Module/ssd_2832.c ****     return ret;
 2428              		.loc 1 676 12
 2429 005c 7B69     		ldr	r3, [r7, #20]
 677:Module/ssd_2832.c **** }
 2430              		.loc 1 677 1
 2431 005e 1846     		mov	r0, r3
 2432 0060 1837     		adds	r7, r7, #24
 2433              	.LCFI122:
 2434              		.cfi_def_cfa_offset 8
 2435 0062 BD46     		mov	sp, r7
 2436              	.LCFI123:
 2437              		.cfi_def_cfa_register 13
 2438              		@ sp needed
 2439 0064 80BD     		pop	{r7, pc}
 2440              		.cfi_endproc
 2441              	.LFE143:
 2443              		.section	.rodata
 2444 0042 0000     		.align	2
 2445              	.LC4:
 2446 0044 25733A62 		.ascii	"%s:bridge bist mode enabled\012\015\012\000"
 2446      72696467 
 2446      65206269 
 2446      7374206D 
 2446      6F646520 
 2447 0063 00       		.align	2
 2448              	.LC5:
 2449 0064 25733A62 		.ascii	"%s:bridge bist mode disabled\012\015\012\000"
 2449      72696467 
 2449      65206269 
 2449      7374206D 
 2449      6F646520 
 2450              		.section	.text.bridge_setbistmode,"ax",%progbits
 2451              		.align	1
 2452              		.global	bridge_setbistmode
 2453              		.syntax unified
 2454              		.thumb
 2455              		.thumb_func
 2457              	bridge_setbistmode:
 2458              	.LFB144:
 678:Module/ssd_2832.c **** /*!*********************************************************************************************
 679:Module/ssd_2832.c ****     Function           :int bridge_setbistmode(int enable)
 680:Module/ssd_2832.c ****     Description        :
 681:Module/ssd_2832.c ****     Input Parameter    :
 682:Module/ssd_2832.c ****     Output Parameter   :
 683:Module/ssd_2832.c ****     Who Make it ?      :
 684:Module/ssd_2832.c ****     History            :                            Date/Time:12-03-2013
 685:Module/ssd_2832.c **** **********************************************************************************************/
ARM GAS  C:\Users\ADMINI~1\AppData\Local\Temp\ccdP81J7.s 			page 56


 686:Module/ssd_2832.c **** int bridge_setbistmode(int enable)
 687:Module/ssd_2832.c **** {
 2459              		.loc 1 687 1
 2460              		.cfi_startproc
 2461              		@ args = 0, pretend = 0, frame = 16
 2462              		@ frame_needed = 1, uses_anonymous_args = 0
 2463 0000 80B5     		push	{r7, lr}
 2464              	.LCFI124:
 2465              		.cfi_def_cfa_offset 8
 2466              		.cfi_offset 7, -8
 2467              		.cfi_offset 14, -4
 2468 0002 84B0     		sub	sp, sp, #16
 2469              	.LCFI125:
 2470              		.cfi_def_cfa_offset 24
 2471 0004 00AF     		add	r7, sp, #0
 2472              	.LCFI126:
 2473              		.cfi_def_cfa_register 7
 2474 0006 7860     		str	r0, [r7, #4]
 688:Module/ssd_2832.c ****     int ret = 0;
 2475              		.loc 1 688 9
 2476 0008 0023     		movs	r3, #0
 2477 000a FB60     		str	r3, [r7, #12]
 689:Module/ssd_2832.c ****     uint32_t tmp = 0;
 2478              		.loc 1 689 14
 2479 000c 0023     		movs	r3, #0
 2480 000e BB60     		str	r3, [r7, #8]
 690:Module/ssd_2832.c **** 
 691:Module/ssd_2832.c ****    //tmp = 0x00600001;  //100025;single port
 692:Module/ssd_2832.c **** 		tmp = 0x000c0010;  //100025;single port
 2481              		.loc 1 692 7
 2482 0010 0D4B     		ldr	r3, .L138
 2483 0012 BB60     		str	r3, [r7, #8]
 693:Module/ssd_2832.c ****     //tmp = 0x0060000b; //60 Frames/Image  Dual data buffer mode (Broadcast)
 694:Module/ssd_2832.c **** 
 695:Module/ssd_2832.c ****     bridge_write_apb_reg(0x5000,tmp);
 2484              		.loc 1 695 5
 2485 0014 B968     		ldr	r1, [r7, #8]
 2486 0016 4FF4A040 		mov	r0, #20480
 2487 001a FFF7FEFF 		bl	bridge_write_apb_reg
 696:Module/ssd_2832.c ****     if(enable > 0)
 2488              		.loc 1 696 7
 2489 001e 7B68     		ldr	r3, [r7, #4]
 2490 0020 002B     		cmp	r3, #0
 2491 0022 04DD     		ble	.L135
 697:Module/ssd_2832.c ****     {
 698:Module/ssd_2832.c ****         log_info("bridge bist mode enabled\n");
 2492              		.loc 1 698 9
 2493 0024 0949     		ldr	r1, .L138+4
 2494 0026 0A48     		ldr	r0, .L138+8
 2495 0028 FFF7FEFF 		bl	printf
 2496 002c 03E0     		b	.L136
 2497              	.L135:
 699:Module/ssd_2832.c ****     }
 700:Module/ssd_2832.c ****     else
 701:Module/ssd_2832.c ****     {
 702:Module/ssd_2832.c ****         log_info("bridge bist mode disabled\n");
 2498              		.loc 1 702 9
ARM GAS  C:\Users\ADMINI~1\AppData\Local\Temp\ccdP81J7.s 			page 57


 2499 002e 0749     		ldr	r1, .L138+4
 2500 0030 0848     		ldr	r0, .L138+12
 2501 0032 FFF7FEFF 		bl	printf
 2502              	.L136:
 703:Module/ssd_2832.c ****     }
 704:Module/ssd_2832.c **** 
 705:Module/ssd_2832.c **** 	usleep(10000);
 2503              		.loc 1 705 2
 2504 0036 42F21070 		movw	r0, #10000
 2505 003a FFF7FEFF 		bl	usleep
 706:Module/ssd_2832.c ****     return ret;
 2506              		.loc 1 706 12
 2507 003e FB68     		ldr	r3, [r7, #12]
 707:Module/ssd_2832.c **** }
 2508              		.loc 1 707 1
 2509 0040 1846     		mov	r0, r3
 2510 0042 1037     		adds	r7, r7, #16
 2511              	.LCFI127:
 2512              		.cfi_def_cfa_offset 8
 2513 0044 BD46     		mov	sp, r7
 2514              	.LCFI128:
 2515              		.cfi_def_cfa_register 13
 2516              		@ sp needed
 2517 0046 80BD     		pop	{r7, pc}
 2518              	.L139:
 2519              		.align	2
 2520              	.L138:
 2521 0048 10000C00 		.word	786448
 2522 004c 14000000 		.word	.LC1
 2523 0050 44000000 		.word	.LC4
 2524 0054 64000000 		.word	.LC5
 2525              		.cfi_endproc
 2526              	.LFE144:
 2528              		.section	.rodata
 2529              		.align	2
 2530              	.LC6:
 2531 0084 25733A7C 		.ascii	"%s:|--mipi bridge,0x%04X\012\015\012\000"
 2531      2D2D6D69 
 2531      70692062 
 2531      72696467 
 2531      652C3078 
 2532              		.align	2
 2533              	.LC7:
 2534 00a0 25733A7C 		.ascii	"%s:|--mipi bridge, APB,0x%08X\012\015\012\000"
 2534      2D2D6D69 
 2534      70692062 
 2534      72696467 
 2534      652C2041 
 2535              		.section	.text.bridge_check_id,"ax",%progbits
 2536              		.align	1
 2537              		.global	bridge_check_id
 2538              		.syntax unified
 2539              		.thumb
 2540              		.thumb_func
 2542              	bridge_check_id:
 2543              	.LFB145:
 708:Module/ssd_2832.c **** 
ARM GAS  C:\Users\ADMINI~1\AppData\Local\Temp\ccdP81J7.s 			page 58


 709:Module/ssd_2832.c **** int bridge_hw_reset(void);
 710:Module/ssd_2832.c **** 
 711:Module/ssd_2832.c **** /*!*********************************************************************************************
 712:Module/ssd_2832.c ****     Function           :int bridge_check_id(int port)
 713:Module/ssd_2832.c ****     Description        :ssd2832 check id
 714:Module/ssd_2832.c ****     Input Parameter    :
 715:Module/ssd_2832.c ****     Output Parameter   :
 716:Module/ssd_2832.c ****     Who Make it ?      :
 717:Module/ssd_2832.c ****     History            :                            Date/Time:12-03-2013
 718:Module/ssd_2832.c **** *!*********************************************************************************************/
 719:Module/ssd_2832.c **** int bridge_check_id(void)
 720:Module/ssd_2832.c **** {
 2544              		.loc 1 720 1
 2545              		.cfi_startproc
 2546              		@ args = 0, pretend = 0, frame = 16
 2547              		@ frame_needed = 1, uses_anonymous_args = 0
 2548 0000 80B5     		push	{r7, lr}
 2549              	.LCFI129:
 2550              		.cfi_def_cfa_offset 8
 2551              		.cfi_offset 7, -8
 2552              		.cfi_offset 14, -4
 2553 0002 86B0     		sub	sp, sp, #24
 2554              	.LCFI130:
 2555              		.cfi_def_cfa_offset 32
 2556 0004 02AF     		add	r7, sp, #8
 2557              	.LCFI131:
 2558              		.cfi_def_cfa 7, 24
 721:Module/ssd_2832.c ****     int i = 0;
 2559              		.loc 1 721 9
 2560 0006 0023     		movs	r3, #0
 2561 0008 FB60     		str	r3, [r7, #12]
 722:Module/ssd_2832.c **** 	int retry = 3;
 2562              		.loc 1 722 6
 2563 000a 0323     		movs	r3, #3
 2564 000c BB60     		str	r3, [r7, #8]
 723:Module/ssd_2832.c ****     uint32_t device_id = 0;
 2565              		.loc 1 723 14
 2566 000e 0023     		movs	r3, #0
 2567 0010 7B60     		str	r3, [r7, #4]
 724:Module/ssd_2832.c **** 
 725:Module/ssd_2832.c **** 
 726:Module/ssd_2832.c **** 	usleep(10000);
 2568              		.loc 1 726 2
 2569 0012 42F21070 		movw	r0, #10000
 2570 0016 FFF7FEFF 		bl	usleep
 727:Module/ssd_2832.c ****     bridge_hw_reset();
 2571              		.loc 1 727 5
 2572 001a FFF7FEFF 		bl	bridge_hw_reset
 728:Module/ssd_2832.c ****     for(i = 0; i < retry; i++)
 2573              		.loc 1 728 11
 2574 001e 0023     		movs	r3, #0
 2575 0020 FB60     		str	r3, [r7, #12]
 2576              		.loc 1 728 5
 2577 0022 1DE0     		b	.L141
 2578              	.L144:
 729:Module/ssd_2832.c ****     {
 730:Module/ssd_2832.c ****         bridge_read_reg(0xB0,&device_id);
ARM GAS  C:\Users\ADMINI~1\AppData\Local\Temp\ccdP81J7.s 			page 59


 2579              		.loc 1 730 9
 2580 0024 3B1D     		adds	r3, r7, #4
 2581 0026 1946     		mov	r1, r3
 2582 0028 B020     		movs	r0, #176
 2583 002a FFF7FEFF 		bl	bridge_read_reg
 731:Module/ssd_2832.c **** 		log_info("|--mipi bridge,0x%04X\n",device_id);
 2584              		.loc 1 731 3
 2585 002e 7B68     		ldr	r3, [r7, #4]
 2586 0030 1A46     		mov	r2, r3
 2587 0032 1949     		ldr	r1, .L149
 2588 0034 1948     		ldr	r0, .L149+4
 2589 0036 FFF7FEFF 		bl	printf
 732:Module/ssd_2832.c **** 
 733:Module/ssd_2832.c **** 		bridge_read_apb_reg(0x0000,&device_id);
 2590              		.loc 1 733 3
 2591 003a 3B1D     		adds	r3, r7, #4
 2592 003c 1946     		mov	r1, r3
 2593 003e 0020     		movs	r0, #0
 2594 0040 FFF7FEFF 		bl	bridge_read_apb_reg
 734:Module/ssd_2832.c **** 		log_info("|--mipi bridge, APB,0x%08X\n",device_id);
 2595              		.loc 1 734 3
 2596 0044 7B68     		ldr	r3, [r7, #4]
 2597 0046 1A46     		mov	r2, r3
 2598 0048 1349     		ldr	r1, .L149
 2599 004a 1548     		ldr	r0, .L149+8
 2600 004c FFF7FEFF 		bl	printf
 735:Module/ssd_2832.c ****         if(device_id == 0x00002830)
 2601              		.loc 1 735 22
 2602 0050 7B68     		ldr	r3, [r7, #4]
 2603              		.loc 1 735 11
 2604 0052 42F63002 		movw	r2, #10288
 2605 0056 9342     		cmp	r3, r2
 2606 0058 07D0     		beq	.L148
 728:Module/ssd_2832.c ****     {
 2607              		.loc 1 728 28 discriminator 2
 2608 005a FB68     		ldr	r3, [r7, #12]
 2609 005c 0133     		adds	r3, r3, #1
 2610 005e FB60     		str	r3, [r7, #12]
 2611              	.L141:
 728:Module/ssd_2832.c ****     {
 2612              		.loc 1 728 5 discriminator 1
 2613 0060 FA68     		ldr	r2, [r7, #12]
 2614 0062 BB68     		ldr	r3, [r7, #8]
 2615 0064 9A42     		cmp	r2, r3
 2616 0066 DDDB     		blt	.L144
 2617 0068 00E0     		b	.L143
 2618              	.L148:
 736:Module/ssd_2832.c ****         {
 737:Module/ssd_2832.c ****             break;
 2619              		.loc 1 737 13
 2620 006a 00BF     		nop
 2621              	.L143:
 738:Module/ssd_2832.c ****         }
 739:Module/ssd_2832.c ****     }
 740:Module/ssd_2832.c **** 
 741:Module/ssd_2832.c ****     if(i >= retry)
 2622              		.loc 1 741 7
ARM GAS  C:\Users\ADMINI~1\AppData\Local\Temp\ccdP81J7.s 			page 60


 2623 006c FA68     		ldr	r2, [r7, #12]
 2624 006e BB68     		ldr	r3, [r7, #8]
 2625 0070 9A42     		cmp	r2, r3
 2626 0072 0BDB     		blt	.L145
 742:Module/ssd_2832.c ****     {
 743:Module/ssd_2832.c **** 		log_err("fail\n");
 2627              		.loc 1 743 3
 2628 0074 40F2E723 		movw	r3, #743
 2629 0078 0093     		str	r3, [sp]
 2630 007a 0A4B     		ldr	r3, .L149+12
 2631 007c 0A4A     		ldr	r2, .L149+16
 2632 007e 0649     		ldr	r1, .L149
 2633 0080 0A48     		ldr	r0, .L149+20
 2634 0082 FFF7FEFF 		bl	printf
 744:Module/ssd_2832.c ****         return -1;
 2635              		.loc 1 744 16
 2636 0086 4FF0FF33 		mov	r3, #-1
 2637 008a 00E0     		b	.L147
 2638              	.L145:
 745:Module/ssd_2832.c **** 	}
 746:Module/ssd_2832.c **** 	return 1;
 2639              		.loc 1 746 9
 2640 008c 0123     		movs	r3, #1
 2641              	.L147:
 747:Module/ssd_2832.c **** }
 2642              		.loc 1 747 1 discriminator 1
 2643 008e 1846     		mov	r0, r3
 2644 0090 1037     		adds	r7, r7, #16
 2645              	.LCFI132:
 2646              		.cfi_def_cfa_offset 8
 2647 0092 BD46     		mov	sp, r7
 2648              	.LCFI133:
 2649              		.cfi_def_cfa_register 13
 2650              		@ sp needed
 2651 0094 80BD     		pop	{r7, pc}
 2652              	.L150:
 2653 0096 00BF     		.align	2
 2654              	.L149:
 2655 0098 14000000 		.word	.LC1
 2656 009c 84000000 		.word	.LC6
 2657 00a0 A0000000 		.word	.LC7
 2658 00a4 00000000 		.word	.LC0
 2659 00a8 00000000 		.word	__FUNCTION__.1
 2660 00ac 1C000000 		.word	.LC2
 2661              		.cfi_endproc
 2662              	.LFE145:
 2664              		.section	.bss.gsrt_bridge,"aw",%nobits
 2665              		.align	2
 2668              	gsrt_bridge:
 2669 0000 00000000 		.space	328
 2669      00000000 
 2669      00000000 
 2669      00000000 
 2669      00000000 
 2670              		.section	.text.bridge_get,"ax",%progbits
 2671              		.align	1
 2672              		.global	bridge_get
ARM GAS  C:\Users\ADMINI~1\AppData\Local\Temp\ccdP81J7.s 			page 61


 2673              		.syntax unified
 2674              		.thumb
 2675              		.thumb_func
 2677              	bridge_get:
 2678              	.LFB146:
 748:Module/ssd_2832.c **** 
 749:Module/ssd_2832.c **** 
 750:Module/ssd_2832.c **** static struct bridge gsrt_bridge[BRIDGE_PORT_COUNT];
 751:Module/ssd_2832.c **** 
 752:Module/ssd_2832.c **** /******************************************************************************/
 753:Module/ssd_2832.c **** /// Description:bridge_get
 754:Module/ssd_2832.c **** /// @note:get bridge config  information
 755:Module/ssd_2832.c **** /// @param input:none
 756:Module/ssd_2832.c **** /// @param output:struct bridge information
 757:Module/ssd_2832.c **** /// @return
 758:Module/ssd_2832.c **** ///@author :
 759:Module/ssd_2832.c **** ///@date : 2019-06-24
 760:Module/ssd_2832.c **** /******************************************************************************/
 761:Module/ssd_2832.c **** struct bridge *bridge_get()
 762:Module/ssd_2832.c **** {
 2679              		.loc 1 762 1
 2680              		.cfi_startproc
 2681              		@ args = 0, pretend = 0, frame = 0
 2682              		@ frame_needed = 1, uses_anonymous_args = 0
 2683              		@ link register save eliminated.
 2684 0000 80B4     		push	{r7}
 2685              	.LCFI134:
 2686              		.cfi_def_cfa_offset 4
 2687              		.cfi_offset 7, -4
 2688 0002 00AF     		add	r7, sp, #0
 2689              	.LCFI135:
 2690              		.cfi_def_cfa_register 7
 763:Module/ssd_2832.c **** 	return &gsrt_bridge[0];
 2691              		.loc 1 763 9
 2692 0004 024B     		ldr	r3, .L153
 764:Module/ssd_2832.c **** }
 2693              		.loc 1 764 1
 2694 0006 1846     		mov	r0, r3
 2695 0008 BD46     		mov	sp, r7
 2696              	.LCFI136:
 2697              		.cfi_def_cfa_register 13
 2698              		@ sp needed
 2699 000a 80BC     		pop	{r7}
 2700              	.LCFI137:
 2701              		.cfi_restore 7
 2702              		.cfi_def_cfa_offset 0
 2703 000c 7047     		bx	lr
 2704              	.L154:
 2705 000e 00BF     		.align	2
 2706              	.L153:
 2707 0010 00000000 		.word	gsrt_bridge
 2708              		.cfi_endproc
 2709              	.LFE146:
 2711              		.section	.text.msleep,"ax",%progbits
 2712              		.align	1
 2713              		.syntax unified
 2714              		.thumb
ARM GAS  C:\Users\ADMINI~1\AppData\Local\Temp\ccdP81J7.s 			page 62


 2715              		.thumb_func
 2717              	msleep:
 2718              	.LFB147:
 765:Module/ssd_2832.c **** /******************************************************************************/
 766:Module/ssd_2832.c **** /// Description:ssd2829 inition td4320 , video mode screen
 767:Module/ssd_2832.c **** /// @note:
 768:Module/ssd_2832.c **** /// @param input:null
 769:Module/ssd_2832.c **** /// @param output:null
 770:Module/ssd_2832.c **** /// @return value
 771:Module/ssd_2832.c **** ///@author : liufeng
 772:Module/ssd_2832.c **** ///@date : 2019-06-24
 773:Module/ssd_2832.c **** /******************************************************************************/
 774:Module/ssd_2832.c **** static void msleep(uint32_t tick)
 775:Module/ssd_2832.c **** {
 2719              		.loc 1 775 1
 2720              		.cfi_startproc
 2721              		@ args = 0, pretend = 0, frame = 8
 2722              		@ frame_needed = 1, uses_anonymous_args = 0
 2723 0000 80B5     		push	{r7, lr}
 2724              	.LCFI138:
 2725              		.cfi_def_cfa_offset 8
 2726              		.cfi_offset 7, -8
 2727              		.cfi_offset 14, -4
 2728 0002 82B0     		sub	sp, sp, #8
 2729              	.LCFI139:
 2730              		.cfi_def_cfa_offset 16
 2731 0004 00AF     		add	r7, sp, #0
 2732              	.LCFI140:
 2733              		.cfi_def_cfa_register 7
 2734 0006 7860     		str	r0, [r7, #4]
 776:Module/ssd_2832.c **** 	usleep(1000 * tick);
 2735              		.loc 1 776 2
 2736 0008 7B68     		ldr	r3, [r7, #4]
 2737 000a 4FF47A72 		mov	r2, #1000
 2738 000e 02FB03F3 		mul	r3, r2, r3
 2739 0012 1846     		mov	r0, r3
 2740 0014 FFF7FEFF 		bl	usleep
 777:Module/ssd_2832.c **** }
 2741              		.loc 1 777 1
 2742 0018 00BF     		nop
 2743 001a 0837     		adds	r7, r7, #8
 2744              	.LCFI141:
 2745              		.cfi_def_cfa_offset 8
 2746 001c BD46     		mov	sp, r7
 2747              	.LCFI142:
 2748              		.cfi_def_cfa_register 13
 2749              		@ sp needed
 2750 001e 80BD     		pop	{r7, pc}
 2751              		.cfi_endproc
 2752              	.LFE147:
 2754              		.section	.text.bridge_hw_reset,"ax",%progbits
 2755              		.align	1
 2756              		.global	bridge_hw_reset
 2757              		.syntax unified
 2758              		.thumb
 2759              		.thumb_func
 2761              	bridge_hw_reset:
ARM GAS  C:\Users\ADMINI~1\AppData\Local\Temp\ccdP81J7.s 			page 63


 2762              	.LFB148:
 778:Module/ssd_2832.c **** 
 779:Module/ssd_2832.c **** /******************************************************************************/
 780:Module/ssd_2832.c **** /// Description:SSD2829 inition
 781:Module/ssd_2832.c **** /// @note:
 782:Module/ssd_2832.c **** /// @param input:null
 783:Module/ssd_2832.c **** /// @param output:null
 784:Module/ssd_2832.c **** /// @return
 785:Module/ssd_2832.c **** /******************************************************************************/
 786:Module/ssd_2832.c **** int bridge_hw_reset(void)
 787:Module/ssd_2832.c **** {
 2763              		.loc 1 787 1
 2764              		.cfi_startproc
 2765              		@ args = 0, pretend = 0, frame = 0
 2766              		@ frame_needed = 1, uses_anonymous_args = 0
 2767 0000 80B5     		push	{r7, lr}
 2768              	.LCFI143:
 2769              		.cfi_def_cfa_offset 8
 2770              		.cfi_offset 7, -8
 2771              		.cfi_offset 14, -4
 2772 0002 00AF     		add	r7, sp, #0
 2773              	.LCFI144:
 2774              		.cfi_def_cfa_register 7
 788:Module/ssd_2832.c ****     SSD2832_RST_H() ;
 2775              		.loc 1 788 5
 2776 0004 0A4B     		ldr	r3, .L158
 2777 0006 0422     		movs	r2, #4
 2778 0008 1A60     		str	r2, [r3]
 789:Module/ssd_2832.c **** 		msleep(50);
 2779              		.loc 1 789 3
 2780 000a 3220     		movs	r0, #50
 2781 000c FFF7FEFF 		bl	msleep
 790:Module/ssd_2832.c ****     SSD2832_RST_L();
 2782              		.loc 1 790 5
 2783 0010 084B     		ldr	r3, .L158+4
 2784 0012 0422     		movs	r2, #4
 2785 0014 1A60     		str	r2, [r3]
 791:Module/ssd_2832.c ****     msleep(100);
 2786              		.loc 1 791 5
 2787 0016 6420     		movs	r0, #100
 2788 0018 FFF7FEFF 		bl	msleep
 792:Module/ssd_2832.c ****     SSD2832_RST_H() ;
 2789              		.loc 1 792 5
 2790 001c 044B     		ldr	r3, .L158
 2791 001e 0422     		movs	r2, #4
 2792 0020 1A60     		str	r2, [r3]
 793:Module/ssd_2832.c ****     msleep(50);
 2793              		.loc 1 793 5
 2794 0022 3220     		movs	r0, #50
 2795 0024 FFF7FEFF 		bl	msleep
 794:Module/ssd_2832.c **** 	return 1;
 2796              		.loc 1 794 9
 2797 0028 0123     		movs	r3, #1
 795:Module/ssd_2832.c **** }
 2798              		.loc 1 795 1
 2799 002a 1846     		mov	r0, r3
 2800 002c 80BD     		pop	{r7, pc}
ARM GAS  C:\Users\ADMINI~1\AppData\Local\Temp\ccdP81J7.s 			page 64


 2801              	.L159:
 2802 002e 00BF     		.align	2
 2803              	.L158:
 2804 0030 10100140 		.word	1073811472
 2805 0034 14100140 		.word	1073811476
 2806              		.cfi_endproc
 2807              	.LFE148:
 2809              		.section	.text.bridge_RSTPIN_reset,"ax",%progbits
 2810              		.align	1
 2811              		.global	bridge_RSTPIN_reset
 2812              		.syntax unified
 2813              		.thumb
 2814              		.thumb_func
 2816              	bridge_RSTPIN_reset:
 2817              	.LFB149:
 796:Module/ssd_2832.c **** 
 797:Module/ssd_2832.c **** int bridge_RSTPIN_reset(void)
 798:Module/ssd_2832.c **** {
 2818              		.loc 1 798 1
 2819              		.cfi_startproc
 2820              		@ args = 0, pretend = 0, frame = 0
 2821              		@ frame_needed = 1, uses_anonymous_args = 0
 2822              		@ link register save eliminated.
 2823 0000 80B4     		push	{r7}
 2824              	.LCFI145:
 2825              		.cfi_def_cfa_offset 4
 2826              		.cfi_offset 7, -4
 2827 0002 00AF     		add	r7, sp, #0
 2828              	.LCFI146:
 2829              		.cfi_def_cfa_register 7
 799:Module/ssd_2832.c **** 
 800:Module/ssd_2832.c ****     SSD2832_RST_L();
 2830              		.loc 1 800 5
 2831 0004 034B     		ldr	r3, .L162
 2832 0006 0422     		movs	r2, #4
 2833 0008 1A60     		str	r2, [r3]
 801:Module/ssd_2832.c **** 
 802:Module/ssd_2832.c **** 	return 1;
 2834              		.loc 1 802 9
 2835 000a 0123     		movs	r3, #1
 803:Module/ssd_2832.c **** }
 2836              		.loc 1 803 1
 2837 000c 1846     		mov	r0, r3
 2838 000e BD46     		mov	sp, r7
 2839              	.LCFI147:
 2840              		.cfi_def_cfa_register 13
 2841              		@ sp needed
 2842 0010 80BC     		pop	{r7}
 2843              	.LCFI148:
 2844              		.cfi_restore 7
 2845              		.cfi_def_cfa_offset 0
 2846 0012 7047     		bx	lr
 2847              	.L163:
 2848              		.align	2
 2849              	.L162:
 2850 0014 14100140 		.word	1073811476
 2851              		.cfi_endproc
ARM GAS  C:\Users\ADMINI~1\AppData\Local\Temp\ccdP81J7.s 			page 65


 2852              	.LFE149:
 2854              		.section	.rodata
 2855 00c1 000000   		.align	2
 2856              	.LC8:
 2857 00c4 25733A73 		.ascii	"%s:start\015\012\000"
 2857      74617274 
 2857      0D0A00
 2858 00cf 00       		.align	2
 2859              	.LC9:
 2860 00d0 25733A4D 		.ascii	"%s:MIPI CPHY Detected\012\015\012\000"
 2860      49504920 
 2860      43504859 
 2860      20446574 
 2860      65637465 
 2861 00e9 000000   		.align	2
 2862              	.LC10:
 2863 00ec 25733A4D 		.ascii	"%s:MIPI DPHY Detected\012\015\012\000"
 2863      49504920 
 2863      44504859 
 2863      20446574 
 2863      65637465 
 2864              		.global	__aeabi_ui2d
 2865              		.global	__aeabi_d2uiz
 2866              		.global	__aeabi_ddiv
 2867              		.global	__aeabi_ui2f
 2868              		.global	__aeabi_fmul
 2869              		.global	__aeabi_f2d
 2870              		.global	__aeabi_dsub
 2871              		.global	__aeabi_dcmpgt
 2872              		.global	__aeabi_fdiv
 2873              		.global	__aeabi_dmul
 2874              		.global	__aeabi_dadd
 2875 0105 000000   		.align	2
 2876              	.LC11:
 2877 0108 25733A2D 		.ascii	"%s:------0xB7 = tmp_hi%x\015\012\015\012\000"
 2877      2D2D2D2D 
 2877      2D307842 
 2877      37203D20 
 2877      746D705F 
 2878              		.section	.text.bridge_init,"ax",%progbits
 2879              		.align	1
 2880              		.global	bridge_init
 2881              		.syntax unified
 2882              		.thumb
 2883              		.thumb_func
 2885              	bridge_init:
 2886              	.LFB150:
 804:Module/ssd_2832.c **** 
 805:Module/ssd_2832.c **** 
 806:Module/ssd_2832.c **** /******************************************************************************/
 807:Module/ssd_2832.c **** /// Description:ssd2829 inition td4320 , video mode screen
 808:Module/ssd_2832.c **** /// @note:
 809:Module/ssd_2832.c **** /// @param input:null
 810:Module/ssd_2832.c **** /// @param output:null
 811:Module/ssd_2832.c **** /// @return value
 812:Module/ssd_2832.c **** ///@author : liufeng
 813:Module/ssd_2832.c **** ///@date : 2019-06-24
ARM GAS  C:\Users\ADMINI~1\AppData\Local\Temp\ccdP81J7.s 			page 66


 814:Module/ssd_2832.c **** /******************************************************************************/
 815:Module/ssd_2832.c **** int bridge_init(void)
 816:Module/ssd_2832.c **** {
 2887              		.loc 1 816 1
 2888              		.cfi_startproc
 2889              		@ args = 0, pretend = 0, frame = 160
 2890              		@ frame_needed = 1, uses_anonymous_args = 0
 2891 0000 90B5     		push	{r4, r7, lr}
 2892              	.LCFI149:
 2893              		.cfi_def_cfa_offset 12
 2894              		.cfi_offset 4, -12
 2895              		.cfi_offset 7, -8
 2896              		.cfi_offset 14, -4
 2897 0002 A9B0     		sub	sp, sp, #164
 2898              	.LCFI150:
 2899              		.cfi_def_cfa_offset 176
 2900 0004 00AF     		add	r7, sp, #0
 2901              	.LCFI151:
 2902              		.cfi_def_cfa_register 7
 817:Module/ssd_2832.c ****     uint32_t tmp_lo = 0;
 2903              		.loc 1 817 14
 2904 0006 0023     		movs	r3, #0
 2905 0008 C7F88030 		str	r3, [r7, #128]
 818:Module/ssd_2832.c ****     uint32_t tmp_hi = 0;
 2906              		.loc 1 818 14
 2907 000c 0023     		movs	r3, #0
 2908 000e C7F89C30 		str	r3, [r7, #156]
 819:Module/ssd_2832.c **** 	uint32_t value = 0;
 2909              		.loc 1 819 11
 2910 0012 0023     		movs	r3, #0
 2911 0014 FB67     		str	r3, [r7, #124]
 820:Module/ssd_2832.c **** 	uint32_t hs = 0, lp = 0, m = 0, n = 0;
 2912              		.loc 1 820 11
 2913 0016 0023     		movs	r3, #0
 2914 0018 C7F89830 		str	r3, [r7, #152]
 2915              		.loc 1 820 19
 2916 001c 0023     		movs	r3, #0
 2917 001e BB67     		str	r3, [r7, #120]
 2918              		.loc 1 820 27
 2919 0020 0023     		movs	r3, #0
 2920 0022 7B67     		str	r3, [r7, #116]
 2921              		.loc 1 820 34
 2922 0024 0023     		movs	r3, #0
 2923 0026 C7F89430 		str	r3, [r7, #148]
 821:Module/ssd_2832.c **** 	uint32_t rba = 0;
 2924              		.loc 1 821 11
 2925 002a 0023     		movs	r3, #0
 2926 002c C7F89030 		str	r3, [r7, #144]
 822:Module/ssd_2832.c **** 	uint32_t is_cphy = 0;
 2927              		.loc 1 822 11
 2928 0030 0023     		movs	r3, #0
 2929 0032 C7F88C30 		str	r3, [r7, #140]
 823:Module/ssd_2832.c ****     struct bridge *pbridge;	
 824:Module/ssd_2832.c **** 	
 825:Module/ssd_2832.c **** 
 826:Module/ssd_2832.c **** 	pbridge = bridge_get();
 2930              		.loc 1 826 12
ARM GAS  C:\Users\ADMINI~1\AppData\Local\Temp\ccdP81J7.s 			page 67


 2931 0036 FFF7FEFF 		bl	bridge_get
 2932 003a 3867     		str	r0, [r7, #112]
 827:Module/ssd_2832.c **** 	pbridge->hsw = ptr_MIPI_TABLE[gMipiTableIndex]->HSW_WIDTH;  		//H Sync Width
 2933              		.loc 1 827 31
 2934 003c 9D4B     		ldr	r3, .L217
 2935 003e 1B78     		ldrb	r3, [r3]
 2936 0040 DBB2     		uxtb	r3, r3
 2937 0042 1A46     		mov	r2, r3
 2938 0044 9C4B     		ldr	r3, .L217+4
 2939 0046 53F82230 		ldr	r3, [r3, r2, lsl #2]
 2940              		.loc 1 827 48
 2941 004a B3F86A30 		ldrh	r3, [r3, #106]
 2942 004e 1A46     		mov	r2, r3
 2943              		.loc 1 827 15
 2944 0050 3B6F     		ldr	r3, [r7, #112]
 2945 0052 1A60     		str	r2, [r3]
 828:Module/ssd_2832.c **** 	pbridge->vsw = ptr_MIPI_TABLE[gMipiTableIndex]->VSW_WIDTH; 		//V Sync Width
 2946              		.loc 1 828 31
 2947 0054 974B     		ldr	r3, .L217
 2948 0056 1B78     		ldrb	r3, [r3]
 2949 0058 DBB2     		uxtb	r3, r3
 2950 005a 1A46     		mov	r2, r3
 2951 005c 964B     		ldr	r3, .L217+4
 2952 005e 53F82230 		ldr	r3, [r3, r2, lsl #2]
 2953              		.loc 1 828 48
 2954 0062 B3F87030 		ldrh	r3, [r3, #112]
 2955 0066 1A46     		mov	r2, r3
 2956              		.loc 1 828 15
 2957 0068 3B6F     		ldr	r3, [r7, #112]
 2958 006a 5A60     		str	r2, [r3, #4]
 829:Module/ssd_2832.c **** 	pbridge->hbp = ptr_MIPI_TABLE[gMipiTableIndex]->HBP_WIDTH;//64 ; 		//H Back Porch
 2959              		.loc 1 829 31
 2960 006c 914B     		ldr	r3, .L217
 2961 006e 1B78     		ldrb	r3, [r3]
 2962 0070 DBB2     		uxtb	r3, r3
 2963 0072 1A46     		mov	r2, r3
 2964 0074 904B     		ldr	r3, .L217+4
 2965 0076 53F82230 		ldr	r3, [r3, r2, lsl #2]
 2966              		.loc 1 829 48
 2967 007a B3F86830 		ldrh	r3, [r3, #104]
 2968 007e 1A46     		mov	r2, r3
 2969              		.loc 1 829 15
 2970 0080 3B6F     		ldr	r3, [r7, #112]
 2971 0082 9A60     		str	r2, [r3, #8]
 830:Module/ssd_2832.c **** 	pbridge->vbp = ptr_MIPI_TABLE[gMipiTableIndex]->VBP_WIDTH; 		//V Back Porch
 2972              		.loc 1 830 31
 2973 0084 8B4B     		ldr	r3, .L217
 2974 0086 1B78     		ldrb	r3, [r3]
 2975 0088 DBB2     		uxtb	r3, r3
 2976 008a 1A46     		mov	r2, r3
 2977 008c 8A4B     		ldr	r3, .L217+4
 2978 008e 53F82230 		ldr	r3, [r3, r2, lsl #2]
 2979              		.loc 1 830 48
 2980 0092 B3F86E30 		ldrh	r3, [r3, #110]
 2981 0096 1A46     		mov	r2, r3
 2982              		.loc 1 830 15
 2983 0098 3B6F     		ldr	r3, [r7, #112]
ARM GAS  C:\Users\ADMINI~1\AppData\Local\Temp\ccdP81J7.s 			page 68


 2984 009a DA60     		str	r2, [r3, #12]
 831:Module/ssd_2832.c **** 	pbridge->hfp = ptr_MIPI_TABLE[gMipiTableIndex]->HFP_WIDTH;//64; 		//H Front Porch
 2985              		.loc 1 831 31
 2986 009c 854B     		ldr	r3, .L217
 2987 009e 1B78     		ldrb	r3, [r3]
 2988 00a0 DBB2     		uxtb	r3, r3
 2989 00a2 1A46     		mov	r2, r3
 2990 00a4 844B     		ldr	r3, .L217+4
 2991 00a6 53F82230 		ldr	r3, [r3, r2, lsl #2]
 2992              		.loc 1 831 48
 2993 00aa B3F86630 		ldrh	r3, [r3, #102]
 2994 00ae 1A46     		mov	r2, r3
 2995              		.loc 1 831 15
 2996 00b0 3B6F     		ldr	r3, [r7, #112]
 2997 00b2 1A61     		str	r2, [r3, #16]
 832:Module/ssd_2832.c **** 	pbridge->vfp = ptr_MIPI_TABLE[gMipiTableIndex]->VFP_WIDTH; 		//V Front Porch
 2998              		.loc 1 832 31
 2999 00b4 7F4B     		ldr	r3, .L217
 3000 00b6 1B78     		ldrb	r3, [r3]
 3001 00b8 DBB2     		uxtb	r3, r3
 3002 00ba 1A46     		mov	r2, r3
 3003 00bc 7E4B     		ldr	r3, .L217+4
 3004 00be 53F82230 		ldr	r3, [r3, r2, lsl #2]
 3005              		.loc 1 832 48
 3006 00c2 B3F86C30 		ldrh	r3, [r3, #108]
 3007 00c6 1A46     		mov	r2, r3
 3008              		.loc 1 832 15
 3009 00c8 3B6F     		ldr	r3, [r7, #112]
 3010 00ca 5A61     		str	r2, [r3, #20]
 833:Module/ssd_2832.c **** 	pbridge->hact = ptr_MIPI_TABLE[gMipiTableIndex]->HACT_WIDTH; 	//H Active
 3011              		.loc 1 833 32
 3012 00cc 794B     		ldr	r3, .L217
 3013 00ce 1B78     		ldrb	r3, [r3]
 3014 00d0 DBB2     		uxtb	r3, r3
 3015 00d2 1A46     		mov	r2, r3
 3016 00d4 784B     		ldr	r3, .L217+4
 3017 00d6 53F82230 		ldr	r3, [r3, r2, lsl #2]
 3018              		.loc 1 833 49
 3019 00da B3F86230 		ldrh	r3, [r3, #98]
 3020 00de 1A46     		mov	r2, r3
 3021              		.loc 1 833 16
 3022 00e0 3B6F     		ldr	r3, [r7, #112]
 3023 00e2 9A61     		str	r2, [r3, #24]
 834:Module/ssd_2832.c **** 	pbridge->vact  = ptr_MIPI_TABLE[gMipiTableIndex]->VACT_WIDTH; 	//V Active
 3024              		.loc 1 834 33
 3025 00e4 734B     		ldr	r3, .L217
 3026 00e6 1B78     		ldrb	r3, [r3]
 3027 00e8 DBB2     		uxtb	r3, r3
 3028 00ea 1A46     		mov	r2, r3
 3029 00ec 724B     		ldr	r3, .L217+4
 3030 00ee 53F82230 		ldr	r3, [r3, r2, lsl #2]
 3031              		.loc 1 834 50
 3032 00f2 B3F86430 		ldrh	r3, [r3, #100]
 3033 00f6 1A46     		mov	r2, r3
 3034              		.loc 1 834 17
 3035 00f8 3B6F     		ldr	r3, [r7, #112]
 3036 00fa DA61     		str	r2, [r3, #28]
ARM GAS  C:\Users\ADMINI~1\AppData\Local\Temp\ccdP81J7.s 			page 69


 835:Module/ssd_2832.c **** 
 836:Module/ssd_2832.c **** 	pbridge->hzd = 0;
 3037              		.loc 1 836 15
 3038 00fc 3B6F     		ldr	r3, [r7, #112]
 3039 00fe 0022     		movs	r2, #0
 3040 0100 1A62     		str	r2, [r3, #32]
 837:Module/ssd_2832.c **** 	pbridge->hpd = 0;
 3041              		.loc 1 837 15
 3042 0102 3B6F     		ldr	r3, [r7, #112]
 3043 0104 0022     		movs	r2, #0
 3044 0106 5A62     		str	r2, [r3, #36]
 838:Module/ssd_2832.c **** 	pbridge->czd = 0;
 3045              		.loc 1 838 15
 3046 0108 3B6F     		ldr	r3, [r7, #112]
 3047 010a 0022     		movs	r2, #0
 3048 010c 9A62     		str	r2, [r3, #40]
 839:Module/ssd_2832.c **** 	pbridge->cpd = 0;
 3049              		.loc 1 839 15
 3050 010e 3B6F     		ldr	r3, [r7, #112]
 3051 0110 0022     		movs	r2, #0
 3052 0112 DA62     		str	r2, [r3, #44]
 840:Module/ssd_2832.c **** 	pbridge->cped = 0;
 3053              		.loc 1 840 16
 3054 0114 3B6F     		ldr	r3, [r7, #112]
 3055 0116 0022     		movs	r2, #0
 3056 0118 1A63     		str	r2, [r3, #48]
 841:Module/ssd_2832.c **** 	pbridge->cptd = 0;
 3057              		.loc 1 841 16
 3058 011a 3B6F     		ldr	r3, [r7, #112]
 3059 011c 0022     		movs	r2, #0
 3060 011e 5A63     		str	r2, [r3, #52]
 842:Module/ssd_2832.c **** 	pbridge->ctd = 0;
 3061              		.loc 1 842 15
 3062 0120 3B6F     		ldr	r3, [r7, #112]
 3063 0122 0022     		movs	r2, #0
 3064 0124 9A63     		str	r2, [r3, #56]
 843:Module/ssd_2832.c **** 	pbridge->htd = 0;
 3065              		.loc 1 843 15
 3066 0126 3B6F     		ldr	r3, [r7, #112]
 3067 0128 0022     		movs	r2, #0
 3068 012a DA63     		str	r2, [r3, #60]
 844:Module/ssd_2832.c **** 
 845:Module/ssd_2832.c **** 	pbridge->dual = 1;           //0,single,1,dual
 3069              		.loc 1 845 16
 3070 012c 3B6F     		ldr	r3, [r7, #112]
 3071 012e 0122     		movs	r2, #1
 3072 0130 1A64     		str	r2, [r3, #64]
 846:Module/ssd_2832.c **** 	pbridge->lane = ptr_MIPI_TABLE[gMipiTableIndex]->LANE_CNT-1;           //4lane
 3073              		.loc 1 846 32
 3074 0132 604B     		ldr	r3, .L217
 3075 0134 1B78     		ldrb	r3, [r3]
 3076 0136 DBB2     		uxtb	r3, r3
 3077 0138 1A46     		mov	r2, r3
 3078 013a 5F4B     		ldr	r3, .L217+4
 3079 013c 53F82230 		ldr	r3, [r3, r2, lsl #2]
 3080              		.loc 1 846 49
 3081 0140 93F85C30 		ldrb	r3, [r3, #92]	@ zero_extendqisi2
ARM GAS  C:\Users\ADMINI~1\AppData\Local\Temp\ccdP81J7.s 			page 70


 3082              		.loc 1 846 59
 3083 0144 013B     		subs	r3, r3, #1
 3084 0146 1A46     		mov	r2, r3
 3085              		.loc 1 846 16
 3086 0148 3B6F     		ldr	r3, [r7, #112]
 3087 014a 5A64     		str	r2, [r3, #68]
 847:Module/ssd_2832.c **** 	pbridge->video_or_cmd = 0;   //video,command
 3088              		.loc 1 847 24
 3089 014c 3B6F     		ldr	r3, [r7, #112]
 3090 014e 0022     		movs	r2, #0
 3091 0150 9A64     		str	r2, [r3, #72]
 848:Module/ssd_2832.c **** 	pbridge->bits = 3;           //24,18,16
 3092              		.loc 1 848 16
 3093 0152 3B6F     		ldr	r3, [r7, #112]
 3094 0154 0322     		movs	r2, #3
 3095 0156 DA64     		str	r2, [r3, #76]
 849:Module/ssd_2832.c **** 	pbridge->rgb_or_bgr = 0;     //RGB,BGR
 3096              		.loc 1 849 22
 3097 0158 3B6F     		ldr	r3, [r7, #112]
 3098 015a 0022     		movs	r2, #0
 3099 015c 1A65     		str	r2, [r3, #80]
 850:Module/ssd_2832.c **** 	
 851:Module/ssd_2832.c **** 	pbridge->pclk_polarity=0;
 3100              		.loc 1 851 24
 3101 015e 3B6F     		ldr	r3, [r7, #112]
 3102 0160 0022     		movs	r2, #0
 3103 0162 5A65     		str	r2, [r3, #84]
 852:Module/ssd_2832.c **** 	pbridge->de_polarity = 1;    //DE Polarity;0,active low
 3104              		.loc 1 852 23
 3105 0164 3B6F     		ldr	r3, [r7, #112]
 3106 0166 0122     		movs	r2, #1
 3107 0168 9A65     		str	r2, [r3, #88]
 853:Module/ssd_2832.c **** 	pbridge->vsync_polarity =0; //V Sync Polarity;0,Vsync pulse is active low  关键参数
 3108              		.loc 1 853 26
 3109 016a 3B6F     		ldr	r3, [r7, #112]
 3110 016c 0022     		movs	r2, #0
 3111 016e DA65     		str	r2, [r3, #92]
 854:Module/ssd_2832.c **** 	pbridge->hsync_polarity = 0; //H Sync Polarity;0,Hsync pulse is active low
 3112              		.loc 1 854 26
 3113 0170 3B6F     		ldr	r3, [r7, #112]
 3114 0172 0022     		movs	r2, #0
 3115 0174 1A66     		str	r2, [r3, #96]
 855:Module/ssd_2832.c **** 	pbridge->sync_mode = ptr_MIPI_TABLE[gMipiTableIndex]->Display_Mode;      //Video mode,0,non burst 
 3116              		.loc 1 855 37
 3117 0176 4F4B     		ldr	r3, .L217
 3118 0178 1B78     		ldrb	r3, [r3]
 3119 017a DBB2     		uxtb	r3, r3
 3120 017c 1A46     		mov	r2, r3
 3121 017e 4E4B     		ldr	r3, .L217+4
 3122 0180 53F82230 		ldr	r3, [r3, r2, lsl #2]
 3123              		.loc 1 855 54
 3124 0184 93F86130 		ldrb	r3, [r3, #97]	@ zero_extendqisi2
 3125 0188 1A46     		mov	r2, r3
 3126              		.loc 1 855 21
 3127 018a 3B6F     		ldr	r3, [r7, #112]
 3128 018c 5A66     		str	r2, [r3, #100]
 856:Module/ssd_2832.c **** 							//1,non burst mode with sync events
ARM GAS  C:\Users\ADMINI~1\AppData\Local\Temp\ccdP81J7.s 			page 71


 857:Module/ssd_2832.c **** 							//burst mode
 858:Module/ssd_2832.c **** 
 859:Module/ssd_2832.c **** 	pbridge->split_mode = 2;     //split_mode, 0 - odd/even, 1 - Left/Right, 2 - broadcast
 3129              		.loc 1 859 22
 3130 018e 3B6F     		ldr	r3, [r7, #112]
 3131 0190 0222     		movs	r2, #2
 3132 0192 9A66     		str	r2, [r3, #104]
 860:Module/ssd_2832.c **** 	pbridge->video_msb_lsb_swap	=	0;	//0 – No Swap 1 –Swap RGB pixel upper and lower
 3133              		.loc 1 860 30
 3134 0194 3B6F     		ldr	r3, [r7, #112]
 3135 0196 0022     		movs	r2, #0
 3136 0198 C3F89020 		str	r2, [r3, #144]
 861:Module/ssd_2832.c **** 	
 862:Module/ssd_2832.c **** 	
 863:Module/ssd_2832.c **** 	pbridge->clk_lp = 7;         //LP Speed(MHz);low speed
 3137              		.loc 1 863 18
 3138 019c 3B6F     		ldr	r3, [r7, #112]
 3139 019e 0722     		movs	r2, #7
 3140 01a0 DA66     		str	r2, [r3, #108]
 864:Module/ssd_2832.c **** 	pbridge->clk_hs = 720 ;  //952       //HS Speed(MHz);High speed
 3141              		.loc 1 864 18
 3142 01a2 3B6F     		ldr	r3, [r7, #112]
 3143 01a4 4FF43472 		mov	r2, #720
 3144 01a8 1A67     		str	r2, [r3, #112]
 865:Module/ssd_2832.c **** 
 866:Module/ssd_2832.c **** 	pbridge->init_by_hs_mode = 0; //Initialize By HS Mode;
 3145              		.loc 1 866 27
 3146 01aa 3B6F     		ldr	r3, [r7, #112]
 3147 01ac 0022     		movs	r2, #0
 3148 01ae 5A67     		str	r2, [r3, #116]
 867:Module/ssd_2832.c **** 	pbridge->always_keep_hs = 0;  //Always Keep HS Clock
 3149              		.loc 1 867 26
 3150 01b0 3B6F     		ldr	r3, [r7, #112]
 3151 01b2 0022     		movs	r2, #0
 3152 01b4 9A67     		str	r2, [r3, #120]
 868:Module/ssd_2832.c **** 	pbridge->send_eot_in_hs = 1;  //Send EOT Packet in HS Mode
 3153              		.loc 1 868 26
 3154 01b6 3B6F     		ldr	r3, [r7, #112]
 3155 01b8 0122     		movs	r2, #1
 3156 01ba DA67     		str	r2, [r3, #124]
 869:Module/ssd_2832.c **** 	pbridge->start_video_before_init = 1; //Start Video before Initialzation
 3157              		.loc 1 869 35
 3158 01bc 3B6F     		ldr	r3, [r7, #112]
 3159 01be 0122     		movs	r2, #1
 3160 01c0 C3F88020 		str	r2, [r3, #128]
 870:Module/ssd_2832.c **** 
 871:Module/ssd_2832.c **** 	pbridge->virtual_channel = 0;  //virtual channel;
 3161              		.loc 1 871 27
 3162 01c4 3B6F     		ldr	r3, [r7, #112]
 3163 01c6 0022     		movs	r2, #0
 3164 01c8 C3F88420 		str	r2, [r3, #132]
 872:Module/ssd_2832.c **** 	pbridge->dphy_or_cphy = 1;     //0 - MIPI DPHY, 1 - MIPI CPHY
 3165              		.loc 1 872 24
 3166 01cc 3B6F     		ldr	r3, [r7, #112]
 3167 01ce 0122     		movs	r2, #1
 3168 01d0 C3F88820 		str	r2, [r3, #136]
 873:Module/ssd_2832.c **** 
ARM GAS  C:\Users\ADMINI~1\AppData\Local\Temp\ccdP81J7.s 			page 72


 874:Module/ssd_2832.c **** 	pbridge->driver_output_res_ctl = 0x00FF0000 | 14;  //Analog Control Register,BIT28-25,Driver outpu
 3169              		.loc 1 874 33
 3170 01d4 3B6F     		ldr	r3, [r7, #112]
 3171 01d6 394A     		ldr	r2, .L217+8
 3172 01d8 C3F89420 		str	r2, [r3, #148]
 875:Module/ssd_2832.c **** 	pbridge->low_power_tx_drive_strength = 0x00FF0000|0 ; //Analog Control Register,BIT24-22,Low Power
 3173              		.loc 1 875 39
 3174 01dc 3B6F     		ldr	r3, [r7, #112]
 3175 01de 4FF47F02 		mov	r2, #16711680
 3176 01e2 C3F89820 		str	r2, [r3, #152]
 876:Module/ssd_2832.c **** 	pbridge->post_len = 0x00FF0000 |31;          //CPHY Transmit Global Register 1,BIT20-16,The number
 3177              		.loc 1 876 20
 3178 01e6 3B6F     		ldr	r3, [r7, #112]
 3179 01e8 354A     		ldr	r2, .L217+12
 3180 01ea C3F8A020 		str	r2, [r3, #160]
 877:Module/ssd_2832.c **** 	pbridge->Voltage_trimming_bits=3;
 3181              		.loc 1 877 32
 3182 01ee 3B6F     		ldr	r3, [r7, #112]
 3183 01f0 0322     		movs	r2, #3
 3184 01f2 C3F89C20 		str	r2, [r3, #156]
 878:Module/ssd_2832.c **** 
 879:Module/ssd_2832.c ****     log_info("start");
 3185              		.loc 1 879 5
 3186 01f6 3349     		ldr	r1, .L217+16
 3187 01f8 3348     		ldr	r0, .L217+20
 3188 01fa FFF7FEFF 		bl	printf
 880:Module/ssd_2832.c **** 
 881:Module/ssd_2832.c ****    if(pbridge->dphy_or_cphy > 0)
 3189              		.loc 1 881 14
 3190 01fe 3B6F     		ldr	r3, [r7, #112]
 3191 0200 D3F88830 		ldr	r3, [r3, #136]
 3192              		.loc 1 881 6
 3193 0204 002B     		cmp	r3, #0
 3194 0206 0AD0     		beq	.L165
 882:Module/ssd_2832.c ****     {
 883:Module/ssd_2832.c ****         //CPHY
 884:Module/ssd_2832.c ****         log_info("MIPI CPHY Detected\n");
 3195              		.loc 1 884 9
 3196 0208 2E49     		ldr	r1, .L217+16
 3197 020a 3048     		ldr	r0, .L217+24
 3198 020c FFF7FEFF 		bl	printf
 885:Module/ssd_2832.c ****         is_cphy = 1;
 3199              		.loc 1 885 17
 3200 0210 0123     		movs	r3, #1
 3201 0212 C7F88C30 		str	r3, [r7, #140]
 886:Module/ssd_2832.c ****         bridge_select_phy(0);
 3202              		.loc 1 886 9
 3203 0216 0020     		movs	r0, #0
 3204 0218 FFF7FEFF 		bl	bridge_select_phy
 3205 021c 09E0     		b	.L166
 3206              	.L165:
 887:Module/ssd_2832.c ****     }
 888:Module/ssd_2832.c ****     else
 889:Module/ssd_2832.c ****     {
 890:Module/ssd_2832.c ****         //DPHY
 891:Module/ssd_2832.c ****         log_info("MIPI DPHY Detected\n");
 3207              		.loc 1 891 9
ARM GAS  C:\Users\ADMINI~1\AppData\Local\Temp\ccdP81J7.s 			page 73


 3208 021e 2949     		ldr	r1, .L217+16
 3209 0220 2B48     		ldr	r0, .L217+28
 3210 0222 FFF7FEFF 		bl	printf
 892:Module/ssd_2832.c ****         is_cphy = 0;
 3211              		.loc 1 892 17
 3212 0226 0023     		movs	r3, #0
 3213 0228 C7F88C30 		str	r3, [r7, #140]
 893:Module/ssd_2832.c ****         bridge_select_phy(1);
 3214              		.loc 1 893 9
 3215 022c 0120     		movs	r0, #1
 3216 022e FFF7FEFF 		bl	bridge_select_phy
 3217              	.L166:
 894:Module/ssd_2832.c ****     }
 895:Module/ssd_2832.c ****     msleep(50);
 3218              		.loc 1 895 5
 3219 0232 3220     		movs	r0, #50
 3220 0234 FFF7FEFF 		bl	msleep
 896:Module/ssd_2832.c **** 
 897:Module/ssd_2832.c ****     bridge_hw_reset();
 3221              		.loc 1 897 5
 3222 0238 FFF7FEFF 		bl	bridge_hw_reset
 898:Module/ssd_2832.c **** 
 899:Module/ssd_2832.c **** 	//Set Virtual Channel:
 900:Module/ssd_2832.c **** 	uint32_t virtual_channel = pbridge->virtual_channel;
 3223              		.loc 1 900 11
 3224 023c 3B6F     		ldr	r3, [r7, #112]
 3225 023e D3F88430 		ldr	r3, [r3, #132]
 3226 0242 FB66     		str	r3, [r7, #108]
 901:Module/ssd_2832.c **** 	bridge_write_reg_16bit(0xB8,virtual_channel | (virtual_channel << 2) | (virtual_channel << 4) | (v
 3227              		.loc 1 901 65
 3228 0244 FB6E     		ldr	r3, [r7, #108]
 3229 0246 9BB2     		uxth	r3, r3
 3230 0248 9B00     		lsls	r3, r3, #2
 3231 024a 9AB2     		uxth	r2, r3
 3232              		.loc 1 901 46
 3233 024c FB6E     		ldr	r3, [r7, #108]
 3234 024e 9BB2     		uxth	r3, r3
 3235 0250 1343     		orrs	r3, r3, r2
 3236 0252 9AB2     		uxth	r2, r3
 3237              		.loc 1 901 90
 3238 0254 FB6E     		ldr	r3, [r7, #108]
 3239 0256 9BB2     		uxth	r3, r3
 3240 0258 1B01     		lsls	r3, r3, #4
 3241 025a 9BB2     		uxth	r3, r3
 3242              		.loc 1 901 71
 3243 025c 1343     		orrs	r3, r3, r2
 3244 025e 9AB2     		uxth	r2, r3
 3245              		.loc 1 901 115
 3246 0260 FB6E     		ldr	r3, [r7, #108]
 3247 0262 9BB2     		uxth	r3, r3
 3248 0264 9B01     		lsls	r3, r3, #6
 3249 0266 9BB2     		uxth	r3, r3
 3250              		.loc 1 901 2
 3251 0268 1343     		orrs	r3, r3, r2
 3252 026a 9BB2     		uxth	r3, r3
 3253 026c 1946     		mov	r1, r3
 3254 026e B820     		movs	r0, #184
ARM GAS  C:\Users\ADMINI~1\AppData\Local\Temp\ccdP81J7.s 			page 74


 3255 0270 FFF7FEFF 		bl	bridge_write_reg_16bit
 902:Module/ssd_2832.c **** 
 903:Module/ssd_2832.c **** 	//PLL power down
 904:Module/ssd_2832.c **** 	bridge_write_reg_16bit(0xB9,0x0000);
 3256              		.loc 1 904 2
 3257 0274 0021     		movs	r1, #0
 3258 0276 B920     		movs	r0, #185
 3259 0278 FFF7FEFF 		bl	bridge_write_reg_16bit
 905:Module/ssd_2832.c **** 
 906:Module/ssd_2832.c **** 	//Set PLL, HS=1000Mbps
 907:Module/ssd_2832.c ****     if(is_cphy)
 3260              		.loc 1 907 7
 3261 027c D7F88C30 		ldr	r3, [r7, #140]
 3262 0280 002B     		cmp	r3, #0
 3263 0282 27D0     		beq	.L167
 3264              	.LBB5:
 908:Module/ssd_2832.c ****     {
 909:Module/ssd_2832.c ****         //byp_bit_div = 1, dual symbol clock
 910:Module/ssd_2832.c ****         double sps = (double)(pbridge->clk_hs)/1.0f;
 3265              		.loc 1 910 38
 3266 0284 3B6F     		ldr	r3, [r7, #112]
 3267 0286 1B6F     		ldr	r3, [r3, #112]
 3268              		.loc 1 910 16
 3269 0288 1846     		mov	r0, r3
 3270 028a FFF7FEFF 		bl	__aeabi_ui2d
 3271 028e 0246     		mov	r2, r0
 3272 0290 0B46     		mov	r3, r1
 3273 0292 C7E91623 		strd	r2, [r7, #88]
 911:Module/ssd_2832.c ****         hs = (uint32_t)(ceil(sps));
 3274              		.loc 1 911 25
 3275 0296 D7E91601 		ldrd	r0, [r7, #88]
 3276 029a FFF7FEFF 		bl	ceil
 3277 029e 0246     		mov	r2, r0
 3278 02a0 0B46     		mov	r3, r1
 3279              		.loc 1 911 12
 3280 02a2 1046     		mov	r0, r2
 3281 02a4 1946     		mov	r1, r3
 3282 02a6 FFF7FEFF 		bl	__aeabi_d2uiz
 3283 02aa 0346     		mov	r3, r0
 3284 02ac C7F89830 		str	r3, [r7, #152]
 3285              	.LBE5:
 3286 02b0 26E0     		b	.L168
 3287              	.L218:
 3288 02b2 00BF     		.align	2
 3289              	.L217:
 3290 02b4 00000000 		.word	gMipiTableIndex
 3291 02b8 00000000 		.word	ptr_MIPI_TABLE
 3292 02bc 0E00FF00 		.word	16711694
 3293 02c0 1F00FF00 		.word	16711711
 3294 02c4 14000000 		.word	.LC1
 3295 02c8 C4000000 		.word	.LC8
 3296 02cc D0000000 		.word	.LC9
 3297 02d0 EC000000 		.word	.LC10
 3298              	.L167:
 3299              	.LBB6:
 912:Module/ssd_2832.c ****     }
 913:Module/ssd_2832.c ****     else
ARM GAS  C:\Users\ADMINI~1\AppData\Local\Temp\ccdP81J7.s 			page 75


 914:Module/ssd_2832.c ****     {
 915:Module/ssd_2832.c ****         double sps = (double)(pbridge->clk_hs)/1.0f;
 3300              		.loc 1 915 38
 3301 02d4 3B6F     		ldr	r3, [r7, #112]
 3302 02d6 1B6F     		ldr	r3, [r3, #112]
 3303              		.loc 1 915 16
 3304 02d8 1846     		mov	r0, r3
 3305 02da FFF7FEFF 		bl	__aeabi_ui2d
 3306 02de 0246     		mov	r2, r0
 3307 02e0 0B46     		mov	r3, r1
 3308 02e2 C7E91823 		strd	r2, [r7, #96]
 916:Module/ssd_2832.c ****         hs = (uint32_t)(ceil(sps));
 3309              		.loc 1 916 25
 3310 02e6 D7E91801 		ldrd	r0, [r7, #96]
 3311 02ea FFF7FEFF 		bl	ceil
 3312 02ee 0246     		mov	r2, r0
 3313 02f0 0B46     		mov	r3, r1
 3314              		.loc 1 916 12
 3315 02f2 1046     		mov	r0, r2
 3316 02f4 1946     		mov	r1, r3
 3317 02f6 FFF7FEFF 		bl	__aeabi_d2uiz
 3318 02fa 0346     		mov	r3, r0
 3319 02fc C7F89830 		str	r3, [r7, #152]
 3320              	.L168:
 3321              	.LBE6:
 917:Module/ssd_2832.c ****     }
 918:Module/ssd_2832.c ****     //XTRAL 25MHZ
 919:Module/ssd_2832.c ****     lp = pbridge->clk_lp;
 3322              		.loc 1 919 8
 3323 0300 3B6F     		ldr	r3, [r7, #112]
 3324 0302 DB6E     		ldr	r3, [r3, #108]
 3325 0304 BB67     		str	r3, [r7, #120]
 920:Module/ssd_2832.c **** 	n = (hs + 4) / 5;
 3326              		.loc 1 920 10
 3327 0306 D7F89830 		ldr	r3, [r7, #152]
 3328 030a 0433     		adds	r3, r3, #4
 3329              		.loc 1 920 4
 3330 030c BB4A     		ldr	r2, .L219
 3331 030e A2FB0323 		umull	r2, r3, r2, r3
 3332 0312 9B08     		lsrs	r3, r3, #2
 3333 0314 C7F89430 		str	r3, [r7, #148]
 921:Module/ssd_2832.c **** 	m = 5 * n;
 3334              		.loc 1 921 4
 3335 0318 D7F89420 		ldr	r2, [r7, #148]
 3336 031c 1346     		mov	r3, r2
 3337 031e 9B00     		lsls	r3, r3, #2
 3338 0320 1344     		add	r3, r3, r2
 3339 0322 7B67     		str	r3, [r7, #116]
 922:Module/ssd_2832.c **** 	hs = m;
 3340              		.loc 1 922 5
 3341 0324 7B6F     		ldr	r3, [r7, #116]
 3342 0326 C7F89830 		str	r3, [r7, #152]
 923:Module/ssd_2832.c **** 
 924:Module/ssd_2832.c **** 	if(is_cphy)
 3343              		.loc 1 924 4
 3344 032a D7F88C30 		ldr	r3, [r7, #140]
 3345 032e 002B     		cmp	r3, #0
ARM GAS  C:\Users\ADMINI~1\AppData\Local\Temp\ccdP81J7.s 			page 76


 3346 0330 6DD0     		beq	.L169
 3347              	.LBB7:
 925:Module/ssd_2832.c ****     {
 926:Module/ssd_2832.c ****         double x = m*1.0/2.0;
 3348              		.loc 1 926 21
 3349 0332 786F     		ldr	r0, [r7, #116]
 3350 0334 FFF7FEFF 		bl	__aeabi_ui2d
 3351              		.loc 1 926 16
 3352 0338 4FF00002 		mov	r2, #0
 3353 033c 4FF08043 		mov	r3, #1073741824
 3354 0340 FFF7FEFF 		bl	__aeabi_ddiv
 3355 0344 0246     		mov	r2, r0
 3356 0346 0B46     		mov	r3, r1
 3357 0348 C7E91223 		strd	r2, [r7, #72]
 927:Module/ssd_2832.c ****     	n = (uint32_t)(x / (7 * lp));
 3358              		.loc 1 927 28
 3359 034c BA6F     		ldr	r2, [r7, #120]
 3360 034e 1346     		mov	r3, r2
 3361 0350 DB00     		lsls	r3, r3, #3
 3362 0352 9B1A     		subs	r3, r3, r2
 3363              		.loc 1 927 23
 3364 0354 1846     		mov	r0, r3
 3365 0356 FFF7FEFF 		bl	__aeabi_ui2d
 3366 035a 0246     		mov	r2, r0
 3367 035c 0B46     		mov	r3, r1
 3368 035e D7E91201 		ldrd	r0, [r7, #72]
 3369 0362 FFF7FEFF 		bl	__aeabi_ddiv
 3370 0366 0246     		mov	r2, r0
 3371 0368 0B46     		mov	r3, r1
 3372              		.loc 1 927 8
 3373 036a 1046     		mov	r0, r2
 3374 036c 1946     		mov	r1, r3
 3375 036e FFF7FEFF 		bl	__aeabi_d2uiz
 3376 0372 0346     		mov	r3, r0
 3377 0374 C7F89430 		str	r3, [r7, #148]
 928:Module/ssd_2832.c ****     	if ((x - n*7.0f*lp)>0)
 3378              		.loc 1 928 16
 3379 0378 D7F89400 		ldr	r0, [r7, #148]
 3380 037c FFF7FEFF 		bl	__aeabi_ui2f
 3381 0380 0346     		mov	r3, r0
 3382 0382 9F49     		ldr	r1, .L219+4
 3383 0384 1846     		mov	r0, r3
 3384 0386 FFF7FEFF 		bl	__aeabi_fmul
 3385 038a 0346     		mov	r3, r0
 3386 038c 1C46     		mov	r4, r3
 3387              		.loc 1 928 21
 3388 038e B86F     		ldr	r0, [r7, #120]
 3389 0390 FFF7FEFF 		bl	__aeabi_ui2f
 3390 0394 0346     		mov	r3, r0
 3391 0396 1946     		mov	r1, r3
 3392 0398 2046     		mov	r0, r4
 3393 039a FFF7FEFF 		bl	__aeabi_fmul
 3394 039e 0346     		mov	r3, r0
 3395 03a0 1846     		mov	r0, r3
 3396 03a2 FFF7FEFF 		bl	__aeabi_f2d
 3397 03a6 0246     		mov	r2, r0
 3398 03a8 0B46     		mov	r3, r1
ARM GAS  C:\Users\ADMINI~1\AppData\Local\Temp\ccdP81J7.s 			page 77


 3399              		.loc 1 928 13
 3400 03aa D7E91201 		ldrd	r0, [r7, #72]
 3401 03ae FFF7FEFF 		bl	__aeabi_dsub
 3402 03b2 0246     		mov	r2, r0
 3403 03b4 0B46     		mov	r3, r1
 3404 03b6 1046     		mov	r0, r2
 3405 03b8 1946     		mov	r1, r3
 3406              		.loc 1 928 9
 3407 03ba 4FF00002 		mov	r2, #0
 3408 03be 4FF00003 		mov	r3, #0
 3409 03c2 FFF7FEFF 		bl	__aeabi_dcmpgt
 3410 03c6 0346     		mov	r3, r0
 3411 03c8 002B     		cmp	r3, #0
 3412 03ca 04D0     		beq	.L170
 929:Module/ssd_2832.c ****     		n += 1;
 3413              		.loc 1 929 9
 3414 03cc D7F89430 		ldr	r3, [r7, #148]
 3415 03d0 0133     		adds	r3, r3, #1
 3416 03d2 C7F89430 		str	r3, [r7, #148]
 3417              	.L170:
 930:Module/ssd_2832.c ****     	lp = (uint32_t)(x / (7 * n));
 3418              		.loc 1 930 29
 3419 03d6 D7F89420 		ldr	r2, [r7, #148]
 3420 03da 1346     		mov	r3, r2
 3421 03dc DB00     		lsls	r3, r3, #3
 3422 03de 9B1A     		subs	r3, r3, r2
 3423              		.loc 1 930 24
 3424 03e0 1846     		mov	r0, r3
 3425 03e2 FFF7FEFF 		bl	__aeabi_ui2d
 3426 03e6 0246     		mov	r2, r0
 3427 03e8 0B46     		mov	r3, r1
 3428 03ea D7E91201 		ldrd	r0, [r7, #72]
 3429 03ee FFF7FEFF 		bl	__aeabi_ddiv
 3430 03f2 0246     		mov	r2, r0
 3431 03f4 0B46     		mov	r3, r1
 3432              		.loc 1 930 9
 3433 03f6 1046     		mov	r0, r2
 3434 03f8 1946     		mov	r1, r3
 3435 03fa FFF7FEFF 		bl	__aeabi_d2uiz
 3436 03fe 0346     		mov	r3, r0
 3437 0400 BB67     		str	r3, [r7, #120]
 931:Module/ssd_2832.c ****     	n -= 1;
 3438              		.loc 1 931 8
 3439 0402 D7F89430 		ldr	r3, [r7, #148]
 3440 0406 013B     		subs	r3, r3, #1
 3441 0408 C7F89430 		str	r3, [r7, #148]
 3442              	.LBE7:
 3443 040c 63E0     		b	.L172
 3444              	.L169:
 3445              	.LBB8:
 932:Module/ssd_2832.c ****     }
 933:Module/ssd_2832.c ****     else
 934:Module/ssd_2832.c ****     {
 935:Module/ssd_2832.c ****         double x = m*1.0;
 3446              		.loc 1 935 16
 3447 040e 786F     		ldr	r0, [r7, #116]
 3448 0410 FFF7FEFF 		bl	__aeabi_ui2d
ARM GAS  C:\Users\ADMINI~1\AppData\Local\Temp\ccdP81J7.s 			page 78


 3449 0414 0246     		mov	r2, r0
 3450 0416 0B46     		mov	r3, r1
 3451 0418 C7E91423 		strd	r2, [r7, #80]
 936:Module/ssd_2832.c ****     	n = (uint32_t)(x / (8 * lp));
 3452              		.loc 1 936 28
 3453 041c BB6F     		ldr	r3, [r7, #120]
 3454 041e DB00     		lsls	r3, r3, #3
 3455              		.loc 1 936 23
 3456 0420 1846     		mov	r0, r3
 3457 0422 FFF7FEFF 		bl	__aeabi_ui2d
 3458 0426 0246     		mov	r2, r0
 3459 0428 0B46     		mov	r3, r1
 3460 042a D7E91401 		ldrd	r0, [r7, #80]
 3461 042e FFF7FEFF 		bl	__aeabi_ddiv
 3462 0432 0246     		mov	r2, r0
 3463 0434 0B46     		mov	r3, r1
 3464              		.loc 1 936 8
 3465 0436 1046     		mov	r0, r2
 3466 0438 1946     		mov	r1, r3
 3467 043a FFF7FEFF 		bl	__aeabi_d2uiz
 3468 043e 0346     		mov	r3, r0
 3469 0440 C7F89430 		str	r3, [r7, #148]
 937:Module/ssd_2832.c ****     	if ((x - n*8.0f*lp)>0)
 3470              		.loc 1 937 16
 3471 0444 D7F89400 		ldr	r0, [r7, #148]
 3472 0448 FFF7FEFF 		bl	__aeabi_ui2f
 3473 044c 0346     		mov	r3, r0
 3474 044e 4FF08241 		mov	r1, #1090519040
 3475 0452 1846     		mov	r0, r3
 3476 0454 FFF7FEFF 		bl	__aeabi_fmul
 3477 0458 0346     		mov	r3, r0
 3478 045a 1C46     		mov	r4, r3
 3479              		.loc 1 937 21
 3480 045c B86F     		ldr	r0, [r7, #120]
 3481 045e FFF7FEFF 		bl	__aeabi_ui2f
 3482 0462 0346     		mov	r3, r0
 3483 0464 1946     		mov	r1, r3
 3484 0466 2046     		mov	r0, r4
 3485 0468 FFF7FEFF 		bl	__aeabi_fmul
 3486 046c 0346     		mov	r3, r0
 3487 046e 1846     		mov	r0, r3
 3488 0470 FFF7FEFF 		bl	__aeabi_f2d
 3489 0474 0246     		mov	r2, r0
 3490 0476 0B46     		mov	r3, r1
 3491              		.loc 1 937 13
 3492 0478 D7E91401 		ldrd	r0, [r7, #80]
 3493 047c FFF7FEFF 		bl	__aeabi_dsub
 3494 0480 0246     		mov	r2, r0
 3495 0482 0B46     		mov	r3, r1
 3496 0484 1046     		mov	r0, r2
 3497 0486 1946     		mov	r1, r3
 3498              		.loc 1 937 9
 3499 0488 4FF00002 		mov	r2, #0
 3500 048c 4FF00003 		mov	r3, #0
 3501 0490 FFF7FEFF 		bl	__aeabi_dcmpgt
 3502 0494 0346     		mov	r3, r0
 3503 0496 002B     		cmp	r3, #0
ARM GAS  C:\Users\ADMINI~1\AppData\Local\Temp\ccdP81J7.s 			page 79


 3504 0498 04D0     		beq	.L173
 938:Module/ssd_2832.c ****     		n += 1;
 3505              		.loc 1 938 9
 3506 049a D7F89430 		ldr	r3, [r7, #148]
 3507 049e 0133     		adds	r3, r3, #1
 3508 04a0 C7F89430 		str	r3, [r7, #148]
 3509              	.L173:
 939:Module/ssd_2832.c ****     	lp = (uint32_t)(x / (8 * n));
 3510              		.loc 1 939 29
 3511 04a4 D7F89430 		ldr	r3, [r7, #148]
 3512 04a8 DB00     		lsls	r3, r3, #3
 3513              		.loc 1 939 24
 3514 04aa 1846     		mov	r0, r3
 3515 04ac FFF7FEFF 		bl	__aeabi_ui2d
 3516 04b0 0246     		mov	r2, r0
 3517 04b2 0B46     		mov	r3, r1
 3518 04b4 D7E91401 		ldrd	r0, [r7, #80]
 3519 04b8 FFF7FEFF 		bl	__aeabi_ddiv
 3520 04bc 0246     		mov	r2, r0
 3521 04be 0B46     		mov	r3, r1
 3522              		.loc 1 939 9
 3523 04c0 1046     		mov	r0, r2
 3524 04c2 1946     		mov	r1, r3
 3525 04c4 FFF7FEFF 		bl	__aeabi_d2uiz
 3526 04c8 0346     		mov	r3, r0
 3527 04ca BB67     		str	r3, [r7, #120]
 940:Module/ssd_2832.c ****     	n -= 1;
 3528              		.loc 1 940 8
 3529 04cc D7F89430 		ldr	r3, [r7, #148]
 3530 04d0 013B     		subs	r3, r3, #1
 3531 04d2 C7F89430 		str	r3, [r7, #148]
 3532              	.L172:
 3533              	.LBE8:
 941:Module/ssd_2832.c ****     }
 942:Module/ssd_2832.c **** 
 943:Module/ssd_2832.c **** 	if (m<125)
 3534              		.loc 1 943 5
 3535 04d6 7B6F     		ldr	r3, [r7, #116]
 3536 04d8 7C2B     		cmp	r3, #124
 3537 04da 04D8     		bhi	.L175
 944:Module/ssd_2832.c **** 		rba = 0x0200;
 3538              		.loc 1 944 7
 3539 04dc 4FF40073 		mov	r3, #512
 3540 04e0 C7F89030 		str	r3, [r7, #144]
 3541 04e4 14E0     		b	.L176
 3542              	.L175:
 945:Module/ssd_2832.c **** 	else if (m<250)
 3543              		.loc 1 945 10
 3544 04e6 7B6F     		ldr	r3, [r7, #116]
 3545 04e8 F92B     		cmp	r3, #249
 3546 04ea 04D8     		bhi	.L177
 946:Module/ssd_2832.c **** 		rba = 0x4200;
 3547              		.loc 1 946 7
 3548 04ec 4FF48443 		mov	r3, #16896
 3549 04f0 C7F89030 		str	r3, [r7, #144]
 3550 04f4 0CE0     		b	.L176
 3551              	.L177:
ARM GAS  C:\Users\ADMINI~1\AppData\Local\Temp\ccdP81J7.s 			page 80


 947:Module/ssd_2832.c **** 	else if (m<500)
 3552              		.loc 1 947 10
 3553 04f6 7B6F     		ldr	r3, [r7, #116]
 3554 04f8 B3F5FA7F 		cmp	r3, #500
 3555 04fc 04D2     		bcs	.L178
 948:Module/ssd_2832.c **** 		rba = 0x8200;
 3556              		.loc 1 948 7
 3557 04fe 4FF40243 		mov	r3, #33280
 3558 0502 C7F89030 		str	r3, [r7, #144]
 3559 0506 03E0     		b	.L176
 3560              	.L178:
 949:Module/ssd_2832.c **** 	else
 950:Module/ssd_2832.c **** 		rba = 0xC200;
 3561              		.loc 1 950 7
 3562 0508 4FF44243 		mov	r3, #49664
 3563 050c C7F89030 		str	r3, [r7, #144]
 3564              	.L176:
 951:Module/ssd_2832.c **** 	rba |= (m / 5) & 0xFF;
 3565              		.loc 1 951 12
 3566 0510 7B6F     		ldr	r3, [r7, #116]
 3567 0512 3A4A     		ldr	r2, .L219
 3568 0514 A2FB0323 		umull	r2, r3, r2, r3
 3569 0518 9B08     		lsrs	r3, r3, #2
 3570              		.loc 1 951 17
 3571 051a DBB2     		uxtb	r3, r3
 3572              		.loc 1 951 6
 3573 051c D7F89020 		ldr	r2, [r7, #144]
 3574 0520 1343     		orrs	r3, r3, r2
 3575 0522 C7F89030 		str	r3, [r7, #144]
 952:Module/ssd_2832.c **** 
 953:Module/ssd_2832.c **** 
 954:Module/ssd_2832.c ****     rba &= 0xf0ff;
 3576              		.loc 1 954 9
 3577 0526 D7F89020 		ldr	r2, [r7, #144]
 3578 052a 4FF2FF03 		movw	r3, #61695
 3579 052e 1340     		ands	r3, r3, r2
 3580 0530 C7F89030 		str	r3, [r7, #144]
 955:Module/ssd_2832.c **** 	rba |= 0x500;
 3581              		.loc 1 955 6
 3582 0534 D7F89030 		ldr	r3, [r7, #144]
 3583 0538 43F4A063 		orr	r3, r3, #1280
 3584 053c C7F89030 		str	r3, [r7, #144]
 956:Module/ssd_2832.c **** 
 957:Module/ssd_2832.c ****     bridge_write_reg_16bit(0xBA,rba);
 3585              		.loc 1 957 5
 3586 0540 D7F89030 		ldr	r3, [r7, #144]
 3587 0544 9BB2     		uxth	r3, r3
 3588 0546 1946     		mov	r1, r3
 3589 0548 BA20     		movs	r0, #186
 3590 054a FFF7FEFF 		bl	bridge_write_reg_16bit
 958:Module/ssd_2832.c **** 
 959:Module/ssd_2832.c **** 	if(is_cphy)
 3591              		.loc 1 959 4
 3592 054e D7F88C30 		ldr	r3, [r7, #140]
 3593 0552 002B     		cmp	r3, #0
 3594 0554 0CD0     		beq	.L179
 960:Module/ssd_2832.c **** 	{
ARM GAS  C:\Users\ADMINI~1\AppData\Local\Temp\ccdP81J7.s 			page 81


 961:Module/ssd_2832.c **** 	    //BYP_BIT_DIV  set default to 1 will result with read error
 962:Module/ssd_2832.c **** 	    bridge_write_reg_32bit(0xBB, n & 0x3F | 0x07050000);//Reference Code
 3595              		.loc 1 962 37
 3596 0556 D7F89430 		ldr	r3, [r7, #148]
 3597 055a 03F03F03 		and	r3, r3, #63
 3598              		.loc 1 962 6
 3599 055e 43F0E063 		orr	r3, r3, #117440512
 3600 0562 43F4A023 		orr	r3, r3, #327680
 3601 0566 1946     		mov	r1, r3
 3602 0568 BB20     		movs	r0, #187
 3603 056a FFF7FEFF 		bl	bridge_write_reg_32bit
 3604 056e 09E0     		b	.L180
 3605              	.L179:
 963:Module/ssd_2832.c **** 	}
 964:Module/ssd_2832.c **** 	else
 965:Module/ssd_2832.c **** 	{
 966:Module/ssd_2832.c **** 	    bridge_write_reg_16bit(0xBB,n & 0x3F);
 3606              		.loc 1 966 6
 3607 0570 D7F89430 		ldr	r3, [r7, #148]
 3608 0574 9BB2     		uxth	r3, r3
 3609 0576 03F03F03 		and	r3, r3, #63
 3610 057a 9BB2     		uxth	r3, r3
 3611 057c 1946     		mov	r1, r3
 3612 057e BB20     		movs	r0, #187
 3613 0580 FFF7FEFF 		bl	bridge_write_reg_16bit
 3614              	.L180:
 967:Module/ssd_2832.c **** 	}
 968:Module/ssd_2832.c **** 	bridge_write_reg_16bit(0xB9,0x0001);
 3615              		.loc 1 968 2
 3616 0584 0121     		movs	r1, #1
 3617 0586 B920     		movs	r0, #185
 3618 0588 FFF7FEFF 		bl	bridge_write_reg_16bit
 969:Module/ssd_2832.c **** 	msleep(20);
 3619              		.loc 1 969 2
 3620 058c 1420     		movs	r0, #20
 3621 058e FFF7FEFF 		bl	msleep
 970:Module/ssd_2832.c **** 
 971:Module/ssd_2832.c **** 	//RGB Interface Control
 972:Module/ssd_2832.c ****     tmp_hi = pbridge->vsw;
 3622              		.loc 1 972 12
 3623 0592 3B6F     		ldr	r3, [r7, #112]
 3624 0594 5B68     		ldr	r3, [r3, #4]
 3625 0596 C7F89C30 		str	r3, [r7, #156]
 973:Module/ssd_2832.c ****     tmp_hi <<= 8;
 3626              		.loc 1 973 12
 3627 059a D7F89C30 		ldr	r3, [r7, #156]
 3628 059e 1B02     		lsls	r3, r3, #8
 3629 05a0 C7F89C30 		str	r3, [r7, #156]
 974:Module/ssd_2832.c ****     tmp_hi |= pbridge->hsw;
 3630              		.loc 1 974 22
 3631 05a4 3B6F     		ldr	r3, [r7, #112]
 3632 05a6 1B68     		ldr	r3, [r3]
 3633              		.loc 1 974 12
 3634 05a8 D7F89C20 		ldr	r2, [r7, #156]
 3635 05ac 1343     		orrs	r3, r3, r2
 3636 05ae C7F89C30 		str	r3, [r7, #156]
 975:Module/ssd_2832.c ****     bridge_write_reg_16bit(0xB1,tmp_hi);
ARM GAS  C:\Users\ADMINI~1\AppData\Local\Temp\ccdP81J7.s 			page 82


 3637              		.loc 1 975 5
 3638 05b2 D7F89C30 		ldr	r3, [r7, #156]
 3639 05b6 9BB2     		uxth	r3, r3
 3640 05b8 1946     		mov	r1, r3
 3641 05ba B120     		movs	r0, #177
 3642 05bc FFF7FEFF 		bl	bridge_write_reg_16bit
 976:Module/ssd_2832.c **** 
 977:Module/ssd_2832.c ****     if (0 == pbridge->sync_mode)
 3643              		.loc 1 977 21
 3644 05c0 3B6F     		ldr	r3, [r7, #112]
 3645 05c2 5B6E     		ldr	r3, [r3, #100]
 3646              		.loc 1 977 8
 3647 05c4 002B     		cmp	r3, #0
 3648 05c6 1DD1     		bne	.L181
 978:Module/ssd_2832.c ****     {
 979:Module/ssd_2832.c ****         //non burst mode with sync pulse
 980:Module/ssd_2832.c ****         bridge_write_reg_32bit(0xB2,
 981:Module/ssd_2832.c ****                               (0xFF000000&((pbridge->vbp)>>8<<24)) |
 3649              		.loc 1 981 52
 3650 05c8 3B6F     		ldr	r3, [r7, #112]
 3651 05ca DB68     		ldr	r3, [r3, #12]
 3652              		.loc 1 981 58
 3653 05cc 1B0A     		lsrs	r3, r3, #8
 3654              		.loc 1 981 61
 3655 05ce 1A06     		lsls	r2, r3, #24
 982:Module/ssd_2832.c ****                               (0xFF0000&((pbridge->hbp)>>8<<16)) |
 3656              		.loc 1 982 50
 3657 05d0 3B6F     		ldr	r3, [r7, #112]
 3658 05d2 9B68     		ldr	r3, [r3, #8]
 3659              		.loc 1 982 56
 3660 05d4 1B0A     		lsrs	r3, r3, #8
 3661              		.loc 1 982 59
 3662 05d6 1B04     		lsls	r3, r3, #16
 3663              		.loc 1 982 40
 3664 05d8 03F47F03 		and	r3, r3, #16711680
 981:Module/ssd_2832.c ****                               (0xFF0000&((pbridge->hbp)>>8<<16)) |
 3665              		.loc 1 981 68
 3666 05dc 1A43     		orrs	r2, r2, r3
 983:Module/ssd_2832.c ****                               (0xFF00&((pbridge->vbp)<<8)) |
 3667              		.loc 1 983 48
 3668 05de 3B6F     		ldr	r3, [r7, #112]
 3669 05e0 DB68     		ldr	r3, [r3, #12]
 3670              		.loc 1 983 54
 3671 05e2 1B02     		lsls	r3, r3, #8
 3672              		.loc 1 983 38
 3673 05e4 9BB2     		uxth	r3, r3
 982:Module/ssd_2832.c ****                               (0xFF0000&((pbridge->hbp)>>8<<16)) |
 3674              		.loc 1 982 66
 3675 05e6 1A43     		orrs	r2, r2, r3
 984:Module/ssd_2832.c ****                               (0xFF&(pbridge->hbp)));
 3676              		.loc 1 984 45
 3677 05e8 3B6F     		ldr	r3, [r7, #112]
 3678 05ea 9B68     		ldr	r3, [r3, #8]
 3679              		.loc 1 984 36
 3680 05ec DBB2     		uxtb	r3, r3
 980:Module/ssd_2832.c ****                               (0xFF000000&((pbridge->vbp)>>8<<24)) |
 3681              		.loc 1 980 9
ARM GAS  C:\Users\ADMINI~1\AppData\Local\Temp\ccdP81J7.s 			page 83


 3682 05ee 1343     		orrs	r3, r3, r2
 3683 05f0 1946     		mov	r1, r3
 3684 05f2 B220     		movs	r0, #178
 3685 05f4 FFF7FEFF 		bl	bridge_write_reg_32bit
 3686 05f8 28E0     		b	.L182
 3687              	.L220:
 3688 05fa 00BF     		.align	2
 3689              	.L219:
 3690 05fc CDCCCCCC 		.word	-858993459
 3691 0600 0000E040 		.word	1088421888
 3692              	.L181:
 985:Module/ssd_2832.c ****     }
 986:Module/ssd_2832.c ****     else
 987:Module/ssd_2832.c ****     {
 988:Module/ssd_2832.c ****         bridge_write_reg_32bit(0xB2,
 989:Module/ssd_2832.c ****                               (0xFF000000&((pbridge->vbp + pbridge->vsw)>>8<<24)) |
 3693              		.loc 1 989 52
 3694 0604 3B6F     		ldr	r3, [r7, #112]
 3695 0606 DA68     		ldr	r2, [r3, #12]
 3696              		.loc 1 989 67
 3697 0608 3B6F     		ldr	r3, [r7, #112]
 3698 060a 5B68     		ldr	r3, [r3, #4]
 3699              		.loc 1 989 58
 3700 060c 1344     		add	r3, r3, r2
 3701              		.loc 1 989 73
 3702 060e 1B0A     		lsrs	r3, r3, #8
 3703              		.loc 1 989 76
 3704 0610 1A06     		lsls	r2, r3, #24
 990:Module/ssd_2832.c ****                               (0xFF0000&((pbridge->hbp + pbridge->hsw)>>8<<16)) |
 3705              		.loc 1 990 50
 3706 0612 3B6F     		ldr	r3, [r7, #112]
 3707 0614 9968     		ldr	r1, [r3, #8]
 3708              		.loc 1 990 65
 3709 0616 3B6F     		ldr	r3, [r7, #112]
 3710 0618 1B68     		ldr	r3, [r3]
 3711              		.loc 1 990 56
 3712 061a 0B44     		add	r3, r3, r1
 3713              		.loc 1 990 71
 3714 061c 1B0A     		lsrs	r3, r3, #8
 3715              		.loc 1 990 74
 3716 061e 1B04     		lsls	r3, r3, #16
 3717              		.loc 1 990 40
 3718 0620 03F47F03 		and	r3, r3, #16711680
 989:Module/ssd_2832.c ****                               (0xFF0000&((pbridge->hbp + pbridge->hsw)>>8<<16)) |
 3719              		.loc 1 989 83
 3720 0624 1A43     		orrs	r2, r2, r3
 991:Module/ssd_2832.c ****                               (0xFF00&((pbridge->vbp + pbridge->vsw)<<8)) |
 3721              		.loc 1 991 48
 3722 0626 3B6F     		ldr	r3, [r7, #112]
 3723 0628 D968     		ldr	r1, [r3, #12]
 3724              		.loc 1 991 63
 3725 062a 3B6F     		ldr	r3, [r7, #112]
 3726 062c 5B68     		ldr	r3, [r3, #4]
 3727              		.loc 1 991 54
 3728 062e 0B44     		add	r3, r3, r1
 3729              		.loc 1 991 69
 3730 0630 1B02     		lsls	r3, r3, #8
ARM GAS  C:\Users\ADMINI~1\AppData\Local\Temp\ccdP81J7.s 			page 84


 3731              		.loc 1 991 38
 3732 0632 9BB2     		uxth	r3, r3
 990:Module/ssd_2832.c ****                               (0xFF0000&((pbridge->hbp + pbridge->hsw)>>8<<16)) |
 3733              		.loc 1 990 81
 3734 0634 1A43     		orrs	r2, r2, r3
 992:Module/ssd_2832.c ****                               (0xFF&(pbridge->hbp + pbridge->hsw)));
 3735              		.loc 1 992 45
 3736 0636 3B6F     		ldr	r3, [r7, #112]
 3737 0638 9968     		ldr	r1, [r3, #8]
 3738              		.loc 1 992 60
 3739 063a 3B6F     		ldr	r3, [r7, #112]
 3740 063c 1B68     		ldr	r3, [r3]
 3741              		.loc 1 992 51
 3742 063e 0B44     		add	r3, r3, r1
 3743              		.loc 1 992 36
 3744 0640 DBB2     		uxtb	r3, r3
 988:Module/ssd_2832.c ****                               (0xFF000000&((pbridge->vbp + pbridge->vsw)>>8<<24)) |
 3745              		.loc 1 988 9
 3746 0642 1343     		orrs	r3, r3, r2
 3747 0644 1946     		mov	r1, r3
 3748 0646 B220     		movs	r0, #178
 3749 0648 FFF7FEFF 		bl	bridge_write_reg_32bit
 3750              	.L182:
 993:Module/ssd_2832.c ****     }
 994:Module/ssd_2832.c **** 
 995:Module/ssd_2832.c ****     //VFP[15:8],HFP[15:8]
 996:Module/ssd_2832.c ****     tmp_hi = pbridge->vfp;
 3751              		.loc 1 996 12
 3752 064c 3B6F     		ldr	r3, [r7, #112]
 3753 064e 5B69     		ldr	r3, [r3, #20]
 3754 0650 C7F89C30 		str	r3, [r7, #156]
 997:Module/ssd_2832.c ****     tmp_hi &= 0xFF00;
 3755              		.loc 1 997 12
 3756 0654 D7F89C30 		ldr	r3, [r7, #156]
 3757 0658 03F47F43 		and	r3, r3, #65280
 3758 065c C7F89C30 		str	r3, [r7, #156]
 998:Module/ssd_2832.c ****     tmp_hi <<= 16;
 3759              		.loc 1 998 12
 3760 0660 D7F89C30 		ldr	r3, [r7, #156]
 3761 0664 1B04     		lsls	r3, r3, #16
 3762 0666 C7F89C30 		str	r3, [r7, #156]
 999:Module/ssd_2832.c ****     tmp_lo = pbridge->hfp;
 3763              		.loc 1 999 12
 3764 066a 3B6F     		ldr	r3, [r7, #112]
 3765 066c 1B69     		ldr	r3, [r3, #16]
 3766 066e C7F88030 		str	r3, [r7, #128]
1000:Module/ssd_2832.c ****     tmp_lo &= 0xFF00;
 3767              		.loc 1 1000 12
 3768 0672 D7F88030 		ldr	r3, [r7, #128]
 3769 0676 03F47F43 		and	r3, r3, #65280
 3770 067a C7F88030 		str	r3, [r7, #128]
1001:Module/ssd_2832.c ****     tmp_lo <<= 8;
 3771              		.loc 1 1001 12
 3772 067e D7F88030 		ldr	r3, [r7, #128]
 3773 0682 1B02     		lsls	r3, r3, #8
 3774 0684 C7F88030 		str	r3, [r7, #128]
1002:Module/ssd_2832.c ****     tmp_hi |= tmp_lo;
ARM GAS  C:\Users\ADMINI~1\AppData\Local\Temp\ccdP81J7.s 			page 85


 3775              		.loc 1 1002 12
 3776 0688 D7F89C20 		ldr	r2, [r7, #156]
 3777 068c D7F88030 		ldr	r3, [r7, #128]
 3778 0690 1343     		orrs	r3, r3, r2
 3779 0692 C7F89C30 		str	r3, [r7, #156]
1003:Module/ssd_2832.c **** 
1004:Module/ssd_2832.c ****     //VBP[7:0],HBP[7:0]
1005:Module/ssd_2832.c ****     tmp_lo = pbridge->vfp;
 3780              		.loc 1 1005 12
 3781 0696 3B6F     		ldr	r3, [r7, #112]
 3782 0698 5B69     		ldr	r3, [r3, #20]
 3783 069a C7F88030 		str	r3, [r7, #128]
1006:Module/ssd_2832.c ****     tmp_lo &= 0xFF;
 3784              		.loc 1 1006 12
 3785 069e D7F88030 		ldr	r3, [r7, #128]
 3786 06a2 DBB2     		uxtb	r3, r3
 3787 06a4 C7F88030 		str	r3, [r7, #128]
1007:Module/ssd_2832.c ****     tmp_lo <<= 8;
 3788              		.loc 1 1007 12
 3789 06a8 D7F88030 		ldr	r3, [r7, #128]
 3790 06ac 1B02     		lsls	r3, r3, #8
 3791 06ae C7F88030 		str	r3, [r7, #128]
1008:Module/ssd_2832.c ****     tmp_hi |= tmp_lo;
 3792              		.loc 1 1008 12
 3793 06b2 D7F89C20 		ldr	r2, [r7, #156]
 3794 06b6 D7F88030 		ldr	r3, [r7, #128]
 3795 06ba 1343     		orrs	r3, r3, r2
 3796 06bc C7F89C30 		str	r3, [r7, #156]
1009:Module/ssd_2832.c ****     tmp_lo = pbridge->hfp;
 3797              		.loc 1 1009 12
 3798 06c0 3B6F     		ldr	r3, [r7, #112]
 3799 06c2 1B69     		ldr	r3, [r3, #16]
 3800 06c4 C7F88030 		str	r3, [r7, #128]
1010:Module/ssd_2832.c ****     tmp_lo &= 0xFF;
 3801              		.loc 1 1010 12
 3802 06c8 D7F88030 		ldr	r3, [r7, #128]
 3803 06cc DBB2     		uxtb	r3, r3
 3804 06ce C7F88030 		str	r3, [r7, #128]
1011:Module/ssd_2832.c ****     tmp_hi |= tmp_lo;
 3805              		.loc 1 1011 12
 3806 06d2 D7F89C20 		ldr	r2, [r7, #156]
 3807 06d6 D7F88030 		ldr	r3, [r7, #128]
 3808 06da 1343     		orrs	r3, r3, r2
 3809 06dc C7F89C30 		str	r3, [r7, #156]
1012:Module/ssd_2832.c **** 	bridge_write_reg_32bit(0xB3,tmp_hi);
 3810              		.loc 1 1012 2
 3811 06e0 D7F89C10 		ldr	r1, [r7, #156]
 3812 06e4 B320     		movs	r0, #179
 3813 06e6 FFF7FEFF 		bl	bridge_write_reg_32bit
1013:Module/ssd_2832.c **** 
1014:Module/ssd_2832.c ****     tmp_hi = pbridge->hact;
 3814              		.loc 1 1014 12
 3815 06ea 3B6F     		ldr	r3, [r7, #112]
 3816 06ec 9B69     		ldr	r3, [r3, #24]
 3817 06ee C7F89C30 		str	r3, [r7, #156]
1015:Module/ssd_2832.c ****     tmp_hi &= 0xFFFF;
 3818              		.loc 1 1015 12
ARM GAS  C:\Users\ADMINI~1\AppData\Local\Temp\ccdP81J7.s 			page 86


 3819 06f2 D7F89C30 		ldr	r3, [r7, #156]
 3820 06f6 9BB2     		uxth	r3, r3
 3821 06f8 C7F89C30 		str	r3, [r7, #156]
1016:Module/ssd_2832.c **** 	bridge_write_reg_32bit(0xB4,tmp_hi);
 3822              		.loc 1 1016 2
 3823 06fc D7F89C10 		ldr	r1, [r7, #156]
 3824 0700 B420     		movs	r0, #180
 3825 0702 FFF7FEFF 		bl	bridge_write_reg_32bit
1017:Module/ssd_2832.c **** 
1018:Module/ssd_2832.c ****     tmp_hi = pbridge->vact;
 3826              		.loc 1 1018 12
 3827 0706 3B6F     		ldr	r3, [r7, #112]
 3828 0708 DB69     		ldr	r3, [r3, #28]
 3829 070a C7F89C30 		str	r3, [r7, #156]
1019:Module/ssd_2832.c ****     tmp_hi &= 0xFFFF;
 3830              		.loc 1 1019 12
 3831 070e D7F89C30 		ldr	r3, [r7, #156]
 3832 0712 9BB2     		uxth	r3, r3
 3833 0714 C7F89C30 		str	r3, [r7, #156]
1020:Module/ssd_2832.c **** 	bridge_write_reg_32bit(0xB5,tmp_hi);
 3834              		.loc 1 1020 2
 3835 0718 D7F89C10 		ldr	r1, [r7, #156]
 3836 071c B520     		movs	r0, #181
 3837 071e FFF7FEFF 		bl	bridge_write_reg_32bit
1021:Module/ssd_2832.c **** 
1022:Module/ssd_2832.c **** 	//HS TX Timer
1023:Module/ssd_2832.c **** 	tmp_hi = 0;
 3838              		.loc 1 1023 9
 3839 0722 0023     		movs	r3, #0
 3840 0724 C7F89C30 		str	r3, [r7, #156]
1024:Module/ssd_2832.c **** 	bridge_write_reg_32bit(0xCF,tmp_hi);
 3841              		.loc 1 1024 2
 3842 0728 D7F89C10 		ldr	r1, [r7, #156]
 3843 072c CF20     		movs	r0, #207
 3844 072e FFF7FEFF 		bl	bridge_write_reg_32bit
1025:Module/ssd_2832.c **** 	tmp_hi = 0x10;
 3845              		.loc 1 1025 9
 3846 0732 1023     		movs	r3, #16
 3847 0734 C7F89C30 		str	r3, [r7, #156]
1026:Module/ssd_2832.c **** 	bridge_write_reg_32bit(0xD0,tmp_hi);
 3848              		.loc 1 1026 2
 3849 0738 D7F89C10 		ldr	r1, [r7, #156]
 3850 073c D020     		movs	r0, #208
 3851 073e FFF7FEFF 		bl	bridge_write_reg_32bit
1027:Module/ssd_2832.c **** 
1028:Module/ssd_2832.c **** 	tmp_hi = 0x40;
 3852              		.loc 1 1028 9
 3853 0742 4023     		movs	r3, #64
 3854 0744 C7F89C30 		str	r3, [r7, #156]
1029:Module/ssd_2832.c **** 	bridge_write_reg_32bit(0xD3,tmp_hi);
 3855              		.loc 1 1029 2
 3856 0748 D7F89C10 		ldr	r1, [r7, #156]
 3857 074c D320     		movs	r0, #211
 3858 074e FFF7FEFF 		bl	bridge_write_reg_32bit
1030:Module/ssd_2832.c **** 
1031:Module/ssd_2832.c **** 	//Test Register
1032:Module/ssd_2832.c ****     tmp_hi = 0x10000104; //DEFAULT
ARM GAS  C:\Users\ADMINI~1\AppData\Local\Temp\ccdP81J7.s 			page 87


 3859              		.loc 1 1032 12
 3860 0752 BD4B     		ldr	r3, .L221
 3861 0754 C7F89C30 		str	r3, [r7, #156]
1033:Module/ssd_2832.c ****     if (pbridge->rgb_or_bgr > 0)
 3862              		.loc 1 1033 16
 3863 0758 3B6F     		ldr	r3, [r7, #112]
 3864 075a 1B6D     		ldr	r3, [r3, #80]
 3865              		.loc 1 1033 8
 3866 075c 002B     		cmp	r3, #0
 3867 075e 05D0     		beq	.L183
1034:Module/ssd_2832.c ****     {
1035:Module/ssd_2832.c ****         tmp_hi |= 0x01;
 3868              		.loc 1 1035 16
 3869 0760 D7F89C30 		ldr	r3, [r7, #156]
 3870 0764 43F00103 		orr	r3, r3, #1
 3871 0768 C7F89C30 		str	r3, [r7, #156]
 3872              	.L183:
1036:Module/ssd_2832.c ****     }
1037:Module/ssd_2832.c **** 	bridge_write_reg_32bit(0xD6,tmp_hi);
 3873              		.loc 1 1037 2
 3874 076c D7F89C10 		ldr	r1, [r7, #156]
 3875 0770 D620     		movs	r0, #214
 3876 0772 FFF7FEFF 		bl	bridge_write_reg_32bit
1038:Module/ssd_2832.c **** 
1039:Module/ssd_2832.c **** 	int default_analog_control = 0x2A1C8719;
 3877              		.loc 1 1039 6
 3878 0776 B54B     		ldr	r3, .L221+4
 3879 0778 C7F88830 		str	r3, [r7, #136]
1040:Module/ssd_2832.c **** 
1041:Module/ssd_2832.c **** 	//Analog Control Register
1042:Module/ssd_2832.c **** 	if(is_cphy)
 3880              		.loc 1 1042 4
 3881 077c D7F88C30 		ldr	r3, [r7, #140]
 3882 0780 002B     		cmp	r3, #0
 3883 0782 76D0     		beq	.L184
 3884              	.LBB9:
1043:Module/ssd_2832.c ****     {
1044:Module/ssd_2832.c **** 		default_analog_control = 0x3E7C8F39;
 3885              		.loc 1 1044 26
 3886 0784 B24B     		ldr	r3, .L221+8
 3887 0786 C7F88830 		str	r3, [r7, #136]
1045:Module/ssd_2832.c **** 
1046:Module/ssd_2832.c **** 		if(pbridge->driver_output_res_ctl & 0x00FF0000)
 3888              		.loc 1 1046 13
 3889 078a 3B6F     		ldr	r3, [r7, #112]
 3890 078c D3F89430 		ldr	r3, [r3, #148]
 3891              		.loc 1 1046 37
 3892 0790 03F47F03 		and	r3, r3, #16711680
 3893              		.loc 1 1046 5
 3894 0794 002B     		cmp	r3, #0
 3895 0796 11D0     		beq	.L185
1047:Module/ssd_2832.c **** 		{
1048:Module/ssd_2832.c **** 			//have set driver out resistence control
1049:Module/ssd_2832.c **** 		    default_analog_control = 0x201C8F39;
 3896              		.loc 1 1049 30
 3897 0798 AE4B     		ldr	r3, .L221+12
 3898 079a C7F88830 		str	r3, [r7, #136]
ARM GAS  C:\Users\ADMINI~1\AppData\Local\Temp\ccdP81J7.s 			page 88


1050:Module/ssd_2832.c **** 			value = pbridge->driver_output_res_ctl;
 3899              		.loc 1 1050 10
 3900 079e 3B6F     		ldr	r3, [r7, #112]
 3901 07a0 D3F89430 		ldr	r3, [r3, #148]
 3902 07a4 FB67     		str	r3, [r7, #124]
1051:Module/ssd_2832.c **** 			value &= 0xFF00FFFF;
 3903              		.loc 1 1051 10
 3904 07a6 FB6F     		ldr	r3, [r7, #124]
 3905 07a8 23F47F03 		bic	r3, r3, #16711680
 3906 07ac FB67     		str	r3, [r7, #124]
1052:Module/ssd_2832.c **** 		    default_analog_control |= (value << 25)	;
 3907              		.loc 1 1052 40
 3908 07ae FB6F     		ldr	r3, [r7, #124]
 3909 07b0 5A06     		lsls	r2, r3, #25
 3910              		.loc 1 1052 30
 3911 07b2 D7F88830 		ldr	r3, [r7, #136]
 3912 07b6 1343     		orrs	r3, r3, r2
 3913 07b8 C7F88830 		str	r3, [r7, #136]
 3914              	.L185:
1053:Module/ssd_2832.c **** 		}
1054:Module/ssd_2832.c **** 		if(pbridge->Voltage_trimming_bits){
 3915              		.loc 1 1054 13
 3916 07bc 3B6F     		ldr	r3, [r7, #112]
 3917 07be D3F89C30 		ldr	r3, [r3, #156]
 3918              		.loc 1 1054 5
 3919 07c2 002B     		cmp	r3, #0
 3920 07c4 08D0     		beq	.L186
1055:Module/ssd_2832.c **** 		
1056:Module/ssd_2832.c **** 			default_analog_control |= (pbridge->Voltage_trimming_bits << 19)	;
 3921              		.loc 1 1056 38
 3922 07c6 3B6F     		ldr	r3, [r7, #112]
 3923 07c8 D3F89C30 		ldr	r3, [r3, #156]
 3924              		.loc 1 1056 62
 3925 07cc DA04     		lsls	r2, r3, #19
 3926              		.loc 1 1056 27
 3927 07ce D7F88830 		ldr	r3, [r7, #136]
 3928 07d2 1343     		orrs	r3, r3, r2
 3929 07d4 C7F88830 		str	r3, [r7, #136]
 3930              	.L186:
1057:Module/ssd_2832.c **** 		}
1058:Module/ssd_2832.c **** 		if(pbridge->low_power_tx_drive_strength & 0x00FF0000)
 3931              		.loc 1 1058 13
 3932 07d8 3B6F     		ldr	r3, [r7, #112]
 3933 07da D3F89830 		ldr	r3, [r3, #152]
 3934              		.loc 1 1058 43
 3935 07de 03F47F03 		and	r3, r3, #16711680
 3936              		.loc 1 1058 5
 3937 07e2 002B     		cmp	r3, #0
 3938 07e4 14D0     		beq	.L187
1059:Module/ssd_2832.c **** 		{
1060:Module/ssd_2832.c **** 			value = pbridge->low_power_tx_drive_strength;
 3939              		.loc 1 1060 10
 3940 07e6 3B6F     		ldr	r3, [r7, #112]
 3941 07e8 D3F89830 		ldr	r3, [r3, #152]
 3942 07ec FB67     		str	r3, [r7, #124]
1061:Module/ssd_2832.c **** 			value &= 0xFF00FFFF;
 3943              		.loc 1 1061 10
ARM GAS  C:\Users\ADMINI~1\AppData\Local\Temp\ccdP81J7.s 			page 89


 3944 07ee FB6F     		ldr	r3, [r7, #124]
 3945 07f0 23F47F03 		bic	r3, r3, #16711680
 3946 07f4 FB67     		str	r3, [r7, #124]
1062:Module/ssd_2832.c **** 			default_analog_control &= 0xFE3FFFFF;
 3947              		.loc 1 1062 27
 3948 07f6 D7F88830 		ldr	r3, [r7, #136]
 3949 07fa 23F0E073 		bic	r3, r3, #29360128
 3950 07fe C7F88830 		str	r3, [r7, #136]
1063:Module/ssd_2832.c **** 		    default_analog_control |= (value << 22)	;
 3951              		.loc 1 1063 40
 3952 0802 FB6F     		ldr	r3, [r7, #124]
 3953 0804 9A05     		lsls	r2, r3, #22
 3954              		.loc 1 1063 30
 3955 0806 D7F88830 		ldr	r3, [r7, #136]
 3956 080a 1343     		orrs	r3, r3, r2
 3957 080c C7F88830 		str	r3, [r7, #136]
 3958              	.L187:
1064:Module/ssd_2832.c **** 		}
1065:Module/ssd_2832.c **** 
1066:Module/ssd_2832.c **** 	    bridge_write_reg_32bit(0xD8,default_analog_control);
 3959              		.loc 1 1066 6
 3960 0810 D7F88830 		ldr	r3, [r7, #136]
 3961 0814 1946     		mov	r1, r3
 3962 0816 D820     		movs	r0, #216
 3963 0818 FFF7FEFF 		bl	bridge_write_reg_32bit
1067:Module/ssd_2832.c **** 
1068:Module/ssd_2832.c **** 	    int default_tran_global = 0x1B121E40; //0x1B081E40--ic reset default
 3964              		.loc 1 1068 10
 3965 081c 8E4B     		ldr	r3, .L221+16
 3966 081e C7F88430 		str	r3, [r7, #132]
1069:Module/ssd_2832.c **** 		if(pbridge->post_len & 0x00FF0000)
 3967              		.loc 1 1069 13
 3968 0822 3B6F     		ldr	r3, [r7, #112]
 3969 0824 D3F8A030 		ldr	r3, [r3, #160]
 3970              		.loc 1 1069 24
 3971 0828 03F47F03 		and	r3, r3, #16711680
 3972              		.loc 1 1069 5
 3973 082c 002B     		cmp	r3, #0
 3974 082e 11D0     		beq	.L188
1070:Module/ssd_2832.c **** 		{
1071:Module/ssd_2832.c **** 			default_tran_global = 0x1B001E40;
 3975              		.loc 1 1071 24
 3976 0830 8A4B     		ldr	r3, .L221+20
 3977 0832 C7F88430 		str	r3, [r7, #132]
1072:Module/ssd_2832.c **** 
1073:Module/ssd_2832.c **** 			value = pbridge->post_len;
 3978              		.loc 1 1073 10
 3979 0836 3B6F     		ldr	r3, [r7, #112]
 3980 0838 D3F8A030 		ldr	r3, [r3, #160]
 3981 083c FB67     		str	r3, [r7, #124]
1074:Module/ssd_2832.c **** 			value &= 0xFF00FFFF;
 3982              		.loc 1 1074 10
 3983 083e FB6F     		ldr	r3, [r7, #124]
 3984 0840 23F47F03 		bic	r3, r3, #16711680
 3985 0844 FB67     		str	r3, [r7, #124]
1075:Module/ssd_2832.c **** 		    default_tran_global |= (value << 16)	;
 3986              		.loc 1 1075 37
ARM GAS  C:\Users\ADMINI~1\AppData\Local\Temp\ccdP81J7.s 			page 90


 3987 0846 FB6F     		ldr	r3, [r7, #124]
 3988 0848 1A04     		lsls	r2, r3, #16
 3989              		.loc 1 1075 27
 3990 084a D7F88430 		ldr	r3, [r7, #132]
 3991 084e 1343     		orrs	r3, r3, r2
 3992 0850 C7F88430 		str	r3, [r7, #132]
 3993              	.L188:
1076:Module/ssd_2832.c **** 		}
1077:Module/ssd_2832.c **** 		//CPHY Analog Front End Registers Descriptions,0
1078:Module/ssd_2832.c **** 		bridge_write_apb_reg(0x1000,default_tran_global); //Set CPHY Post len requested by himax
 3994              		.loc 1 1078 3
 3995 0854 D7F88430 		ldr	r3, [r7, #132]
 3996 0858 1946     		mov	r1, r3
 3997 085a 4FF48050 		mov	r0, #4096
 3998 085e FFF7FEFF 		bl	bridge_write_apb_reg
1079:Module/ssd_2832.c **** //		bridge_write_apb_reg(0x100C,0x4E200C0C); //Set CPHY Post len requested by himax
1080:Module/ssd_2832.c **** //		bridge_write_apb_reg(0x1010,0x00000110); //Set CPHY Post len requested by himax
1081:Module/ssd_2832.c **** 		
1082:Module/ssd_2832.c **** 		//CPHY Analog Front End Registers Descriptions,1
1083:Module/ssd_2832.c ****     bridge_write_apb_reg(0x2000,default_tran_global); //Set CPHY Post len requested by himax
 3999              		.loc 1 1083 5
 4000 0862 D7F88430 		ldr	r3, [r7, #132]
 4001 0866 1946     		mov	r1, r3
 4002 0868 4FF40050 		mov	r0, #8192
 4003 086c FFF7FEFF 		bl	bridge_write_apb_reg
 4004              	.LBE9:
 4005 0870 3DE0     		b	.L189
 4006              	.L184:
1084:Module/ssd_2832.c **** //		bridge_write_apb_reg(0x200C,0x4E200C0C); //Set CPHY Post len requested by himax
1085:Module/ssd_2832.c **** //		bridge_write_apb_reg(0x2010,0x00000110); //Set CPHY Post len requested by himax
1086:Module/ssd_2832.c **** 		
1087:Module/ssd_2832.c ****     }
1088:Module/ssd_2832.c ****     else
1089:Module/ssd_2832.c ****     {
1090:Module/ssd_2832.c **** 		default_analog_control = 0x2B1C8519;
 4007              		.loc 1 1090 26
 4008 0872 7B4B     		ldr	r3, .L221+24
 4009 0874 C7F88830 		str	r3, [r7, #136]
1091:Module/ssd_2832.c **** 
1092:Module/ssd_2832.c **** 		if(pbridge->driver_output_res_ctl & 0x00FF0000)
 4010              		.loc 1 1092 13
 4011 0878 3B6F     		ldr	r3, [r7, #112]
 4012 087a D3F89430 		ldr	r3, [r3, #148]
 4013              		.loc 1 1092 37
 4014 087e 03F47F03 		and	r3, r3, #16711680
 4015              		.loc 1 1092 5
 4016 0882 002B     		cmp	r3, #0
 4017 0884 11D0     		beq	.L190
1093:Module/ssd_2832.c **** 		{
1094:Module/ssd_2832.c **** 			//have set driver out resistence control
1095:Module/ssd_2832.c **** 		    default_analog_control = 0x211C8519;
 4018              		.loc 1 1095 30
 4019 0886 774B     		ldr	r3, .L221+28
 4020 0888 C7F88830 		str	r3, [r7, #136]
1096:Module/ssd_2832.c **** 			value = pbridge->driver_output_res_ctl;
 4021              		.loc 1 1096 10
 4022 088c 3B6F     		ldr	r3, [r7, #112]
ARM GAS  C:\Users\ADMINI~1\AppData\Local\Temp\ccdP81J7.s 			page 91


 4023 088e D3F89430 		ldr	r3, [r3, #148]
 4024 0892 FB67     		str	r3, [r7, #124]
1097:Module/ssd_2832.c **** 			value &= 0xFF00FFFF;
 4025              		.loc 1 1097 10
 4026 0894 FB6F     		ldr	r3, [r7, #124]
 4027 0896 23F47F03 		bic	r3, r3, #16711680
 4028 089a FB67     		str	r3, [r7, #124]
1098:Module/ssd_2832.c **** 		    default_analog_control |= (value << 25)	;
 4029              		.loc 1 1098 40
 4030 089c FB6F     		ldr	r3, [r7, #124]
 4031 089e 5A06     		lsls	r2, r3, #25
 4032              		.loc 1 1098 30
 4033 08a0 D7F88830 		ldr	r3, [r7, #136]
 4034 08a4 1343     		orrs	r3, r3, r2
 4035 08a6 C7F88830 		str	r3, [r7, #136]
 4036              	.L190:
1099:Module/ssd_2832.c **** 		}
1100:Module/ssd_2832.c **** 
1101:Module/ssd_2832.c **** 		if(pbridge->low_power_tx_drive_strength & 0x00FF0000)
 4037              		.loc 1 1101 13
 4038 08aa 3B6F     		ldr	r3, [r7, #112]
 4039 08ac D3F89830 		ldr	r3, [r3, #152]
 4040              		.loc 1 1101 43
 4041 08b0 03F47F03 		and	r3, r3, #16711680
 4042              		.loc 1 1101 5
 4043 08b4 002B     		cmp	r3, #0
 4044 08b6 14D0     		beq	.L191
1102:Module/ssd_2832.c **** 		{
1103:Module/ssd_2832.c **** 			value = pbridge->low_power_tx_drive_strength;
 4045              		.loc 1 1103 10
 4046 08b8 3B6F     		ldr	r3, [r7, #112]
 4047 08ba D3F89830 		ldr	r3, [r3, #152]
 4048 08be FB67     		str	r3, [r7, #124]
1104:Module/ssd_2832.c **** 			value &= 0xFF00FFFF;
 4049              		.loc 1 1104 10
 4050 08c0 FB6F     		ldr	r3, [r7, #124]
 4051 08c2 23F47F03 		bic	r3, r3, #16711680
 4052 08c6 FB67     		str	r3, [r7, #124]
1105:Module/ssd_2832.c **** 			default_analog_control &= 0xFE3FFFFF;
 4053              		.loc 1 1105 27
 4054 08c8 D7F88830 		ldr	r3, [r7, #136]
 4055 08cc 23F0E073 		bic	r3, r3, #29360128
 4056 08d0 C7F88830 		str	r3, [r7, #136]
1106:Module/ssd_2832.c **** 		    default_analog_control |= (value << 22)	;
 4057              		.loc 1 1106 40
 4058 08d4 FB6F     		ldr	r3, [r7, #124]
 4059 08d6 9A05     		lsls	r2, r3, #22
 4060              		.loc 1 1106 30
 4061 08d8 D7F88830 		ldr	r3, [r7, #136]
 4062 08dc 1343     		orrs	r3, r3, r2
 4063 08de C7F88830 		str	r3, [r7, #136]
 4064              	.L191:
1107:Module/ssd_2832.c **** 		}
1108:Module/ssd_2832.c **** 
1109:Module/ssd_2832.c ****         //LPTX_DS ?C Low Power Transmitter Drive Strength
1110:Module/ssd_2832.c **** 	    //Default //2A1C8719
1111:Module/ssd_2832.c **** 	    bridge_write_reg_32bit(0xD8,default_analog_control);
ARM GAS  C:\Users\ADMINI~1\AppData\Local\Temp\ccdP81J7.s 			page 92


 4065              		.loc 1 1111 6
 4066 08e2 D7F88830 		ldr	r3, [r7, #136]
 4067 08e6 1946     		mov	r1, r3
 4068 08e8 D820     		movs	r0, #216
 4069 08ea FFF7FEFF 		bl	bridge_write_reg_32bit
 4070              	.L189:
1112:Module/ssd_2832.c **** 	    //Increase Low Power Transmitter Drive Strength, some time can not light on, not sure the reas
1113:Module/ssd_2832.c ****     }
1114:Module/ssd_2832.c **** 
1115:Module/ssd_2832.c **** 	//INOUT Configuration
1116:Module/ssd_2832.c ****     //tmp_hi = 0x50020; //READ TX0,WRITE TX0,SINGLE MODE,TX1 1LANE, TX0 1LANE
1117:Module/ssd_2832.c **** 	tmp_hi = 0;
 4071              		.loc 1 1117 9
 4072 08ee 0023     		movs	r3, #0
 4073 08f0 C7F89C30 		str	r3, [r7, #156]
1118:Module/ssd_2832.c ****     if(0 == pbridge->dual) //PORT,single
 4074              		.loc 1 1118 20
 4075 08f4 3B6F     		ldr	r3, [r7, #112]
 4076 08f6 1B6C     		ldr	r3, [r3, #64]
 4077              		.loc 1 1118 7
 4078 08f8 002B     		cmp	r3, #0
 4079 08fa 0DD1     		bne	.L192
1119:Module/ssd_2832.c **** 	{
1120:Module/ssd_2832.c **** 	    tmp_hi |= (0x01 << 5);
 4080              		.loc 1 1120 13
 4081 08fc D7F89C30 		ldr	r3, [r7, #156]
 4082 0900 43F02003 		orr	r3, r3, #32
 4083 0904 C7F89C30 		str	r3, [r7, #156]
1121:Module/ssd_2832.c **** 	    tmp_hi |= pbridge->lane;
 4084              		.loc 1 1121 23
 4085 0908 3B6F     		ldr	r3, [r7, #112]
 4086 090a 5B6C     		ldr	r3, [r3, #68]
 4087              		.loc 1 1121 13
 4088 090c D7F89C20 		ldr	r2, [r7, #156]
 4089 0910 1343     		orrs	r3, r3, r2
 4090 0912 C7F89C30 		str	r3, [r7, #156]
 4091 0916 24E0     		b	.L193
 4092              	.L192:
1122:Module/ssd_2832.c **** 	}
1123:Module/ssd_2832.c **** 	else if(1 == pbridge->dual) //PORT,dual
 4093              		.loc 1 1123 22
 4094 0918 3B6F     		ldr	r3, [r7, #112]
 4095 091a 1B6C     		ldr	r3, [r3, #64]
 4096              		.loc 1 1123 9
 4097 091c 012B     		cmp	r3, #1
 4098 091e 20D1     		bne	.L193
1124:Module/ssd_2832.c **** 	{
1125:Module/ssd_2832.c **** 	    tmp_hi |= (0x01 << 4);
 4099              		.loc 1 1125 13
 4100 0920 D7F89C30 		ldr	r3, [r7, #156]
 4101 0924 43F01003 		orr	r3, r3, #16
 4102 0928 C7F89C30 		str	r3, [r7, #156]
1126:Module/ssd_2832.c ****         tmp_hi |= (0x01 << 5);
 4103              		.loc 1 1126 16
 4104 092c D7F89C30 		ldr	r3, [r7, #156]
 4105 0930 43F02003 		orr	r3, r3, #32
 4106 0934 C7F89C30 		str	r3, [r7, #156]
ARM GAS  C:\Users\ADMINI~1\AppData\Local\Temp\ccdP81J7.s 			page 93


1127:Module/ssd_2832.c ****         tmp_hi |= (0x01 << 6);
 4107              		.loc 1 1127 16
 4108 0938 D7F89C30 		ldr	r3, [r7, #156]
 4109 093c 43F04003 		orr	r3, r3, #64
 4110 0940 C7F89C30 		str	r3, [r7, #156]
1128:Module/ssd_2832.c ****         tmp_hi |= pbridge->lane;
 4111              		.loc 1 1128 26
 4112 0944 3B6F     		ldr	r3, [r7, #112]
 4113 0946 5B6C     		ldr	r3, [r3, #68]
 4114              		.loc 1 1128 16
 4115 0948 D7F89C20 		ldr	r2, [r7, #156]
 4116 094c 1343     		orrs	r3, r3, r2
 4117 094e C7F89C30 		str	r3, [r7, #156]
1129:Module/ssd_2832.c ****         tmp_hi |= ((pbridge->lane) << 2);
 4118              		.loc 1 1129 28
 4119 0952 3B6F     		ldr	r3, [r7, #112]
 4120 0954 5B6C     		ldr	r3, [r3, #68]
 4121              		.loc 1 1129 36
 4122 0956 9B00     		lsls	r3, r3, #2
 4123              		.loc 1 1129 16
 4124 0958 D7F89C20 		ldr	r2, [r7, #156]
 4125 095c 1343     		orrs	r3, r3, r2
 4126 095e C7F89C30 		str	r3, [r7, #156]
 4127              	.L193:
1130:Module/ssd_2832.c **** 	}
1131:Module/ssd_2832.c **** 	if(pbridge->video_or_cmd==0)
 4128              		.loc 1 1131 12
 4129 0962 3B6F     		ldr	r3, [r7, #112]
 4130 0964 9B6C     		ldr	r3, [r3, #72]
 4131              		.loc 1 1131 4
 4132 0966 002B     		cmp	r3, #0
 4133 0968 0AD1     		bne	.L194
1132:Module/ssd_2832.c **** 	{
1133:Module/ssd_2832.c **** 		if(pbridge->video_msb_lsb_swap)
 4134              		.loc 1 1133 13
 4135 096a 3B6F     		ldr	r3, [r7, #112]
 4136 096c D3F89030 		ldr	r3, [r3, #144]
 4137              		.loc 1 1133 5
 4138 0970 002B     		cmp	r3, #0
 4139 0972 05D0     		beq	.L194
1134:Module/ssd_2832.c **** 		{
1135:Module/ssd_2832.c **** 			tmp_hi |= 0x01<<21;
 4140              		.loc 1 1135 11
 4141 0974 D7F89C30 		ldr	r3, [r7, #156]
 4142 0978 43F40013 		orr	r3, r3, #2097152
 4143 097c C7F89C30 		str	r3, [r7, #156]
 4144              	.L194:
1136:Module/ssd_2832.c **** 		}
1137:Module/ssd_2832.c **** 	}
1138:Module/ssd_2832.c **** 	if(pbridge->video_or_cmd==1)
 4145              		.loc 1 1138 12
 4146 0980 3B6F     		ldr	r3, [r7, #112]
 4147 0982 9B6C     		ldr	r3, [r3, #72]
 4148              		.loc 1 1138 4
 4149 0984 012B     		cmp	r3, #1
 4150 0986 0AD1     		bne	.L195
1139:Module/ssd_2832.c **** 	{
ARM GAS  C:\Users\ADMINI~1\AppData\Local\Temp\ccdP81J7.s 			page 94


1140:Module/ssd_2832.c **** 		if(pbridge->mcu_msb_lsb_swap)
 4151              		.loc 1 1140 13
 4152 0988 3B6F     		ldr	r3, [r7, #112]
 4153 098a D3F88C30 		ldr	r3, [r3, #140]
 4154              		.loc 1 1140 5
 4155 098e 002B     		cmp	r3, #0
 4156 0990 05D0     		beq	.L195
1141:Module/ssd_2832.c **** 		{
1142:Module/ssd_2832.c **** 			tmp_hi |= 0x01<<25;
 4157              		.loc 1 1142 11
 4158 0992 D7F89C30 		ldr	r3, [r7, #156]
 4159 0996 43F00073 		orr	r3, r3, #33554432
 4160 099a C7F89C30 		str	r3, [r7, #156]
 4161              	.L195:
1143:Module/ssd_2832.c **** 		}
1144:Module/ssd_2832.c **** 	}	
1145:Module/ssd_2832.c **** 	bridge_write_reg_32bit(0xDE,tmp_hi);
 4162              		.loc 1 1145 2
 4163 099e D7F89C10 		ldr	r1, [r7, #156]
 4164 09a2 DE20     		movs	r0, #222
 4165 09a4 FFF7FEFF 		bl	bridge_write_reg_32bit
1146:Module/ssd_2832.c **** 
1147:Module/ssd_2832.c **** 	//RGB Interface Control Register 6
1148:Module/ssd_2832.c ****     tmp_hi = 0x00021020; //DEFAULT
 4166              		.loc 1 1148 12
 4167 09a8 2F4B     		ldr	r3, .L221+32
 4168 09aa C7F89C30 		str	r3, [r7, #156]
1149:Module/ssd_2832.c **** 
1150:Module/ssd_2832.c ****     if(pbridge->always_keep_hs)
 4169              		.loc 1 1150 15
 4170 09ae 3B6F     		ldr	r3, [r7, #112]
 4171 09b0 9B6F     		ldr	r3, [r3, #120]
 4172              		.loc 1 1150 7
 4173 09b2 002B     		cmp	r3, #0
 4174 09b4 03D0     		beq	.L196
1151:Module/ssd_2832.c ****     {
1152:Module/ssd_2832.c ****         tmp_hi = 0x00021080; //DEFAULT 0x00021080
 4175              		.loc 1 1152 16
 4176 09b6 2D4B     		ldr	r3, .L221+36
 4177 09b8 C7F89C30 		str	r3, [r7, #156]
 4178 09bc 02E0     		b	.L197
 4179              	.L196:
1153:Module/ssd_2832.c ****     }
1154:Module/ssd_2832.c ****     else
1155:Module/ssd_2832.c ****     {
1156:Module/ssd_2832.c ****         tmp_hi = 0x000210A0; //DEFAULT 0x00021020
 4180              		.loc 1 1156 16
 4181 09be 2C4B     		ldr	r3, .L221+40
 4182 09c0 C7F89C30 		str	r3, [r7, #156]
 4183              	.L197:
1157:Module/ssd_2832.c ****     }
1158:Module/ssd_2832.c **** 
1159:Module/ssd_2832.c ****     if (pbridge->vsync_polarity > 0) //0,Vsync Pulse is active low
 4184              		.loc 1 1159 16
 4185 09c4 3B6F     		ldr	r3, [r7, #112]
 4186 09c6 DB6D     		ldr	r3, [r3, #92]
 4187              		.loc 1 1159 8
ARM GAS  C:\Users\ADMINI~1\AppData\Local\Temp\ccdP81J7.s 			page 95


 4188 09c8 002B     		cmp	r3, #0
 4189 09ca 05D0     		beq	.L198
1160:Module/ssd_2832.c ****     {
1161:Module/ssd_2832.c ****         tmp_hi |= (0x01 << 15);
 4190              		.loc 1 1161 16
 4191 09cc D7F89C30 		ldr	r3, [r7, #156]
 4192 09d0 43F40043 		orr	r3, r3, #32768
 4193 09d4 C7F89C30 		str	r3, [r7, #156]
 4194              	.L198:
1162:Module/ssd_2832.c ****     }
1163:Module/ssd_2832.c **** 
1164:Module/ssd_2832.c ****     if (pbridge->hsync_polarity > 0)
 4195              		.loc 1 1164 16
 4196 09d8 3B6F     		ldr	r3, [r7, #112]
 4197 09da 1B6E     		ldr	r3, [r3, #96]
 4198              		.loc 1 1164 8
 4199 09dc 002B     		cmp	r3, #0
 4200 09de 05D0     		beq	.L199
1165:Module/ssd_2832.c ****     {
1166:Module/ssd_2832.c ****         tmp_hi |= (0x01 << 14);
 4201              		.loc 1 1166 16
 4202 09e0 D7F89C30 		ldr	r3, [r7, #156]
 4203 09e4 43F48043 		orr	r3, r3, #16384
 4204 09e8 C7F89C30 		str	r3, [r7, #156]
 4205              	.L199:
1167:Module/ssd_2832.c ****     }
1168:Module/ssd_2832.c ****     if(pbridge->pclk_polarity)
 4206              		.loc 1 1168 15
 4207 09ec 3B6F     		ldr	r3, [r7, #112]
 4208 09ee 5B6D     		ldr	r3, [r3, #84]
 4209              		.loc 1 1168 7
 4210 09f0 002B     		cmp	r3, #0
 4211 09f2 05D0     		beq	.L200
1169:Module/ssd_2832.c **** 		{
1170:Module/ssd_2832.c **** 			tmp_hi |= (0x01 << 13);
 4212              		.loc 1 1170 11
 4213 09f4 D7F89C30 		ldr	r3, [r7, #156]
 4214 09f8 43F40053 		orr	r3, r3, #8192
 4215 09fc C7F89C30 		str	r3, [r7, #156]
 4216              	.L200:
1171:Module/ssd_2832.c **** 		}
1172:Module/ssd_2832.c ****     //split mode, 0 - odd/even, 1 - Left/Right, 2 - broadcast
1173:Module/ssd_2832.c ****     if (pbridge->split_mode == 1)
 4217              		.loc 1 1173 16
 4218 0a00 3B6F     		ldr	r3, [r7, #112]
 4219 0a02 9B6E     		ldr	r3, [r3, #104]
 4220              		.loc 1 1173 8
 4221 0a04 012B     		cmp	r3, #1
 4222 0a06 05D1     		bne	.L201
1174:Module/ssd_2832.c ****     {
1175:Module/ssd_2832.c ****         //Left/right
1176:Module/ssd_2832.c ****         tmp_hi |= (0x01 << 10);
 4223              		.loc 1 1176 16
 4224 0a08 D7F89C30 		ldr	r3, [r7, #156]
 4225 0a0c 43F48063 		orr	r3, r3, #1024
 4226 0a10 C7F89C30 		str	r3, [r7, #156]
 4227              	.L201:
ARM GAS  C:\Users\ADMINI~1\AppData\Local\Temp\ccdP81J7.s 			page 96


1177:Module/ssd_2832.c ****     }
1178:Module/ssd_2832.c ****     if (pbridge->split_mode == 2)
 4228              		.loc 1 1178 16
 4229 0a14 3B6F     		ldr	r3, [r7, #112]
 4230 0a16 9B6E     		ldr	r3, [r3, #104]
 4231              		.loc 1 1178 8
 4232 0a18 022B     		cmp	r3, #2
 4233 0a1a 05D1     		bne	.L202
1179:Module/ssd_2832.c ****     {
1180:Module/ssd_2832.c ****         //broadcast
1181:Module/ssd_2832.c ****         tmp_hi |= (0x02 << 10);
 4234              		.loc 1 1181 16
 4235 0a1c D7F89C30 		ldr	r3, [r7, #156]
 4236 0a20 43F40063 		orr	r3, r3, #2048
 4237 0a24 C7F89C30 		str	r3, [r7, #156]
 4238              	.L202:
1182:Module/ssd_2832.c ****     }
1183:Module/ssd_2832.c **** 
1184:Module/ssd_2832.c ****     //video mode
1185:Module/ssd_2832.c ****     if (0 == pbridge->sync_mode)
 4239              		.loc 1 1185 21
 4240 0a28 3B6F     		ldr	r3, [r7, #112]
 4241 0a2a 5B6E     		ldr	r3, [r3, #100]
 4242              		.loc 1 1185 8
 4243 0a2c 002B     		cmp	r3, #0
 4244 0a2e 2BD0     		beq	.L203
1186:Module/ssd_2832.c ****     {
1187:Module/ssd_2832.c ****         //non burst mode with sync pulse
1188:Module/ssd_2832.c ****     }
1189:Module/ssd_2832.c ****     else    if (1 == pbridge->sync_mode)
 4245              		.loc 1 1189 29
 4246 0a30 3B6F     		ldr	r3, [r7, #112]
 4247 0a32 5B6E     		ldr	r3, [r3, #100]
 4248              		.loc 1 1189 16
 4249 0a34 012B     		cmp	r3, #1
 4250 0a36 1DD1     		bne	.L204
1190:Module/ssd_2832.c ****     {
1191:Module/ssd_2832.c ****         //non burst mode with sync event
1192:Module/ssd_2832.c ****         tmp_hi |= (0x01 << 2);
 4251              		.loc 1 1192 16
 4252 0a38 D7F89C30 		ldr	r3, [r7, #156]
 4253 0a3c 43F00403 		orr	r3, r3, #4
 4254 0a40 C7F89C30 		str	r3, [r7, #156]
 4255 0a44 20E0     		b	.L203
 4256              	.L222:
 4257 0a46 00BF     		.align	2
 4258              	.L221:
 4259 0a48 04010010 		.word	268435716
 4260 0a4c 19871C2A 		.word	706512665
 4261 0a50 398F7C3E 		.word	1048350521
 4262 0a54 398F1C20 		.word	538742585
 4263 0a58 401E121B 		.word	454172224
 4264 0a5c 401E001B 		.word	452992576
 4265 0a60 19851C2B 		.word	723289369
 4266 0a64 19851C21 		.word	555517209
 4267 0a68 20100200 		.word	135200
 4268 0a6c 80100200 		.word	135296
ARM GAS  C:\Users\ADMINI~1\AppData\Local\Temp\ccdP81J7.s 			page 97


 4269 0a70 A0100200 		.word	135328
 4270              	.L204:
1193:Module/ssd_2832.c ****     }
1194:Module/ssd_2832.c ****     else    if (2 == pbridge->sync_mode)
 4271              		.loc 1 1194 29
 4272 0a74 3B6F     		ldr	r3, [r7, #112]
 4273 0a76 5B6E     		ldr	r3, [r3, #100]
 4274              		.loc 1 1194 16
 4275 0a78 022B     		cmp	r3, #2
 4276 0a7a 05D1     		bne	.L203
1195:Module/ssd_2832.c ****     {
1196:Module/ssd_2832.c ****         //burst mode
1197:Module/ssd_2832.c ****         tmp_hi |= (0x01 << 3);
 4277              		.loc 1 1197 16
 4278 0a7c D7F89C30 		ldr	r3, [r7, #156]
 4279 0a80 43F00803 		orr	r3, r3, #8
 4280 0a84 C7F89C30 		str	r3, [r7, #156]
 4281              	.L203:
1198:Module/ssd_2832.c ****     }
1199:Module/ssd_2832.c **** 
1200:Module/ssd_2832.c ****     //video pixel format
1201:Module/ssd_2832.c ****     if (0 == pbridge->bits)
 4282              		.loc 1 1201 21
 4283 0a88 3B6F     		ldr	r3, [r7, #112]
 4284 0a8a DB6C     		ldr	r3, [r3, #76]
 4285              		.loc 1 1201 8
 4286 0a8c 002B     		cmp	r3, #0
 4287 0a8e 2BD0     		beq	.L205
1202:Module/ssd_2832.c ****     {
1203:Module/ssd_2832.c ****         //16bit
1204:Module/ssd_2832.c ****     }
1205:Module/ssd_2832.c ****     else     if (1 == pbridge->bits)
 4288              		.loc 1 1205 30
 4289 0a90 3B6F     		ldr	r3, [r7, #112]
 4290 0a92 DB6C     		ldr	r3, [r3, #76]
 4291              		.loc 1 1205 17
 4292 0a94 012B     		cmp	r3, #1
 4293 0a96 06D1     		bne	.L206
1206:Module/ssd_2832.c ****     {
1207:Module/ssd_2832.c ****         //18bit
1208:Module/ssd_2832.c ****         tmp_hi |= (0x01 << 0);
 4294              		.loc 1 1208 16
 4295 0a98 D7F89C30 		ldr	r3, [r7, #156]
 4296 0a9c 43F00103 		orr	r3, r3, #1
 4297 0aa0 C7F89C30 		str	r3, [r7, #156]
 4298 0aa4 20E0     		b	.L205
 4299              	.L206:
1209:Module/ssd_2832.c ****     }
1210:Module/ssd_2832.c ****     else     if (2 == pbridge->bits)
 4300              		.loc 1 1210 30
 4301 0aa6 3B6F     		ldr	r3, [r7, #112]
 4302 0aa8 DB6C     		ldr	r3, [r3, #76]
 4303              		.loc 1 1210 17
 4304 0aaa 022B     		cmp	r3, #2
 4305 0aac 06D1     		bne	.L207
1211:Module/ssd_2832.c ****     {
1212:Module/ssd_2832.c ****         //18-bit loosely
ARM GAS  C:\Users\ADMINI~1\AppData\Local\Temp\ccdP81J7.s 			page 98


1213:Module/ssd_2832.c ****         tmp_hi |= (0x01 << 1);
 4306              		.loc 1 1213 16
 4307 0aae D7F89C30 		ldr	r3, [r7, #156]
 4308 0ab2 43F00203 		orr	r3, r3, #2
 4309 0ab6 C7F89C30 		str	r3, [r7, #156]
 4310 0aba 15E0     		b	.L205
 4311              	.L207:
1214:Module/ssd_2832.c ****     }
1215:Module/ssd_2832.c ****     else     if (3 == pbridge->bits)
 4312              		.loc 1 1215 30
 4313 0abc 3B6F     		ldr	r3, [r7, #112]
 4314 0abe DB6C     		ldr	r3, [r3, #76]
 4315              		.loc 1 1215 17
 4316 0ac0 032B     		cmp	r3, #3
 4317 0ac2 11D1     		bne	.L205
1216:Module/ssd_2832.c ****     {
1217:Module/ssd_2832.c ****         //24bit
1218:Module/ssd_2832.c ****         tmp_hi |= (0x01 << 1);
 4318              		.loc 1 1218 16
 4319 0ac4 D7F89C30 		ldr	r3, [r7, #156]
 4320 0ac8 43F00203 		orr	r3, r3, #2
 4321 0acc C7F89C30 		str	r3, [r7, #156]
1219:Module/ssd_2832.c ****         tmp_hi |= (0x01 << 0);
 4322              		.loc 1 1219 16
 4323 0ad0 D7F89C30 		ldr	r3, [r7, #156]
 4324 0ad4 43F00103 		orr	r3, r3, #1
 4325 0ad8 C7F89C30 		str	r3, [r7, #156]
1220:Module/ssd_2832.c **** //				tmp_hi |= (0x01 << 9);
1221:Module/ssd_2832.c **** 				tmp_hi |= (0x01 << 8);
 4326              		.loc 1 1221 12
 4327 0adc D7F89C30 		ldr	r3, [r7, #156]
 4328 0ae0 43F48073 		orr	r3, r3, #256
 4329 0ae4 C7F89C30 		str	r3, [r7, #156]
 4330              	.L205:
1222:Module/ssd_2832.c ****     }
1223:Module/ssd_2832.c **** 	bridge_write_reg_32bit(0xB6,tmp_hi);
 4331              		.loc 1 1223 2
 4332 0ae8 D7F89C10 		ldr	r1, [r7, #156]
 4333 0aec B620     		movs	r0, #182
 4334 0aee FFF7FEFF 		bl	bridge_write_reg_32bit
1224:Module/ssd_2832.c **** 	msleep(1);
 4335              		.loc 1 1224 2
 4336 0af2 0120     		movs	r0, #1
 4337 0af4 FFF7FEFF 		bl	msleep
1225:Module/ssd_2832.c **** 
1226:Module/ssd_2832.c ****     //Delay Adjustment
1227:Module/ssd_2832.c **** 	double ui = 1000.0f / hs;
 4338              		.loc 1 1227 22
 4339 0af8 D7F89800 		ldr	r0, [r7, #152]
 4340 0afc FFF7FEFF 		bl	__aeabi_ui2f
 4341 0b00 0346     		mov	r3, r0
 4342 0b02 1946     		mov	r1, r3
 4343 0b04 C848     		ldr	r0, .L223+8
 4344 0b06 FFF7FEFF 		bl	__aeabi_fdiv
 4345 0b0a 0346     		mov	r3, r0
 4346              		.loc 1 1227 9
 4347 0b0c 1846     		mov	r0, r3
ARM GAS  C:\Users\ADMINI~1\AppData\Local\Temp\ccdP81J7.s 			page 99


 4348 0b0e FFF7FEFF 		bl	__aeabi_f2d
 4349 0b12 0246     		mov	r2, r0
 4350 0b14 0B46     		mov	r3, r1
 4351 0b16 C7E91023 		strd	r2, [r7, #64]
1228:Module/ssd_2832.c **** 	double nibble = 4 * ui;
 4352              		.loc 1 1228 9
 4353 0b1a 4FF00002 		mov	r2, #0
 4354 0b1e C34B     		ldr	r3, .L223+12
 4355 0b20 D7E91001 		ldrd	r0, [r7, #64]
 4356 0b24 FFF7FEFF 		bl	__aeabi_dmul
 4357 0b28 0246     		mov	r2, r0
 4358 0b2a 0B46     		mov	r3, r1
 4359 0b2c C7E90E23 		strd	r2, [r7, #56]
1229:Module/ssd_2832.c **** 	uint32_t hs_prepare = (uint32_t)(ceil((53 + 5 * ui) / nibble));
 4360              		.loc 1 1229 48
 4361 0b30 4FF00002 		mov	r2, #0
 4362 0b34 BE4B     		ldr	r3, .L223+16
 4363 0b36 D7E91001 		ldrd	r0, [r7, #64]
 4364 0b3a FFF7FEFF 		bl	__aeabi_dmul
 4365 0b3e 0246     		mov	r2, r0
 4366 0b40 0B46     		mov	r3, r1
 4367 0b42 1046     		mov	r0, r2
 4368 0b44 1946     		mov	r1, r3
 4369              		.loc 1 1229 44
 4370 0b46 4FF00002 		mov	r2, #0
 4371 0b4a BA4B     		ldr	r3, .L223+20
 4372 0b4c FFF7FEFF 		bl	__aeabi_dadd
 4373 0b50 0246     		mov	r2, r0
 4374 0b52 0B46     		mov	r3, r1
 4375 0b54 1046     		mov	r0, r2
 4376 0b56 1946     		mov	r1, r3
 4377              		.loc 1 1229 35
 4378 0b58 D7E90E23 		ldrd	r2, [r7, #56]
 4379 0b5c FFF7FEFF 		bl	__aeabi_ddiv
 4380 0b60 0246     		mov	r2, r0
 4381 0b62 0B46     		mov	r3, r1
 4382 0b64 1046     		mov	r0, r2
 4383 0b66 1946     		mov	r1, r3
 4384 0b68 FFF7FEFF 		bl	ceil
 4385 0b6c 0246     		mov	r2, r0
 4386 0b6e 0B46     		mov	r3, r1
 4387              		.loc 1 1229 11
 4388 0b70 1046     		mov	r0, r2
 4389 0b72 1946     		mov	r1, r3
 4390 0b74 FFF7FEFF 		bl	__aeabi_d2uiz
 4391 0b78 0346     		mov	r3, r0
 4392 0b7a 7B63     		str	r3, [r7, #52]
1230:Module/ssd_2832.c **** 	uint32_t hs_zero = (uint32_t)(ceil((126 + 8 * ui) / nibble));
 4393              		.loc 1 1230 46
 4394 0b7c 4FF00002 		mov	r2, #0
 4395 0b80 AD4B     		ldr	r3, .L223+24
 4396 0b82 D7E91001 		ldrd	r0, [r7, #64]
 4397 0b86 FFF7FEFF 		bl	__aeabi_dmul
 4398 0b8a 0246     		mov	r2, r0
 4399 0b8c 0B46     		mov	r3, r1
 4400 0b8e 1046     		mov	r0, r2
 4401 0b90 1946     		mov	r1, r3
ARM GAS  C:\Users\ADMINI~1\AppData\Local\Temp\ccdP81J7.s 			page 100


 4402              		.loc 1 1230 42
 4403 0b92 4FF00002 		mov	r2, #0
 4404 0b96 A94B     		ldr	r3, .L223+28
 4405 0b98 FFF7FEFF 		bl	__aeabi_dadd
 4406 0b9c 0246     		mov	r2, r0
 4407 0b9e 0B46     		mov	r3, r1
 4408 0ba0 1046     		mov	r0, r2
 4409 0ba2 1946     		mov	r1, r3
 4410              		.loc 1 1230 32
 4411 0ba4 D7E90E23 		ldrd	r2, [r7, #56]
 4412 0ba8 FFF7FEFF 		bl	__aeabi_ddiv
 4413 0bac 0246     		mov	r2, r0
 4414 0bae 0B46     		mov	r3, r1
 4415 0bb0 1046     		mov	r0, r2
 4416 0bb2 1946     		mov	r1, r3
 4417 0bb4 FFF7FEFF 		bl	ceil
 4418 0bb8 0246     		mov	r2, r0
 4419 0bba 0B46     		mov	r3, r1
 4420              		.loc 1 1230 11
 4421 0bbc 1046     		mov	r0, r2
 4422 0bbe 1946     		mov	r1, r3
 4423 0bc0 FFF7FEFF 		bl	__aeabi_d2uiz
 4424 0bc4 0346     		mov	r3, r0
 4425 0bc6 3B63     		str	r3, [r7, #48]
1231:Module/ssd_2832.c **** 	uint32_t hs_trail = (uint32_t)(ceil((72 + 5 * ui) / nibble));
 4426              		.loc 1 1231 46
 4427 0bc8 4FF00002 		mov	r2, #0
 4428 0bcc 984B     		ldr	r3, .L223+16
 4429 0bce D7E91001 		ldrd	r0, [r7, #64]
 4430 0bd2 FFF7FEFF 		bl	__aeabi_dmul
 4431 0bd6 0246     		mov	r2, r0
 4432 0bd8 0B46     		mov	r3, r1
 4433 0bda 1046     		mov	r0, r2
 4434 0bdc 1946     		mov	r1, r3
 4435              		.loc 1 1231 42
 4436 0bde 4FF00002 		mov	r2, #0
 4437 0be2 974B     		ldr	r3, .L223+32
 4438 0be4 FFF7FEFF 		bl	__aeabi_dadd
 4439 0be8 0246     		mov	r2, r0
 4440 0bea 0B46     		mov	r3, r1
 4441 0bec 1046     		mov	r0, r2
 4442 0bee 1946     		mov	r1, r3
 4443              		.loc 1 1231 33
 4444 0bf0 D7E90E23 		ldrd	r2, [r7, #56]
 4445 0bf4 FFF7FEFF 		bl	__aeabi_ddiv
 4446 0bf8 0246     		mov	r2, r0
 4447 0bfa 0B46     		mov	r3, r1
 4448 0bfc 1046     		mov	r0, r2
 4449 0bfe 1946     		mov	r1, r3
 4450 0c00 FFF7FEFF 		bl	ceil
 4451 0c04 0246     		mov	r2, r0
 4452 0c06 0B46     		mov	r3, r1
 4453              		.loc 1 1231 11
 4454 0c08 1046     		mov	r0, r2
 4455 0c0a 1946     		mov	r1, r3
 4456 0c0c FFF7FEFF 		bl	__aeabi_d2uiz
 4457 0c10 0346     		mov	r3, r0
ARM GAS  C:\Users\ADMINI~1\AppData\Local\Temp\ccdP81J7.s 			page 101


 4458 0c12 FB62     		str	r3, [r7, #44]
1232:Module/ssd_2832.c **** 	uint32_t hs_exit = (uint32_t)(ceil(120 / nibble));
 4459              		.loc 1 1232 32
 4460 0c14 D7E90E23 		ldrd	r2, [r7, #56]
 4461 0c18 4FF00000 		mov	r0, #0
 4462 0c1c 8949     		ldr	r1, .L223+36
 4463 0c1e FFF7FEFF 		bl	__aeabi_ddiv
 4464 0c22 0246     		mov	r2, r0
 4465 0c24 0B46     		mov	r3, r1
 4466 0c26 1046     		mov	r0, r2
 4467 0c28 1946     		mov	r1, r3
 4468 0c2a FFF7FEFF 		bl	ceil
 4469 0c2e 0246     		mov	r2, r0
 4470 0c30 0B46     		mov	r3, r1
 4471              		.loc 1 1232 11
 4472 0c32 1046     		mov	r0, r2
 4473 0c34 1946     		mov	r1, r3
 4474 0c36 FFF7FEFF 		bl	__aeabi_d2uiz
 4475 0c3a 0346     		mov	r3, r0
 4476 0c3c BB62     		str	r3, [r7, #40]
1233:Module/ssd_2832.c **** 	uint32_t clk_post = (uint32_t)(ceil((72 + 63 * ui) / nibble));
 4477              		.loc 1 1233 47
 4478 0c3e 4FF00002 		mov	r2, #0
 4479 0c42 814B     		ldr	r3, .L223+40
 4480 0c44 D7E91001 		ldrd	r0, [r7, #64]
 4481 0c48 FFF7FEFF 		bl	__aeabi_dmul
 4482 0c4c 0246     		mov	r2, r0
 4483 0c4e 0B46     		mov	r3, r1
 4484 0c50 1046     		mov	r0, r2
 4485 0c52 1946     		mov	r1, r3
 4486              		.loc 1 1233 42
 4487 0c54 4FF00002 		mov	r2, #0
 4488 0c58 794B     		ldr	r3, .L223+32
 4489 0c5a FFF7FEFF 		bl	__aeabi_dadd
 4490 0c5e 0246     		mov	r2, r0
 4491 0c60 0B46     		mov	r3, r1
 4492 0c62 1046     		mov	r0, r2
 4493 0c64 1946     		mov	r1, r3
 4494              		.loc 1 1233 33
 4495 0c66 D7E90E23 		ldrd	r2, [r7, #56]
 4496 0c6a FFF7FEFF 		bl	__aeabi_ddiv
 4497 0c6e 0246     		mov	r2, r0
 4498 0c70 0B46     		mov	r3, r1
 4499 0c72 1046     		mov	r0, r2
 4500 0c74 1946     		mov	r1, r3
 4501 0c76 FFF7FEFF 		bl	ceil
 4502 0c7a 0246     		mov	r2, r0
 4503 0c7c 0B46     		mov	r3, r1
 4504              		.loc 1 1233 11
 4505 0c7e 1046     		mov	r0, r2
 4506 0c80 1946     		mov	r1, r3
 4507 0c82 FFF7FEFF 		bl	__aeabi_d2uiz
 4508 0c86 0346     		mov	r3, r0
 4509 0c88 7B62     		str	r3, [r7, #36]
1234:Module/ssd_2832.c **** 	uint32_t clk_pre = (uint32_t)(ceil(11 / nibble));
 4510              		.loc 1 1234 32
 4511 0c8a D7E90E23 		ldrd	r2, [r7, #56]
ARM GAS  C:\Users\ADMINI~1\AppData\Local\Temp\ccdP81J7.s 			page 102


 4512 0c8e 4FF00000 		mov	r0, #0
 4513 0c92 6E49     		ldr	r1, .L223+44
 4514 0c94 FFF7FEFF 		bl	__aeabi_ddiv
 4515 0c98 0246     		mov	r2, r0
 4516 0c9a 0B46     		mov	r3, r1
 4517 0c9c 1046     		mov	r0, r2
 4518 0c9e 1946     		mov	r1, r3
 4519 0ca0 FFF7FEFF 		bl	ceil
 4520 0ca4 0246     		mov	r2, r0
 4521 0ca6 0B46     		mov	r3, r1
 4522              		.loc 1 1234 11
 4523 0ca8 1046     		mov	r0, r2
 4524 0caa 1946     		mov	r1, r3
 4525 0cac FFF7FEFF 		bl	__aeabi_d2uiz
 4526 0cb0 0346     		mov	r3, r0
 4527 0cb2 3B62     		str	r3, [r7, #32]
1235:Module/ssd_2832.c **** 	uint32_t clk_prepare = (uint32_t)(ceil(66 / nibble));
 4528              		.loc 1 1235 36
 4529 0cb4 D7E90E23 		ldrd	r2, [r7, #56]
 4530 0cb8 4FF00000 		mov	r0, #0
 4531 0cbc 6449     		ldr	r1, .L223+48
 4532 0cbe FFF7FEFF 		bl	__aeabi_ddiv
 4533 0cc2 0246     		mov	r2, r0
 4534 0cc4 0B46     		mov	r3, r1
 4535 0cc6 1046     		mov	r0, r2
 4536 0cc8 1946     		mov	r1, r3
 4537 0cca FFF7FEFF 		bl	ceil
 4538 0cce 0246     		mov	r2, r0
 4539 0cd0 0B46     		mov	r3, r1
 4540              		.loc 1 1235 11
 4541 0cd2 1046     		mov	r0, r2
 4542 0cd4 1946     		mov	r1, r3
 4543 0cd6 FFF7FEFF 		bl	__aeabi_d2uiz
 4544 0cda 0346     		mov	r3, r0
 4545 0cdc FB61     		str	r3, [r7, #28]
1236:Module/ssd_2832.c **** 	uint32_t clk_zero = (uint32_t)(ceil(315 / nibble));
 4546              		.loc 1 1236 33
 4547 0cde D7E90E23 		ldrd	r2, [r7, #56]
 4548 0ce2 4FA1     		adr	r1, .L223
 4549 0ce4 D1E90001 		ldrd	r0, [r1]
 4550 0ce8 FFF7FEFF 		bl	__aeabi_ddiv
 4551 0cec 0246     		mov	r2, r0
 4552 0cee 0B46     		mov	r3, r1
 4553 0cf0 1046     		mov	r0, r2
 4554 0cf2 1946     		mov	r1, r3
 4555 0cf4 FFF7FEFF 		bl	ceil
 4556 0cf8 0246     		mov	r2, r0
 4557 0cfa 0B46     		mov	r3, r1
 4558              		.loc 1 1236 11
 4559 0cfc 1046     		mov	r0, r2
 4560 0cfe 1946     		mov	r1, r3
 4561 0d00 FFF7FEFF 		bl	__aeabi_d2uiz
 4562 0d04 0346     		mov	r3, r0
 4563 0d06 BB61     		str	r3, [r7, #24]
1237:Module/ssd_2832.c **** 	uint32_t clk_trail = (uint32_t)(ceil(72 / nibble));
 4564              		.loc 1 1237 34
 4565 0d08 D7E90E23 		ldrd	r2, [r7, #56]
ARM GAS  C:\Users\ADMINI~1\AppData\Local\Temp\ccdP81J7.s 			page 103


 4566 0d0c 4FF00000 		mov	r0, #0
 4567 0d10 4B49     		ldr	r1, .L223+32
 4568 0d12 FFF7FEFF 		bl	__aeabi_ddiv
 4569 0d16 0246     		mov	r2, r0
 4570 0d18 0B46     		mov	r3, r1
 4571 0d1a 1046     		mov	r0, r2
 4572 0d1c 1946     		mov	r1, r3
 4573 0d1e FFF7FEFF 		bl	ceil
 4574 0d22 0246     		mov	r2, r0
 4575 0d24 0B46     		mov	r3, r1
 4576              		.loc 1 1237 11
 4577 0d26 1046     		mov	r0, r2
 4578 0d28 1946     		mov	r1, r3
 4579 0d2a FFF7FEFF 		bl	__aeabi_d2uiz
 4580 0d2e 0346     		mov	r3, r0
 4581 0d30 7B61     		str	r3, [r7, #20]
1238:Module/ssd_2832.c **** 	uint32_t rc9 = (hs_zero << 8) + (hs_prepare - 4);
 4582              		.loc 1 1238 26
 4583 0d32 3B6B     		ldr	r3, [r7, #48]
 4584 0d34 1A02     		lsls	r2, r3, #8
 4585              		.loc 1 1238 32
 4586 0d36 7B6B     		ldr	r3, [r7, #52]
 4587 0d38 1344     		add	r3, r3, r2
 4588              		.loc 1 1238 11
 4589 0d3a 043B     		subs	r3, r3, #4
 4590 0d3c 3B61     		str	r3, [r7, #16]
1239:Module/ssd_2832.c **** 	uint32_t rca = (clk_zero << 8) + clk_prepare - 3;
 4591              		.loc 1 1239 27
 4592 0d3e BB69     		ldr	r3, [r7, #24]
 4593 0d40 1A02     		lsls	r2, r3, #8
 4594              		.loc 1 1239 33
 4595 0d42 FB69     		ldr	r3, [r7, #28]
 4596 0d44 1344     		add	r3, r3, r2
 4597              		.loc 1 1239 11
 4598 0d46 033B     		subs	r3, r3, #3
 4599 0d48 FB60     		str	r3, [r7, #12]
1240:Module/ssd_2832.c **** 	uint32_t rcb = (clk_pre << 8) + clk_post;
 4600              		.loc 1 1240 26
 4601 0d4a 3B6A     		ldr	r3, [r7, #32]
 4602 0d4c 1B02     		lsls	r3, r3, #8
 4603              		.loc 1 1240 11
 4604 0d4e 7A6A     		ldr	r2, [r7, #36]
 4605 0d50 1344     		add	r3, r3, r2
 4606 0d52 BB60     		str	r3, [r7, #8]
1241:Module/ssd_2832.c **** 	uint32_t rcc = (clk_trail << 8) + hs_trail;
 4607              		.loc 1 1241 28
 4608 0d54 7B69     		ldr	r3, [r7, #20]
 4609 0d56 1B02     		lsls	r3, r3, #8
 4610              		.loc 1 1241 11
 4611 0d58 FA6A     		ldr	r2, [r7, #44]
 4612 0d5a 1344     		add	r3, r3, r2
 4613 0d5c 7B60     		str	r3, [r7, #4]
1242:Module/ssd_2832.c **** 	uint32_t rdf = hs_exit;
 4614              		.loc 1 1242 11
 4615 0d5e BB6A     		ldr	r3, [r7, #40]
 4616 0d60 3B60     		str	r3, [r7]
1243:Module/ssd_2832.c **** 
ARM GAS  C:\Users\ADMINI~1\AppData\Local\Temp\ccdP81J7.s 			page 104


1244:Module/ssd_2832.c **** 	////Delay Adjustment overloaded
1245:Module/ssd_2832.c ****     tmp_hi = pbridge->hzd;
 4617              		.loc 1 1245 12
 4618 0d62 3B6F     		ldr	r3, [r7, #112]
 4619 0d64 1B6A     		ldr	r3, [r3, #32]
 4620 0d66 C7F89C30 		str	r3, [r7, #156]
1246:Module/ssd_2832.c ****     tmp_hi <<= 8;
 4621              		.loc 1 1246 12
 4622 0d6a D7F89C30 		ldr	r3, [r7, #156]
 4623 0d6e 1B02     		lsls	r3, r3, #8
 4624 0d70 C7F89C30 		str	r3, [r7, #156]
1247:Module/ssd_2832.c ****     tmp_hi |= pbridge->hpd;
 4625              		.loc 1 1247 22
 4626 0d74 3B6F     		ldr	r3, [r7, #112]
 4627 0d76 5B6A     		ldr	r3, [r3, #36]
 4628              		.loc 1 1247 12
 4629 0d78 D7F89C20 		ldr	r2, [r7, #156]
 4630 0d7c 1343     		orrs	r3, r3, r2
 4631 0d7e C7F89C30 		str	r3, [r7, #156]
1248:Module/ssd_2832.c ****     if (tmp_hi > 0)
 4632              		.loc 1 1248 8
 4633 0d82 D7F89C30 		ldr	r3, [r7, #156]
 4634 0d86 002B     		cmp	r3, #0
 4635 0d88 02D0     		beq	.L208
1249:Module/ssd_2832.c ****     {
1250:Module/ssd_2832.c ****         rc9 = tmp_hi;
 4636              		.loc 1 1250 13
 4637 0d8a D7F89C30 		ldr	r3, [r7, #156]
 4638 0d8e 3B61     		str	r3, [r7, #16]
 4639              	.L208:
1251:Module/ssd_2832.c ****         //bridge_write_reg_16bit(port,0xC9,tmp_hi);
1252:Module/ssd_2832.c ****     }
1253:Module/ssd_2832.c **** 
1254:Module/ssd_2832.c ****     tmp_hi = pbridge->czd;
 4640              		.loc 1 1254 12
 4641 0d90 3B6F     		ldr	r3, [r7, #112]
 4642 0d92 9B6A     		ldr	r3, [r3, #40]
 4643 0d94 C7F89C30 		str	r3, [r7, #156]
1255:Module/ssd_2832.c ****     tmp_hi <<= 8;
 4644              		.loc 1 1255 12
 4645 0d98 D7F89C30 		ldr	r3, [r7, #156]
 4646 0d9c 1B02     		lsls	r3, r3, #8
 4647 0d9e C7F89C30 		str	r3, [r7, #156]
1256:Module/ssd_2832.c ****     tmp_hi |= pbridge->cpd;
 4648              		.loc 1 1256 22
 4649 0da2 3B6F     		ldr	r3, [r7, #112]
 4650 0da4 DB6A     		ldr	r3, [r3, #44]
 4651              		.loc 1 1256 12
 4652 0da6 D7F89C20 		ldr	r2, [r7, #156]
 4653 0daa 1343     		orrs	r3, r3, r2
 4654 0dac C7F89C30 		str	r3, [r7, #156]
1257:Module/ssd_2832.c ****     if (tmp_hi > 0)
 4655              		.loc 1 1257 8
 4656 0db0 D7F89C30 		ldr	r3, [r7, #156]
 4657 0db4 002B     		cmp	r3, #0
 4658 0db6 02D0     		beq	.L209
1258:Module/ssd_2832.c ****     {
ARM GAS  C:\Users\ADMINI~1\AppData\Local\Temp\ccdP81J7.s 			page 105


1259:Module/ssd_2832.c ****         rca = tmp_hi;
 4659              		.loc 1 1259 13
 4660 0db8 D7F89C30 		ldr	r3, [r7, #156]
 4661 0dbc FB60     		str	r3, [r7, #12]
 4662              	.L209:
1260:Module/ssd_2832.c ****         //bridge_write_reg_16bit(port,0xCA,tmp_hi);
1261:Module/ssd_2832.c ****     }
1262:Module/ssd_2832.c **** 
1263:Module/ssd_2832.c ****     tmp_hi = pbridge->cped;
 4663              		.loc 1 1263 12
 4664 0dbe 3B6F     		ldr	r3, [r7, #112]
 4665 0dc0 1B6B     		ldr	r3, [r3, #48]
 4666 0dc2 C7F89C30 		str	r3, [r7, #156]
1264:Module/ssd_2832.c ****     tmp_hi <<= 8;
 4667              		.loc 1 1264 12
 4668 0dc6 D7F89C30 		ldr	r3, [r7, #156]
 4669 0dca 1B02     		lsls	r3, r3, #8
 4670 0dcc C7F89C30 		str	r3, [r7, #156]
1265:Module/ssd_2832.c ****     tmp_hi |= pbridge->cptd;
 4671              		.loc 1 1265 22
 4672 0dd0 3B6F     		ldr	r3, [r7, #112]
 4673 0dd2 5B6B     		ldr	r3, [r3, #52]
 4674              		.loc 1 1265 12
 4675 0dd4 D7F89C20 		ldr	r2, [r7, #156]
 4676 0dd8 1343     		orrs	r3, r3, r2
 4677 0dda C7F89C30 		str	r3, [r7, #156]
1266:Module/ssd_2832.c ****     if (tmp_hi > 0)
 4678              		.loc 1 1266 8
 4679 0dde D7F89C30 		ldr	r3, [r7, #156]
 4680 0de2 002B     		cmp	r3, #0
 4681 0de4 02D0     		beq	.L210
1267:Module/ssd_2832.c **** 	{
1268:Module/ssd_2832.c **** 	    rcb = tmp_hi;
 4682              		.loc 1 1268 10
 4683 0de6 D7F89C30 		ldr	r3, [r7, #156]
 4684 0dea BB60     		str	r3, [r7, #8]
 4685              	.L210:
1269:Module/ssd_2832.c ****     }
1270:Module/ssd_2832.c **** 
1271:Module/ssd_2832.c ****     tmp_hi = pbridge->ctd;
 4686              		.loc 1 1271 12
 4687 0dec 3B6F     		ldr	r3, [r7, #112]
 4688 0dee 9B6B     		ldr	r3, [r3, #56]
 4689 0df0 C7F89C30 		str	r3, [r7, #156]
1272:Module/ssd_2832.c ****     tmp_hi <<= 8;
 4690              		.loc 1 1272 12
 4691 0df4 D7F89C30 		ldr	r3, [r7, #156]
 4692 0df8 1B02     		lsls	r3, r3, #8
 4693 0dfa C7F89C30 		str	r3, [r7, #156]
1273:Module/ssd_2832.c ****     tmp_hi |= pbridge->htd;
 4694              		.loc 1 1273 22
 4695 0dfe 3B6F     		ldr	r3, [r7, #112]
 4696 0e00 DB6B     		ldr	r3, [r3, #60]
 4697              		.loc 1 1273 12
 4698 0e02 D7F89C20 		ldr	r2, [r7, #156]
 4699 0e06 1343     		orrs	r3, r3, r2
 4700 0e08 C7F89C30 		str	r3, [r7, #156]
ARM GAS  C:\Users\ADMINI~1\AppData\Local\Temp\ccdP81J7.s 			page 106


1274:Module/ssd_2832.c ****     if (tmp_hi > 0)
 4701              		.loc 1 1274 8
 4702 0e0c D7F89C30 		ldr	r3, [r7, #156]
 4703 0e10 002B     		cmp	r3, #0
 4704 0e12 1FD0     		beq	.L211
1275:Module/ssd_2832.c **** 	{
1276:Module/ssd_2832.c **** 	    rcc = tmp_hi;
 4705              		.loc 1 1276 10
 4706 0e14 D7F89C30 		ldr	r3, [r7, #156]
 4707 0e18 7B60     		str	r3, [r7, #4]
 4708 0e1a 1BE0     		b	.L224
 4709              	.L225:
 4710 0e1c AFF30080 		.align	3
 4711              	.L223:
 4712 0e20 00000000 		.word	0
 4713 0e24 00B07340 		.word	1081323520
 4714 0e28 00007A44 		.word	1148846080
 4715 0e2c 00001040 		.word	1074790400
 4716 0e30 00001440 		.word	1075052544
 4717 0e34 00804A40 		.word	1078624256
 4718 0e38 00002040 		.word	1075838976
 4719 0e3c 00805F40 		.word	1080000512
 4720 0e40 00005240 		.word	1079115776
 4721 0e44 00005E40 		.word	1079902208
 4722 0e48 00804F40 		.word	1078951936
 4723 0e4c 00002640 		.word	1076232192
 4724 0e50 00805040 		.word	1079017472
 4725              	.L224:
 4726              	.L211:
1277:Module/ssd_2832.c ****     }
1278:Module/ssd_2832.c **** 
1279:Module/ssd_2832.c **** 	//Configuration Register
1280:Module/ssd_2832.c **** 	tmp_hi = 0x0100;
 4727              		.loc 1 1280 9
 4728 0e54 4FF48073 		mov	r3, #256
 4729 0e58 C7F89C30 		str	r3, [r7, #156]
1281:Module/ssd_2832.c **** 	if (pbridge->send_eot_in_hs > 0)
 4730              		.loc 1 1281 13
 4731 0e5c 3B6F     		ldr	r3, [r7, #112]
 4732 0e5e DB6F     		ldr	r3, [r3, #124]
 4733              		.loc 1 1281 5
 4734 0e60 002B     		cmp	r3, #0
 4735 0e62 05D0     		beq	.L212
1282:Module/ssd_2832.c **** 	{
1283:Module/ssd_2832.c **** 		tmp_hi |= 0x0200;
 4736              		.loc 1 1283 10
 4737 0e64 D7F89C30 		ldr	r3, [r7, #156]
 4738 0e68 43F40073 		orr	r3, r3, #512
 4739 0e6c C7F89C30 		str	r3, [r7, #156]
 4740              	.L212:
1284:Module/ssd_2832.c **** 	}
1285:Module/ssd_2832.c **** 	//Start video mode if video before init
1286:Module/ssd_2832.c **** 	if (pbridge->start_video_before_init)
 4741              		.loc 1 1286 13
 4742 0e70 3B6F     		ldr	r3, [r7, #112]
 4743 0e72 D3F88030 		ldr	r3, [r3, #128]
 4744              		.loc 1 1286 5
ARM GAS  C:\Users\ADMINI~1\AppData\Local\Temp\ccdP81J7.s 			page 107


 4745 0e76 002B     		cmp	r3, #0
 4746 0e78 05D0     		beq	.L213
1287:Module/ssd_2832.c **** 	{
1288:Module/ssd_2832.c **** 		tmp_hi |= 0x09;
 4747              		.loc 1 1288 10
 4748 0e7a D7F89C30 		ldr	r3, [r7, #156]
 4749 0e7e 43F00903 		orr	r3, r3, #9
 4750 0e82 C7F89C30 		str	r3, [r7, #156]
 4751              	.L213:
1289:Module/ssd_2832.c **** 	}
1290:Module/ssd_2832.c ****     log_info("------0xB7 = tmp_hi%x\r\n" , tmp_hi);
 4752              		.loc 1 1290 5
 4753 0e86 D7F89C20 		ldr	r2, [r7, #156]
 4754 0e8a 0A49     		ldr	r1, .L226
 4755 0e8c 0A48     		ldr	r0, .L226+4
 4756 0e8e FFF7FEFF 		bl	printf
1291:Module/ssd_2832.c **** 	bridge_write_reg_16bit(0xB7,tmp_hi);
 4757              		.loc 1 1291 2
 4758 0e92 D7F89C30 		ldr	r3, [r7, #156]
 4759 0e96 9BB2     		uxth	r3, r3
 4760 0e98 1946     		mov	r1, r3
 4761 0e9a B720     		movs	r0, #183
 4762 0e9c FFF7FEFF 		bl	bridge_write_reg_16bit
1292:Module/ssd_2832.c **** 	
1293:Module/ssd_2832.c **** 	
1294:Module/ssd_2832.c **** 	usleep(100000);
 4763              		.loc 1 1294 2
 4764 0ea0 0648     		ldr	r0, .L226+8
 4765 0ea2 FFF7FEFF 		bl	usleep
1295:Module/ssd_2832.c **** 	bridge_reg_test();
 4766              		.loc 1 1295 2
 4767 0ea6 FFF7FEFF 		bl	bridge_reg_test
1296:Module/ssd_2832.c **** 	
1297:Module/ssd_2832.c **** 	return 1;
 4768              		.loc 1 1297 9
 4769 0eaa 0123     		movs	r3, #1
1298:Module/ssd_2832.c **** }
 4770              		.loc 1 1298 1
 4771 0eac 1846     		mov	r0, r3
 4772 0eae A437     		adds	r7, r7, #164
 4773              	.LCFI152:
 4774              		.cfi_def_cfa_offset 12
 4775 0eb0 BD46     		mov	sp, r7
 4776              	.LCFI153:
 4777              		.cfi_def_cfa_register 13
 4778              		@ sp needed
 4779 0eb2 90BD     		pop	{r4, r7, pc}
 4780              	.L227:
 4781              		.align	2
 4782              	.L226:
 4783 0eb4 14000000 		.word	.LC1
 4784 0eb8 08010000 		.word	.LC11
 4785 0ebc A0860100 		.word	100000
 4786              		.cfi_endproc
 4787              	.LFE150:
 4789              		.section	.text.bridge_stop_video,"ax",%progbits
 4790              		.align	1
ARM GAS  C:\Users\ADMINI~1\AppData\Local\Temp\ccdP81J7.s 			page 108


 4791              		.global	bridge_stop_video
 4792              		.syntax unified
 4793              		.thumb
 4794              		.thumb_func
 4796              	bridge_stop_video:
 4797              	.LFB151:
1299:Module/ssd_2832.c **** 
1300:Module/ssd_2832.c **** /******************************************************************************/
1301:Module/ssd_2832.c **** /// Description:bridge_stop_video
1302:Module/ssd_2832.c **** /// @note:
1303:Module/ssd_2832.c **** /// @param input:null
1304:Module/ssd_2832.c **** /// @param output:null
1305:Module/ssd_2832.c **** /// @return value
1306:Module/ssd_2832.c **** ///@author : liufeng
1307:Module/ssd_2832.c **** ///@date : 2019-06-24
1308:Module/ssd_2832.c **** /******************************************************************************/
1309:Module/ssd_2832.c **** int bridge_stop_video(void)
1310:Module/ssd_2832.c **** {
 4798              		.loc 1 1310 1
 4799              		.cfi_startproc
 4800              		@ args = 0, pretend = 0, frame = 0
 4801              		@ frame_needed = 1, uses_anonymous_args = 0
 4802 0000 80B5     		push	{r7, lr}
 4803              	.LCFI154:
 4804              		.cfi_def_cfa_offset 8
 4805              		.cfi_offset 7, -8
 4806              		.cfi_offset 14, -4
 4807 0002 00AF     		add	r7, sp, #0
 4808              	.LCFI155:
 4809              		.cfi_def_cfa_register 7
1311:Module/ssd_2832.c **** 	bridge_write_reg_16bit(0xB7, bridge_mem_reg_b7[0] & 0xFFF6);
 4810              		.loc 1 1311 48
 4811 0004 064B     		ldr	r3, .L230
 4812 0006 1B68     		ldr	r3, [r3]
 4813              		.loc 1 1311 2
 4814 0008 9BB2     		uxth	r3, r3
 4815 000a 23F00903 		bic	r3, r3, #9
 4816 000e 9BB2     		uxth	r3, r3
 4817 0010 1946     		mov	r1, r3
 4818 0012 B720     		movs	r0, #183
 4819 0014 FFF7FEFF 		bl	bridge_write_reg_16bit
1312:Module/ssd_2832.c **** 	return 1;
 4820              		.loc 1 1312 9
 4821 0018 0123     		movs	r3, #1
1313:Module/ssd_2832.c **** }
 4822              		.loc 1 1313 1
 4823 001a 1846     		mov	r0, r3
 4824 001c 80BD     		pop	{r7, pc}
 4825              	.L231:
 4826 001e 00BF     		.align	2
 4827              	.L230:
 4828 0020 00000000 		.word	bridge_mem_reg_b7
 4829              		.cfi_endproc
 4830              	.LFE151:
 4832              		.section	.text.bridge_enter_sleep,"ax",%progbits
 4833              		.align	1
 4834              		.global	bridge_enter_sleep
ARM GAS  C:\Users\ADMINI~1\AppData\Local\Temp\ccdP81J7.s 			page 109


 4835              		.syntax unified
 4836              		.thumb
 4837              		.thumb_func
 4839              	bridge_enter_sleep:
 4840              	.LFB152:
1314:Module/ssd_2832.c **** 
1315:Module/ssd_2832.c **** /******************************************************************************/
1316:Module/ssd_2832.c **** /// Description:bridge_enter_sleep
1317:Module/ssd_2832.c **** /// @note: Sleep mode is enabled
1318:Module/ssd_2832.c **** /// @param input:null
1319:Module/ssd_2832.c **** /// @param output:null
1320:Module/ssd_2832.c **** /// @return value
1321:Module/ssd_2832.c **** ///@author : liufeng
1322:Module/ssd_2832.c **** ///@date : 2019-06-24
1323:Module/ssd_2832.c **** /******************************************************************************/
1324:Module/ssd_2832.c **** int bridge_enter_sleep(void)
1325:Module/ssd_2832.c **** {
 4841              		.loc 1 1325 1
 4842              		.cfi_startproc
 4843              		@ args = 0, pretend = 0, frame = 0
 4844              		@ frame_needed = 1, uses_anonymous_args = 0
 4845 0000 80B5     		push	{r7, lr}
 4846              	.LCFI156:
 4847              		.cfi_def_cfa_offset 8
 4848              		.cfi_offset 7, -8
 4849              		.cfi_offset 14, -4
 4850 0002 00AF     		add	r7, sp, #0
 4851              	.LCFI157:
 4852              		.cfi_def_cfa_register 7
1326:Module/ssd_2832.c **** 	bridge_write_reg_16bit(0xB7, bridge_mem_reg_b7[0] | 0x04);
 4853              		.loc 1 1326 48
 4854 0004 064B     		ldr	r3, .L234
 4855 0006 1B68     		ldr	r3, [r3]
 4856              		.loc 1 1326 2
 4857 0008 9BB2     		uxth	r3, r3
 4858 000a 43F00403 		orr	r3, r3, #4
 4859 000e 9BB2     		uxth	r3, r3
 4860 0010 1946     		mov	r1, r3
 4861 0012 B720     		movs	r0, #183
 4862 0014 FFF7FEFF 		bl	bridge_write_reg_16bit
1327:Module/ssd_2832.c **** 	return 1;
 4863              		.loc 1 1327 9
 4864 0018 0123     		movs	r3, #1
1328:Module/ssd_2832.c **** }
 4865              		.loc 1 1328 1
 4866 001a 1846     		mov	r0, r3
 4867 001c 80BD     		pop	{r7, pc}
 4868              	.L235:
 4869 001e 00BF     		.align	2
 4870              	.L234:
 4871 0020 00000000 		.word	bridge_mem_reg_b7
 4872              		.cfi_endproc
 4873              	.LFE152:
 4875              		.section	.text.bridge_send_hs_nop_package,"ax",%progbits
 4876              		.align	1
 4877              		.global	bridge_send_hs_nop_package
 4878              		.syntax unified
ARM GAS  C:\Users\ADMINI~1\AppData\Local\Temp\ccdP81J7.s 			page 110


 4879              		.thumb
 4880              		.thumb_func
 4882              	bridge_send_hs_nop_package:
 4883              	.LFB153:
1329:Module/ssd_2832.c **** 
1330:Module/ssd_2832.c **** /******************************************************************************/
1331:Module/ssd_2832.c **** /// Description:bridge_send_hs_nop_package
1332:Module/ssd_2832.c **** /// @note:
1333:Module/ssd_2832.c **** /// @param input:null
1334:Module/ssd_2832.c **** /// @param output:null
1335:Module/ssd_2832.c **** /// @return value
1336:Module/ssd_2832.c **** ///@author : tor shi
1337:Module/ssd_2832.c **** ///@date : 2019-08-26
1338:Module/ssd_2832.c **** /******************************************************************************/
1339:Module/ssd_2832.c **** int bridge_send_hs_nop_package(void)
1340:Module/ssd_2832.c **** {
 4884              		.loc 1 1340 1
 4885              		.cfi_startproc
 4886              		@ args = 0, pretend = 0, frame = 32
 4887              		@ frame_needed = 1, uses_anonymous_args = 0
 4888 0000 80B5     		push	{r7, lr}
 4889              	.LCFI158:
 4890              		.cfi_def_cfa_offset 8
 4891              		.cfi_offset 7, -8
 4892              		.cfi_offset 14, -4
 4893 0002 88B0     		sub	sp, sp, #32
 4894              	.LCFI159:
 4895              		.cfi_def_cfa_offset 40
 4896 0004 00AF     		add	r7, sp, #0
 4897              	.LCFI160:
 4898              		.cfi_def_cfa_register 7
1341:Module/ssd_2832.c ****     unsigned char data_buff[4] = {0};
 4899              		.loc 1 1341 19
 4900 0006 0023     		movs	r3, #0
 4901 0008 BB61     		str	r3, [r7, #24]
1342:Module/ssd_2832.c ****     struct mipi_port mipi;
1343:Module/ssd_2832.c ****     struct bridge *pbridge;
1344:Module/ssd_2832.c **** 	
1345:Module/ssd_2832.c ****     pbridge = bridge_get();
 4902              		.loc 1 1345 15
 4903 000a FFF7FEFF 		bl	bridge_get
 4904 000e F861     		str	r0, [r7, #28]
1346:Module/ssd_2832.c **** 
1347:Module/ssd_2832.c ****     mipi.port = 0;
 4905              		.loc 1 1347 15
 4906 0010 0023     		movs	r3, #0
 4907 0012 3B61     		str	r3, [r7, #16]
1348:Module/ssd_2832.c ****     if(0 == pbridge->dual) //PORT,single
 4908              		.loc 1 1348 20
 4909 0014 FB69     		ldr	r3, [r7, #28]
 4910 0016 1B6C     		ldr	r3, [r3, #64]
 4911              		.loc 1 1348 7
 4912 0018 002B     		cmp	r3, #0
 4913 001a 02D1     		bne	.L237
1349:Module/ssd_2832.c **** 	{
1350:Module/ssd_2832.c ****         mipi.dual = 1;
 4914              		.loc 1 1350 19
ARM GAS  C:\Users\ADMINI~1\AppData\Local\Temp\ccdP81J7.s 			page 111


 4915 001c 0123     		movs	r3, #1
 4916 001e 7B61     		str	r3, [r7, #20]
 4917 0020 05E0     		b	.L238
 4918              	.L237:
1351:Module/ssd_2832.c **** 	}
1352:Module/ssd_2832.c **** 	else if(1 == pbridge->dual) //PORT,dual
 4919              		.loc 1 1352 22
 4920 0022 FB69     		ldr	r3, [r7, #28]
 4921 0024 1B6C     		ldr	r3, [r3, #64]
 4922              		.loc 1 1352 9
 4923 0026 012B     		cmp	r3, #1
 4924 0028 01D1     		bne	.L238
1353:Module/ssd_2832.c **** 	{
1354:Module/ssd_2832.c **** 	    mipi.dual = 3;
 4925              		.loc 1 1354 16
 4926 002a 0323     		movs	r3, #3
 4927 002c 7B61     		str	r3, [r7, #20]
 4928              	.L238:
1355:Module/ssd_2832.c **** 	}
1356:Module/ssd_2832.c **** 
1357:Module/ssd_2832.c ****     //Send Packet:0x39,0x00,0x00
1358:Module/ssd_2832.c ****     mipi.video_or_cmd = 0;
 4929              		.loc 1 1358 23
 4930 002e 0023     		movs	r3, #0
 4931 0030 3B60     		str	r3, [r7]
1359:Module/ssd_2832.c ****     mipi.data_type    = 0x39;
 4932              		.loc 1 1359 23
 4933 0032 3923     		movs	r3, #57
 4934 0034 BB60     		str	r3, [r7, #8]
1360:Module/ssd_2832.c ****     mipi.hs_or_lp     = 1;
 4935              		.loc 1 1360 23
 4936 0036 0123     		movs	r3, #1
 4937 0038 7B60     		str	r3, [r7, #4]
1361:Module/ssd_2832.c **** 	
1362:Module/ssd_2832.c ****     data_buff[0] = 0x00;
 4938              		.loc 1 1362 18
 4939 003a 0023     		movs	r3, #0
 4940 003c 3B76     		strb	r3, [r7, #24]
1363:Module/ssd_2832.c ****     mipi_write_regs(&mipi,data_buff,1);
 4941              		.loc 1 1363 5
 4942 003e 07F11801 		add	r1, r7, #24
 4943 0042 3B46     		mov	r3, r7
 4944 0044 0122     		movs	r2, #1
 4945 0046 1846     		mov	r0, r3
 4946 0048 FFF7FEFF 		bl	mipi_write_regs
1364:Module/ssd_2832.c **** 
1365:Module/ssd_2832.c ****     return 1;
 4947              		.loc 1 1365 12
 4948 004c 0123     		movs	r3, #1
1366:Module/ssd_2832.c **** }
 4949              		.loc 1 1366 1
 4950 004e 1846     		mov	r0, r3
 4951 0050 2037     		adds	r7, r7, #32
 4952              	.LCFI161:
 4953              		.cfi_def_cfa_offset 8
 4954 0052 BD46     		mov	sp, r7
 4955              	.LCFI162:
ARM GAS  C:\Users\ADMINI~1\AppData\Local\Temp\ccdP81J7.s 			page 112


 4956              		.cfi_def_cfa_register 13
 4957              		@ sp needed
 4958 0054 80BD     		pop	{r7, pc}
 4959              		.cfi_endproc
 4960              	.LFE153:
 4962              		.section	.text.bridge_send_ls_nop_package,"ax",%progbits
 4963              		.align	1
 4964              		.global	bridge_send_ls_nop_package
 4965              		.syntax unified
 4966              		.thumb
 4967              		.thumb_func
 4969              	bridge_send_ls_nop_package:
 4970              	.LFB154:
1367:Module/ssd_2832.c **** 
1368:Module/ssd_2832.c **** int bridge_send_ls_nop_package(void)
1369:Module/ssd_2832.c **** {
 4971              		.loc 1 1369 1
 4972              		.cfi_startproc
 4973              		@ args = 0, pretend = 0, frame = 32
 4974              		@ frame_needed = 1, uses_anonymous_args = 0
 4975 0000 80B5     		push	{r7, lr}
 4976              	.LCFI163:
 4977              		.cfi_def_cfa_offset 8
 4978              		.cfi_offset 7, -8
 4979              		.cfi_offset 14, -4
 4980 0002 88B0     		sub	sp, sp, #32
 4981              	.LCFI164:
 4982              		.cfi_def_cfa_offset 40
 4983 0004 00AF     		add	r7, sp, #0
 4984              	.LCFI165:
 4985              		.cfi_def_cfa_register 7
1370:Module/ssd_2832.c ****     unsigned char data_buff[4] = {0};
 4986              		.loc 1 1370 19
 4987 0006 0023     		movs	r3, #0
 4988 0008 BB61     		str	r3, [r7, #24]
1371:Module/ssd_2832.c ****     struct mipi_port mipi;
1372:Module/ssd_2832.c ****     struct bridge *pbridge;
1373:Module/ssd_2832.c **** 	
1374:Module/ssd_2832.c ****     pbridge = bridge_get();
 4989              		.loc 1 1374 15
 4990 000a FFF7FEFF 		bl	bridge_get
 4991 000e F861     		str	r0, [r7, #28]
1375:Module/ssd_2832.c ****     mipi.port = 0;
 4992              		.loc 1 1375 15
 4993 0010 0023     		movs	r3, #0
 4994 0012 3B61     		str	r3, [r7, #16]
1376:Module/ssd_2832.c **** 
1377:Module/ssd_2832.c ****     if(0 == pbridge->dual) //PORT,single
 4995              		.loc 1 1377 20
 4996 0014 FB69     		ldr	r3, [r7, #28]
 4997 0016 1B6C     		ldr	r3, [r3, #64]
 4998              		.loc 1 1377 7
 4999 0018 002B     		cmp	r3, #0
 5000 001a 02D1     		bne	.L241
1378:Module/ssd_2832.c **** 	{
1379:Module/ssd_2832.c ****         mipi.dual = 1;
 5001              		.loc 1 1379 19
ARM GAS  C:\Users\ADMINI~1\AppData\Local\Temp\ccdP81J7.s 			page 113


 5002 001c 0123     		movs	r3, #1
 5003 001e 7B61     		str	r3, [r7, #20]
 5004 0020 05E0     		b	.L242
 5005              	.L241:
1380:Module/ssd_2832.c **** 	}
1381:Module/ssd_2832.c **** 	else if(1 == pbridge->dual) //PORT,dual
 5006              		.loc 1 1381 22
 5007 0022 FB69     		ldr	r3, [r7, #28]
 5008 0024 1B6C     		ldr	r3, [r3, #64]
 5009              		.loc 1 1381 9
 5010 0026 012B     		cmp	r3, #1
 5011 0028 01D1     		bne	.L242
1382:Module/ssd_2832.c **** 	{
1383:Module/ssd_2832.c **** 	    mipi.dual = 3;
 5012              		.loc 1 1383 16
 5013 002a 0323     		movs	r3, #3
 5014 002c 7B61     		str	r3, [r7, #20]
 5015              	.L242:
1384:Module/ssd_2832.c **** 	}
1385:Module/ssd_2832.c **** 
1386:Module/ssd_2832.c ****     //Send Packet:0x39,0x00,0x00
1387:Module/ssd_2832.c ****     mipi.video_or_cmd = 0;
 5016              		.loc 1 1387 23
 5017 002e 0023     		movs	r3, #0
 5018 0030 3B60     		str	r3, [r7]
1388:Module/ssd_2832.c ****     mipi.data_type    = 0x39;
 5019              		.loc 1 1388 23
 5020 0032 3923     		movs	r3, #57
 5021 0034 BB60     		str	r3, [r7, #8]
1389:Module/ssd_2832.c ****     mipi.hs_or_lp     = 0;
 5022              		.loc 1 1389 23
 5023 0036 0023     		movs	r3, #0
 5024 0038 7B60     		str	r3, [r7, #4]
1390:Module/ssd_2832.c ****     data_buff[0]      = 0x00;
 5025              		.loc 1 1390 23
 5026 003a 0023     		movs	r3, #0
 5027 003c 3B76     		strb	r3, [r7, #24]
1391:Module/ssd_2832.c ****     mipi_write_regs(&mipi,data_buff,1);
 5028              		.loc 1 1391 5
 5029 003e 07F11801 		add	r1, r7, #24
 5030 0042 3B46     		mov	r3, r7
 5031 0044 0122     		movs	r2, #1
 5032 0046 1846     		mov	r0, r3
 5033 0048 FFF7FEFF 		bl	mipi_write_regs
1392:Module/ssd_2832.c ****     return 1;
 5034              		.loc 1 1392 12
 5035 004c 0123     		movs	r3, #1
1393:Module/ssd_2832.c **** }
 5036              		.loc 1 1393 1
 5037 004e 1846     		mov	r0, r3
 5038 0050 2037     		adds	r7, r7, #32
 5039              	.LCFI166:
 5040              		.cfi_def_cfa_offset 8
 5041 0052 BD46     		mov	sp, r7
 5042              	.LCFI167:
 5043              		.cfi_def_cfa_register 13
 5044              		@ sp needed
ARM GAS  C:\Users\ADMINI~1\AppData\Local\Temp\ccdP81J7.s 			page 114


 5045 0054 80BD     		pop	{r7, pc}
 5046              		.cfi_endproc
 5047              	.LFE154:
 5049              		.section	.rodata
 5050 0125 000000   		.align	2
 5051              	.LC12:
 5052 0128 25733A45 		.ascii	"%s:Err state %x, Reset 2829 inti 4330 \015\012\015\012"
 5052      72722073 
 5052      74617465 
 5052      2025782C 
 5052      20526573 
 5053 0152 00       		.ascii	"\000"
 5054 0153 00       		.align	2
 5055              	.LC13:
 5056 0154 25733A45 		.ascii	"%s:Err state %x, Reset init \015\012\015\012\000"
 5056      72722073 
 5056      74617465 
 5056      2025782C 
 5056      20526573 
 5057              		.section	.text.bridge_send_cmd_image,"ax",%progbits
 5058              		.align	1
 5059              		.global	bridge_send_cmd_image
 5060              		.syntax unified
 5061              		.thumb
 5062              		.thumb_func
 5064              	bridge_send_cmd_image:
 5065              	.LFB155:
1394:Module/ssd_2832.c **** 
1395:Module/ssd_2832.c **** 
1396:Module/ssd_2832.c **** /******************************************************************************/
1397:Module/ssd_2832.c **** /// Description:bridge_send_cmd_image refresh pic ,  CMD screen
1398:Module/ssd_2832.c **** /// @note:
1399:Module/ssd_2832.c **** /// @param input:null
1400:Module/ssd_2832.c **** /// @param output:null
1401:Module/ssd_2832.c **** /// @return value
1402:Module/ssd_2832.c **** ///@author : liuzhiheng
1403:Module/ssd_2832.c **** ///@date : 2019-07-17
1404:Module/ssd_2832.c **** 
1405:Module/ssd_2832.c **** /******************************************************************************/
1406:Module/ssd_2832.c **** int bridge_send_cmd_image(void)
1407:Module/ssd_2832.c **** {
 5066              		.loc 1 1407 1
 5067              		.cfi_startproc
 5068              		@ args = 0, pretend = 0, frame = 16
 5069              		@ frame_needed = 1, uses_anonymous_args = 0
 5070 0000 80B5     		push	{r7, lr}
 5071              	.LCFI168:
 5072              		.cfi_def_cfa_offset 8
 5073              		.cfi_offset 7, -8
 5074              		.cfi_offset 14, -4
 5075 0002 84B0     		sub	sp, sp, #16
 5076              	.LCFI169:
 5077              		.cfi_def_cfa_offset 24
 5078 0004 00AF     		add	r7, sp, #0
 5079              	.LCFI170:
 5080              		.cfi_def_cfa_register 7
1408:Module/ssd_2832.c **** 	unsigned int tmp = 0 , time_tick = 0;
ARM GAS  C:\Users\ADMINI~1\AppData\Local\Temp\ccdP81J7.s 			page 115


 5081              		.loc 1 1408 15
 5082 0006 0023     		movs	r3, #0
 5083 0008 BB60     		str	r3, [r7, #8]
 5084              		.loc 1 1408 25
 5085 000a 0023     		movs	r3, #0
 5086 000c FB60     		str	r3, [r7, #12]
1409:Module/ssd_2832.c **** 	uint32_t reg_status = 0;
 5087              		.loc 1 1409 11
 5088 000e 0023     		movs	r3, #0
 5089 0010 7B60     		str	r3, [r7, #4]
1410:Module/ssd_2832.c **** 		
1411:Module/ssd_2832.c **** 	//Test If is LS NOP Package helps
1412:Module/ssd_2832.c **** 	bridge_send_ls_nop_package();
 5090              		.loc 1 1412 2
 5091 0012 FFF7FEFF 		bl	bridge_send_ls_nop_package
1413:Module/ssd_2832.c **** 	bridge_send_hs_nop_package();
 5092              		.loc 1 1413 2
 5093 0016 FFF7FEFF 		bl	bridge_send_hs_nop_package
1414:Module/ssd_2832.c **** 
1415:Module/ssd_2832.c **** 	bridge_write_reg_32bit(0xCF,0X00000000); //SET HS TX TIMER1,L
 5094              		.loc 1 1415 2
 5095 001a 0021     		movs	r1, #0
 5096 001c CF20     		movs	r0, #207
 5097 001e FFF7FEFF 		bl	bridge_write_reg_32bit
1416:Module/ssd_2832.c **** 	bridge_write_reg_32bit(0xD0,0X00009000); //SET HS TX TIMER2,H
 5098              		.loc 1 1416 2
 5099 0022 4FF41041 		mov	r1, #36864
 5100 0026 D020     		movs	r0, #208
 5101 0028 FFF7FEFF 		bl	bridge_write_reg_32bit
1417:Module/ssd_2832.c **** 	bridge_write_apb_reg(0X0010,0X1C910E00); //ENABLE V2C
 5102              		.loc 1 1417 2
 5103 002c 3149     		ldr	r1, .L260
 5104 002e 1020     		movs	r0, #16
 5105 0030 FFF7FEFF 		bl	bridge_write_apb_reg
1418:Module/ssd_2832.c **** 
1419:Module/ssd_2832.c **** 	bridge_write_reg_16bit(0xB7,0x030b);
 5106              		.loc 1 1419 2
 5107 0034 40F20B31 		movw	r1, #779
 5108 0038 B720     		movs	r0, #183
 5109 003a FFF7FEFF 		bl	bridge_write_reg_16bit
1420:Module/ssd_2832.c **** 	
1421:Module/ssd_2832.c **** 	time_tick = 0;
 5110              		.loc 1 1421 12
 5111 003e 0023     		movs	r3, #0
 5112 0040 FB60     		str	r3, [r7, #12]
 5113              	.L249:
1422:Module/ssd_2832.c **** 	do
1423:Module/ssd_2832.c **** 	{
1424:Module/ssd_2832.c **** 		bridge_read_reg(0xC6, &reg_status);
 5114              		.loc 1 1424 3
 5115 0042 3B1D     		adds	r3, r7, #4
 5116 0044 1946     		mov	r1, r3
 5117 0046 C620     		movs	r0, #198
 5118 0048 FFF7FEFF 		bl	bridge_read_reg
1425:Module/ssd_2832.c **** 		if((reg_status & 0x100) == 0)
 5119              		.loc 1 1425 18
 5120 004c 7B68     		ldr	r3, [r7, #4]
ARM GAS  C:\Users\ADMINI~1\AppData\Local\Temp\ccdP81J7.s 			page 116


 5121 004e 03F48073 		and	r3, r3, #256
 5122              		.loc 1 1425 5
 5123 0052 002B     		cmp	r3, #0
 5124 0054 06D1     		bne	.L245
1426:Module/ssd_2832.c **** 		{
1427:Module/ssd_2832.c **** 			// mcu long buffer is not available
1428:Module/ssd_2832.c **** 			log_info("Err state %x, Reset 2829 inti 4330 \r\n" , reg_status);
 5125              		.loc 1 1428 4
 5126 0056 7B68     		ldr	r3, [r7, #4]
 5127 0058 1A46     		mov	r2, r3
 5128 005a 2749     		ldr	r1, .L260+4
 5129 005c 2748     		ldr	r0, .L260+8
 5130 005e FFF7FEFF 		bl	printf
1429:Module/ssd_2832.c **** 			break;
 5131              		.loc 1 1429 4
 5132 0062 11E0     		b	.L246
 5133              	.L245:
1430:Module/ssd_2832.c **** 		}
1431:Module/ssd_2832.c **** 		if((reg_status & 0x200) == 0)
 5134              		.loc 1 1431 18
 5135 0064 7B68     		ldr	r3, [r7, #4]
 5136 0066 03F40073 		and	r3, r3, #512
 5137              		.loc 1 1431 5
 5138 006a 002B     		cmp	r3, #0
 5139 006c 09D0     		beq	.L256
1432:Module/ssd_2832.c **** 		{
1433:Module/ssd_2832.c **** 			break;
1434:Module/ssd_2832.c **** 		}
1435:Module/ssd_2832.c **** 		msleep(1);
 5140              		.loc 1 1435 3
 5141 006e 0120     		movs	r0, #1
 5142 0070 FFF7FEFF 		bl	msleep
1436:Module/ssd_2832.c **** 		time_tick++;
 5143              		.loc 1 1436 12
 5144 0074 FB68     		ldr	r3, [r7, #12]
 5145 0076 0133     		adds	r3, r3, #1
 5146 0078 FB60     		str	r3, [r7, #12]
1437:Module/ssd_2832.c **** 		if(time_tick > 34)
 5147              		.loc 1 1437 5
 5148 007a FB68     		ldr	r3, [r7, #12]
 5149 007c 222B     		cmp	r3, #34
 5150 007e 02D8     		bhi	.L257
1424:Module/ssd_2832.c **** 		if((reg_status & 0x100) == 0)
 5151              		.loc 1 1424 3
 5152 0080 DFE7     		b	.L249
 5153              	.L256:
1433:Module/ssd_2832.c **** 		}
 5154              		.loc 1 1433 4
 5155 0082 00BF     		nop
 5156 0084 00E0     		b	.L246
 5157              	.L257:
1438:Module/ssd_2832.c **** 		{
1439:Module/ssd_2832.c **** 			break;
 5158              		.loc 1 1439 4
 5159 0086 00BF     		nop
 5160              	.L246:
1440:Module/ssd_2832.c **** 		}
ARM GAS  C:\Users\ADMINI~1\AppData\Local\Temp\ccdP81J7.s 			page 117


1441:Module/ssd_2832.c **** 	}while(1);
1442:Module/ssd_2832.c **** 
1443:Module/ssd_2832.c **** 	bridge_write_reg_16bit(0xB7,0x0300);
 5161              		.loc 1 1443 2
 5162 0088 4FF44071 		mov	r1, #768
 5163 008c B720     		movs	r0, #183
 5164 008e FFF7FEFF 		bl	bridge_write_reg_16bit
1444:Module/ssd_2832.c **** 	
1445:Module/ssd_2832.c **** 	time_tick = 0;
 5165              		.loc 1 1445 12
 5166 0092 0023     		movs	r3, #0
 5167 0094 FB60     		str	r3, [r7, #12]
 5168              	.L253:
1446:Module/ssd_2832.c **** 	do
1447:Module/ssd_2832.c **** 	{
1448:Module/ssd_2832.c **** 		bridge_read_reg(0xC6, &reg_status);
 5169              		.loc 1 1448 3
 5170 0096 3B1D     		adds	r3, r7, #4
 5171 0098 1946     		mov	r1, r3
 5172 009a C620     		movs	r0, #198
 5173 009c FFF7FEFF 		bl	bridge_read_reg
1449:Module/ssd_2832.c **** 		if((reg_status & 0x200) != 0)
 5174              		.loc 1 1449 18
 5175 00a0 7B68     		ldr	r3, [r7, #4]
 5176 00a2 03F40073 		and	r3, r3, #512
 5177              		.loc 1 1449 5
 5178 00a6 002B     		cmp	r3, #0
 5179 00a8 09D1     		bne	.L258
1450:Module/ssd_2832.c **** 		{//bit9
1451:Module/ssd_2832.c **** 			break;
1452:Module/ssd_2832.c **** 		}
1453:Module/ssd_2832.c **** 		if(time_tick > 100)
 5180              		.loc 1 1453 5
 5181 00aa FB68     		ldr	r3, [r7, #12]
 5182 00ac 642B     		cmp	r3, #100
 5183 00ae 08D8     		bhi	.L259
1454:Module/ssd_2832.c **** 		{//10s
1455:Module/ssd_2832.c **** 			break;
1456:Module/ssd_2832.c **** 		}
1457:Module/ssd_2832.c **** 		msleep(1);
 5184              		.loc 1 1457 3
 5185 00b0 0120     		movs	r0, #1
 5186 00b2 FFF7FEFF 		bl	msleep
1458:Module/ssd_2832.c **** 		time_tick++;
 5187              		.loc 1 1458 12
 5188 00b6 FB68     		ldr	r3, [r7, #12]
 5189 00b8 0133     		adds	r3, r3, #1
 5190 00ba FB60     		str	r3, [r7, #12]
1448:Module/ssd_2832.c **** 		if((reg_status & 0x200) != 0)
 5191              		.loc 1 1448 3
 5192 00bc EBE7     		b	.L253
 5193              	.L258:
1451:Module/ssd_2832.c **** 		}
 5194              		.loc 1 1451 4
 5195 00be 00BF     		nop
 5196 00c0 00E0     		b	.L251
 5197              	.L259:
ARM GAS  C:\Users\ADMINI~1\AppData\Local\Temp\ccdP81J7.s 			page 118


1455:Module/ssd_2832.c **** 		}
 5198              		.loc 1 1455 4
 5199 00c2 00BF     		nop
 5200              	.L251:
1459:Module/ssd_2832.c **** 	}while(1);
1460:Module/ssd_2832.c **** 	bridge_write_apb_reg(0X0010,0X1C900E00); //DISABLE V2C
 5201              		.loc 1 1460 2
 5202 00c4 0E49     		ldr	r1, .L260+12
 5203 00c6 1020     		movs	r0, #16
 5204 00c8 FFF7FEFF 		bl	bridge_write_apb_reg
1461:Module/ssd_2832.c **** 
1462:Module/ssd_2832.c **** 	bridge_read_reg(0xC7,&tmp);
 5205              		.loc 1 1462 2
 5206 00cc 07F10803 		add	r3, r7, #8
 5207 00d0 1946     		mov	r1, r3
 5208 00d2 C720     		movs	r0, #199
 5209 00d4 FFF7FEFF 		bl	bridge_read_reg
1463:Module/ssd_2832.c **** 	
1464:Module/ssd_2832.c **** 	if(tmp != 0)
 5210              		.loc 1 1464 9
 5211 00d8 BB68     		ldr	r3, [r7, #8]
 5212              		.loc 1 1464 4
 5213 00da 002B     		cmp	r3, #0
 5214 00dc 05D0     		beq	.L254
1465:Module/ssd_2832.c **** 	{
1466:Module/ssd_2832.c **** 		log_info("Err state %x, Reset init \r\n" , reg_status);
 5215              		.loc 1 1466 3
 5216 00de 7B68     		ldr	r3, [r7, #4]
 5217 00e0 1A46     		mov	r2, r3
 5218 00e2 0549     		ldr	r1, .L260+4
 5219 00e4 0748     		ldr	r0, .L260+16
 5220 00e6 FFF7FEFF 		bl	printf
 5221              	.L254:
1467:Module/ssd_2832.c **** 	}
1468:Module/ssd_2832.c **** 	
1469:Module/ssd_2832.c **** 	return 1;
 5222              		.loc 1 1469 9
 5223 00ea 0123     		movs	r3, #1
1470:Module/ssd_2832.c **** }
 5224              		.loc 1 1470 1
 5225 00ec 1846     		mov	r0, r3
 5226 00ee 1037     		adds	r7, r7, #16
 5227              	.LCFI171:
 5228              		.cfi_def_cfa_offset 8
 5229 00f0 BD46     		mov	sp, r7
 5230              	.LCFI172:
 5231              		.cfi_def_cfa_register 13
 5232              		@ sp needed
 5233 00f2 80BD     		pop	{r7, pc}
 5234              	.L261:
 5235              		.align	2
 5236              	.L260:
 5237 00f4 000E911C 		.word	479268352
 5238 00f8 14000000 		.word	.LC1
 5239 00fc 28010000 		.word	.LC12
 5240 0100 000E901C 		.word	479202816
 5241 0104 54010000 		.word	.LC13
ARM GAS  C:\Users\ADMINI~1\AppData\Local\Temp\ccdP81J7.s 			page 119


 5242              		.cfi_endproc
 5243              	.LFE155:
 5245              		.section	.rodata
 5246 0175 000000   		.align	2
 5247              	.LC14:
 5248 0178 25733A73 		.ascii	"%s:stage = %d \012\015\012\000"
 5248      74616765 
 5248      203D2025 
 5248      64200A0D 
 5248      0A00
 5249              		.section	.text.bridge_v2c,"ax",%progbits
 5250              		.align	1
 5251              		.global	bridge_v2c
 5252              		.syntax unified
 5253              		.thumb
 5254              		.thumb_func
 5256              	bridge_v2c:
 5257              	.LFB156:
1471:Module/ssd_2832.c **** 
1472:Module/ssd_2832.c **** int bridge_v2c(unsigned char stage, unsigned int delay)
1473:Module/ssd_2832.c **** {
 5258              		.loc 1 1473 1
 5259              		.cfi_startproc
 5260              		@ args = 0, pretend = 0, frame = 8
 5261              		@ frame_needed = 1, uses_anonymous_args = 0
 5262 0000 80B5     		push	{r7, lr}
 5263              	.LCFI173:
 5264              		.cfi_def_cfa_offset 8
 5265              		.cfi_offset 7, -8
 5266              		.cfi_offset 14, -4
 5267 0002 82B0     		sub	sp, sp, #8
 5268              	.LCFI174:
 5269              		.cfi_def_cfa_offset 16
 5270 0004 00AF     		add	r7, sp, #0
 5271              	.LCFI175:
 5272              		.cfi_def_cfa_register 7
 5273 0006 0346     		mov	r3, r0
 5274 0008 3960     		str	r1, [r7]
 5275 000a FB71     		strb	r3, [r7, #7]
1474:Module/ssd_2832.c ****     msleep(delay);
 5276              		.loc 1 1474 5
 5277 000c 3868     		ldr	r0, [r7]
 5278 000e FFF7FEFF 		bl	msleep
1475:Module/ssd_2832.c **** 	
1476:Module/ssd_2832.c ****     if(stage > 0)
 5279              		.loc 1 1476 7
 5280 0012 FB79     		ldrb	r3, [r7, #7]	@ zero_extendqisi2
 5281 0014 002B     		cmp	r3, #0
 5282 0016 3FD0     		beq	.L263
1477:Module/ssd_2832.c ****     {
1478:Module/ssd_2832.c ****         if(stage == 1)
 5283              		.loc 1 1478 11
 5284 0018 FB79     		ldrb	r3, [r7, #7]	@ zero_extendqisi2
 5285 001a 012B     		cmp	r3, #1
 5286 001c 0FD1     		bne	.L264
1479:Module/ssd_2832.c ****         {
1480:Module/ssd_2832.c ****             bridge_send_hs_nop_package();
ARM GAS  C:\Users\ADMINI~1\AppData\Local\Temp\ccdP81J7.s 			page 120


 5287              		.loc 1 1480 13
 5288 001e FFF7FEFF 		bl	bridge_send_hs_nop_package
1481:Module/ssd_2832.c ****             bridge_write_reg_32bit(0xCF,0x00000000); //SET HS TX TIMER1,L
 5289              		.loc 1 1481 13
 5290 0022 0021     		movs	r1, #0
 5291 0024 CF20     		movs	r0, #207
 5292 0026 FFF7FEFF 		bl	bridge_write_reg_32bit
1482:Module/ssd_2832.c ****             bridge_write_reg_32bit(0xD0,0x00009000); //SET HS TX TIMER2,H
 5293              		.loc 1 1482 13
 5294 002a 4FF41041 		mov	r1, #36864
 5295 002e D020     		movs	r0, #208
 5296 0030 FFF7FEFF 		bl	bridge_write_reg_32bit
1483:Module/ssd_2832.c ****             bridge_write_reg_16bit(0xB7,0x430B);
 5297              		.loc 1 1483 13
 5298 0034 44F20B31 		movw	r1, #17163
 5299 0038 B720     		movs	r0, #183
 5300 003a FFF7FEFF 		bl	bridge_write_reg_16bit
 5301              	.L264:
1484:Module/ssd_2832.c ****         }
1485:Module/ssd_2832.c **** 
1486:Module/ssd_2832.c ****         if(stage == 2)
 5302              		.loc 1 1486 11
 5303 003e FB79     		ldrb	r3, [r7, #7]	@ zero_extendqisi2
 5304 0040 022B     		cmp	r3, #2
 5305 0042 03D1     		bne	.L265
1487:Module/ssd_2832.c ****         {
1488:Module/ssd_2832.c ****             bridge_write_apb_reg(0x0010,0x1C910E00); //ENABLE V2C
 5306              		.loc 1 1488 13
 5307 0044 1A49     		ldr	r1, .L268
 5308 0046 1020     		movs	r0, #16
 5309 0048 FFF7FEFF 		bl	bridge_write_apb_reg
 5310              	.L265:
1489:Module/ssd_2832.c ****         }
1490:Module/ssd_2832.c **** 
1491:Module/ssd_2832.c ****         if(stage == 3)
 5311              		.loc 1 1491 11
 5312 004c FB79     		ldrb	r3, [r7, #7]	@ zero_extendqisi2
 5313 004e 032B     		cmp	r3, #3
 5314 0050 16D1     		bne	.L266
1492:Module/ssd_2832.c ****         {
1493:Module/ssd_2832.c ****             bridge_send_hs_nop_package();
 5315              		.loc 1 1493 13
 5316 0052 FFF7FEFF 		bl	bridge_send_hs_nop_package
1494:Module/ssd_2832.c ****             bridge_write_reg_32bit(0xCF,0x00000000); //SET HS TX TIMER1,L
 5317              		.loc 1 1494 13
 5318 0056 0021     		movs	r1, #0
 5319 0058 CF20     		movs	r0, #207
 5320 005a FFF7FEFF 		bl	bridge_write_reg_32bit
1495:Module/ssd_2832.c ****             bridge_write_reg_32bit(0xD0,0x00009000); //SET HS TX TIMER2,H
 5321              		.loc 1 1495 13
 5322 005e 4FF41041 		mov	r1, #36864
 5323 0062 D020     		movs	r0, #208
 5324 0064 FFF7FEFF 		bl	bridge_write_reg_32bit
1496:Module/ssd_2832.c ****             bridge_write_reg_16bit(0xB7,0x430B);
 5325              		.loc 1 1496 13
 5326 0068 44F20B31 		movw	r1, #17163
 5327 006c B720     		movs	r0, #183
ARM GAS  C:\Users\ADMINI~1\AppData\Local\Temp\ccdP81J7.s 			page 121


 5328 006e FFF7FEFF 		bl	bridge_write_reg_16bit
1497:Module/ssd_2832.c ****             msleep(10);
 5329              		.loc 1 1497 13
 5330 0072 0A20     		movs	r0, #10
 5331 0074 FFF7FEFF 		bl	msleep
1498:Module/ssd_2832.c ****             bridge_write_apb_reg(0x0010,0x1C910E00); //ENABLE V2C
 5332              		.loc 1 1498 13
 5333 0078 0D49     		ldr	r1, .L268
 5334 007a 1020     		movs	r0, #16
 5335 007c FFF7FEFF 		bl	bridge_write_apb_reg
 5336              	.L266:
1499:Module/ssd_2832.c ****         }
1500:Module/ssd_2832.c **** 
1501:Module/ssd_2832.c ****         if(stage == 4)
 5337              		.loc 1 1501 11
 5338 0080 FB79     		ldrb	r3, [r7, #7]	@ zero_extendqisi2
 5339 0082 042B     		cmp	r3, #4
 5340 0084 08D1     		bne	.L263
1502:Module/ssd_2832.c ****         {
1503:Module/ssd_2832.c ****             bridge_write_reg_16bit(0xB7,0x4300);
 5341              		.loc 1 1503 13
 5342 0086 4FF48641 		mov	r1, #17152
 5343 008a B720     		movs	r0, #183
 5344 008c FFF7FEFF 		bl	bridge_write_reg_16bit
1504:Module/ssd_2832.c ****             bridge_write_apb_reg(0x0010,0x1C900E00); //DISABLE V2C
 5345              		.loc 1 1504 13
 5346 0090 0849     		ldr	r1, .L268+4
 5347 0092 1020     		movs	r0, #16
 5348 0094 FFF7FEFF 		bl	bridge_write_apb_reg
 5349              	.L263:
1505:Module/ssd_2832.c ****         }
1506:Module/ssd_2832.c **** 
1507:Module/ssd_2832.c ****         if(stage == 5)
1508:Module/ssd_2832.c ****         {}
1509:Module/ssd_2832.c ****     }
1510:Module/ssd_2832.c **** 
1511:Module/ssd_2832.c ****     log_info("stage = %d \n" , stage);
 5350              		.loc 1 1511 5
 5351 0098 FB79     		ldrb	r3, [r7, #7]	@ zero_extendqisi2
 5352 009a 1A46     		mov	r2, r3
 5353 009c 0649     		ldr	r1, .L268+8
 5354 009e 0748     		ldr	r0, .L268+12
 5355 00a0 FFF7FEFF 		bl	printf
1512:Module/ssd_2832.c **** 	return 1;
 5356              		.loc 1 1512 9
 5357 00a4 0123     		movs	r3, #1
1513:Module/ssd_2832.c **** }
 5358              		.loc 1 1513 1
 5359 00a6 1846     		mov	r0, r3
 5360 00a8 0837     		adds	r7, r7, #8
 5361              	.LCFI176:
 5362              		.cfi_def_cfa_offset 8
 5363 00aa BD46     		mov	sp, r7
 5364              	.LCFI177:
 5365              		.cfi_def_cfa_register 13
 5366              		@ sp needed
 5367 00ac 80BD     		pop	{r7, pc}
ARM GAS  C:\Users\ADMINI~1\AppData\Local\Temp\ccdP81J7.s 			page 122


 5368              	.L269:
 5369 00ae 00BF     		.align	2
 5370              	.L268:
 5371 00b0 000E911C 		.word	479268352
 5372 00b4 000E901C 		.word	479202816
 5373 00b8 14000000 		.word	.LC1
 5374 00bc 78010000 		.word	.LC14
 5375              		.cfi_endproc
 5376              	.LFE156:
 5378              		.section	.rodata
 5379 018a 0000     		.align	2
 5380              	.LC15:
 5381 018c 25733A30 		.ascii	"%s:0xB1,0x%08X\012\015\012\000"
 5381      7842312C 
 5381      30782530 
 5381      38580A0D 
 5381      0A00
 5382 019e 0000     		.align	2
 5383              	.LC16:
 5384 01a0 25733A30 		.ascii	"%s:0xB2,0x%08X\012\015\012\000"
 5384      7842322C 
 5384      30782530 
 5384      38580A0D 
 5384      0A00
 5385 01b2 0000     		.align	2
 5386              	.LC17:
 5387 01b4 25733A30 		.ascii	"%s:0xB3,0x%08X\012\015\012\000"
 5387      7842332C 
 5387      30782530 
 5387      38580A0D 
 5387      0A00
 5388 01c6 0000     		.align	2
 5389              	.LC18:
 5390 01c8 25733A30 		.ascii	"%s:0xB4,0x%08X\012\015\012\000"
 5390      7842342C 
 5390      30782530 
 5390      38580A0D 
 5390      0A00
 5391 01da 0000     		.align	2
 5392              	.LC19:
 5393 01dc 25733A30 		.ascii	"%s:0xB5,0x%08X\012\015\012\000"
 5393      7842352C 
 5393      30782530 
 5393      38580A0D 
 5393      0A00
 5394 01ee 0000     		.align	2
 5395              	.LC20:
 5396 01f0 25733A30 		.ascii	"%s:0xB6,0x%08X\012\015\012\000"
 5396      7842362C 
 5396      30782530 
 5396      38580A0D 
 5396      0A00
 5397 0202 0000     		.align	2
 5398              	.LC21:
 5399 0204 25733A30 		.ascii	"%s:0xB7,0x%08X\012\015\012\000"
 5399      7842372C 
 5399      30782530 
ARM GAS  C:\Users\ADMINI~1\AppData\Local\Temp\ccdP81J7.s 			page 123


 5399      38580A0D 
 5399      0A00
 5400 0216 0000     		.align	2
 5401              	.LC22:
 5402 0218 25733A30 		.ascii	"%s:0xB8,0x%08X\012\015\012\000"
 5402      7842382C 
 5402      30782530 
 5402      38580A0D 
 5402      0A00
 5403 022a 0000     		.align	2
 5404              	.LC23:
 5405 022c 25733A30 		.ascii	"%s:0xB9,0x%08X\012\015\012\000"
 5405      7842392C 
 5405      30782530 
 5405      38580A0D 
 5405      0A00
 5406 023e 0000     		.align	2
 5407              	.LC24:
 5408 0240 25733A30 		.ascii	"%s:0xBA,0x%08X\012\015\012\000"
 5408      7842412C 
 5408      30782530 
 5408      38580A0D 
 5408      0A00
 5409 0252 0000     		.align	2
 5410              	.LC25:
 5411 0254 25733A30 		.ascii	"%s:0xBB,0x%08X\012\015\012\000"
 5411      7842422C 
 5411      30782530 
 5411      38580A0D 
 5411      0A00
 5412 0266 0000     		.align	2
 5413              	.LC26:
 5414 0268 25733A30 		.ascii	"%s:0xC6,0x%08X\012\015\012\000"
 5414      7843362C 
 5414      30782530 
 5414      38580A0D 
 5414      0A00
 5415 027a 0000     		.align	2
 5416              	.LC27:
 5417 027c 25733A30 		.ascii	"%s:0xC7,0x%08X\012\015\012\000"
 5417      7843372C 
 5417      30782530 
 5417      38580A0D 
 5417      0A00
 5418 028e 0000     		.align	2
 5419              	.LC28:
 5420 0290 25733A30 		.ascii	"%s:0xC9,0x%08X\012\015\012\000"
 5420      7843392C 
 5420      30782530 
 5420      38580A0D 
 5420      0A00
 5421 02a2 0000     		.align	2
 5422              	.LC29:
 5423 02a4 25733A30 		.ascii	"%s:0xCA,0x%08X\012\015\012\000"
 5423      7843412C 
 5423      30782530 
 5423      38580A0D 
ARM GAS  C:\Users\ADMINI~1\AppData\Local\Temp\ccdP81J7.s 			page 124


 5423      0A00
 5424 02b6 0000     		.align	2
 5425              	.LC30:
 5426 02b8 25733A30 		.ascii	"%s:0xCB,0x%08X\012\015\012\000"
 5426      7843422C 
 5426      30782530 
 5426      38580A0D 
 5426      0A00
 5427 02ca 0000     		.align	2
 5428              	.LC31:
 5429 02cc 25733A30 		.ascii	"%s:0xCC,0x%08X\012\015\012\000"
 5429      7843432C 
 5429      30782530 
 5429      38580A0D 
 5429      0A00
 5430 02de 0000     		.align	2
 5431              	.LC32:
 5432 02e0 25733A30 		.ascii	"%s:0xD6,0x%08X\012\015\012\000"
 5432      7844362C 
 5432      30782530 
 5432      38580A0D 
 5432      0A00
 5433 02f2 0000     		.align	2
 5434              	.LC33:
 5435 02f4 25733A30 		.ascii	"%s:0xDE,0x%08X\012\015\012\000"
 5435      7844452C 
 5435      30782530 
 5435      38580A0D 
 5435      0A00
 5436 0306 0000     		.align	2
 5437              	.LC34:
 5438 0308 25733A30 		.ascii	"%s:0xDF,0x%08X\012\015\012\000"
 5438      7844462C 
 5438      30782530 
 5438      38580A0D 
 5438      0A00
 5439              		.section	.text.bridge_reg_test,"ax",%progbits
 5440              		.align	1
 5441              		.global	bridge_reg_test
 5442              		.syntax unified
 5443              		.thumb
 5444              		.thumb_func
 5446              	bridge_reg_test:
 5447              	.LFB157:
1514:Module/ssd_2832.c **** 
1515:Module/ssd_2832.c **** /*!*********************************************************************************************
1516:Module/ssd_2832.c ****     Function           :int bridge_reg_test(void)
1517:Module/ssd_2832.c ****     Description        :ssd2829 write and read register test
1518:Module/ssd_2832.c ****     Input Parameter    :
1519:Module/ssd_2832.c ****     Outp
1520:Module/ssd_2832.c ****     ut Parameter   :
1521:Module/ssd_2832.c ****     Who Make it ?      :
1522:Module/ssd_2832.c ****     History            :                            Date/Time:12-03-2013
1523:Module/ssd_2832.c **** **********************************************************************************************/
1524:Module/ssd_2832.c **** int bridge_reg_test()
1525:Module/ssd_2832.c **** {
 5448              		.loc 1 1525 1
ARM GAS  C:\Users\ADMINI~1\AppData\Local\Temp\ccdP81J7.s 			page 125


 5449              		.cfi_startproc
 5450              		@ args = 0, pretend = 0, frame = 8
 5451              		@ frame_needed = 1, uses_anonymous_args = 0
 5452 0000 80B5     		push	{r7, lr}
 5453              	.LCFI178:
 5454              		.cfi_def_cfa_offset 8
 5455              		.cfi_offset 7, -8
 5456              		.cfi_offset 14, -4
 5457 0002 82B0     		sub	sp, sp, #8
 5458              	.LCFI179:
 5459              		.cfi_def_cfa_offset 16
 5460 0004 00AF     		add	r7, sp, #0
 5461              	.LCFI180:
 5462              		.cfi_def_cfa_register 7
1526:Module/ssd_2832.c ****     uint32_t tmp = 0;
 5463              		.loc 1 1526 14
 5464 0006 0023     		movs	r3, #0
 5465 0008 7B60     		str	r3, [r7, #4]
1527:Module/ssd_2832.c **** 
1528:Module/ssd_2832.c ****     bridge_read_reg(0xB1,&tmp);
 5466              		.loc 1 1528 5
 5467 000a 3B1D     		adds	r3, r7, #4
 5468 000c 1946     		mov	r1, r3
 5469 000e B120     		movs	r0, #177
 5470 0010 FFF7FEFF 		bl	bridge_read_reg
1529:Module/ssd_2832.c ****     log_info("0xB1,0x%08X\n",tmp);
 5471              		.loc 1 1529 5
 5472 0014 7B68     		ldr	r3, [r7, #4]
 5473 0016 1A46     		mov	r2, r3
 5474 0018 6C49     		ldr	r1, .L272
 5475 001a 6D48     		ldr	r0, .L272+4
 5476 001c FFF7FEFF 		bl	printf
1530:Module/ssd_2832.c **** 
1531:Module/ssd_2832.c ****     bridge_read_reg(0xB2,&tmp);
 5477              		.loc 1 1531 5
 5478 0020 3B1D     		adds	r3, r7, #4
 5479 0022 1946     		mov	r1, r3
 5480 0024 B220     		movs	r0, #178
 5481 0026 FFF7FEFF 		bl	bridge_read_reg
1532:Module/ssd_2832.c ****     log_info("0xB2,0x%08X\n",tmp);
 5482              		.loc 1 1532 5
 5483 002a 7B68     		ldr	r3, [r7, #4]
 5484 002c 1A46     		mov	r2, r3
 5485 002e 6749     		ldr	r1, .L272
 5486 0030 6848     		ldr	r0, .L272+8
 5487 0032 FFF7FEFF 		bl	printf
1533:Module/ssd_2832.c **** 
1534:Module/ssd_2832.c ****     bridge_read_reg(0xB3,&tmp);
 5488              		.loc 1 1534 5
 5489 0036 3B1D     		adds	r3, r7, #4
 5490 0038 1946     		mov	r1, r3
 5491 003a B320     		movs	r0, #179
 5492 003c FFF7FEFF 		bl	bridge_read_reg
1535:Module/ssd_2832.c ****     log_info("0xB3,0x%08X\n",tmp);
 5493              		.loc 1 1535 5
 5494 0040 7B68     		ldr	r3, [r7, #4]
 5495 0042 1A46     		mov	r2, r3
ARM GAS  C:\Users\ADMINI~1\AppData\Local\Temp\ccdP81J7.s 			page 126


 5496 0044 6149     		ldr	r1, .L272
 5497 0046 6448     		ldr	r0, .L272+12
 5498 0048 FFF7FEFF 		bl	printf
1536:Module/ssd_2832.c **** 
1537:Module/ssd_2832.c ****     bridge_read_reg(0xB4,&tmp);
 5499              		.loc 1 1537 5
 5500 004c 3B1D     		adds	r3, r7, #4
 5501 004e 1946     		mov	r1, r3
 5502 0050 B420     		movs	r0, #180
 5503 0052 FFF7FEFF 		bl	bridge_read_reg
1538:Module/ssd_2832.c ****     log_info("0xB4,0x%08X\n",tmp);
 5504              		.loc 1 1538 5
 5505 0056 7B68     		ldr	r3, [r7, #4]
 5506 0058 1A46     		mov	r2, r3
 5507 005a 5C49     		ldr	r1, .L272
 5508 005c 5F48     		ldr	r0, .L272+16
 5509 005e FFF7FEFF 		bl	printf
1539:Module/ssd_2832.c **** 
1540:Module/ssd_2832.c ****     bridge_read_reg(0xB5,&tmp);
 5510              		.loc 1 1540 5
 5511 0062 3B1D     		adds	r3, r7, #4
 5512 0064 1946     		mov	r1, r3
 5513 0066 B520     		movs	r0, #181
 5514 0068 FFF7FEFF 		bl	bridge_read_reg
1541:Module/ssd_2832.c ****     log_info("0xB5,0x%08X\n",tmp);
 5515              		.loc 1 1541 5
 5516 006c 7B68     		ldr	r3, [r7, #4]
 5517 006e 1A46     		mov	r2, r3
 5518 0070 5649     		ldr	r1, .L272
 5519 0072 5B48     		ldr	r0, .L272+20
 5520 0074 FFF7FEFF 		bl	printf
1542:Module/ssd_2832.c **** 
1543:Module/ssd_2832.c ****     bridge_read_reg(0xB6,&tmp);
 5521              		.loc 1 1543 5
 5522 0078 3B1D     		adds	r3, r7, #4
 5523 007a 1946     		mov	r1, r3
 5524 007c B620     		movs	r0, #182
 5525 007e FFF7FEFF 		bl	bridge_read_reg
1544:Module/ssd_2832.c ****     log_info("0xB6,0x%08X\n",tmp);
 5526              		.loc 1 1544 5
 5527 0082 7B68     		ldr	r3, [r7, #4]
 5528 0084 1A46     		mov	r2, r3
 5529 0086 5149     		ldr	r1, .L272
 5530 0088 5648     		ldr	r0, .L272+24
 5531 008a FFF7FEFF 		bl	printf
1545:Module/ssd_2832.c **** 
1546:Module/ssd_2832.c ****     bridge_read_reg(0xB7,&tmp);
 5532              		.loc 1 1546 5
 5533 008e 3B1D     		adds	r3, r7, #4
 5534 0090 1946     		mov	r1, r3
 5535 0092 B720     		movs	r0, #183
 5536 0094 FFF7FEFF 		bl	bridge_read_reg
1547:Module/ssd_2832.c ****     log_info("0xB7,0x%08X\n",tmp);
 5537              		.loc 1 1547 5
 5538 0098 7B68     		ldr	r3, [r7, #4]
 5539 009a 1A46     		mov	r2, r3
 5540 009c 4B49     		ldr	r1, .L272
ARM GAS  C:\Users\ADMINI~1\AppData\Local\Temp\ccdP81J7.s 			page 127


 5541 009e 5248     		ldr	r0, .L272+28
 5542 00a0 FFF7FEFF 		bl	printf
1548:Module/ssd_2832.c **** 
1549:Module/ssd_2832.c ****     bridge_read_reg(0xB8,&tmp);
 5543              		.loc 1 1549 5
 5544 00a4 3B1D     		adds	r3, r7, #4
 5545 00a6 1946     		mov	r1, r3
 5546 00a8 B820     		movs	r0, #184
 5547 00aa FFF7FEFF 		bl	bridge_read_reg
1550:Module/ssd_2832.c ****     log_info("0xB8,0x%08X\n",tmp);
 5548              		.loc 1 1550 5
 5549 00ae 7B68     		ldr	r3, [r7, #4]
 5550 00b0 1A46     		mov	r2, r3
 5551 00b2 4649     		ldr	r1, .L272
 5552 00b4 4D48     		ldr	r0, .L272+32
 5553 00b6 FFF7FEFF 		bl	printf
1551:Module/ssd_2832.c **** 
1552:Module/ssd_2832.c ****     bridge_read_reg(0xB9,&tmp);
 5554              		.loc 1 1552 5
 5555 00ba 3B1D     		adds	r3, r7, #4
 5556 00bc 1946     		mov	r1, r3
 5557 00be B920     		movs	r0, #185
 5558 00c0 FFF7FEFF 		bl	bridge_read_reg
1553:Module/ssd_2832.c ****     log_info("0xB9,0x%08X\n",tmp);
 5559              		.loc 1 1553 5
 5560 00c4 7B68     		ldr	r3, [r7, #4]
 5561 00c6 1A46     		mov	r2, r3
 5562 00c8 4049     		ldr	r1, .L272
 5563 00ca 4948     		ldr	r0, .L272+36
 5564 00cc FFF7FEFF 		bl	printf
1554:Module/ssd_2832.c **** 
1555:Module/ssd_2832.c ****     bridge_read_reg(0xBA,&tmp);
 5565              		.loc 1 1555 5
 5566 00d0 3B1D     		adds	r3, r7, #4
 5567 00d2 1946     		mov	r1, r3
 5568 00d4 BA20     		movs	r0, #186
 5569 00d6 FFF7FEFF 		bl	bridge_read_reg
1556:Module/ssd_2832.c ****     log_info("0xBA,0x%08X\n",tmp);
 5570              		.loc 1 1556 5
 5571 00da 7B68     		ldr	r3, [r7, #4]
 5572 00dc 1A46     		mov	r2, r3
 5573 00de 3B49     		ldr	r1, .L272
 5574 00e0 4448     		ldr	r0, .L272+40
 5575 00e2 FFF7FEFF 		bl	printf
1557:Module/ssd_2832.c **** 
1558:Module/ssd_2832.c ****     bridge_read_reg(0xBB,&tmp);
 5576              		.loc 1 1558 5
 5577 00e6 3B1D     		adds	r3, r7, #4
 5578 00e8 1946     		mov	r1, r3
 5579 00ea BB20     		movs	r0, #187
 5580 00ec FFF7FEFF 		bl	bridge_read_reg
1559:Module/ssd_2832.c ****     log_info("0xBB,0x%08X\n",tmp);
 5581              		.loc 1 1559 5
 5582 00f0 7B68     		ldr	r3, [r7, #4]
 5583 00f2 1A46     		mov	r2, r3
 5584 00f4 3549     		ldr	r1, .L272
 5585 00f6 4048     		ldr	r0, .L272+44
ARM GAS  C:\Users\ADMINI~1\AppData\Local\Temp\ccdP81J7.s 			page 128


 5586 00f8 FFF7FEFF 		bl	printf
1560:Module/ssd_2832.c **** 
1561:Module/ssd_2832.c ****     bridge_read_reg(0xC6,&tmp);
 5587              		.loc 1 1561 5
 5588 00fc 3B1D     		adds	r3, r7, #4
 5589 00fe 1946     		mov	r1, r3
 5590 0100 C620     		movs	r0, #198
 5591 0102 FFF7FEFF 		bl	bridge_read_reg
1562:Module/ssd_2832.c ****     log_info("0xC6,0x%08X\n",tmp);
 5592              		.loc 1 1562 5
 5593 0106 7B68     		ldr	r3, [r7, #4]
 5594 0108 1A46     		mov	r2, r3
 5595 010a 3049     		ldr	r1, .L272
 5596 010c 3B48     		ldr	r0, .L272+48
 5597 010e FFF7FEFF 		bl	printf
1563:Module/ssd_2832.c **** 
1564:Module/ssd_2832.c ****     bridge_read_reg(0xC7,&tmp);
 5598              		.loc 1 1564 5
 5599 0112 3B1D     		adds	r3, r7, #4
 5600 0114 1946     		mov	r1, r3
 5601 0116 C720     		movs	r0, #199
 5602 0118 FFF7FEFF 		bl	bridge_read_reg
1565:Module/ssd_2832.c ****     log_info("0xC7,0x%08X\n",tmp);
 5603              		.loc 1 1565 5
 5604 011c 7B68     		ldr	r3, [r7, #4]
 5605 011e 1A46     		mov	r2, r3
 5606 0120 2A49     		ldr	r1, .L272
 5607 0122 3748     		ldr	r0, .L272+52
 5608 0124 FFF7FEFF 		bl	printf
1566:Module/ssd_2832.c **** 
1567:Module/ssd_2832.c ****     bridge_read_reg(0xC9,&tmp);
 5609              		.loc 1 1567 5
 5610 0128 3B1D     		adds	r3, r7, #4
 5611 012a 1946     		mov	r1, r3
 5612 012c C920     		movs	r0, #201
 5613 012e FFF7FEFF 		bl	bridge_read_reg
1568:Module/ssd_2832.c ****     log_info("0xC9,0x%08X\n",tmp);
 5614              		.loc 1 1568 5
 5615 0132 7B68     		ldr	r3, [r7, #4]
 5616 0134 1A46     		mov	r2, r3
 5617 0136 2549     		ldr	r1, .L272
 5618 0138 3248     		ldr	r0, .L272+56
 5619 013a FFF7FEFF 		bl	printf
1569:Module/ssd_2832.c **** 
1570:Module/ssd_2832.c ****     bridge_read_reg(0xCA,&tmp);
 5620              		.loc 1 1570 5
 5621 013e 3B1D     		adds	r3, r7, #4
 5622 0140 1946     		mov	r1, r3
 5623 0142 CA20     		movs	r0, #202
 5624 0144 FFF7FEFF 		bl	bridge_read_reg
1571:Module/ssd_2832.c ****     log_info("0xCA,0x%08X\n",tmp);
 5625              		.loc 1 1571 5
 5626 0148 7B68     		ldr	r3, [r7, #4]
 5627 014a 1A46     		mov	r2, r3
 5628 014c 1F49     		ldr	r1, .L272
 5629 014e 2E48     		ldr	r0, .L272+60
 5630 0150 FFF7FEFF 		bl	printf
ARM GAS  C:\Users\ADMINI~1\AppData\Local\Temp\ccdP81J7.s 			page 129


1572:Module/ssd_2832.c **** 
1573:Module/ssd_2832.c ****     bridge_read_reg(0xCB,&tmp);
 5631              		.loc 1 1573 5
 5632 0154 3B1D     		adds	r3, r7, #4
 5633 0156 1946     		mov	r1, r3
 5634 0158 CB20     		movs	r0, #203
 5635 015a FFF7FEFF 		bl	bridge_read_reg
1574:Module/ssd_2832.c ****     log_info("0xCB,0x%08X\n",tmp);
 5636              		.loc 1 1574 5
 5637 015e 7B68     		ldr	r3, [r7, #4]
 5638 0160 1A46     		mov	r2, r3
 5639 0162 1A49     		ldr	r1, .L272
 5640 0164 2948     		ldr	r0, .L272+64
 5641 0166 FFF7FEFF 		bl	printf
1575:Module/ssd_2832.c **** 
1576:Module/ssd_2832.c ****     bridge_read_reg(0xCC,&tmp);
 5642              		.loc 1 1576 5
 5643 016a 3B1D     		adds	r3, r7, #4
 5644 016c 1946     		mov	r1, r3
 5645 016e CC20     		movs	r0, #204
 5646 0170 FFF7FEFF 		bl	bridge_read_reg
1577:Module/ssd_2832.c ****     log_info("0xCC,0x%08X\n",tmp);
 5647              		.loc 1 1577 5
 5648 0174 7B68     		ldr	r3, [r7, #4]
 5649 0176 1A46     		mov	r2, r3
 5650 0178 1449     		ldr	r1, .L272
 5651 017a 2548     		ldr	r0, .L272+68
 5652 017c FFF7FEFF 		bl	printf
1578:Module/ssd_2832.c **** 
1579:Module/ssd_2832.c ****     bridge_read_reg(0xD6,&tmp);
 5653              		.loc 1 1579 5
 5654 0180 3B1D     		adds	r3, r7, #4
 5655 0182 1946     		mov	r1, r3
 5656 0184 D620     		movs	r0, #214
 5657 0186 FFF7FEFF 		bl	bridge_read_reg
1580:Module/ssd_2832.c ****     log_info("0xD6,0x%08X\n",tmp);
 5658              		.loc 1 1580 5
 5659 018a 7B68     		ldr	r3, [r7, #4]
 5660 018c 1A46     		mov	r2, r3
 5661 018e 0F49     		ldr	r1, .L272
 5662 0190 2048     		ldr	r0, .L272+72
 5663 0192 FFF7FEFF 		bl	printf
1581:Module/ssd_2832.c **** 
1582:Module/ssd_2832.c ****     bridge_read_reg(0xDE,&tmp);
 5664              		.loc 1 1582 5
 5665 0196 3B1D     		adds	r3, r7, #4
 5666 0198 1946     		mov	r1, r3
 5667 019a DE20     		movs	r0, #222
 5668 019c FFF7FEFF 		bl	bridge_read_reg
1583:Module/ssd_2832.c ****     log_info("0xDE,0x%08X\n",tmp);
 5669              		.loc 1 1583 5
 5670 01a0 7B68     		ldr	r3, [r7, #4]
 5671 01a2 1A46     		mov	r2, r3
 5672 01a4 0949     		ldr	r1, .L272
 5673 01a6 1C48     		ldr	r0, .L272+76
 5674 01a8 FFF7FEFF 		bl	printf
1584:Module/ssd_2832.c **** 
ARM GAS  C:\Users\ADMINI~1\AppData\Local\Temp\ccdP81J7.s 			page 130


1585:Module/ssd_2832.c ****     bridge_read_reg(0xDF,&tmp);
 5675              		.loc 1 1585 5
 5676 01ac 3B1D     		adds	r3, r7, #4
 5677 01ae 1946     		mov	r1, r3
 5678 01b0 DF20     		movs	r0, #223
 5679 01b2 FFF7FEFF 		bl	bridge_read_reg
1586:Module/ssd_2832.c ****     log_info("0xDF,0x%08X\n",tmp);
 5680              		.loc 1 1586 5
 5681 01b6 7B68     		ldr	r3, [r7, #4]
 5682 01b8 1A46     		mov	r2, r3
 5683 01ba 0449     		ldr	r1, .L272
 5684 01bc 1748     		ldr	r0, .L272+80
 5685 01be FFF7FEFF 		bl	printf
1587:Module/ssd_2832.c **** 
1588:Module/ssd_2832.c ****     return 1;
 5686              		.loc 1 1588 12
 5687 01c2 0123     		movs	r3, #1
1589:Module/ssd_2832.c **** }
 5688              		.loc 1 1589 1
 5689 01c4 1846     		mov	r0, r3
 5690 01c6 0837     		adds	r7, r7, #8
 5691              	.LCFI181:
 5692              		.cfi_def_cfa_offset 8
 5693 01c8 BD46     		mov	sp, r7
 5694              	.LCFI182:
 5695              		.cfi_def_cfa_register 13
 5696              		@ sp needed
 5697 01ca 80BD     		pop	{r7, pc}
 5698              	.L273:
 5699              		.align	2
 5700              	.L272:
 5701 01cc 14000000 		.word	.LC1
 5702 01d0 8C010000 		.word	.LC15
 5703 01d4 A0010000 		.word	.LC16
 5704 01d8 B4010000 		.word	.LC17
 5705 01dc C8010000 		.word	.LC18
 5706 01e0 DC010000 		.word	.LC19
 5707 01e4 F0010000 		.word	.LC20
 5708 01e8 04020000 		.word	.LC21
 5709 01ec 18020000 		.word	.LC22
 5710 01f0 2C020000 		.word	.LC23
 5711 01f4 40020000 		.word	.LC24
 5712 01f8 54020000 		.word	.LC25
 5713 01fc 68020000 		.word	.LC26
 5714 0200 7C020000 		.word	.LC27
 5715 0204 90020000 		.word	.LC28
 5716 0208 A4020000 		.word	.LC29
 5717 020c B8020000 		.word	.LC30
 5718 0210 CC020000 		.word	.LC31
 5719 0214 E0020000 		.word	.LC32
 5720 0218 F4020000 		.word	.LC33
 5721 021c 08030000 		.word	.LC34
 5722              		.cfi_endproc
 5723              	.LFE157:
 5725              		.section	.text.mipi_write_regs,"ax",%progbits
 5726              		.align	1
 5727              		.global	mipi_write_regs
ARM GAS  C:\Users\ADMINI~1\AppData\Local\Temp\ccdP81J7.s 			page 131


 5728              		.syntax unified
 5729              		.thumb
 5730              		.thumb_func
 5732              	mipi_write_regs:
 5733              	.LFB158:
1590:Module/ssd_2832.c **** 
1591:Module/ssd_2832.c **** /******************************************************************************/
1592:Module/ssd_2832.c **** /// Description:mipi_write_regs
1593:Module/ssd_2832.c **** /// @note:
1594:Module/ssd_2832.c **** /// @param input:port,data,len
1595:Module/ssd_2832.c **** /// @param output:null
1596:Module/ssd_2832.c **** /// @return value
1597:Module/ssd_2832.c **** /******************************************************************************/
1598:Module/ssd_2832.c **** int mipi_write_regs(struct mipi_port *pmipi, uint8_t *frame,uint32_t len)
1599:Module/ssd_2832.c **** {
 5734              		.loc 1 1599 1
 5735              		.cfi_startproc
 5736              		@ args = 0, pretend = 0, frame = 40
 5737              		@ frame_needed = 1, uses_anonymous_args = 0
 5738 0000 80B5     		push	{r7, lr}
 5739              	.LCFI183:
 5740              		.cfi_def_cfa_offset 8
 5741              		.cfi_offset 7, -8
 5742              		.cfi_offset 14, -4
 5743 0002 8AB0     		sub	sp, sp, #40
 5744              	.LCFI184:
 5745              		.cfi_def_cfa_offset 48
 5746 0004 00AF     		add	r7, sp, #0
 5747              	.LCFI185:
 5748              		.cfi_def_cfa_register 7
 5749 0006 F860     		str	r0, [r7, #12]
 5750 0008 B960     		str	r1, [r7, #8]
 5751 000a 7A60     		str	r2, [r7, #4]
1600:Module/ssd_2832.c **** 	uint16_t rb6 = 0;
 5752              		.loc 1 1600 11
 5753 000c 0023     		movs	r3, #0
 5754 000e FB84     		strh	r3, [r7, #38]	@ movhi
1601:Module/ssd_2832.c **** 	uint16_t rb7=0x0100;
 5755              		.loc 1 1601 11
 5756 0010 4FF48073 		mov	r3, #256
 5757 0014 BB84     		strh	r3, [r7, #36]	@ movhi
1602:Module/ssd_2832.c **** 	uint32_t tmp = 0;
 5758              		.loc 1 1602 11
 5759 0016 0023     		movs	r3, #0
 5760 0018 FB61     		str	r3, [r7, #28]
1603:Module/ssd_2832.c **** 	uint32_t tmp_mem_b6 = 0;
 5761              		.loc 1 1603 11
 5762 001a 0023     		movs	r3, #0
 5763 001c BB61     		str	r3, [r7, #24]
1604:Module/ssd_2832.c **** 	uint32_t tmp_mem_b7 = 0;
 5764              		.loc 1 1604 11
 5765 001e 0023     		movs	r3, #0
 5766 0020 7B61     		str	r3, [r7, #20]
1605:Module/ssd_2832.c **** 	uint32_t tmp_mem_de = 0;
 5767              		.loc 1 1605 11
 5768 0022 0023     		movs	r3, #0
 5769 0024 3B62     		str	r3, [r7, #32]
ARM GAS  C:\Users\ADMINI~1\AppData\Local\Temp\ccdP81J7.s 			page 132


1606:Module/ssd_2832.c ****     int port = 0;
 5770              		.loc 1 1606 9
 5771 0026 0023     		movs	r3, #0
 5772 0028 3B61     		str	r3, [r7, #16]
1607:Module/ssd_2832.c **** 	
1608:Module/ssd_2832.c **** 	port = pmipi->port;
 5773              		.loc 1 1608 14
 5774 002a FB68     		ldr	r3, [r7, #12]
 5775 002c 1B69     		ldr	r3, [r3, #16]
 5776              		.loc 1 1608 7
 5777 002e 3B61     		str	r3, [r7, #16]
1609:Module/ssd_2832.c **** 
1610:Module/ssd_2832.c **** 	//Set MIPITX
1611:Module/ssd_2832.c **** 	tmp_mem_de = bridge_read_mem_reg(0xDE);
 5778              		.loc 1 1611 15
 5779 0030 DE20     		movs	r0, #222
 5780 0032 FFF7FEFF 		bl	bridge_read_mem_reg
 5781 0036 3862     		str	r0, [r7, #32]
1612:Module/ssd_2832.c **** 	tmp_mem_de &= 0xFFFFFF9F;
 5782              		.loc 1 1612 13
 5783 0038 3B6A     		ldr	r3, [r7, #32]
 5784 003a 23F06003 		bic	r3, r3, #96
 5785 003e 3B62     		str	r3, [r7, #32]
1613:Module/ssd_2832.c **** 	
1614:Module/ssd_2832.c ****     if(pmipi->dual & 0x01)//MIPI TX0
 5786              		.loc 1 1614 13
 5787 0040 FB68     		ldr	r3, [r7, #12]
 5788 0042 5B69     		ldr	r3, [r3, #20]
 5789              		.loc 1 1614 20
 5790 0044 03F00103 		and	r3, r3, #1
 5791              		.loc 1 1614 7
 5792 0048 002B     		cmp	r3, #0
 5793 004a 03D0     		beq	.L275
1615:Module/ssd_2832.c ****     {
1616:Module/ssd_2832.c ****         tmp_mem_de |= (0x01 << 5);
 5794              		.loc 1 1616 20
 5795 004c 3B6A     		ldr	r3, [r7, #32]
 5796 004e 43F02003 		orr	r3, r3, #32
 5797 0052 3B62     		str	r3, [r7, #32]
 5798              	.L275:
1617:Module/ssd_2832.c ****     }
1618:Module/ssd_2832.c **** 	
1619:Module/ssd_2832.c ****     if(pmipi->dual & 0x02)//MIPI TX1
 5799              		.loc 1 1619 13
 5800 0054 FB68     		ldr	r3, [r7, #12]
 5801 0056 5B69     		ldr	r3, [r3, #20]
 5802              		.loc 1 1619 20
 5803 0058 03F00203 		and	r3, r3, #2
 5804              		.loc 1 1619 7
 5805 005c 002B     		cmp	r3, #0
 5806 005e 03D0     		beq	.L276
1620:Module/ssd_2832.c ****     {
1621:Module/ssd_2832.c ****         tmp_mem_de |= (0x01 << 6);
 5807              		.loc 1 1621 20
 5808 0060 3B6A     		ldr	r3, [r7, #32]
 5809 0062 43F04003 		orr	r3, r3, #64
 5810 0066 3B62     		str	r3, [r7, #32]
ARM GAS  C:\Users\ADMINI~1\AppData\Local\Temp\ccdP81J7.s 			page 133


 5811              	.L276:
1622:Module/ssd_2832.c ****     }
1623:Module/ssd_2832.c **** 
1624:Module/ssd_2832.c ****     if(tmp_mem_de != bridge_read_mem_reg(0xDE))
 5812              		.loc 1 1624 22
 5813 0068 DE20     		movs	r0, #222
 5814 006a FFF7FEFF 		bl	bridge_read_mem_reg
 5815 006e 0246     		mov	r2, r0
 5816              		.loc 1 1624 7
 5817 0070 3B6A     		ldr	r3, [r7, #32]
 5818 0072 9342     		cmp	r3, r2
 5819 0074 03D0     		beq	.L277
1625:Module/ssd_2832.c ****     {
1626:Module/ssd_2832.c ****         bridge_write_reg_32bit(0xDE,tmp_mem_de);
 5820              		.loc 1 1626 9
 5821 0076 396A     		ldr	r1, [r7, #32]
 5822 0078 DE20     		movs	r0, #222
 5823 007a FFF7FEFF 		bl	bridge_write_reg_32bit
 5824              	.L277:
1627:Module/ssd_2832.c ****     }
1628:Module/ssd_2832.c **** 
1629:Module/ssd_2832.c ****     //Transmit Data Count High
1630:Module/ssd_2832.c **** 	if(bridge_read_mem_reg(0xBD) != 0)
 5825              		.loc 1 1630 5
 5826 007e BD20     		movs	r0, #189
 5827 0080 FFF7FEFF 		bl	bridge_read_mem_reg
 5828 0084 0346     		mov	r3, r0
 5829              		.loc 1 1630 4
 5830 0086 002B     		cmp	r3, #0
 5831 0088 03D0     		beq	.L278
1631:Module/ssd_2832.c **** 	{
1632:Module/ssd_2832.c **** 	    bridge_write_reg_16bit(0xBD, 0);
 5832              		.loc 1 1632 6
 5833 008a 0021     		movs	r1, #0
 5834 008c BD20     		movs	r0, #189
 5835 008e FFF7FEFF 		bl	bridge_write_reg_16bit
 5836              	.L278:
1633:Module/ssd_2832.c **** 	}
1634:Module/ssd_2832.c **** 
1635:Module/ssd_2832.c **** 	tmp_mem_b6 = bridge_read_mem_reg(0xB6);
 5837              		.loc 1 1635 15
 5838 0092 B620     		movs	r0, #182
 5839 0094 FFF7FEFF 		bl	bridge_read_mem_reg
 5840 0098 B861     		str	r0, [r7, #24]
1636:Module/ssd_2832.c **** 	tmp_mem_b7 = bridge_read_mem_reg(0xB7);
 5841              		.loc 1 1636 15
 5842 009a B720     		movs	r0, #183
 5843 009c FFF7FEFF 		bl	bridge_read_mem_reg
 5844 00a0 7861     		str	r0, [r7, #20]
1637:Module/ssd_2832.c **** 
1638:Module/ssd_2832.c **** 	rb6 = (tmp_mem_b6 & 0x0000FFFF);
 5845              		.loc 1 1638 6
 5846 00a2 BB69     		ldr	r3, [r7, #24]
 5847 00a4 FB84     		strh	r3, [r7, #38]	@ movhi
1639:Module/ssd_2832.c **** 	rb7 = (tmp_mem_b7 & 0x0000FFFF);
 5848              		.loc 1 1639 6
 5849 00a6 7B69     		ldr	r3, [r7, #20]
ARM GAS  C:\Users\ADMINI~1\AppData\Local\Temp\ccdP81J7.s 			page 134


 5850 00a8 BB84     		strh	r3, [r7, #36]	@ movhi
1640:Module/ssd_2832.c **** 
1641:Module/ssd_2832.c **** 	//Clear REN bit, Set to Write
1642:Module/ssd_2832.c **** 	rb7 &= ~0x0080;
 5851              		.loc 1 1642 6
 5852 00aa BB8C     		ldrh	r3, [r7, #36]	@ movhi
 5853 00ac 23F08003 		bic	r3, r3, #128
 5854 00b0 BB84     		strh	r3, [r7, #36]	@ movhi
1643:Module/ssd_2832.c **** 
1644:Module/ssd_2832.c **** 	//1. Set Transmit Data Count (TDC)
1645:Module/ssd_2832.c **** 	tmp = len;
 5855              		.loc 1 1645 6
 5856 00b2 7B68     		ldr	r3, [r7, #4]
 5857 00b4 FB61     		str	r3, [r7, #28]
1646:Module/ssd_2832.c **** 	bridge_write_reg_16bit(0xBC,tmp);
 5858              		.loc 1 1646 2
 5859 00b6 FB69     		ldr	r3, [r7, #28]
 5860 00b8 9BB2     		uxth	r3, r3
 5861 00ba 1946     		mov	r1, r3
 5862 00bc BC20     		movs	r0, #188
 5863 00be FFF7FEFF 		bl	bridge_write_reg_16bit
1647:Module/ssd_2832.c **** 
1648:Module/ssd_2832.c **** 	//2. Check dataType
1649:Module/ssd_2832.c **** 	switch(pmipi->data_type)
 5864              		.loc 1 1649 14
 5865 00c2 FB68     		ldr	r3, [r7, #12]
 5866 00c4 9B68     		ldr	r3, [r3, #8]
 5867              		.loc 1 1649 2
 5868 00c6 053B     		subs	r3, r3, #5
 5869 00c8 342B     		cmp	r3, #52
 5870 00ca 00F2B980 		bhi	.L279
 5871 00ce 01A2     		adr	r2, .L281
 5872 00d0 52F823F0 		ldr	pc, [r2, r3, lsl #2]
 5873              		.p2align 2
 5874              	.L281:
 5875 00d4 A9010000 		.word	.L284+1
 5876 00d8 41020000 		.word	.L279+1
 5877 00dc 11020000 		.word	.L286+1
 5878 00e0 41020000 		.word	.L279+1
 5879 00e4 41020000 		.word	.L279+1
 5880 00e8 29020000 		.word	.L285+1
 5881 00ec 41020000 		.word	.L279+1
 5882 00f0 41020000 		.word	.L279+1
 5883 00f4 41020000 		.word	.L279+1
 5884 00f8 41020000 		.word	.L279+1
 5885 00fc 41020000 		.word	.L279+1
 5886 0100 41020000 		.word	.L279+1
 5887 0104 41020000 		.word	.L279+1
 5888 0108 41020000 		.word	.L279+1
 5889 010c DD010000 		.word	.L283+1
 5890 0110 41020000 		.word	.L279+1
 5891 0114 A9010000 		.word	.L284+1
 5892 0118 41020000 		.word	.L279+1
 5893 011c 41020000 		.word	.L279+1
 5894 0120 41020000 		.word	.L279+1
 5895 0124 41020000 		.word	.L279+1
 5896 0128 41020000 		.word	.L279+1
ARM GAS  C:\Users\ADMINI~1\AppData\Local\Temp\ccdP81J7.s 			page 135


 5897 012c 41020000 		.word	.L279+1
 5898 0130 41020000 		.word	.L279+1
 5899 0134 41020000 		.word	.L279+1
 5900 0138 41020000 		.word	.L279+1
 5901 013c 41020000 		.word	.L279+1
 5902 0140 41020000 		.word	.L279+1
 5903 0144 41020000 		.word	.L279+1
 5904 0148 41020000 		.word	.L279+1
 5905 014c DD010000 		.word	.L283+1
 5906 0150 41020000 		.word	.L279+1
 5907 0154 41020000 		.word	.L279+1
 5908 0158 41020000 		.word	.L279+1
 5909 015c 41020000 		.word	.L279+1
 5910 0160 41020000 		.word	.L279+1
 5911 0164 F7010000 		.word	.L282+1
 5912 0168 41020000 		.word	.L279+1
 5913 016c 41020000 		.word	.L279+1
 5914 0170 41020000 		.word	.L279+1
 5915 0174 41020000 		.word	.L279+1
 5916 0178 41020000 		.word	.L279+1
 5917 017c 41020000 		.word	.L279+1
 5918 0180 41020000 		.word	.L279+1
 5919 0184 41020000 		.word	.L279+1
 5920 0188 41020000 		.word	.L279+1
 5921 018c 41020000 		.word	.L279+1
 5922 0190 41020000 		.word	.L279+1
 5923 0194 41020000 		.word	.L279+1
 5924 0198 41020000 		.word	.L279+1
 5925 019c 41020000 		.word	.L279+1
 5926 01a0 41020000 		.word	.L279+1
 5927 01a4 C3010000 		.word	.L280+1
 5928              		.p2align 1
 5929              	.L284:
1650:Module/ssd_2832.c **** 	{
1651:Module/ssd_2832.c **** 		//DCS SHORT WRITE
1652:Module/ssd_2832.c **** 		case 0x05:
1653:Module/ssd_2832.c **** 		case 0x15:
1654:Module/ssd_2832.c **** 		{
1655:Module/ssd_2832.c **** 			//Clear LPE(bit10) - Long Packet Enable, Set to short
1656:Module/ssd_2832.c **** 			rb7 &= ~0x0400;
 5930              		.loc 1 1656 8
 5931 01a8 BB8C     		ldrh	r3, [r7, #36]	@ movhi
 5932 01aa 23F48063 		bic	r3, r3, #1024
 5933 01ae BB84     		strh	r3, [r7, #36]	@ movhi
1657:Module/ssd_2832.c **** 			//Clear OTHER_CMD(bit12) - Other Command, set to DCS or Generic
1658:Module/ssd_2832.c **** 			rb7 &= ~0x1000;
 5934              		.loc 1 1658 8
 5935 01b0 BB8C     		ldrh	r3, [r7, #36]	@ movhi
 5936 01b2 23F48053 		bic	r3, r3, #4096
 5937 01b6 BB84     		strh	r3, [r7, #36]	@ movhi
1659:Module/ssd_2832.c **** 			//Set DCS(bit 6) - DCS or Generic, set to DCS
1660:Module/ssd_2832.c **** 			rb7 |= 0x0040;
 5938              		.loc 1 1660 8
 5939 01b8 BB8C     		ldrh	r3, [r7, #36]	@ movhi
 5940 01ba 43F04003 		orr	r3, r3, #64
 5941 01be BB84     		strh	r3, [r7, #36]	@ movhi
1661:Module/ssd_2832.c **** 		}
ARM GAS  C:\Users\ADMINI~1\AppData\Local\Temp\ccdP81J7.s 			page 136


1662:Module/ssd_2832.c **** 		break;
 5942              		.loc 1 1662 3
 5943 01c0 41E0     		b	.L287
 5944              	.L280:
1663:Module/ssd_2832.c **** 		//DCS LONG WRITE
1664:Module/ssd_2832.c **** 		case 0x39:
1665:Module/ssd_2832.c **** 		{
1666:Module/ssd_2832.c **** 			//Set LPE(bit10) - Long Packet Enable, Set to Long
1667:Module/ssd_2832.c **** 			rb7 |= 0x0400;
 5945              		.loc 1 1667 8
 5946 01c2 BB8C     		ldrh	r3, [r7, #36]	@ movhi
 5947 01c4 43F48063 		orr	r3, r3, #1024
 5948 01c8 BB84     		strh	r3, [r7, #36]	@ movhi
1668:Module/ssd_2832.c **** 			//Clear OTHER_CMD(bit12) - Other Command, set to DCS or Generic
1669:Module/ssd_2832.c **** 			rb7 &= ~0x1000;
 5949              		.loc 1 1669 8
 5950 01ca BB8C     		ldrh	r3, [r7, #36]	@ movhi
 5951 01cc 23F48053 		bic	r3, r3, #4096
 5952 01d0 BB84     		strh	r3, [r7, #36]	@ movhi
1670:Module/ssd_2832.c **** 			//Set DCS(bit 6) - DCS or Generic, set to DCS
1671:Module/ssd_2832.c **** 			rb7 |= 0x0040;
 5953              		.loc 1 1671 8
 5954 01d2 BB8C     		ldrh	r3, [r7, #36]	@ movhi
 5955 01d4 43F04003 		orr	r3, r3, #64
 5956 01d8 BB84     		strh	r3, [r7, #36]	@ movhi
1672:Module/ssd_2832.c **** 		}
1673:Module/ssd_2832.c **** 		break;
 5957              		.loc 1 1673 3
 5958 01da 34E0     		b	.L287
 5959              	.L283:
1674:Module/ssd_2832.c **** 		//Generic short WRITE
1675:Module/ssd_2832.c **** 		case 0x13:
1676:Module/ssd_2832.c **** 		case 0x23:
1677:Module/ssd_2832.c **** 		{
1678:Module/ssd_2832.c **** 			//Clear LPE(bit10) - Long Packet Enable, Set to short
1679:Module/ssd_2832.c **** 			rb7 &= ~0x0400;
 5960              		.loc 1 1679 8
 5961 01dc BB8C     		ldrh	r3, [r7, #36]	@ movhi
 5962 01de 23F48063 		bic	r3, r3, #1024
 5963 01e2 BB84     		strh	r3, [r7, #36]	@ movhi
1680:Module/ssd_2832.c **** 			//Clear OTHER_CMD(bit12) - Other Command, set to DCS or Generic
1681:Module/ssd_2832.c **** 			rb7 &= ~0x1000;
 5964              		.loc 1 1681 8
 5965 01e4 BB8C     		ldrh	r3, [r7, #36]	@ movhi
 5966 01e6 23F48053 		bic	r3, r3, #4096
 5967 01ea BB84     		strh	r3, [r7, #36]	@ movhi
1682:Module/ssd_2832.c **** 			//Set DCS(bit 6) - DCS or Generic, set to Generic
1683:Module/ssd_2832.c **** 			rb7 &= ~0x0040;
 5968              		.loc 1 1683 8
 5969 01ec BB8C     		ldrh	r3, [r7, #36]	@ movhi
 5970 01ee 23F04003 		bic	r3, r3, #64
 5971 01f2 BB84     		strh	r3, [r7, #36]	@ movhi
1684:Module/ssd_2832.c **** 		}
1685:Module/ssd_2832.c **** 		break;
 5972              		.loc 1 1685 3
 5973 01f4 27E0     		b	.L287
 5974              	.L282:
ARM GAS  C:\Users\ADMINI~1\AppData\Local\Temp\ccdP81J7.s 			page 137


1686:Module/ssd_2832.c **** 		//Generic Long WRITE
1687:Module/ssd_2832.c **** 		case 0x29:
1688:Module/ssd_2832.c **** 		{
1689:Module/ssd_2832.c **** 			//Set LPE(bit10) - Long Packet Enable, Set to Long
1690:Module/ssd_2832.c **** 			rb7 |= 0x0400;
 5975              		.loc 1 1690 8
 5976 01f6 BB8C     		ldrh	r3, [r7, #36]	@ movhi
 5977 01f8 43F48063 		orr	r3, r3, #1024
 5978 01fc BB84     		strh	r3, [r7, #36]	@ movhi
1691:Module/ssd_2832.c **** 			//Clear OTHER_CMD(bit12) - Other Command, set to DCS or Generic
1692:Module/ssd_2832.c **** 			rb7 &= ~0x1000;
 5979              		.loc 1 1692 8
 5980 01fe BB8C     		ldrh	r3, [r7, #36]	@ movhi
 5981 0200 23F48053 		bic	r3, r3, #4096
 5982 0204 BB84     		strh	r3, [r7, #36]	@ movhi
1693:Module/ssd_2832.c **** 			//Set DCS(bit 6) - DCS or Generic, set to Generic
1694:Module/ssd_2832.c **** 			rb7 &= ~0x0040;
 5983              		.loc 1 1694 8
 5984 0206 BB8C     		ldrh	r3, [r7, #36]	@ movhi
 5985 0208 23F04003 		bic	r3, r3, #64
 5986 020c BB84     		strh	r3, [r7, #36]	@ movhi
1695:Module/ssd_2832.c **** 		}
1696:Module/ssd_2832.c **** 		break;
 5987              		.loc 1 1696 3
 5988 020e 1AE0     		b	.L287
 5989              	.L286:
1697:Module/ssd_2832.c **** 		//Compression Mode Command, Short Write
1698:Module/ssd_2832.c **** 		case 0x07:
1699:Module/ssd_2832.c **** 		{
1700:Module/ssd_2832.c **** 			//Clear LPE(bit10) - Long Packet Enable, Set to short
1701:Module/ssd_2832.c **** 			rb7 &= ~0x0400;
 5990              		.loc 1 1701 8
 5991 0210 BB8C     		ldrh	r3, [r7, #36]	@ movhi
 5992 0212 23F48063 		bic	r3, r3, #1024
 5993 0216 BB84     		strh	r3, [r7, #36]	@ movhi
1702:Module/ssd_2832.c **** 			//Set OTHER_CMD(bit12) - Other Command, set to DCS bit defines PPS or Compression mode packet.
1703:Module/ssd_2832.c **** 			rb7 |= 0x1000;
 5994              		.loc 1 1703 8
 5995 0218 BB8C     		ldrh	r3, [r7, #36]	@ movhi
 5996 021a 43F48053 		orr	r3, r3, #4096
 5997 021e BB84     		strh	r3, [r7, #36]	@ movhi
1704:Module/ssd_2832.c **** 			//Set DCS(bit 6) - DCS or Generic, 0 ?C Picture Parameter Setting Packet 1 ?C Compress Mode Pack
1705:Module/ssd_2832.c **** 			rb7 |= 0x0040;
 5998              		.loc 1 1705 8
 5999 0220 BB8C     		ldrh	r3, [r7, #36]	@ movhi
 6000 0222 43F04003 		orr	r3, r3, #64
 6001 0226 BB84     		strh	r3, [r7, #36]	@ movhi
 6002              	.L285:
1706:Module/ssd_2832.c **** 		}//break;
1707:Module/ssd_2832.c **** 		//Picture Parameter Set, Long Write
1708:Module/ssd_2832.c **** 		case 0x0A:
1709:Module/ssd_2832.c **** 		{
1710:Module/ssd_2832.c **** 			//Set LPE(bit10) - Long Packet Enable, Set to Long
1711:Module/ssd_2832.c **** 			rb7 |= 0x0400;
 6003              		.loc 1 1711 8
 6004 0228 BB8C     		ldrh	r3, [r7, #36]	@ movhi
 6005 022a 43F48063 		orr	r3, r3, #1024
ARM GAS  C:\Users\ADMINI~1\AppData\Local\Temp\ccdP81J7.s 			page 138


 6006 022e BB84     		strh	r3, [r7, #36]	@ movhi
1712:Module/ssd_2832.c **** 			//Set OTHER_CMD(bit12) - Other Command, set to DCS bit defines PPS or Compression mode packet.
1713:Module/ssd_2832.c **** 			rb7 |= 0x1000;
 6007              		.loc 1 1713 8
 6008 0230 BB8C     		ldrh	r3, [r7, #36]	@ movhi
 6009 0232 43F48053 		orr	r3, r3, #4096
 6010 0236 BB84     		strh	r3, [r7, #36]	@ movhi
1714:Module/ssd_2832.c **** 			//Set DCS(bit 6) - DCS or Generic, 0 ?C Picture Parameter Setting Packet 1 ?C Compress Mode Pack
1715:Module/ssd_2832.c **** 			rb7 &= ~0x0040;
 6011              		.loc 1 1715 8
 6012 0238 BB8C     		ldrh	r3, [r7, #36]	@ movhi
 6013 023a 23F04003 		bic	r3, r3, #64
 6014 023e BB84     		strh	r3, [r7, #36]	@ movhi
 6015              	.L279:
1716:Module/ssd_2832.c **** 		}	//break;
1717:Module/ssd_2832.c **** 		default:
1718:Module/ssd_2832.c **** 		{
1719:Module/ssd_2832.c **** 			return -1;
 6016              		.loc 1 1719 11
 6017 0240 4FF0FF33 		mov	r3, #-1
 6018 0244 3FE0     		b	.L288
 6019              	.L287:
1720:Module/ssd_2832.c **** 		}
1721:Module/ssd_2832.c **** 	}
1722:Module/ssd_2832.c **** 
1723:Module/ssd_2832.c **** 	//4. HS Mode
1724:Module/ssd_2832.c **** 	if(pmipi->hs_or_lp)
 6020              		.loc 1 1724 10
 6021 0246 FB68     		ldr	r3, [r7, #12]
 6022 0248 5B68     		ldr	r3, [r3, #4]
 6023              		.loc 1 1724 4
 6024 024a 002B     		cmp	r3, #0
 6025 024c 08D0     		beq	.L289
1725:Module/ssd_2832.c **** 	{
1726:Module/ssd_2832.c **** 		rb6 &= ~0x0040;//Non video data will be transmitted using HS mode.
 6026              		.loc 1 1726 7
 6027 024e FB8C     		ldrh	r3, [r7, #38]	@ movhi
 6028 0250 23F04003 		bic	r3, r3, #64
 6029 0254 FB84     		strh	r3, [r7, #38]	@ movhi
1727:Module/ssd_2832.c **** 		rb7 |= 0x0001;
 6030              		.loc 1 1727 7
 6031 0256 BB8C     		ldrh	r3, [r7, #36]	@ movhi
 6032 0258 43F00103 		orr	r3, r3, #1
 6033 025c BB84     		strh	r3, [r7, #36]	@ movhi
 6034 025e 07E0     		b	.L290
 6035              	.L289:
1728:Module/ssd_2832.c **** 	}
1729:Module/ssd_2832.c **** 	else
1730:Module/ssd_2832.c **** 	{
1731:Module/ssd_2832.c **** 		rb6 |= 0x0040; //Non video data will be transmitted using LP mode.
 6036              		.loc 1 1731 7
 6037 0260 FB8C     		ldrh	r3, [r7, #38]	@ movhi
 6038 0262 43F04003 		orr	r3, r3, #64
 6039 0266 FB84     		strh	r3, [r7, #38]	@ movhi
1732:Module/ssd_2832.c **** 		rb7 &= ~0x0001;
 6040              		.loc 1 1732 7
 6041 0268 BB8C     		ldrh	r3, [r7, #36]	@ movhi
ARM GAS  C:\Users\ADMINI~1\AppData\Local\Temp\ccdP81J7.s 			page 139


 6042 026a 23F00103 		bic	r3, r3, #1
 6043 026e BB84     		strh	r3, [r7, #36]	@ movhi
 6044              	.L290:
1733:Module/ssd_2832.c **** 	}
1734:Module/ssd_2832.c **** 
1735:Module/ssd_2832.c **** 	//6. Check if Video Mode is ON
1736:Module/ssd_2832.c **** 	if(rb7 & 0x0008)
 6045              		.loc 1 1736 9
 6046 0270 BB8C     		ldrh	r3, [r7, #36]
 6047 0272 03F00803 		and	r3, r3, #8
 6048              		.loc 1 1736 4
 6049 0276 002B     		cmp	r3, #0
 6050 0278 03D0     		beq	.L291
1737:Module/ssd_2832.c **** 	{
1738:Module/ssd_2832.c **** 		//1  - Video mode is enabled
1739:Module/ssd_2832.c **** 		rb7 |= 0x0009; //Control SSD2828 use HS mode to send data.
 6051              		.loc 1 1739 7
 6052 027a BB8C     		ldrh	r3, [r7, #36]	@ movhi
 6053 027c 43F00903 		orr	r3, r3, #9
 6054 0280 BB84     		strh	r3, [r7, #36]	@ movhi
 6055              	.L291:
1740:Module/ssd_2832.c **** 	}
1741:Module/ssd_2832.c **** 	//7. Write rb6, rb7
1742:Module/ssd_2832.c **** 	tmp_mem_b6 &= 0xFFFF0000;
 6056              		.loc 1 1742 13
 6057 0282 BB69     		ldr	r3, [r7, #24]
 6058 0284 1B0C     		lsrs	r3, r3, #16
 6059 0286 1B04     		lsls	r3, r3, #16
 6060 0288 BB61     		str	r3, [r7, #24]
1743:Module/ssd_2832.c **** 	tmp_mem_b6 |= rb6;
 6061              		.loc 1 1743 13
 6062 028a FB8C     		ldrh	r3, [r7, #38]
 6063 028c BA69     		ldr	r2, [r7, #24]
 6064 028e 1343     		orrs	r3, r3, r2
 6065 0290 BB61     		str	r3, [r7, #24]
1744:Module/ssd_2832.c **** 	bridge_write_reg_16bit(0xB6,tmp_mem_b6);
 6066              		.loc 1 1744 2
 6067 0292 BB69     		ldr	r3, [r7, #24]
 6068 0294 9BB2     		uxth	r3, r3
 6069 0296 1946     		mov	r1, r3
 6070 0298 B620     		movs	r0, #182
 6071 029a FFF7FEFF 		bl	bridge_write_reg_16bit
1745:Module/ssd_2832.c **** 
1746:Module/ssd_2832.c **** 	tmp_mem_b7 &= 0xFFFF0000;
 6072              		.loc 1 1746 13
 6073 029e 7B69     		ldr	r3, [r7, #20]
 6074 02a0 1B0C     		lsrs	r3, r3, #16
 6075 02a2 1B04     		lsls	r3, r3, #16
 6076 02a4 7B61     		str	r3, [r7, #20]
1747:Module/ssd_2832.c **** 	tmp_mem_b7 |= rb7;
 6077              		.loc 1 1747 13
 6078 02a6 BB8C     		ldrh	r3, [r7, #36]
 6079 02a8 7A69     		ldr	r2, [r7, #20]
 6080 02aa 1343     		orrs	r3, r3, r2
 6081 02ac 7B61     		str	r3, [r7, #20]
1748:Module/ssd_2832.c **** 	bridge_write_reg_16bit(0xB7,tmp_mem_b7);
 6082              		.loc 1 1748 2
ARM GAS  C:\Users\ADMINI~1\AppData\Local\Temp\ccdP81J7.s 			page 140


 6083 02ae 7B69     		ldr	r3, [r7, #20]
 6084 02b0 9BB2     		uxth	r3, r3
 6085 02b2 1946     		mov	r1, r3
 6086 02b4 B720     		movs	r0, #183
 6087 02b6 FFF7FEFF 		bl	bridge_write_reg_16bit
1749:Module/ssd_2832.c **** 	//8. Generic Packet Drop Register
1750:Module/ssd_2832.c **** 	bridge_write_regs(0xBF, frame, len);
 6088              		.loc 1 1750 2
 6089 02ba 7A68     		ldr	r2, [r7, #4]
 6090 02bc B968     		ldr	r1, [r7, #8]
 6091 02be BF20     		movs	r0, #191
 6092 02c0 FFF7FEFF 		bl	bridge_write_regs
1751:Module/ssd_2832.c **** 	return 0;
 6093              		.loc 1 1751 9
 6094 02c4 0023     		movs	r3, #0
 6095              	.L288:
1752:Module/ssd_2832.c **** }
 6096              		.loc 1 1752 1
 6097 02c6 1846     		mov	r0, r3
 6098 02c8 2837     		adds	r7, r7, #40
 6099              	.LCFI186:
 6100              		.cfi_def_cfa_offset 8
 6101 02ca BD46     		mov	sp, r7
 6102              	.LCFI187:
 6103              		.cfi_def_cfa_register 13
 6104              		@ sp needed
 6105 02cc 80BD     		pop	{r7, pc}
 6106              		.cfi_endproc
 6107              	.LFE158:
 6109 02ce 00BF     		.section	.rodata
 6110 031a 0000     		.align	2
 6111              	.LC35:
 6112 031c 25733A5B 		.ascii	"%s:[%s@%s,%d]check reg 0xC6,fail1,0x%08X\012\015\012"
 6112      25734025 
 6112      732C2564 
 6112      5D636865 
 6112      636B2072 
 6113 0347 00       		.ascii	"\000"
 6114              		.align	2
 6115              	.LC36:
 6116 0348 25733A63 		.ascii	"%s:check reg 0xC6,fail2,0x%08X\012\015\012\000"
 6116      6865636B 
 6116      20726567 
 6116      20307843 
 6116      362C6661 
 6117              		.section	.text.mipi_read_regs,"ax",%progbits
 6118              		.align	1
 6119              		.global	mipi_read_regs
 6120              		.syntax unified
 6121              		.thumb
 6122              		.thumb_func
 6124              	mipi_read_regs:
 6125              	.LFB159:
1753:Module/ssd_2832.c **** 
1754:Module/ssd_2832.c **** /******************************************************************************/
1755:Module/ssd_2832.c **** /// Description:mipi read
1756:Module/ssd_2832.c **** /// @note:
ARM GAS  C:\Users\ADMINI~1\AppData\Local\Temp\ccdP81J7.s 			page 141


1757:Module/ssd_2832.c **** /// @param input:port,len
1758:Module/ssd_2832.c **** /// @param output:data
1759:Module/ssd_2832.c **** /// @return value
1760:Module/ssd_2832.c **** /******************************************************************************/
1761:Module/ssd_2832.c **** int mipi_read_regs(struct mipi_port *pmipi, uint8_t *frame,uint32_t len)
1762:Module/ssd_2832.c **** {
 6126              		.loc 1 1762 1
 6127              		.cfi_startproc
 6128              		@ args = 0, pretend = 0, frame = 56
 6129              		@ frame_needed = 1, uses_anonymous_args = 0
 6130 0000 80B5     		push	{r7, lr}
 6131              	.LCFI188:
 6132              		.cfi_def_cfa_offset 8
 6133              		.cfi_offset 7, -8
 6134              		.cfi_offset 14, -4
 6135 0002 90B0     		sub	sp, sp, #64
 6136              	.LCFI189:
 6137              		.cfi_def_cfa_offset 72
 6138 0004 02AF     		add	r7, sp, #8
 6139              	.LCFI190:
 6140              		.cfi_def_cfa 7, 64
 6141 0006 F860     		str	r0, [r7, #12]
 6142 0008 B960     		str	r1, [r7, #8]
 6143 000a 7A60     		str	r2, [r7, #4]
1763:Module/ssd_2832.c **** 	uint16_t rb6 = 0;
 6144              		.loc 1 1763 11
 6145 000c 0023     		movs	r3, #0
 6146 000e FB86     		strh	r3, [r7, #54]	@ movhi
1764:Module/ssd_2832.c **** 	uint16_t rb7 = 0;
 6147              		.loc 1 1764 11
 6148 0010 0023     		movs	r3, #0
 6149 0012 BB86     		strh	r3, [r7, #52]	@ movhi
1765:Module/ssd_2832.c ****     uint32_t video_is_enable = 0;
 6150              		.loc 1 1765 14
 6151 0014 0023     		movs	r3, #0
 6152 0016 3B63     		str	r3, [r7, #48]
1766:Module/ssd_2832.c **** 
1767:Module/ssd_2832.c ****     uint32_t tmp = 0;
 6153              		.loc 1 1767 14
 6154 0018 0023     		movs	r3, #0
 6155 001a 7B61     		str	r3, [r7, #20]
1768:Module/ssd_2832.c **** 	uint32_t tmp_mem_b6 = 0;
 6156              		.loc 1 1768 11
 6157 001c 0023     		movs	r3, #0
 6158 001e BB62     		str	r3, [r7, #40]
1769:Module/ssd_2832.c **** 	uint32_t tmp_last_b6 = 0;
 6159              		.loc 1 1769 11
 6160 0020 0023     		movs	r3, #0
 6161 0022 7B62     		str	r3, [r7, #36]
1770:Module/ssd_2832.c **** 	uint32_t tmp_mem_b7 = 0;
 6162              		.loc 1 1770 11
 6163 0024 0023     		movs	r3, #0
 6164 0026 3B62     		str	r3, [r7, #32]
1771:Module/ssd_2832.c **** 	uint32_t tmp_last_b7 = 0;
 6165              		.loc 1 1771 11
 6166 0028 0023     		movs	r3, #0
 6167 002a FB61     		str	r3, [r7, #28]
ARM GAS  C:\Users\ADMINI~1\AppData\Local\Temp\ccdP81J7.s 			page 142


1772:Module/ssd_2832.c **** 	uint32_t tmp_mem_de = 0;
 6168              		.loc 1 1772 11
 6169 002c 0023     		movs	r3, #0
 6170 002e FB62     		str	r3, [r7, #44]
1773:Module/ssd_2832.c **** 
1774:Module/ssd_2832.c ****     int port = 0;
 6171              		.loc 1 1774 9
 6172 0030 0023     		movs	r3, #0
 6173 0032 BB61     		str	r3, [r7, #24]
1775:Module/ssd_2832.c **** 	
1776:Module/ssd_2832.c **** 	port = pmipi->port;
 6174              		.loc 1 1776 14
 6175 0034 FB68     		ldr	r3, [r7, #12]
 6176 0036 1B69     		ldr	r3, [r3, #16]
 6177              		.loc 1 1776 7
 6178 0038 BB61     		str	r3, [r7, #24]
1777:Module/ssd_2832.c **** 
1778:Module/ssd_2832.c **** 	if(len > 0)
 6179              		.loc 1 1778 4
 6180 003a 7B68     		ldr	r3, [r7, #4]
 6181 003c 002B     		cmp	r3, #0
 6182 003e 00F01A81 		beq	.L293
1779:Module/ssd_2832.c **** 	{
1780:Module/ssd_2832.c **** 		//Set MIPITX
1781:Module/ssd_2832.c **** 		tmp_mem_de = bridge_read_mem_reg(0xDE);
 6183              		.loc 1 1781 16
 6184 0042 DE20     		movs	r0, #222
 6185 0044 FFF7FEFF 		bl	bridge_read_mem_reg
 6186 0048 F862     		str	r0, [r7, #44]
1782:Module/ssd_2832.c **** 		if(pmipi->dual & 0x02)//MIPI TX1
 6187              		.loc 1 1782 11
 6188 004a FB68     		ldr	r3, [r7, #12]
 6189 004c 5B69     		ldr	r3, [r3, #20]
 6190              		.loc 1 1782 18
 6191 004e 03F00203 		and	r3, r3, #2
 6192              		.loc 1 1782 5
 6193 0052 002B     		cmp	r3, #0
 6194 0054 03D0     		beq	.L294
1783:Module/ssd_2832.c **** 		{
1784:Module/ssd_2832.c **** 			tmp_mem_de |= (0x01 << 7);
 6195              		.loc 1 1784 15
 6196 0056 FB6A     		ldr	r3, [r7, #44]
 6197 0058 43F08003 		orr	r3, r3, #128
 6198 005c FB62     		str	r3, [r7, #44]
 6199              	.L294:
1785:Module/ssd_2832.c **** 		}
1786:Module/ssd_2832.c **** 
1787:Module/ssd_2832.c **** 		if(pmipi->dual & 0x01)//MIPI TX0
 6200              		.loc 1 1787 11
 6201 005e FB68     		ldr	r3, [r7, #12]
 6202 0060 5B69     		ldr	r3, [r3, #20]
 6203              		.loc 1 1787 18
 6204 0062 03F00103 		and	r3, r3, #1
 6205              		.loc 1 1787 5
 6206 0066 002B     		cmp	r3, #0
 6207 0068 03D0     		beq	.L295
1788:Module/ssd_2832.c **** 		{
ARM GAS  C:\Users\ADMINI~1\AppData\Local\Temp\ccdP81J7.s 			page 143


1789:Module/ssd_2832.c **** 			tmp_mem_de &= 0xFFFFFF7F;
 6208              		.loc 1 1789 15
 6209 006a FB6A     		ldr	r3, [r7, #44]
 6210 006c 23F08003 		bic	r3, r3, #128
 6211 0070 FB62     		str	r3, [r7, #44]
 6212              	.L295:
1790:Module/ssd_2832.c **** 		}
1791:Module/ssd_2832.c **** 
1792:Module/ssd_2832.c **** 		if(tmp_mem_de != bridge_read_mem_reg(0xDE))
 6213              		.loc 1 1792 20
 6214 0072 DE20     		movs	r0, #222
 6215 0074 FFF7FEFF 		bl	bridge_read_mem_reg
 6216 0078 0246     		mov	r2, r0
 6217              		.loc 1 1792 5
 6218 007a FB6A     		ldr	r3, [r7, #44]
 6219 007c 9342     		cmp	r3, r2
 6220 007e 03D0     		beq	.L296
1793:Module/ssd_2832.c **** 		{
1794:Module/ssd_2832.c **** 			bridge_write_reg_32bit(0xDE,tmp_mem_de);
 6221              		.loc 1 1794 4
 6222 0080 F96A     		ldr	r1, [r7, #44]
 6223 0082 DE20     		movs	r0, #222
 6224 0084 FFF7FEFF 		bl	bridge_write_reg_32bit
 6225              	.L296:
1795:Module/ssd_2832.c **** 		}
1796:Module/ssd_2832.c **** 
1797:Module/ssd_2832.c **** 		tmp = 0;
 6226              		.loc 1 1797 7
 6227 0088 0023     		movs	r3, #0
 6228 008a 7B61     		str	r3, [r7, #20]
1798:Module/ssd_2832.c **** 
1799:Module/ssd_2832.c **** 		tmp_mem_b6 = bridge_read_mem_reg(0xB6);
 6229              		.loc 1 1799 16
 6230 008c B620     		movs	r0, #182
 6231 008e FFF7FEFF 		bl	bridge_read_mem_reg
 6232 0092 B862     		str	r0, [r7, #40]
1800:Module/ssd_2832.c **** 		tmp_last_b6 = tmp_mem_b6;
 6233              		.loc 1 1800 15
 6234 0094 BB6A     		ldr	r3, [r7, #40]
 6235 0096 7B62     		str	r3, [r7, #36]
1801:Module/ssd_2832.c **** 
1802:Module/ssd_2832.c **** 		tmp_mem_b7 = bridge_read_mem_reg(0xB7);
 6236              		.loc 1 1802 16
 6237 0098 B720     		movs	r0, #183
 6238 009a FFF7FEFF 		bl	bridge_read_mem_reg
 6239 009e 3862     		str	r0, [r7, #32]
1803:Module/ssd_2832.c **** 		tmp_last_b7 = tmp_mem_b7;
 6240              		.loc 1 1803 15
 6241 00a0 3B6A     		ldr	r3, [r7, #32]
 6242 00a2 FB61     		str	r3, [r7, #28]
1804:Module/ssd_2832.c **** 		rb6 = (tmp_mem_b6 & 0xFFFFFFFF);
 6243              		.loc 1 1804 7
 6244 00a4 BB6A     		ldr	r3, [r7, #40]
 6245 00a6 FB86     		strh	r3, [r7, #54]	@ movhi
1805:Module/ssd_2832.c **** 		rb7 = (tmp_mem_b7 & 0xFFFF);
 6246              		.loc 1 1805 7
 6247 00a8 3B6A     		ldr	r3, [r7, #32]
ARM GAS  C:\Users\ADMINI~1\AppData\Local\Temp\ccdP81J7.s 			page 144


 6248 00aa BB86     		strh	r3, [r7, #52]	@ movhi
1806:Module/ssd_2832.c **** 		//Set REN bit, Set to READ
1807:Module/ssd_2832.c **** 		rb7 |= 0x0080;
 6249              		.loc 1 1807 7
 6250 00ac BB8E     		ldrh	r3, [r7, #52]	@ movhi
 6251 00ae 43F08003 		orr	r3, r3, #128
 6252 00b2 BB86     		strh	r3, [r7, #52]	@ movhi
1808:Module/ssd_2832.c **** 		if(rb7 & 0x0008)
 6253              		.loc 1 1808 10
 6254 00b4 BB8E     		ldrh	r3, [r7, #52]
 6255 00b6 03F00803 		and	r3, r3, #8
 6256              		.loc 1 1808 5
 6257 00ba 002B     		cmp	r3, #0
 6258 00bc 01D0     		beq	.L297
1809:Module/ssd_2832.c **** 		{
1810:Module/ssd_2832.c **** 			video_is_enable = 1;
 6259              		.loc 1 1810 20
 6260 00be 0123     		movs	r3, #1
 6261 00c0 3B63     		str	r3, [r7, #48]
 6262              	.L297:
1811:Module/ssd_2832.c **** 		}
1812:Module/ssd_2832.c **** 		//2. Check dataType
1813:Module/ssd_2832.c **** 		switch(pmipi->data_type)
 6263              		.loc 1 1813 15
 6264 00c2 FB68     		ldr	r3, [r7, #12]
 6265 00c4 9B68     		ldr	r3, [r3, #8]
 6266              		.loc 1 1813 3
 6267 00c6 242B     		cmp	r3, #36
 6268 00c8 1CD0     		beq	.L298
 6269 00ca 242B     		cmp	r3, #36
 6270 00cc 2DD8     		bhi	.L299
 6271 00ce 142B     		cmp	r3, #20
 6272 00d0 18D0     		beq	.L298
 6273 00d2 142B     		cmp	r3, #20
 6274 00d4 29D8     		bhi	.L299
 6275 00d6 042B     		cmp	r3, #4
 6276 00d8 14D0     		beq	.L298
 6277 00da 062B     		cmp	r3, #6
 6278 00dc 25D1     		bne	.L299
1814:Module/ssd_2832.c **** 		{
1815:Module/ssd_2832.c **** 			case 0x06:
1816:Module/ssd_2832.c **** 			{
1817:Module/ssd_2832.c **** 				//GenericRead
1818:Module/ssd_2832.c **** 				if(video_is_enable)
 6279              		.loc 1 1818 7
 6280 00de 3B6B     		ldr	r3, [r7, #48]
 6281 00e0 002B     		cmp	r3, #0
 6282 00e2 03D0     		beq	.L300
1819:Module/ssd_2832.c **** 				{
1820:Module/ssd_2832.c **** 					rb7 = (0x03<<8) |(0xC2 & 0xEF) | 0x0B;    //original settings
 6283              		.loc 1 1820 10
 6284 00e4 40F2CB33 		movw	r3, #971
 6285 00e8 BB86     		strh	r3, [r7, #52]	@ movhi
1821:Module/ssd_2832.c **** 				}
1822:Module/ssd_2832.c **** 				else if(pmipi->hs_or_lp)
1823:Module/ssd_2832.c **** 				{
1824:Module/ssd_2832.c **** 					rb7 = (0x03<<8) | (0xC2 & 0xEF) | 0X03;
ARM GAS  C:\Users\ADMINI~1\AppData\Local\Temp\ccdP81J7.s 			page 145


1825:Module/ssd_2832.c **** 				}
1826:Module/ssd_2832.c **** 				else
1827:Module/ssd_2832.c **** 				{
1828:Module/ssd_2832.c **** 					rb7 = 0x03C2; //LP DCS read
1829:Module/ssd_2832.c **** 				}
1830:Module/ssd_2832.c **** 			}
1831:Module/ssd_2832.c **** 			break;
 6286              		.loc 1 1831 4
 6287 00ea 21E0     		b	.L303
 6288              	.L300:
1822:Module/ssd_2832.c **** 				{
 6289              		.loc 1 1822 18
 6290 00ec FB68     		ldr	r3, [r7, #12]
 6291 00ee 5B68     		ldr	r3, [r3, #4]
1822:Module/ssd_2832.c **** 				{
 6292              		.loc 1 1822 12
 6293 00f0 002B     		cmp	r3, #0
 6294 00f2 03D0     		beq	.L302
1824:Module/ssd_2832.c **** 				}
 6295              		.loc 1 1824 10
 6296 00f4 40F2C333 		movw	r3, #963
 6297 00f8 BB86     		strh	r3, [r7, #52]	@ movhi
 6298              		.loc 1 1831 4
 6299 00fa 19E0     		b	.L303
 6300              	.L302:
1828:Module/ssd_2832.c **** 				}
 6301              		.loc 1 1828 10
 6302 00fc 40F2C233 		movw	r3, #962
 6303 0100 BB86     		strh	r3, [r7, #52]	@ movhi
 6304              		.loc 1 1831 4
 6305 0102 15E0     		b	.L303
 6306              	.L298:
1832:Module/ssd_2832.c **** 			case 0x04:
1833:Module/ssd_2832.c **** 			case 0x14:
1834:Module/ssd_2832.c **** 			case 0x24:
1835:Module/ssd_2832.c **** 			{
1836:Module/ssd_2832.c **** 				//GenericRead
1837:Module/ssd_2832.c **** 				if(video_is_enable)
 6307              		.loc 1 1837 7
 6308 0104 3B6B     		ldr	r3, [r7, #48]
 6309 0106 002B     		cmp	r3, #0
 6310 0108 03D0     		beq	.L304
1838:Module/ssd_2832.c **** 				{
1839:Module/ssd_2832.c **** 					rb7 = (0x03 << 8)|(0x82 & 0xEF) | 0x0B; //original settings
 6311              		.loc 1 1839 10
 6312 010a 40F28B33 		movw	r3, #907
 6313 010e BB86     		strh	r3, [r7, #52]	@ movhi
1840:Module/ssd_2832.c **** 				}
1841:Module/ssd_2832.c **** 				else if(pmipi->hs_or_lp)
1842:Module/ssd_2832.c **** 				{
1843:Module/ssd_2832.c **** 					rb7 = (0x03 << 8)|(0x82 & 0xEF) | 0X03;
1844:Module/ssd_2832.c **** 				}
1845:Module/ssd_2832.c **** 				else
1846:Module/ssd_2832.c **** 				{
1847:Module/ssd_2832.c **** 					rb7 = 0x0382; //LP generic read
1848:Module/ssd_2832.c **** 				}
1849:Module/ssd_2832.c **** 			}
ARM GAS  C:\Users\ADMINI~1\AppData\Local\Temp\ccdP81J7.s 			page 146


1850:Module/ssd_2832.c **** 			break;
 6314              		.loc 1 1850 4
 6315 0110 0EE0     		b	.L303
 6316              	.L304:
1841:Module/ssd_2832.c **** 				{
 6317              		.loc 1 1841 18
 6318 0112 FB68     		ldr	r3, [r7, #12]
 6319 0114 5B68     		ldr	r3, [r3, #4]
1841:Module/ssd_2832.c **** 				{
 6320              		.loc 1 1841 12
 6321 0116 002B     		cmp	r3, #0
 6322 0118 03D0     		beq	.L306
1843:Module/ssd_2832.c **** 				}
 6323              		.loc 1 1843 10
 6324 011a 40F28333 		movw	r3, #899
 6325 011e BB86     		strh	r3, [r7, #52]	@ movhi
 6326              		.loc 1 1850 4
 6327 0120 06E0     		b	.L303
 6328              	.L306:
1847:Module/ssd_2832.c **** 				}
 6329              		.loc 1 1847 10
 6330 0122 40F28233 		movw	r3, #898
 6331 0126 BB86     		strh	r3, [r7, #52]	@ movhi
 6332              		.loc 1 1850 4
 6333 0128 02E0     		b	.L303
 6334              	.L299:
1851:Module/ssd_2832.c **** 			default:return -1;
 6335              		.loc 1 1851 19
 6336 012a 4FF0FF33 		mov	r3, #-1
 6337 012e A3E0     		b	.L315
 6338              	.L303:
1852:Module/ssd_2832.c **** 		}
1853:Module/ssd_2832.c **** 
1854:Module/ssd_2832.c **** 		//4. HS Mode
1855:Module/ssd_2832.c **** 		if(pmipi->hs_or_lp)
 6339              		.loc 1 1855 11
 6340 0130 FB68     		ldr	r3, [r7, #12]
 6341 0132 5B68     		ldr	r3, [r3, #4]
 6342              		.loc 1 1855 5
 6343 0134 002B     		cmp	r3, #0
 6344 0136 08D0     		beq	.L308
1856:Module/ssd_2832.c **** 		{
1857:Module/ssd_2832.c **** 			rb7 |= 0x0001;
 6345              		.loc 1 1857 8
 6346 0138 BB8E     		ldrh	r3, [r7, #52]	@ movhi
 6347 013a 43F00103 		orr	r3, r3, #1
 6348 013e BB86     		strh	r3, [r7, #52]	@ movhi
1858:Module/ssd_2832.c **** 			rb6 &= ~0x0040;//Non video data will be transmitted using HS mode.
 6349              		.loc 1 1858 8
 6350 0140 FB8E     		ldrh	r3, [r7, #54]	@ movhi
 6351 0142 23F04003 		bic	r3, r3, #64
 6352 0146 FB86     		strh	r3, [r7, #54]	@ movhi
 6353 0148 07E0     		b	.L309
 6354              	.L308:
1859:Module/ssd_2832.c **** 		}
1860:Module/ssd_2832.c **** 		else
1861:Module/ssd_2832.c **** 		{
ARM GAS  C:\Users\ADMINI~1\AppData\Local\Temp\ccdP81J7.s 			page 147


1862:Module/ssd_2832.c **** 			rb7 &= ~0x0001;
 6355              		.loc 1 1862 8
 6356 014a BB8E     		ldrh	r3, [r7, #52]	@ movhi
 6357 014c 23F00103 		bic	r3, r3, #1
 6358 0150 BB86     		strh	r3, [r7, #52]	@ movhi
1863:Module/ssd_2832.c **** 			rb6 |= 0x0040; //Non video data will be transmitted using LP mode.
 6359              		.loc 1 1863 8
 6360 0152 FB8E     		ldrh	r3, [r7, #54]	@ movhi
 6361 0154 43F04003 		orr	r3, r3, #64
 6362 0158 FB86     		strh	r3, [r7, #54]	@ movhi
 6363              	.L309:
1864:Module/ssd_2832.c **** 		}
1865:Module/ssd_2832.c **** 
1866:Module/ssd_2832.c **** 		 //Clock lane will enter HS mode for all the cases
1867:Module/ssd_2832.c **** 		rb7 |= 0x0002;
 6364              		.loc 1 1867 7
 6365 015a BB8E     		ldrh	r3, [r7, #52]	@ movhi
 6366 015c 43F00203 		orr	r3, r3, #2
 6367 0160 BB86     		strh	r3, [r7, #52]	@ movhi
1868:Module/ssd_2832.c **** 
1869:Module/ssd_2832.c **** 		//7. Write rb6, rb7
1870:Module/ssd_2832.c **** 		tmp_mem_b6 &= 0xFFFF0000;
 6368              		.loc 1 1870 14
 6369 0162 BB6A     		ldr	r3, [r7, #40]
 6370 0164 1B0C     		lsrs	r3, r3, #16
 6371 0166 1B04     		lsls	r3, r3, #16
 6372 0168 BB62     		str	r3, [r7, #40]
1871:Module/ssd_2832.c **** 		tmp_mem_b6 |= rb6;
 6373              		.loc 1 1871 14
 6374 016a FB8E     		ldrh	r3, [r7, #54]
 6375 016c BA6A     		ldr	r2, [r7, #40]
 6376 016e 1343     		orrs	r3, r3, r2
 6377 0170 BB62     		str	r3, [r7, #40]
1872:Module/ssd_2832.c **** 		if(tmp_last_b6 != tmp_mem_b6)
 6378              		.loc 1 1872 5
 6379 0172 7A6A     		ldr	r2, [r7, #36]
 6380 0174 BB6A     		ldr	r3, [r7, #40]
 6381 0176 9A42     		cmp	r2, r3
 6382 0178 05D0     		beq	.L310
1873:Module/ssd_2832.c **** 		{
1874:Module/ssd_2832.c **** 			bridge_write_reg_16bit(0xB6,tmp_mem_b6);
 6383              		.loc 1 1874 4
 6384 017a BB6A     		ldr	r3, [r7, #40]
 6385 017c 9BB2     		uxth	r3, r3
 6386 017e 1946     		mov	r1, r3
 6387 0180 B620     		movs	r0, #182
 6388 0182 FFF7FEFF 		bl	bridge_write_reg_16bit
 6389              	.L310:
1875:Module/ssd_2832.c **** 		}
1876:Module/ssd_2832.c **** 
1877:Module/ssd_2832.c **** 		tmp_mem_b7 &= 0xFFFF0000;
 6390              		.loc 1 1877 14
 6391 0186 3B6A     		ldr	r3, [r7, #32]
 6392 0188 1B0C     		lsrs	r3, r3, #16
 6393 018a 1B04     		lsls	r3, r3, #16
 6394 018c 3B62     		str	r3, [r7, #32]
1878:Module/ssd_2832.c **** 		tmp_mem_b7 |= rb7;
ARM GAS  C:\Users\ADMINI~1\AppData\Local\Temp\ccdP81J7.s 			page 148


 6395              		.loc 1 1878 14
 6396 018e BB8E     		ldrh	r3, [r7, #52]
 6397 0190 3A6A     		ldr	r2, [r7, #32]
 6398 0192 1343     		orrs	r3, r3, r2
 6399 0194 3B62     		str	r3, [r7, #32]
1879:Module/ssd_2832.c **** 		if(tmp_last_b7 != tmp_mem_b7)
 6400              		.loc 1 1879 5
 6401 0196 FA69     		ldr	r2, [r7, #28]
 6402 0198 3B6A     		ldr	r3, [r7, #32]
 6403 019a 9A42     		cmp	r2, r3
 6404 019c 05D0     		beq	.L311
1880:Module/ssd_2832.c **** 		{
1881:Module/ssd_2832.c **** 			bridge_write_reg_16bit(0xB7,tmp_mem_b7);
 6405              		.loc 1 1881 4
 6406 019e 3B6A     		ldr	r3, [r7, #32]
 6407 01a0 9BB2     		uxth	r3, r3
 6408 01a2 1946     		mov	r1, r3
 6409 01a4 B720     		movs	r0, #183
 6410 01a6 FFF7FEFF 		bl	bridge_write_reg_16bit
 6411              	.L311:
1882:Module/ssd_2832.c **** 		}
1883:Module/ssd_2832.c **** 
1884:Module/ssd_2832.c **** 		//Set 0xC1 Maximum Return Size Register
1885:Module/ssd_2832.c **** 		tmp = len;
 6412              		.loc 1 1885 7
 6413 01aa 7B68     		ldr	r3, [r7, #4]
 6414 01ac 7B61     		str	r3, [r7, #20]
1886:Module/ssd_2832.c **** 		bridge_write_reg_16bit(0xC1,tmp);
 6415              		.loc 1 1886 3
 6416 01ae 7B69     		ldr	r3, [r7, #20]
 6417 01b0 9BB2     		uxth	r3, r3
 6418 01b2 1946     		mov	r1, r3
 6419 01b4 C120     		movs	r0, #193
 6420 01b6 FFF7FEFF 		bl	bridge_write_reg_16bit
1887:Module/ssd_2832.c **** 
1888:Module/ssd_2832.c **** 		//cancel operation to clear data in the buffer, some delay may required for CPHY panel
1889:Module/ssd_2832.c **** 		bridge_write_reg_16bit(0xC0,0x0001);
 6421              		.loc 1 1889 3
 6422 01ba 0121     		movs	r1, #1
 6423 01bc C020     		movs	r0, #192
 6424 01be FFF7FEFF 		bl	bridge_write_reg_16bit
1890:Module/ssd_2832.c **** 
1891:Module/ssd_2832.c **** 		//SET Packet Size Control Register 1 (Transmit Data Count, TDC)
1892:Module/ssd_2832.c **** 		tmp = 0x0001;
 6425              		.loc 1 1892 7
 6426 01c2 0123     		movs	r3, #1
 6427 01c4 7B61     		str	r3, [r7, #20]
1893:Module/ssd_2832.c **** 		bridge_write_reg_16bit(0xBC,tmp);//Transmit Data Count Low
 6428              		.loc 1 1893 3
 6429 01c6 7B69     		ldr	r3, [r7, #20]
 6430 01c8 9BB2     		uxth	r3, r3
 6431 01ca 1946     		mov	r1, r3
 6432 01cc BC20     		movs	r0, #188
 6433 01ce FFF7FEFF 		bl	bridge_write_reg_16bit
1894:Module/ssd_2832.c **** 
1895:Module/ssd_2832.c **** 		//4. Generic Packet Drop Register
1896:Module/ssd_2832.c **** 		tmp = pmipi->addr;
ARM GAS  C:\Users\ADMINI~1\AppData\Local\Temp\ccdP81J7.s 			page 149


 6434              		.loc 1 1896 14
 6435 01d2 FB68     		ldr	r3, [r7, #12]
 6436 01d4 DB68     		ldr	r3, [r3, #12]
 6437              		.loc 1 1896 7
 6438 01d6 7B61     		str	r3, [r7, #20]
1897:Module/ssd_2832.c **** 
1898:Module/ssd_2832.c **** 		bridge_write_reg_16bit(0xBF,tmp);
 6439              		.loc 1 1898 3
 6440 01d8 7B69     		ldr	r3, [r7, #20]
 6441 01da 9BB2     		uxth	r3, r3
 6442 01dc 1946     		mov	r1, r3
 6443 01de BF20     		movs	r0, #191
 6444 01e0 FFF7FEFF 		bl	bridge_write_reg_16bit
1899:Module/ssd_2832.c **** 
1900:Module/ssd_2832.c **** 		msleep(30);
 6445              		.loc 1 1900 3
 6446 01e4 1E20     		movs	r0, #30
 6447 01e6 FFF7FEFF 		bl	msleep
1901:Module/ssd_2832.c **** 		
1902:Module/ssd_2832.c **** 		bridge_read_reg(0xC6,&tmp);
 6448              		.loc 1 1902 3
 6449 01ea 07F11403 		add	r3, r7, #20
 6450 01ee 1946     		mov	r1, r3
 6451 01f0 C620     		movs	r0, #198
 6452 01f2 FFF7FEFF 		bl	bridge_read_reg
1903:Module/ssd_2832.c **** 
1904:Module/ssd_2832.c **** 		if(pmipi->dual & 0x02)//MIPI TX1
 6453              		.loc 1 1904 11
 6454 01f6 FB68     		ldr	r3, [r7, #12]
 6455 01f8 5B69     		ldr	r3, [r3, #20]
 6456              		.loc 1 1904 18
 6457 01fa 03F00203 		and	r3, r3, #2
 6458              		.loc 1 1904 5
 6459 01fe 002B     		cmp	r3, #0
 6460 0200 02D0     		beq	.L312
1905:Module/ssd_2832.c **** 		{
1906:Module/ssd_2832.c **** 			tmp = tmp >> 16;
 6461              		.loc 1 1906 14
 6462 0202 7B69     		ldr	r3, [r7, #20]
 6463 0204 1B0C     		lsrs	r3, r3, #16
 6464              		.loc 1 1906 8
 6465 0206 7B61     		str	r3, [r7, #20]
 6466              	.L312:
1907:Module/ssd_2832.c **** 		}
1908:Module/ssd_2832.c **** 
1909:Module/ssd_2832.c **** 		if((( tmp & 0x0001) == 0))
 6467              		.loc 1 1909 13
 6468 0208 7B69     		ldr	r3, [r7, #20]
 6469 020a 03F00103 		and	r3, r3, #1
 6470              		.loc 1 1909 5
 6471 020e 002B     		cmp	r3, #0
 6472 0210 2AD1     		bne	.L313
1910:Module/ssd_2832.c **** 		{
1911:Module/ssd_2832.c **** 			//FAILED, RETRY
1912:Module/ssd_2832.c **** 			log_err("check reg 0xC6,fail1,0x%08X\n",tmp);
 6473              		.loc 1 1912 4
 6474 0212 7B69     		ldr	r3, [r7, #20]
ARM GAS  C:\Users\ADMINI~1\AppData\Local\Temp\ccdP81J7.s 			page 150


 6475 0214 0193     		str	r3, [sp, #4]
 6476 0216 4FF4EF63 		mov	r3, #1912
 6477 021a 0093     		str	r3, [sp]
 6478 021c 184B     		ldr	r3, .L316
 6479 021e 194A     		ldr	r2, .L316+4
 6480 0220 1949     		ldr	r1, .L316+8
 6481 0222 1A48     		ldr	r0, .L316+12
 6482 0224 FFF7FEFF 		bl	printf
1913:Module/ssd_2832.c **** 			msleep(30);
 6483              		.loc 1 1913 4
 6484 0228 1E20     		movs	r0, #30
 6485 022a FFF7FEFF 		bl	msleep
1914:Module/ssd_2832.c **** 			bridge_read_reg(0xC6,&tmp);
 6486              		.loc 1 1914 4
 6487 022e 07F11403 		add	r3, r7, #20
 6488 0232 1946     		mov	r1, r3
 6489 0234 C620     		movs	r0, #198
 6490 0236 FFF7FEFF 		bl	bridge_read_reg
1915:Module/ssd_2832.c **** 
1916:Module/ssd_2832.c **** 			if(pmipi->dual & 0x02)//MIPI TX1
 6491              		.loc 1 1916 12
 6492 023a FB68     		ldr	r3, [r7, #12]
 6493 023c 5B69     		ldr	r3, [r3, #20]
 6494              		.loc 1 1916 19
 6495 023e 03F00203 		and	r3, r3, #2
 6496              		.loc 1 1916 6
 6497 0242 002B     		cmp	r3, #0
 6498 0244 02D0     		beq	.L314
1917:Module/ssd_2832.c **** 			{
1918:Module/ssd_2832.c **** 				tmp =  tmp >> 16;
 6499              		.loc 1 1918 16
 6500 0246 7B69     		ldr	r3, [r7, #20]
 6501 0248 1B0C     		lsrs	r3, r3, #16
 6502              		.loc 1 1918 9
 6503 024a 7B61     		str	r3, [r7, #20]
 6504              	.L314:
1919:Module/ssd_2832.c **** 			}
1920:Module/ssd_2832.c **** 
1921:Module/ssd_2832.c **** 			if((( tmp & 0x0001) == 0))
 6505              		.loc 1 1921 14
 6506 024c 7B69     		ldr	r3, [r7, #20]
 6507 024e 03F00103 		and	r3, r3, #1
 6508              		.loc 1 1921 6
 6509 0252 002B     		cmp	r3, #0
 6510 0254 08D1     		bne	.L313
1922:Module/ssd_2832.c **** 			{
1923:Module/ssd_2832.c **** 				//FAILED, RETRY
1924:Module/ssd_2832.c **** 				log_info("check reg 0xC6,fail2,0x%08X\n",tmp);
 6511              		.loc 1 1924 5
 6512 0256 7B69     		ldr	r3, [r7, #20]
 6513 0258 1A46     		mov	r2, r3
 6514 025a 0B49     		ldr	r1, .L316+8
 6515 025c 0C48     		ldr	r0, .L316+16
 6516 025e FFF7FEFF 		bl	printf
1925:Module/ssd_2832.c **** 				return -1;
 6517              		.loc 1 1925 12
 6518 0262 4FF0FF33 		mov	r3, #-1
ARM GAS  C:\Users\ADMINI~1\AppData\Local\Temp\ccdP81J7.s 			page 151


 6519 0266 07E0     		b	.L315
 6520              	.L313:
1926:Module/ssd_2832.c **** 			}
1927:Module/ssd_2832.c **** 		}
1928:Module/ssd_2832.c **** 
1929:Module/ssd_2832.c **** 		//5.Read
1930:Module/ssd_2832.c **** 		bridge_read_regs(0xFF,frame,len);
 6521              		.loc 1 1930 3
 6522 0268 7A68     		ldr	r2, [r7, #4]
 6523 026a B968     		ldr	r1, [r7, #8]
 6524 026c FF20     		movs	r0, #255
 6525 026e FFF7FEFF 		bl	bridge_read_regs
1931:Module/ssd_2832.c **** 		return len;
 6526              		.loc 1 1931 10
 6527 0272 7B68     		ldr	r3, [r7, #4]
 6528 0274 00E0     		b	.L315
 6529              	.L293:
1932:Module/ssd_2832.c **** 	}
1933:Module/ssd_2832.c **** 	return 0;
 6530              		.loc 1 1933 9
 6531 0276 0023     		movs	r3, #0
 6532              	.L315:
1934:Module/ssd_2832.c **** }
 6533              		.loc 1 1934 1 discriminator 1
 6534 0278 1846     		mov	r0, r3
 6535 027a 3837     		adds	r7, r7, #56
 6536              	.LCFI191:
 6537              		.cfi_def_cfa_offset 8
 6538 027c BD46     		mov	sp, r7
 6539              	.LCFI192:
 6540              		.cfi_def_cfa_register 13
 6541              		@ sp needed
 6542 027e 80BD     		pop	{r7, pc}
 6543              	.L317:
 6544              		.align	2
 6545              	.L316:
 6546 0280 00000000 		.word	.LC0
 6547 0284 00000000 		.word	__FUNCTION__.0
 6548 0288 14000000 		.word	.LC1
 6549 028c 1C030000 		.word	.LC35
 6550 0290 48030000 		.word	.LC36
 6551              		.cfi_endproc
 6552              	.LFE159:
 6554              		.section	.text.spi_write_ssd2832_reg_len,"ax",%progbits
 6555              		.align	1
 6556              		.global	spi_write_ssd2832_reg_len
 6557              		.syntax unified
 6558              		.thumb
 6559              		.thumb_func
 6561              	spi_write_ssd2832_reg_len:
 6562              	.LFB160:
1935:Module/ssd_2832.c **** 
1936:Module/ssd_2832.c **** #define	SSD2832_WRITE_COMMAND_BYTE 	(uint8_t)0x70		
1937:Module/ssd_2832.c **** #define	SSD2832_READ_COMMAND_BYTE 		(uint8_t)0x71		
1938:Module/ssd_2832.c **** #define	SSD2832_WRITE_DATA_BYTE 		(uint8_t)0x72		
1939:Module/ssd_2832.c **** #define	SSD2832_READ_DATA_BYTE 		(uint8_t)0x73	
1940:Module/ssd_2832.c **** void buffer_ssd2832_data2spi4(uint8_t cmd,uint16_t value);
ARM GAS  C:\Users\ADMINI~1\AppData\Local\Temp\ccdP81J7.s 			page 152


1941:Module/ssd_2832.c **** int spi_write_ssd2832_reg_len( uint16_t  reg,  uint16_t *data, int len)
1942:Module/ssd_2832.c **** {
 6563              		.loc 1 1942 1
 6564              		.cfi_startproc
 6565              		@ args = 0, pretend = 0, frame = 24
 6566              		@ frame_needed = 1, uses_anonymous_args = 0
 6567 0000 80B5     		push	{r7, lr}
 6568              	.LCFI193:
 6569              		.cfi_def_cfa_offset 8
 6570              		.cfi_offset 7, -8
 6571              		.cfi_offset 14, -4
 6572 0002 86B0     		sub	sp, sp, #24
 6573              	.LCFI194:
 6574              		.cfi_def_cfa_offset 32
 6575 0004 00AF     		add	r7, sp, #0
 6576              	.LCFI195:
 6577              		.cfi_def_cfa_register 7
 6578 0006 0346     		mov	r3, r0
 6579 0008 B960     		str	r1, [r7, #8]
 6580 000a 7A60     		str	r2, [r7, #4]
 6581 000c FB81     		strh	r3, [r7, #14]	@ movhi
1943:Module/ssd_2832.c **** 	int i;
1944:Module/ssd_2832.c **** 
1945:Module/ssd_2832.c **** 	if (data == NULL)
 6582              		.loc 1 1945 5
 6583 000e BB68     		ldr	r3, [r7, #8]
 6584 0010 002B     		cmp	r3, #0
 6585 0012 02D1     		bne	.L319
1946:Module/ssd_2832.c **** 	{
1947:Module/ssd_2832.c **** 		return -1;
 6586              		.loc 1 1947 10
 6587 0014 4FF0FF33 		mov	r3, #-1
 6588 0018 18E0     		b	.L320
 6589              	.L319:
1948:Module/ssd_2832.c **** 	}
1949:Module/ssd_2832.c **** 
1950:Module/ssd_2832.c **** 
1951:Module/ssd_2832.c **** 	
1952:Module/ssd_2832.c **** 	buffer_ssd2832_data2spi4(SSD2832_WRITE_COMMAND_BYTE, reg);
 6590              		.loc 1 1952 2
 6591 001a FB89     		ldrh	r3, [r7, #14]
 6592 001c 1946     		mov	r1, r3
 6593 001e 7020     		movs	r0, #112
 6594 0020 FFF7FEFF 		bl	buffer_ssd2832_data2spi4
1953:Module/ssd_2832.c **** 
1954:Module/ssd_2832.c **** 	for (i=0; i<len; i++)
 6595              		.loc 1 1954 8
 6596 0024 0023     		movs	r3, #0
 6597 0026 7B61     		str	r3, [r7, #20]
 6598              		.loc 1 1954 2
 6599 0028 0BE0     		b	.L321
 6600              	.L322:
1955:Module/ssd_2832.c **** 	{
1956:Module/ssd_2832.c **** 		buffer_ssd2832_data2spi4(SSD2832_WRITE_DATA_BYTE, data[i]);
 6601              		.loc 1 1956 57 discriminator 3
 6602 002a 7B69     		ldr	r3, [r7, #20]
 6603 002c 5B00     		lsls	r3, r3, #1
ARM GAS  C:\Users\ADMINI~1\AppData\Local\Temp\ccdP81J7.s 			page 153


 6604 002e BA68     		ldr	r2, [r7, #8]
 6605 0030 1344     		add	r3, r3, r2
 6606              		.loc 1 1956 3 discriminator 3
 6607 0032 1B88     		ldrh	r3, [r3]
 6608 0034 1946     		mov	r1, r3
 6609 0036 7220     		movs	r0, #114
 6610 0038 FFF7FEFF 		bl	buffer_ssd2832_data2spi4
1954:Module/ssd_2832.c **** 	{
 6611              		.loc 1 1954 20 discriminator 3
 6612 003c 7B69     		ldr	r3, [r7, #20]
 6613 003e 0133     		adds	r3, r3, #1
 6614 0040 7B61     		str	r3, [r7, #20]
 6615              	.L321:
1954:Module/ssd_2832.c **** 	{
 6616              		.loc 1 1954 2 discriminator 1
 6617 0042 7A69     		ldr	r2, [r7, #20]
 6618 0044 7B68     		ldr	r3, [r7, #4]
 6619 0046 9A42     		cmp	r2, r3
 6620 0048 EFDB     		blt	.L322
1957:Module/ssd_2832.c **** 	}
1958:Module/ssd_2832.c **** 	
1959:Module/ssd_2832.c **** 
1960:Module/ssd_2832.c **** 
1961:Module/ssd_2832.c **** 	return 0;
 6621              		.loc 1 1961 9
 6622 004a 0023     		movs	r3, #0
 6623              	.L320:
1962:Module/ssd_2832.c **** }
 6624              		.loc 1 1962 1
 6625 004c 1846     		mov	r0, r3
 6626 004e 1837     		adds	r7, r7, #24
 6627              	.LCFI196:
 6628              		.cfi_def_cfa_offset 8
 6629 0050 BD46     		mov	sp, r7
 6630              	.LCFI197:
 6631              		.cfi_def_cfa_register 13
 6632              		@ sp needed
 6633 0052 80BD     		pop	{r7, pc}
 6634              		.cfi_endproc
 6635              	.LFE160:
 6637              		.section	.text.buffer_ssd2832_data2spi4,"ax",%progbits
 6638              		.align	1
 6639              		.global	buffer_ssd2832_data2spi4
 6640              		.syntax unified
 6641              		.thumb
 6642              		.thumb_func
 6644              	buffer_ssd2832_data2spi4:
 6645              	.LFB161:
1963:Module/ssd_2832.c **** 
1964:Module/ssd_2832.c **** 
1965:Module/ssd_2832.c **** void buffer_ssd2832_data2spi4(uint8_t cmd,uint16_t value)
1966:Module/ssd_2832.c **** {
 6646              		.loc 1 1966 1
 6647              		.cfi_startproc
 6648              		@ args = 0, pretend = 0, frame = 16
 6649              		@ frame_needed = 1, uses_anonymous_args = 0
 6650 0000 80B5     		push	{r7, lr}
ARM GAS  C:\Users\ADMINI~1\AppData\Local\Temp\ccdP81J7.s 			page 154


 6651              	.LCFI198:
 6652              		.cfi_def_cfa_offset 8
 6653              		.cfi_offset 7, -8
 6654              		.cfi_offset 14, -4
 6655 0002 84B0     		sub	sp, sp, #16
 6656              	.LCFI199:
 6657              		.cfi_def_cfa_offset 24
 6658 0004 00AF     		add	r7, sp, #0
 6659              	.LCFI200:
 6660              		.cfi_def_cfa_register 7
 6661 0006 0346     		mov	r3, r0
 6662 0008 0A46     		mov	r2, r1
 6663 000a FB71     		strb	r3, [r7, #7]
 6664 000c 1346     		mov	r3, r2	@ movhi
 6665 000e BB80     		strh	r3, [r7, #4]	@ movhi
1967:Module/ssd_2832.c **** 	uint8_t tempbuf[4];
1968:Module/ssd_2832.c **** 	tempbuf[0]=cmd;
 6666              		.loc 1 1968 12
 6667 0010 FB79     		ldrb	r3, [r7, #7]
 6668 0012 3B73     		strb	r3, [r7, #12]
1969:Module/ssd_2832.c **** 	tempbuf[1]=value>>8;
 6669              		.loc 1 1969 12
 6670 0014 BB88     		ldrh	r3, [r7, #4]
 6671 0016 1B0A     		lsrs	r3, r3, #8
 6672 0018 9BB2     		uxth	r3, r3
 6673 001a DBB2     		uxtb	r3, r3
 6674 001c 7B73     		strb	r3, [r7, #13]
1970:Module/ssd_2832.c **** 	tempbuf[2]=value&0xff;
 6675              		.loc 1 1970 12
 6676 001e BB88     		ldrh	r3, [r7, #4]	@ movhi
 6677 0020 DBB2     		uxtb	r3, r3
 6678 0022 BB73     		strb	r3, [r7, #14]
1971:Module/ssd_2832.c **** 	bridge_spi_write(tempbuf,sizeof(uint8_t)+sizeof(uint16_t));
 6679              		.loc 1 1971 2
 6680 0024 07F10C03 		add	r3, r7, #12
 6681 0028 0321     		movs	r1, #3
 6682 002a 1846     		mov	r0, r3
 6683 002c FFF7FEFF 		bl	bridge_spi_write
1972:Module/ssd_2832.c **** 	
1973:Module/ssd_2832.c **** }
 6684              		.loc 1 1973 1
 6685 0030 00BF     		nop
 6686 0032 1037     		adds	r7, r7, #16
 6687              	.LCFI201:
 6688              		.cfi_def_cfa_offset 8
 6689 0034 BD46     		mov	sp, r7
 6690              	.LCFI202:
 6691              		.cfi_def_cfa_register 13
 6692              		@ sp needed
 6693 0036 80BD     		pop	{r7, pc}
 6694              		.cfi_endproc
 6695              	.LFE161:
 6697              		.section	.text.write_ssd2832_reg,"ax",%progbits
 6698              		.align	1
 6699              		.global	write_ssd2832_reg
 6700              		.syntax unified
 6701              		.thumb
ARM GAS  C:\Users\ADMINI~1\AppData\Local\Temp\ccdP81J7.s 			page 155


 6702              		.thumb_func
 6704              	write_ssd2832_reg:
 6705              	.LFB162:
1974:Module/ssd_2832.c **** 
1975:Module/ssd_2832.c **** 
1976:Module/ssd_2832.c **** 
1977:Module/ssd_2832.c **** void write_ssd2832_reg(uint16_t reg, uint16_t value)
1978:Module/ssd_2832.c **** {
 6706              		.loc 1 1978 1
 6707              		.cfi_startproc
 6708              		@ args = 0, pretend = 0, frame = 8
 6709              		@ frame_needed = 1, uses_anonymous_args = 0
 6710 0000 80B5     		push	{r7, lr}
 6711              	.LCFI203:
 6712              		.cfi_def_cfa_offset 8
 6713              		.cfi_offset 7, -8
 6714              		.cfi_offset 14, -4
 6715 0002 82B0     		sub	sp, sp, #8
 6716              	.LCFI204:
 6717              		.cfi_def_cfa_offset 16
 6718 0004 00AF     		add	r7, sp, #0
 6719              	.LCFI205:
 6720              		.cfi_def_cfa_register 7
 6721 0006 0346     		mov	r3, r0
 6722 0008 0A46     		mov	r2, r1
 6723 000a FB80     		strh	r3, [r7, #6]	@ movhi
 6724 000c 1346     		mov	r3, r2	@ movhi
 6725 000e BB80     		strh	r3, [r7, #4]	@ movhi
1979:Module/ssd_2832.c **** 	buffer_ssd2832_data2spi4(SSD2832_WRITE_COMMAND_BYTE, reg);
 6726              		.loc 1 1979 2
 6727 0010 FB88     		ldrh	r3, [r7, #6]
 6728 0012 1946     		mov	r1, r3
 6729 0014 7020     		movs	r0, #112
 6730 0016 FFF7FEFF 		bl	buffer_ssd2832_data2spi4
1980:Module/ssd_2832.c **** 	buffer_ssd2832_data2spi4(SSD2832_WRITE_DATA_BYTE, value);
 6731              		.loc 1 1980 2
 6732 001a BB88     		ldrh	r3, [r7, #4]
 6733 001c 1946     		mov	r1, r3
 6734 001e 7220     		movs	r0, #114
 6735 0020 FFF7FEFF 		bl	buffer_ssd2832_data2spi4
1981:Module/ssd_2832.c **** }
 6736              		.loc 1 1981 1
 6737 0024 00BF     		nop
 6738 0026 0837     		adds	r7, r7, #8
 6739              	.LCFI206:
 6740              		.cfi_def_cfa_offset 8
 6741 0028 BD46     		mov	sp, r7
 6742              	.LCFI207:
 6743              		.cfi_def_cfa_register 13
 6744              		@ sp needed
 6745 002a 80BD     		pop	{r7, pc}
 6746              		.cfi_endproc
 6747              	.LFE162:
 6749              		.section	.text.dsc_write,"ax",%progbits
 6750              		.align	1
 6751              		.global	dsc_write
 6752              		.syntax unified
ARM GAS  C:\Users\ADMINI~1\AppData\Local\Temp\ccdP81J7.s 			page 156


 6753              		.thumb
 6754              		.thumb_func
 6756              	dsc_write:
 6757              	.LFB163:
1982:Module/ssd_2832.c **** 
1983:Module/ssd_2832.c **** void dsc_write(uint16_t *data,uint16_t len)
1984:Module/ssd_2832.c **** {
 6758              		.loc 1 1984 1
 6759              		.cfi_startproc
 6760              		@ args = 0, pretend = 0, frame = 8
 6761              		@ frame_needed = 1, uses_anonymous_args = 0
 6762 0000 80B5     		push	{r7, lr}
 6763              	.LCFI208:
 6764              		.cfi_def_cfa_offset 8
 6765              		.cfi_offset 7, -8
 6766              		.cfi_offset 14, -4
 6767 0002 82B0     		sub	sp, sp, #8
 6768              	.LCFI209:
 6769              		.cfi_def_cfa_offset 16
 6770 0004 00AF     		add	r7, sp, #0
 6771              	.LCFI210:
 6772              		.cfi_def_cfa_register 7
 6773 0006 7860     		str	r0, [r7, #4]
 6774 0008 0B46     		mov	r3, r1
 6775 000a 7B80     		strh	r3, [r7, #2]	@ movhi
1985:Module/ssd_2832.c ****    write_ssd2832_reg(0x00b7,0x000342);
 6776              		.loc 1 1985 4
 6777 000c 40F24231 		movw	r1, #834
 6778 0010 B720     		movs	r0, #183
 6779 0012 FFF7FEFF 		bl	write_ssd2832_reg
1986:Module/ssd_2832.c **** 	 write_ssd2832_reg(0x00bd,len>>16);
 6780              		.loc 1 1986 31
 6781 0016 7B88     		ldrh	r3, [r7, #2]
 6782 0018 1B14     		asrs	r3, r3, #16
 6783              		.loc 1 1986 3
 6784 001a 9BB2     		uxth	r3, r3
 6785 001c 1946     		mov	r1, r3
 6786 001e BD20     		movs	r0, #189
 6787 0020 FFF7FEFF 		bl	write_ssd2832_reg
1987:Module/ssd_2832.c **** 		write_ssd2832_reg(0x00bc,len);
 6788              		.loc 1 1987 3
 6789 0024 7B88     		ldrh	r3, [r7, #2]
 6790 0026 1946     		mov	r1, r3
 6791 0028 BC20     		movs	r0, #188
 6792 002a FFF7FEFF 		bl	write_ssd2832_reg
1988:Module/ssd_2832.c **** 	spi_write_ssd2832_reg_len( 0xbf, data,len);
 6793              		.loc 1 1988 2
 6794 002e 7B88     		ldrh	r3, [r7, #2]
 6795 0030 1A46     		mov	r2, r3
 6796 0032 7968     		ldr	r1, [r7, #4]
 6797 0034 BF20     		movs	r0, #191
 6798 0036 FFF7FEFF 		bl	spi_write_ssd2832_reg_len
1989:Module/ssd_2832.c **** }
 6799              		.loc 1 1989 1
 6800 003a 00BF     		nop
 6801 003c 0837     		adds	r7, r7, #8
 6802              	.LCFI211:
ARM GAS  C:\Users\ADMINI~1\AppData\Local\Temp\ccdP81J7.s 			page 157


 6803              		.cfi_def_cfa_offset 8
 6804 003e BD46     		mov	sp, r7
 6805              	.LCFI212:
 6806              		.cfi_def_cfa_register 13
 6807              		@ sp needed
 6808 0040 80BD     		pop	{r7, pc}
 6809              		.cfi_endproc
 6810              	.LFE163:
 6812              		.section	.rodata.__FUNCTION__.4,"a"
 6813              		.align	2
 6816              	__FUNCTION__.4:
 6817 0000 62726964 		.ascii	"bridge_spi_read\000"
 6817      67655F73 
 6817      70695F72 
 6817      65616400 
 6818              		.section	.rodata.__FUNCTION__.3,"a"
 6819              		.align	2
 6822              	__FUNCTION__.3:
 6823 0000 62726964 		.ascii	"bridge_spi_write\000"
 6823      67655F73 
 6823      70695F77 
 6823      72697465 
 6823      00
 6824              		.section	.rodata.__FUNCTION__.2,"a"
 6825              		.align	2
 6828              	__FUNCTION__.2:
 6829 0000 62726964 		.ascii	"bridge_read_apb_reg\000"
 6829      67655F72 
 6829      6561645F 
 6829      6170625F 
 6829      72656700 
 6830              		.section	.rodata.__FUNCTION__.1,"a"
 6831              		.align	2
 6834              	__FUNCTION__.1:
 6835 0000 62726964 		.ascii	"bridge_check_id\000"
 6835      67655F63 
 6835      6865636B 
 6835      5F696400 
 6836              		.section	.rodata.__FUNCTION__.0,"a"
 6837              		.align	2
 6840              	__FUNCTION__.0:
 6841 0000 6D697069 		.ascii	"mipi_read_regs\000"
 6841      5F726561 
 6841      645F7265 
 6841      677300
 6842              		.text
 6843              	.Letext0:
 6844              		.file 2 "f:\\cx900_gcc_off_v1.1\\bin\\x86\\debug\\gcc-arm-none-eabi-10.3-2021.10\\arm-none-eabi\\i
 6845              		.file 3 "f:\\cx900_gcc_off_v1.1\\bin\\x86\\debug\\gcc-arm-none-eabi-10.3-2021.10\\arm-none-eabi\\i
 6846              		.file 4 "Module/ssd_2832.h"
 6847              		.file 5 "Module/user_config.h"
 6848              		.file 6 "Firmware/GD32F30x_standard_peripheral/Include/gd32f30x_rcu.h"
 6849              		.file 7 "Firmware/GD32F30x_standard_peripheral/Include/gd32f30x_dbg.h"
ARM GAS  C:\Users\ADMINI~1\AppData\Local\Temp\ccdP81J7.s 			page 158


DEFINED SYMBOLS
                            *ABS*:00000000 ssd_2832.c
C:\Users\ADMINI~1\AppData\Local\Temp\ccdP81J7.s:18     .bss.bridge_write_buff:00000000 $d
C:\Users\ADMINI~1\AppData\Local\Temp\ccdP81J7.s:21     .bss.bridge_write_buff:00000000 bridge_write_buff
C:\Users\ADMINI~1\AppData\Local\Temp\ccdP81J7.s:24     .bss.bridge_mem_reg_b6:00000000 $d
C:\Users\ADMINI~1\AppData\Local\Temp\ccdP81J7.s:27     .bss.bridge_mem_reg_b6:00000000 bridge_mem_reg_b6
C:\Users\ADMINI~1\AppData\Local\Temp\ccdP81J7.s:30     .bss.bridge_mem_reg_b7:00000000 $d
C:\Users\ADMINI~1\AppData\Local\Temp\ccdP81J7.s:33     .bss.bridge_mem_reg_b7:00000000 bridge_mem_reg_b7
C:\Users\ADMINI~1\AppData\Local\Temp\ccdP81J7.s:36     .bss.bridge_mem_reg_bd:00000000 $d
C:\Users\ADMINI~1\AppData\Local\Temp\ccdP81J7.s:39     .bss.bridge_mem_reg_bd:00000000 bridge_mem_reg_bd
C:\Users\ADMINI~1\AppData\Local\Temp\ccdP81J7.s:42     .bss.bridge_mem_reg_de:00000000 $d
C:\Users\ADMINI~1\AppData\Local\Temp\ccdP81J7.s:45     .bss.bridge_mem_reg_de:00000000 bridge_mem_reg_de
C:\Users\ADMINI~1\AppData\Local\Temp\ccdP81J7.s:51     .bss.vblank_changeFrom:00000000 vblank_changeFrom
C:\Users\ADMINI~1\AppData\Local\Temp\ccdP81J7.s:52     .bss.vblank_changeFrom:00000000 $d
C:\Users\ADMINI~1\AppData\Local\Temp\ccdP81J7.s:54     .text.SSD2832_GPIO_Init:00000000 $t
C:\Users\ADMINI~1\AppData\Local\Temp\ccdP81J7.s:60     .text.SSD2832_GPIO_Init:00000000 SSD2832_GPIO_Init
C:\Users\ADMINI~1\AppData\Local\Temp\ccdP81J7.s:156    .text.SSD2832_GPIO_Init:000000a8 $d
C:\Users\ADMINI~1\AppData\Local\Temp\ccdP81J7.s:163    .text.malloc:00000000 $t
C:\Users\ADMINI~1\AppData\Local\Temp\ccdP81J7.s:169    .text.malloc:00000000 malloc
C:\Users\ADMINI~1\AppData\Local\Temp\ccdP81J7.s:206    .text.free:00000000 $t
C:\Users\ADMINI~1\AppData\Local\Temp\ccdP81J7.s:212    .text.free:00000000 free
C:\Users\ADMINI~1\AppData\Local\Temp\ccdP81J7.s:248    .text.usleep:00000000 $t
C:\Users\ADMINI~1\AppData\Local\Temp\ccdP81J7.s:254    .text.usleep:00000000 usleep
C:\Users\ADMINI~1\AppData\Local\Temp\ccdP81J7.s:289    .text.bridge_select_phy:00000000 $t
C:\Users\ADMINI~1\AppData\Local\Temp\ccdP81J7.s:295    .text.bridge_select_phy:00000000 bridge_select_phy
C:\Users\ADMINI~1\AppData\Local\Temp\ccdP81J7.s:347    .text.bridge_select_phy:00000028 $d
C:\Users\ADMINI~1\AppData\Local\Temp\ccdP81J7.s:353    .text.SSD2832_Write_Command:00000000 $t
C:\Users\ADMINI~1\AppData\Local\Temp\ccdP81J7.s:359    .text.SSD2832_Write_Command:00000000 SSD2832_Write_Command
C:\Users\ADMINI~1\AppData\Local\Temp\ccdP81J7.s:447    .text.SSD2832_Write_Command:00000064 $d
C:\Users\ADMINI~1\AppData\Local\Temp\ccdP81J7.s:453    .text.SSD2832_Write_Data:00000000 $t
C:\Users\ADMINI~1\AppData\Local\Temp\ccdP81J7.s:459    .text.SSD2832_Write_Data:00000000 SSD2832_Write_Data
C:\Users\ADMINI~1\AppData\Local\Temp\ccdP81J7.s:547    .text.SSD2832_Write_Data:00000064 $d
C:\Users\ADMINI~1\AppData\Local\Temp\ccdP81J7.s:553    .text.SSD2832_Read:00000000 $t
C:\Users\ADMINI~1\AppData\Local\Temp\ccdP81J7.s:559    .text.SSD2832_Read:00000000 SSD2832_Read
C:\Users\ADMINI~1\AppData\Local\Temp\ccdP81J7.s:651    .text.SSD2832_Read:0000006c $d
C:\Users\ADMINI~1\AppData\Local\Temp\ccdP81J7.s:658    .text.bridge_a_spi_read:00000000 $t
C:\Users\ADMINI~1\AppData\Local\Temp\ccdP81J7.s:664    .text.bridge_a_spi_read:00000000 bridge_a_spi_read
C:\Users\ADMINI~1\AppData\Local\Temp\ccdP81J7.s:740    .text.bridge_a_spi_write:00000000 $t
C:\Users\ADMINI~1\AppData\Local\Temp\ccdP81J7.s:746    .text.bridge_a_spi_write:00000000 bridge_a_spi_write
C:\Users\ADMINI~1\AppData\Local\Temp\ccdP81J7.s:820    .text.bridge_read_mem_reg:00000000 $t
C:\Users\ADMINI~1\AppData\Local\Temp\ccdP81J7.s:826    .text.bridge_read_mem_reg:00000000 bridge_read_mem_reg
C:\Users\ADMINI~1\AppData\Local\Temp\ccdP81J7.s:901    .text.bridge_read_mem_reg:00000048 $d
C:\Users\ADMINI~1\AppData\Local\Temp\ccdP81J7.s:909    .rodata:00000000 $d
C:\Users\ADMINI~1\AppData\Local\Temp\ccdP81J7.s:919    .text.bridge_spi_read:00000000 $t
C:\Users\ADMINI~1\AppData\Local\Temp\ccdP81J7.s:924    .text.bridge_spi_read:00000000 bridge_spi_read
C:\Users\ADMINI~1\AppData\Local\Temp\ccdP81J7.s:984    .text.bridge_spi_read:00000044 $d
C:\Users\ADMINI~1\AppData\Local\Temp\ccdP81J7.s:6816   .rodata.__FUNCTION__.4:00000000 __FUNCTION__.4
C:\Users\ADMINI~1\AppData\Local\Temp\ccdP81J7.s:992    .text.bridge_spi_write:00000000 $t
C:\Users\ADMINI~1\AppData\Local\Temp\ccdP81J7.s:997    .text.bridge_spi_write:00000000 bridge_spi_write
C:\Users\ADMINI~1\AppData\Local\Temp\ccdP81J7.s:1065   .text.bridge_spi_write:00000050 $d
C:\Users\ADMINI~1\AppData\Local\Temp\ccdP81J7.s:6822   .rodata.__FUNCTION__.3:00000000 __FUNCTION__.3
C:\Users\ADMINI~1\AppData\Local\Temp\ccdP81J7.s:1075   .text.bridge_spi_read_data:00000000 $t
C:\Users\ADMINI~1\AppData\Local\Temp\ccdP81J7.s:1080   .text.bridge_spi_read_data:00000000 bridge_spi_read_data
C:\Users\ADMINI~1\AppData\Local\Temp\ccdP81J7.s:1161   .text.bridge_spi_read_data:00000060 $d
C:\Users\ADMINI~1\AppData\Local\Temp\ccdP81J7.s:1166   .text.bridge_write_cmd:00000000 $t
C:\Users\ADMINI~1\AppData\Local\Temp\ccdP81J7.s:1171   .text.bridge_write_cmd:00000000 bridge_write_cmd
C:\Users\ADMINI~1\AppData\Local\Temp\ccdP81J7.s:1236   .text.bridge_write_cmd:00000048 $d
ARM GAS  C:\Users\ADMINI~1\AppData\Local\Temp\ccdP81J7.s 			page 159


C:\Users\ADMINI~1\AppData\Local\Temp\ccdP81J7.s:1241   .text.bridge_write_data:00000000 $t
C:\Users\ADMINI~1\AppData\Local\Temp\ccdP81J7.s:1246   .text.bridge_write_data:00000000 bridge_write_data
C:\Users\ADMINI~1\AppData\Local\Temp\ccdP81J7.s:1365   .text.bridge_write_data:0000008c $d
C:\Users\ADMINI~1\AppData\Local\Temp\ccdP81J7.s:1374   .text.Read_SSD2832_Id:00000000 $t
C:\Users\ADMINI~1\AppData\Local\Temp\ccdP81J7.s:1380   .text.Read_SSD2832_Id:00000000 Read_SSD2832_Id
C:\Users\ADMINI~1\AppData\Local\Temp\ccdP81J7.s:1462   .text.Read_SSD2832_Id:00000064 $d
C:\Users\ADMINI~1\AppData\Local\Temp\ccdP81J7.s:1468   .text.bridge_write_lsb_data:00000000 $t
C:\Users\ADMINI~1\AppData\Local\Temp\ccdP81J7.s:1473   .text.bridge_write_lsb_data:00000000 bridge_write_lsb_data
C:\Users\ADMINI~1\AppData\Local\Temp\ccdP81J7.s:1592   .text.bridge_write_lsb_data:0000008c $d
C:\Users\ADMINI~1\AppData\Local\Temp\ccdP81J7.s:1597   .text.bridge_write_reg_32bit:00000000 $t
C:\Users\ADMINI~1\AppData\Local\Temp\ccdP81J7.s:1603   .text.bridge_write_reg_32bit:00000000 bridge_write_reg_32bit
C:\Users\ADMINI~1\AppData\Local\Temp\ccdP81J7.s:1704   .text.bridge_write_reg_32bit:00000078 $d
C:\Users\ADMINI~1\AppData\Local\Temp\ccdP81J7.s:1711   .text.bridge_write_reg_16bit:00000000 $t
C:\Users\ADMINI~1\AppData\Local\Temp\ccdP81J7.s:1717   .text.bridge_write_reg_16bit:00000000 bridge_write_reg_16bit
C:\Users\ADMINI~1\AppData\Local\Temp\ccdP81J7.s:1857   .text.bridge_write_reg_16bit:000000c4 $d
C:\Users\ADMINI~1\AppData\Local\Temp\ccdP81J7.s:1865   .text.bridge_write_regs:00000000 $t
C:\Users\ADMINI~1\AppData\Local\Temp\ccdP81J7.s:1870   .text.bridge_write_regs:00000000 bridge_write_regs
C:\Users\ADMINI~1\AppData\Local\Temp\ccdP81J7.s:1920   .text.bridge_read_reg:00000000 $t
C:\Users\ADMINI~1\AppData\Local\Temp\ccdP81J7.s:1926   .text.bridge_read_reg:00000000 bridge_read_reg
C:\Users\ADMINI~1\AppData\Local\Temp\ccdP81J7.s:2071   .text.bridge_read_reg:000000b8 $d
C:\Users\ADMINI~1\AppData\Local\Temp\ccdP81J7.s:2078   .text.bridge_read_regs:00000000 $t
C:\Users\ADMINI~1\AppData\Local\Temp\ccdP81J7.s:2084   .text.bridge_read_regs:00000000 bridge_read_regs
C:\Users\ADMINI~1\AppData\Local\Temp\ccdP81J7.s:2213   .text.bridge_read_apb_reg:00000000 $t
C:\Users\ADMINI~1\AppData\Local\Temp\ccdP81J7.s:2219   .text.bridge_read_apb_reg:00000000 bridge_read_apb_reg
C:\Users\ADMINI~1\AppData\Local\Temp\ccdP81J7.s:2344   .text.bridge_read_apb_reg:000000a8 $d
C:\Users\ADMINI~1\AppData\Local\Temp\ccdP81J7.s:6828   .rodata.__FUNCTION__.2:00000000 __FUNCTION__.2
C:\Users\ADMINI~1\AppData\Local\Temp\ccdP81J7.s:2352   .text.bridge_write_apb_reg:00000000 $t
C:\Users\ADMINI~1\AppData\Local\Temp\ccdP81J7.s:2358   .text.bridge_write_apb_reg:00000000 bridge_write_apb_reg
C:\Users\ADMINI~1\AppData\Local\Temp\ccdP81J7.s:2451   .text.bridge_setbistmode:00000000 $t
C:\Users\ADMINI~1\AppData\Local\Temp\ccdP81J7.s:2457   .text.bridge_setbistmode:00000000 bridge_setbistmode
C:\Users\ADMINI~1\AppData\Local\Temp\ccdP81J7.s:2521   .text.bridge_setbistmode:00000048 $d
C:\Users\ADMINI~1\AppData\Local\Temp\ccdP81J7.s:2536   .text.bridge_check_id:00000000 $t
C:\Users\ADMINI~1\AppData\Local\Temp\ccdP81J7.s:2542   .text.bridge_check_id:00000000 bridge_check_id
C:\Users\ADMINI~1\AppData\Local\Temp\ccdP81J7.s:2761   .text.bridge_hw_reset:00000000 bridge_hw_reset
C:\Users\ADMINI~1\AppData\Local\Temp\ccdP81J7.s:2655   .text.bridge_check_id:00000098 $d
C:\Users\ADMINI~1\AppData\Local\Temp\ccdP81J7.s:6834   .rodata.__FUNCTION__.1:00000000 __FUNCTION__.1
C:\Users\ADMINI~1\AppData\Local\Temp\ccdP81J7.s:2665   .bss.gsrt_bridge:00000000 $d
C:\Users\ADMINI~1\AppData\Local\Temp\ccdP81J7.s:2668   .bss.gsrt_bridge:00000000 gsrt_bridge
C:\Users\ADMINI~1\AppData\Local\Temp\ccdP81J7.s:2671   .text.bridge_get:00000000 $t
C:\Users\ADMINI~1\AppData\Local\Temp\ccdP81J7.s:2677   .text.bridge_get:00000000 bridge_get
C:\Users\ADMINI~1\AppData\Local\Temp\ccdP81J7.s:2707   .text.bridge_get:00000010 $d
C:\Users\ADMINI~1\AppData\Local\Temp\ccdP81J7.s:2712   .text.msleep:00000000 $t
C:\Users\ADMINI~1\AppData\Local\Temp\ccdP81J7.s:2717   .text.msleep:00000000 msleep
C:\Users\ADMINI~1\AppData\Local\Temp\ccdP81J7.s:2755   .text.bridge_hw_reset:00000000 $t
C:\Users\ADMINI~1\AppData\Local\Temp\ccdP81J7.s:2804   .text.bridge_hw_reset:00000030 $d
C:\Users\ADMINI~1\AppData\Local\Temp\ccdP81J7.s:2810   .text.bridge_RSTPIN_reset:00000000 $t
C:\Users\ADMINI~1\AppData\Local\Temp\ccdP81J7.s:2816   .text.bridge_RSTPIN_reset:00000000 bridge_RSTPIN_reset
C:\Users\ADMINI~1\AppData\Local\Temp\ccdP81J7.s:2850   .text.bridge_RSTPIN_reset:00000014 $d
C:\Users\ADMINI~1\AppData\Local\Temp\ccdP81J7.s:2879   .text.bridge_init:00000000 $t
C:\Users\ADMINI~1\AppData\Local\Temp\ccdP81J7.s:2885   .text.bridge_init:00000000 bridge_init
C:\Users\ADMINI~1\AppData\Local\Temp\ccdP81J7.s:3290   .text.bridge_init:000002b4 $d
C:\Users\ADMINI~1\AppData\Local\Temp\ccdP81J7.s:3301   .text.bridge_init:000002d4 $t
C:\Users\ADMINI~1\AppData\Local\Temp\ccdP81J7.s:3690   .text.bridge_init:000005fc $d
C:\Users\ADMINI~1\AppData\Local\Temp\ccdP81J7.s:3694   .text.bridge_init:00000604 $t
C:\Users\ADMINI~1\AppData\Local\Temp\ccdP81J7.s:4259   .text.bridge_init:00000a48 $d
C:\Users\ADMINI~1\AppData\Local\Temp\ccdP81J7.s:4272   .text.bridge_init:00000a74 $t
C:\Users\ADMINI~1\AppData\Local\Temp\ccdP81J7.s:4712   .text.bridge_init:00000e20 $d
ARM GAS  C:\Users\ADMINI~1\AppData\Local\Temp\ccdP81J7.s 			page 160


C:\Users\ADMINI~1\AppData\Local\Temp\ccdP81J7.s:4728   .text.bridge_init:00000e54 $t
C:\Users\ADMINI~1\AppData\Local\Temp\ccdP81J7.s:5446   .text.bridge_reg_test:00000000 bridge_reg_test
C:\Users\ADMINI~1\AppData\Local\Temp\ccdP81J7.s:4783   .text.bridge_init:00000eb4 $d
C:\Users\ADMINI~1\AppData\Local\Temp\ccdP81J7.s:4790   .text.bridge_stop_video:00000000 $t
C:\Users\ADMINI~1\AppData\Local\Temp\ccdP81J7.s:4796   .text.bridge_stop_video:00000000 bridge_stop_video
C:\Users\ADMINI~1\AppData\Local\Temp\ccdP81J7.s:4828   .text.bridge_stop_video:00000020 $d
C:\Users\ADMINI~1\AppData\Local\Temp\ccdP81J7.s:4833   .text.bridge_enter_sleep:00000000 $t
C:\Users\ADMINI~1\AppData\Local\Temp\ccdP81J7.s:4839   .text.bridge_enter_sleep:00000000 bridge_enter_sleep
C:\Users\ADMINI~1\AppData\Local\Temp\ccdP81J7.s:4871   .text.bridge_enter_sleep:00000020 $d
C:\Users\ADMINI~1\AppData\Local\Temp\ccdP81J7.s:4876   .text.bridge_send_hs_nop_package:00000000 $t
C:\Users\ADMINI~1\AppData\Local\Temp\ccdP81J7.s:4882   .text.bridge_send_hs_nop_package:00000000 bridge_send_hs_nop_package
C:\Users\ADMINI~1\AppData\Local\Temp\ccdP81J7.s:5732   .text.mipi_write_regs:00000000 mipi_write_regs
C:\Users\ADMINI~1\AppData\Local\Temp\ccdP81J7.s:4963   .text.bridge_send_ls_nop_package:00000000 $t
C:\Users\ADMINI~1\AppData\Local\Temp\ccdP81J7.s:4969   .text.bridge_send_ls_nop_package:00000000 bridge_send_ls_nop_package
C:\Users\ADMINI~1\AppData\Local\Temp\ccdP81J7.s:5058   .text.bridge_send_cmd_image:00000000 $t
C:\Users\ADMINI~1\AppData\Local\Temp\ccdP81J7.s:5064   .text.bridge_send_cmd_image:00000000 bridge_send_cmd_image
C:\Users\ADMINI~1\AppData\Local\Temp\ccdP81J7.s:5237   .text.bridge_send_cmd_image:000000f4 $d
C:\Users\ADMINI~1\AppData\Local\Temp\ccdP81J7.s:5250   .text.bridge_v2c:00000000 $t
C:\Users\ADMINI~1\AppData\Local\Temp\ccdP81J7.s:5256   .text.bridge_v2c:00000000 bridge_v2c
C:\Users\ADMINI~1\AppData\Local\Temp\ccdP81J7.s:5371   .text.bridge_v2c:000000b0 $d
C:\Users\ADMINI~1\AppData\Local\Temp\ccdP81J7.s:5440   .text.bridge_reg_test:00000000 $t
C:\Users\ADMINI~1\AppData\Local\Temp\ccdP81J7.s:5701   .text.bridge_reg_test:000001cc $d
C:\Users\ADMINI~1\AppData\Local\Temp\ccdP81J7.s:5726   .text.mipi_write_regs:00000000 $t
C:\Users\ADMINI~1\AppData\Local\Temp\ccdP81J7.s:5875   .text.mipi_write_regs:000000d4 $d
C:\Users\ADMINI~1\AppData\Local\Temp\ccdP81J7.s:5928   .text.mipi_write_regs:000001a8 $t
C:\Users\ADMINI~1\AppData\Local\Temp\ccdP81J7.s:6118   .text.mipi_read_regs:00000000 $t
C:\Users\ADMINI~1\AppData\Local\Temp\ccdP81J7.s:6124   .text.mipi_read_regs:00000000 mipi_read_regs
C:\Users\ADMINI~1\AppData\Local\Temp\ccdP81J7.s:6546   .text.mipi_read_regs:00000280 $d
C:\Users\ADMINI~1\AppData\Local\Temp\ccdP81J7.s:6840   .rodata.__FUNCTION__.0:00000000 __FUNCTION__.0
C:\Users\ADMINI~1\AppData\Local\Temp\ccdP81J7.s:6555   .text.spi_write_ssd2832_reg_len:00000000 $t
C:\Users\ADMINI~1\AppData\Local\Temp\ccdP81J7.s:6561   .text.spi_write_ssd2832_reg_len:00000000 spi_write_ssd2832_reg_len
C:\Users\ADMINI~1\AppData\Local\Temp\ccdP81J7.s:6644   .text.buffer_ssd2832_data2spi4:00000000 buffer_ssd2832_data2spi4
C:\Users\ADMINI~1\AppData\Local\Temp\ccdP81J7.s:6638   .text.buffer_ssd2832_data2spi4:00000000 $t
C:\Users\ADMINI~1\AppData\Local\Temp\ccdP81J7.s:6698   .text.write_ssd2832_reg:00000000 $t
C:\Users\ADMINI~1\AppData\Local\Temp\ccdP81J7.s:6704   .text.write_ssd2832_reg:00000000 write_ssd2832_reg
C:\Users\ADMINI~1\AppData\Local\Temp\ccdP81J7.s:6750   .text.dsc_write:00000000 $t
C:\Users\ADMINI~1\AppData\Local\Temp\ccdP81J7.s:6756   .text.dsc_write:00000000 dsc_write
C:\Users\ADMINI~1\AppData\Local\Temp\ccdP81J7.s:6813   .rodata.__FUNCTION__.4:00000000 $d
C:\Users\ADMINI~1\AppData\Local\Temp\ccdP81J7.s:6819   .rodata.__FUNCTION__.3:00000000 $d
C:\Users\ADMINI~1\AppData\Local\Temp\ccdP81J7.s:6825   .rodata.__FUNCTION__.2:00000000 $d
C:\Users\ADMINI~1\AppData\Local\Temp\ccdP81J7.s:6831   .rodata.__FUNCTION__.1:00000000 $d
C:\Users\ADMINI~1\AppData\Local\Temp\ccdP81J7.s:6837   .rodata.__FUNCTION__.0:00000000 $d

UNDEFINED SYMBOLS
rcu_periph_clock_enable
gpio_init
gpio_bit_set
gpio_bit_reset
mymalloc
myfree
bsp_DelayUS
gpio_input_bit_get
printf
__aeabi_ui2d
__aeabi_d2uiz
__aeabi_ddiv
__aeabi_ui2f
ARM GAS  C:\Users\ADMINI~1\AppData\Local\Temp\ccdP81J7.s 			page 161


__aeabi_fmul
__aeabi_f2d
__aeabi_dsub
__aeabi_dcmpgt
__aeabi_fdiv
__aeabi_dmul
__aeabi_dadd
ceil
gMipiTableIndex
ptr_MIPI_TABLE
